iter,d_loss,g_loss,D_x,D_G_z,g_grad_norm,g_full_grad_norm,d_steps,g_steps
1,0.3632698655128479,-0.1014157310128212,0.8714682459831238,0.09627313166856766,0.040617574006319046,2.0671184062957764,5,1
2,0.03739483281970024,-0.00930799264460802,0.9848535060882568,0.009260003454983234,0.007160070352256298,0.2143039107322693,5,1
3,0.012577386572957039,-0.007175319828093052,0.996190071105957,0.007145055569708347,0.006997781340032816,0.2637612819671631,5,1
4,0.006261039990931749,-0.0033398251980543137,0.9976760149002075,0.0033326740376651287,0.0038414387963712215,0.15445709228515625,5,1
5,0.005689987912774086,-0.002593820448964834,0.9972758889198303,0.0025897538289427757,0.0031869930680841208,0.1461075246334076,5,1
6,0.004845384508371353,-0.0022996303159743547,0.9981006383895874,0.0022952358704060316,0.0036774345207959414,0.14911934733390808,5,1
7,0.004356938414275646,-0.002390341367572546,0.9982876181602478,0.0023852046579122543,0.004485709127038717,0.17595767974853516,5,1
8,0.004273916594684124,-0.002076758537441492,0.9979737997055054,0.0020733792334795,0.0038556207437068224,0.16086097061634064,5,1
9,0.0034727007150650024,-0.0019055110169574618,0.9985262155532837,0.0019022090127691627,0.0042412844486534595,0.15255120396614075,5,1
10,0.003320495830848813,-0.0015845608431845903,0.9987269043922424,0.00158241530880332,0.003499188693240285,0.1259647011756897,5,1
11,0.0023057712242007256,-0.0009760810644365847,0.9989148378372192,0.0009751464822329581,0.0023841841612011194,0.07513680309057236,5,1
12,0.0015775342471897602,-0.0007815157878212631,0.9992425441741943,0.0007808835944160819,0.0020052865147590637,0.061333585530519485,5,1
13,0.0018402310088276863,-0.0005428476724773645,0.9988002777099609,0.0005425281124189496,0.0014838105998933315,0.04288623481988907,5,1
14,0.0014091238845139742,-0.0004781731404364109,0.9992800951004028,0.00047792805708013475,0.0013230120530351996,0.03934800624847412,5,1
15,0.0007967138662934303,-0.0003874739049933851,0.999589204788208,0.00038723452598787844,0.0013812459073960781,0.03304903954267502,5,1
16,0.0009208902483806014,-0.00044837145833298564,0.9996200799942017,0.00044800082105211914,0.001782177947461605,0.039679188281297684,5,1
17,0.0007463651709258556,-0.0003963658818975091,0.9996645450592041,0.0003961338079534471,0.0014429552247747779,0.03638853877782822,5,1
18,0.0007938466733321548,-0.0003198686463292688,0.9996028542518616,0.0003197310143150389,0.0011261524632573128,0.030059557408094406,5,1
19,0.0007405529031530023,-0.00039695779560133815,0.9995686411857605,0.0003966744407080114,0.0017151514766737819,0.038134172558784485,5,1
20,0.0006878518033772707,-0.00030156830325722694,0.9995908737182617,0.0003014091635122895,0.0013428197707980871,0.0295732319355011,5,1
21,0.0006648036651313305,-0.0002439385571051389,0.9997074604034424,0.000243860631599091,0.0008870299789123237,0.0234184879809618,5,1
22,0.0006770719191990793,-0.00025602595997042954,0.9997255802154541,0.00025593413738533854,0.0009574677096679807,0.025068296119570732,5,1
23,0.0005520597915165126,-0.0002274262224091217,0.9997323155403137,0.00022726481256540865,0.0013286208268254995,0.023023782297968864,5,1
24,0.0005106421886011958,-0.0003178931656293571,0.9998470544815063,0.0003176283207722008,0.001827832660637796,0.033917300403118134,5,1
25,0.0004215455846861005,-0.00018021746654994786,0.9997875690460205,0.0001801430043997243,0.0009879147401079535,0.019191322848200798,5,1
26,0.0005765559617429972,-0.0003079873858951032,0.9997685551643372,0.00030764160328544676,0.002130292821675539,0.03340460732579231,5,1
27,0.000311188749037683,-0.00016504641098435968,0.9998769760131836,0.00016499162302352488,0.0008360487408936024,0.018464360386133194,5,1
28,0.0005257874727249146,-0.0003312846820335835,0.9998282194137573,0.00033085764152929187,0.0023875704500824213,0.03903944045305252,5,1
29,0.0004078782512806356,-0.00015954673290252686,0.9998518228530884,0.00015949287626426667,0.000822983798570931,0.017993666231632233,5,1
30,0.00030154275009408593,-0.00013403833145275712,0.9998819828033447,0.00013400960597209632,0.0006091534742154181,0.015422550961375237,5,1
31,0.0004182616248726845,-0.00017084067803807557,0.999772846698761,0.00017075682990252972,0.0010457400931045413,0.019455336034297943,5,1
32,0.00035590771585702896,-0.0001590168831171468,0.9997953772544861,0.00015891897783149034,0.001078739296644926,0.018151741474866867,5,1
33,0.00042265563388355076,-0.00019014936697203666,0.999725341796875,0.0001898723712656647,0.0019426384242251515,0.02247053198516369,5,1
34,0.00034284108551219106,-0.0001430816191714257,0.9998836517333984,0.00014301665942184627,0.0010090842843055725,0.0167046207934618,5,1
35,0.0002714987494982779,-6.604169902857393e-05,0.9999170899391174,6.603405927307904e-05,0.000314415548928082,0.007282575126737356,5,1
36,0.00022525728854816407,-0.0001342865580227226,0.9998738765716553,0.00013417286390904337,0.0011963826837018132,0.01540354173630476,5,1
37,0.00018969803932122886,-0.0001282101875403896,0.9998867511749268,0.00012814064393751323,0.0009750148165039718,0.014054333791136742,5,1
38,0.00021623726934194565,-6.92868052283302e-05,0.9999401569366455,6.927840877324343e-05,0.00032479208311997354,0.0074103944934904575,5,1
39,0.00016159714141394943,-7.989042933331802e-05,0.9999372959136963,7.987812568899244e-05,0.0004014834121335298,0.008411776274442673,5,1
40,0.0001736226404318586,-0.0001114259212044999,0.999925971031189,0.00011134083615615964,0.001081939903087914,0.012565859593451023,5,1
41,0.00014097288658376783,-8.6461310274899e-05,0.9999191164970398,8.641637396067381e-05,0.0007598291849717498,0.00932896789163351,5,1
42,0.0005289139808155596,-4.1139548557111993e-05,0.999929666519165,4.11352957598865e-05,0.00022744241869077086,0.004298551008105278,5,1
43,0.00010356277925893664,-5.658213922288269e-05,0.999947726726532,5.6572185712866485e-05,0.00036075335810892284,0.00587413040921092,5,1
44,0.00016891249106265604,-7.300319703062996e-05,0.9999088048934937,7.297882984858006e-05,0.0005687507800757885,0.007723920047283173,5,1
45,0.00010659558029146865,-5.952735591563396e-05,0.999979555606842,5.9516394685488194e-05,0.000381676247343421,0.006287043914198875,5,1
46,6.539344758493826e-05,-5.711673657060601e-05,0.999982476234436,5.709702236345038e-05,0.0005098190740682185,0.006131586618721485,5,1
47,0.00011466268915683031,-3.518258745316416e-05,0.9999272227287292,3.517993536661379e-05,0.00019137981871608645,0.0036560494918376207,5,1
48,7.995127816684544e-05,-5.371719453250989e-05,0.9999669790267944,5.3706084145233035e-05,0.0003987527743447572,0.0055976430885493755,5,1
49,7.581649697385728e-05,-8.910534234018996e-05,0.9999696016311646,8.900762622943148e-05,0.0010851628612726927,0.009862999431788921,5,1
50,9.125779615715146e-05,-5.49153373867739e-05,0.9999433755874634,5.489742034114897e-05,0.0004892834112979472,0.0058814226649701595,5,1
51,0.0001065583128365688,-4.3187817936996e-05,0.9999339580535889,4.318052378948778e-05,0.0003187444235663861,0.004606162663549185,5,1
52,7.223006832646206e-05,-4.054990495205857e-05,0.9999749660491943,4.054322562296875e-05,0.0003074519627261907,0.00430959090590477,5,1
53,0.00010936649050563574,-4.385545616969466e-05,0.9999604225158691,4.3845971958944574e-05,0.00032723284675739706,0.004544260445982218,5,1
54,6.794028740841895e-05,-1.7211561498697847e-05,0.9999573230743408,1.7210471924045123e-05,0.00012818809773307294,0.001841204590164125,5,1
55,5.3846546506974846e-05,-2.400111043243669e-05,0.9999721050262451,2.399970435362775e-05,0.00014088183525018394,0.0024942883756011724,5,1
56,5.414167753770016e-05,-2.8540584025904536e-05,0.9999746680259705,2.8537653633975424e-05,0.00019689719192683697,0.0030352668836712837,5,1
57,4.89985104650259e-05,-5.485647852765396e-05,0.9999771118164062,5.48263342352584e-05,0.0006394744268618524,0.0061345649883151054,5,1
58,4.420576442498714e-05,-2.551681245677173e-05,0.9999862313270569,2.5515199013170786e-05,0.00015121065371204168,0.0026732548139989376,5,1
59,5.398816938395612e-05,-2.866375507437624e-05,0.9999771118164062,2.8660839234362356e-05,0.00020008660794701427,0.003070484846830368,5,1
60,4.931341391056776e-05,-3.466781708993949e-05,0.9999678730964661,3.4660355595406145e-05,0.0003645585384219885,0.003961758688092232,5,1
61,5.453681660583243e-05,-2.6808354959939606e-05,0.9999709129333496,2.6805804736795835e-05,0.00018960793386213481,0.002917750272899866,5,1
62,4.404231731314212e-05,-1.3670497537532356e-05,0.999981164932251,1.3670132830156945e-05,6.937105354154482e-05,0.0014119307743385434,5,1
63,6.061798194423318e-05,-2.6458696083864197e-05,0.9999685883522034,2.6454605176695623e-05,0.00025459544849582016,0.002961159450933337,5,1
64,5.617689384962432e-05,-2.7451154892332852e-05,0.9999762773513794,2.744386438280344e-05,0.0003392640792299062,0.003158417297527194,5,1
65,4.4278705900069326e-05,-1.6897763998713344e-05,0.9999754428863525,1.68964579643216e-05,0.00014061038382351398,0.0018342206021770835,5,1
66,3.3761847589630634e-05,-2.296881575603038e-05,0.9999876022338867,2.2967136828810908e-05,0.00016176264034584165,0.002499618334695697,5,1
67,6.355094956234097e-05,-2.026078072958626e-05,0.999960720539093,2.025881622103043e-05,0.00016088082338683307,0.0021880101412534714,5,1
68,3.0683630029670894e-05,-1.8482920495443977e-05,0.9999908208847046,1.848169085860718e-05,0.00013531309377867728,0.0020261567551642656,5,1
69,3.8456790207419544e-05,-1.8907976482296363e-05,0.9999852776527405,1.8906504919868894e-05,0.00014117143291514367,0.0020791206043213606,5,1
70,4.5560442231362686e-05,-1.3984674296807498e-05,0.9999814629554749,1.398428048560163e-05,7.434441795339808e-05,0.0014561992138624191,5,1
71,3.10714531224221e-05,-2.1402680431492627e-05,0.9999825954437256,2.1399970137281343e-05,0.0002031558396993205,0.002406900282949209,5,1
72,3.6673616705229506e-05,-2.7558960937312804e-05,0.9999829530715942,2.754819615802262e-05,0.0004035864258185029,0.0033925713505595922,5,1
73,3.0273249649326317e-05,-1.4293809726950713e-05,0.9999838471412659,1.4293113054009154e-05,0.00010292979277437553,0.0015617983881384134,5,1
74,2.719639269344043e-05,-1.7997215763898566e-05,0.9999843239784241,1.7996328097069636e-05,0.00011636740964604542,0.0019497356843203306,5,1
75,3.8134057831484824e-05,-1.769384471117519e-05,0.9999895095825195,1.7692769688437693e-05,0.00012376168160699308,0.0019448284292593598,5,1
76,2.301906715729274e-05,-2.4550967282266356e-05,0.9999910593032837,2.4544984626118094e-05,0.0002870969765353948,0.0027815138455480337,5,1
77,2.7163830964127555e-05,-1.3757002307102084e-05,0.9999914169311523,1.375604642817052e-05,0.0001329285150859505,0.001612745807506144,5,1
78,1.9540313587640412e-05,-1.1924830687348731e-05,0.9999908804893494,1.1924424143217038e-05,7.800837192917243e-05,0.0012903489405289292,5,1
79,7.807672227500007e-05,-2.6493407858652063e-05,0.9999359846115112,2.649013913469389e-05,0.00023439507640432566,0.0030694424640387297,5,1
80,3.681081943796016e-05,-2.0957701053703204e-05,0.9999901652336121,2.0956395019311458e-05,0.0001452280266676098,0.002333131618797779,5,1
81,3.573737194528803e-05,-1.3291900359035935e-05,0.9999797940254211,1.3290942661114968e-05,0.00011962957796640694,0.0015241756336763501,5,1
82,2.3907297872938216e-05,-1.6663178030285053e-05,0.9999895691871643,1.666165371716488e-05,0.00015476586122531444,0.0018956282874569297,5,1
83,2.323423177585937e-05,-1.6275487723760307e-05,0.9999914765357971,1.627448364160955e-05,0.00012499801232479513,0.0018590508261695504,5,1
84,4.6184879465727136e-05,-1.4436186575039756e-05,0.9999687671661377,1.4435554476222023e-05,9.617146861273795e-05,0.0015970853855833411,5,1
85,3.107399970758706e-05,-1.212588176713325e-05,0.9999793767929077,1.2125374269089662e-05,8.482649718644097e-05,0.0013461350463330746,5,1
86,4.6117231249809265e-05,-2.070625123451464e-05,0.9999809265136719,2.070328628178686e-05,0.0002300216438015923,0.0024461897555738688,5,1
87,2.4063851014943793e-05,-1.9584847905207425e-05,0.9999867677688599,1.9583576431614347e-05,0.00014409722643904388,0.002240965608507395,5,1
88,2.50092434725957e-05,-1.9011364202015102e-05,0.9999896287918091,1.9009734387509525e-05,0.0001545115519547835,0.0021711017470806837,5,1
89,2.012290497077629e-05,-1.0612707228574436e-05,0.9999903440475464,1.0612229743856005e-05,8.642955799587071e-05,0.0012178580509498715,5,1
90,2.4976250642794184e-05,-9.345656508230604e-06,0.9999860525131226,9.345436410512775e-06,5.7658930018078536e-05,0.0010644159046933055,5,1
91,1.8767243091133423e-05,-1.0639213542162906e-05,0.9999923706054688,1.0638770618243143e-05,8.592833182774484e-05,0.0012239537900313735,5,1
92,2.2419673769036308e-05,-8.505988262186293e-06,0.9999858736991882,8.505799087288324e-06,5.357000554795377e-05,0.0009602518985047936,5,1
93,1.75130735442508e-05,-9.851386494119652e-06,0.9999909996986389,9.85109363682568e-06,7.162887777667493e-05,0.0011315004667267203,5,1
94,2.938840407296084e-05,-1.3245700756669976e-05,0.9999884963035583,1.3243618013802916e-05,0.00016546783444937319,0.001579585368745029,5,1
95,2.4804259737720713e-05,-9.68398126133252e-06,0.9999915957450867,9.683722055342514e-06,6.510098319267854e-05,0.0011223569745197892,5,1
96,2.2177047867444344e-05,-9.12859832169488e-06,0.9999867677688599,9.128256351687014e-06,7.673351501580328e-05,0.0010754915419965982,5,1
97,3.126860610791482e-05,-1.9069961126660928e-05,0.9999876022338867,1.906600664369762e-05,0.0002571354852989316,0.0023824921809136868,5,1
98,2.5938974431483075e-05,-1.2310454621911049e-05,0.9999834299087524,1.2309266821830533e-05,0.000138441362651065,0.0015236800536513329,5,1
99,2.8787013434339315e-05,-2.1974841729388572e-05,0.9999874830245972,2.1968542569084093e-05,0.0003100795147474855,0.0027595553547143936,5,1
100,2.1336421923479065e-05,-1.139345476985909e-05,0.9999948740005493,1.1393150998628698e-05,7.021818601060659e-05,0.0013392101973295212,5,1
101,2.1970810848870315e-05,-1.8541380995884538e-05,0.9999901056289673,1.8539372831583023e-05,0.00018627091776579618,0.0022430645767599344,5,1
102,2.9383103537838906e-05,-1.3129872058925685e-05,0.999985933303833,1.3128803402651101e-05,0.0001292419619858265,0.0015700109070166945,5,1
103,3.6442401324165985e-05,-1.787554174370598e-05,0.9999771118164062,1.7872685930342413e-05,0.0002049196045845747,0.002205678727477789,5,1
104,3.1826602935325354e-05,-1.448528746550437e-05,0.999985933303833,1.4484249732049648e-05,0.00013225640577729791,0.0017586445901542902,5,1
105,2.1703195670852438e-05,-1.71971223608125e-05,0.9999886751174927,1.719177635095548e-05,0.000284398440271616,0.0022587275598198175,5,1
106,1.5287469068425708e-05,-8.702034392626956e-06,0.9999944567680359,8.701613296580035e-06,9.069119550986215e-05,0.0011069856118410826,5,1
107,2.1721378288930282e-05,-1.67102953128051e-05,0.9999850988388062,1.6709154806449078e-05,0.00013726827455684543,0.0020623060408979654,5,1
108,2.0103316273889504e-05,-1.1968191756750457e-05,0.9999924898147583,1.1967563295911532e-05,0.00010630773613229394,0.0014962085988372564,5,1
109,2.736763963184785e-05,-1.343922849628143e-05,0.999992847442627,1.3438439054880291e-05,0.00011570960487006232,0.0016390762757509947,5,1
110,4.073121817782521e-05,-7.025606464594603e-06,0.9999680519104004,7.025323611742351e-06,7.232871575979516e-05,0.0009040842414833605,5,1
111,2.0899738956359215e-05,-7.4520371526887175e-06,0.9999860525131226,7.45167426430271e-06,7.741324952803552e-05,0.0009119966998696327,5,1
112,2.483230309735518e-05,-9.65626441029599e-06,0.9999816417694092,9.655508620198816e-06,0.00010682703577913344,0.0012281723320484161,5,1
113,1.657771281315945e-05,-5.2739169404958375e-06,0.9999908208847046,5.273865099297836e-06,2.9952523618703708e-05,0.0006400809506885707,5,1
114,1.3458800822263584e-05,-2.1701456716982648e-05,0.9999940395355225,2.1695632312912494e-05,0.0003314247587695718,0.0029623929876834154,5,1
115,2.2911677660886198e-05,-1.0052255674963817e-05,0.9999940395355225,1.0051823664980475e-05,8.199138392228633e-05,0.0012196971802040935,5,1
116,2.6390527636976913e-05,-6.125452273408882e-06,0.9999927282333374,6.125353138486389e-06,3.990202458226122e-05,0.0007642090786248446,5,1
117,2.7992879040539265e-05,-1.174719182017725e-05,0.9999872446060181,1.1745050869649276e-05,0.00018575297144707292,0.0016505754319950938,5,1
118,2.5682898922241293e-05,-8.288300705316942e-06,0.9999922513961792,8.288080607599113e-06,6.151546403998509e-05,0.0010389689123257995,5,1
119,2.006871363846585e-05,-9.8976834124187e-06,0.999990701675415,9.897258678392973e-06,8.184472972061485e-05,0.0012237363262102008,5,1
120,2.463470445945859e-05,-1.597901609784458e-05,0.9999921321868896,1.5977584553183988e-05,0.00016073785081971437,0.002135203219950199,5,1
121,1.6851357941050082e-05,-1.2642766705539543e-05,0.9999953508377075,1.2640910426853225e-05,0.00019338422862347215,0.0018065321492031217,5,1
122,9.74824361037463e-05,-8.474431524518877e-06,0.9999634027481079,8.47411502036266e-06,7.486024696845561e-05,0.0010912296129390597,5,1
123,2.3801399947842583e-05,-8.170105502358638e-06,0.999994695186615,8.169807188096456e-06,7.08751758793369e-05,0.0010817870497703552,5,1
124,2.0286843209760264e-05,-1.904264536278788e-05,0.9999893307685852,1.9041068298975006e-05,0.00016571141895838082,0.0025017603766173124,5,1
125,2.8984595701331273e-05,-1.1469820492493454e-05,0.9999959468841553,1.1469097444205545e-05,0.0001075852633221075,0.0015142372576519847,5,1
126,3.847060361295007e-05,-8.947319656726904e-06,0.9999875426292419,8.946361958805937e-06,0.00013759543071500957,0.0012895638355985284,5,1
127,1.6363112081307918e-05,-1.1123423064418603e-05,0.9999896287918091,1.1122881005576346e-05,0.00010266515164403245,0.0014792808797210455,5,1
128,2.5311484932899475e-05,-1.180126673716586e-05,0.9999826550483704,1.1799736057582777e-05,0.00016509645502083004,0.0016341822920367122,5,1
129,3.100321919191629e-05,-1.201324903377099e-05,0.999993085861206,1.2012518709525466e-05,0.00011370649735908955,0.0016533792950212955,5,1
130,4.726239058072679e-05,-9.902665624395013e-06,0.9999641180038452,9.901958947011735e-06,0.00011206664930796251,0.0013431713450700045,5,1
131,1.7905354980030097e-05,-7.158672815421596e-06,0.9999876022338867,7.158369044191204e-06,7.404749339912087e-05,0.0010014442959800363,5,1
132,3.033989378309343e-05,-8.244152922998182e-06,0.9999768137931824,8.243858246714808e-06,7.560606172773987e-05,0.0011359724448993802,5,1
133,2.1656500393874012e-05,-8.895112841855735e-06,0.9999854564666748,8.894765414879657e-06,8.224188786698505e-05,0.0012337800581008196,5,1
134,1.622477429918945e-05,-1.2639778105949517e-05,0.9999936819076538,1.2638525731745176e-05,0.00014343693328555673,0.0017444384284317493,5,1
135,4.343840555520728e-05,-1.6257943570963107e-05,0.9999685287475586,1.6255604350590147e-05,0.0002142257580999285,0.002473176922649145,5,1
136,1.650152262300253e-05,-2.109494016622193e-05,0.9999943375587463,2.108966509695165e-05,0.00032564171124249697,0.003196697449311614,5,1
137,2.9306791475391947e-05,-1.1823871318483725e-05,0.9999808073043823,1.1822793567262124e-05,0.00013350474182516336,0.001689978176727891,5,1
138,3.0449029509327374e-05,-3.32364252244588e-05,0.9999846816062927,3.320269024698064e-05,0.0008239492308348417,0.005868549924343824,5,1
139,3.8147405575728044e-05,-1.7515219951746985e-05,0.9999758005142212,1.751343734213151e-05,0.00018417513638269156,0.002587829018011689,5,1
140,3.9707891119178385e-05,-9.084656994673423e-06,0.9999873638153076,9.084427802008577e-06,6.541528273373842e-05,0.0013153410982340574,5,1
141,7.030202687019482e-05,-3.5741359170060605e-05,0.9999523162841797,3.572597051970661e-05,0.0005259172176010907,0.0054284390062093735,5,1
142,4.2095511162187904e-05,-3.30518014379777e-05,0.9999868869781494,3.304496931377798e-05,0.00037688875454477966,0.005016169510781765,5,1
143,4.189204628346488e-05,-7.600479875691235e-05,0.9999694228172302,7.573601033072919e-05,0.0020801930222660303,0.01439617108553648,5,1
144,0.00011392914893804118,-0.00013491735444404185,0.9999042749404907,0.00013422586198430508,0.003608222119510174,0.024646591395139694,5,1
145,6.899658183101565e-05,-3.6858476960333064e-05,0.9999661445617676,3.6848530726274475e-05,0.0004359099839348346,0.0056822216138243675,5,1
146,0.00012185876403236762,-3.699521403177641e-05,0.9999232292175293,3.697707870742306e-05,0.0005809958674944937,0.005665636155754328,5,1
147,0.00013897201279178262,-6.285805284278467e-05,0.9998887181282043,6.2829494709149e-05,0.0007650447078049183,0.009171169251203537,5,1
148,0.0001468649716116488,-4.059647471876815e-05,0.9999247789382935,4.058088961755857e-05,0.0005796842160634696,0.005920020397752523,5,1
149,0.00011363548401277512,-0.00014386847033165395,0.9999859929084778,0.00014372834993992,0.001715870457701385,0.02012866921722889,5,1
150,0.0006273217732086778,-1.976944440684747e-05,0.9999924898147583,1.9766945115406998e-05,0.0002155101392418146,0.0025692759081721306,5,1
151,3.8576712540816516e-05,-2.2813834220869467e-05,0.9999806880950928,2.280997796333395e-05,0.00026506141875870526,0.0028794684913009405,5,1
152,5.643391705234535e-05,-1.7982103599933907e-05,0.9999641180038452,1.7980168195208535e-05,0.00019098242046311498,0.002209568629041314,5,1
153,5.713702557841316e-05,-1.4251150787458755e-05,0.9999674558639526,1.4250470485421829e-05,0.00011402559175621718,0.0016798017313703895,5,1
154,3.912823012797162e-05,-3.538565943017602e-05,0.9999747276306152,3.5375709558138624e-05,0.00045963944285176694,0.0045439451932907104,5,1
155,3.937135261367075e-05,-2.951701208075974e-05,0.9999767541885376,2.951031638076529e-05,0.0003533579292707145,0.003527140012010932,5,1
156,0.0002390451409155503,-1.3269874216348398e-05,0.9999887943267822,1.3265273992146831e-05,0.00030039134435355663,0.0018081249436363578,5,1
157,3.356416345923208e-05,-1.0510017091291957e-05,0.9999737739562988,1.0509544154047035e-05,9.551385301165283e-05,0.001210030633956194,5,1
158,1.850346234277822e-05,-1.9825107301585376e-05,0.9999867677688599,1.9821058231173083e-05,0.0002822824753820896,0.002449791645631194,5,1
159,2.537870932428632e-05,-2.345516077184584e-05,0.9999949932098389,2.3447082639904693e-05,0.0004043059889227152,0.003033603308722377,5,1
160,3.4803844755515456e-05,-1.618419810256455e-05,0.9999876022338867,1.618146779946983e-05,0.00022239731333684176,0.0019110514549538493,5,1
161,2.2417591026169248e-05,-3.6933968658559024e-05,0.9999862909317017,3.6905370507156476e-05,0.0006560297915711999,0.004353602882474661,5,1
162,2.812062666635029e-05,-1.2836620953748934e-05,0.9999915361404419,1.2835567758884281e-05,0.00014879375521559268,0.0015221055364236236,5,1
163,3.697547799674794e-05,-1.4041687791177537e-05,0.9999943971633911,1.40387446663226e-05,0.0002654978889040649,0.0018355518113821745,5,1
164,2.078679608530365e-05,-7.269782599905739e-06,0.9999886751174927,7.269532943610102e-06,7.043132791295648e-05,0.0008424545521847904,5,1
165,1.3074740309093613e-05,-2.8525289962999523e-05,0.9999960064888,2.851048884622287e-05,0.0005065486766397953,0.0034881094470620155,5,1
166,2.536357169447001e-05,-4.3608550186036155e-05,0.9999856948852539,4.357792204245925e-05,0.000743917771615088,0.005425466224551201,5,1
167,3.0442852221312933e-05,-8.7673088273732e-06,0.9999788403511047,8.765654456510674e-06,0.00016104389214888215,0.0010719362180680037,5,1
168,2.17095894186059e-05,-1.032794352795463e-05,0.99998539686203,1.0327150448574685e-05,0.00012514933769125491,0.0011789323762059212,5,1
169,4.1922448872355744e-05,-9.876180229184683e-06,0.9999943971633911,9.875519026536494e-06,0.00010994658805429935,0.0010410792892798781,5,1
170,2.936708551715128e-05,-6.074632892705267e-06,0.9999849796295166,6.074491466279142e-06,5.622886965284124e-05,0.0006560140755027533,5,1
171,1.5379435353679582e-05,-1.0456008567416575e-05,0.9999898672103882,1.0454715265950654e-05,0.00015549642557743937,0.0012355683138594031,5,1
172,3.388190089026466e-05,-2.8335166462056804e-06,0.9999908208847046,2.833448206729372e-06,3.588888284866698e-05,0.0003236032207496464,5,1
173,1.2599108231370337e-05,-5.744257214246318e-05,0.9999912977218628,5.736084858654067e-05,0.001108792144805193,0.006926279049366713,5,1
174,1.834728755056858e-05,-2.030364157690201e-06,0.999988853931427,2.03034824153292e-06,1.751484342094045e-05,0.0002129091153619811,5,1
175,1.5195815649349242e-05,-7.717615517321974e-06,0.9999939203262329,7.716906111454591e-06,0.00011312107380945235,0.0008614772814325988,5,1
176,2.250304532935843e-05,-5.051037533121416e-06,0.9999867677688599,5.050716936239041e-06,8.038793748710304e-05,0.0005892097833566368,5,1
177,4.694193557952531e-05,-5.263077582640108e-06,0.9999653100967407,5.262795639282558e-06,7.385090430034325e-05,0.0005984845920465887,5,1
178,2.7872680220752954e-05,-1.418099145666929e-05,0.9999961853027344,1.417818020854611e-05,0.000221910304389894,0.0016687650931999087,5,1
179,2.9700053346459754e-05,-8.720689947949722e-06,0.9999853372573853,8.71974953042809e-06,0.00013398188457358629,0.0010140689555555582,5,1
180,1.1654854461085051e-05,-4.1377325032954104e-06,0.9999913573265076,4.137611540500075e-06,4.961930972058326e-05,0.0004442475619725883,5,1
181,8.859951776685193e-06,-2.7244682314631063e-06,0.9999959468841553,2.724407977439114e-06,3.641857983893715e-05,0.0003136013401672244,5,1
182,1.0207892046310008e-05,-3.2461787213833304e-06,0.9999944567680359,3.246114829380531e-06,3.5071152524324134e-05,0.00034467614023014903,5,1
183,1.3725472854275722e-05,-4.8980537030729465e-06,0.9999903440475464,4.8978095037455205e-06,6.530255632242188e-05,0.0005409065051935613,5,1
184,2.9750819521723315e-05,-3.4503705137467477e-06,0.9999850988388062,3.450290705586667e-06,4.033068034914322e-05,0.0003931645769625902,5,1
185,1.4161975741444621e-05,-1.1745957635866944e-05,0.9999873638153076,1.1743145478249062e-05,0.00022765151516068727,0.0014818478375673294,5,1
186,5.474995305121411e-06,-5.599480573437177e-06,0.999996542930603,5.598860752797918e-06,0.00011162043665535748,0.0007047199760563672,5,1
187,6.502023097709753e-06,-4.84556630908628e-06,0.9999966621398926,4.845416697207838e-06,5.6997378123924136e-05,0.0005352242151275277,5,1
188,2.0592908185790293e-05,-4.47672118752962e-06,0.999983549118042,4.4763178266293835e-06,8.682714542374015e-05,0.0005663457559421659,5,1
189,8.38883534015622e-06,-6.1379441831377335e-06,0.9999968409538269,6.137443051557057e-06,9.879651770461351e-05,0.0007017787429504097,5,1
190,6.574538929271512e-06,-7.1730623858456966e-06,0.9999960660934448,7.172400728450157e-06,0.00011071871995227411,0.0008137517725117505,5,1
191,1.3537913218897302e-05,-5.7336910685990006e-06,0.9999951124191284,5.733155830967007e-06,9.999136091209948e-05,0.000711079512257129,5,1
192,1.7232290701940656e-05,-1.3371315617405344e-05,0.9999970197677612,1.3363666766963433e-05,0.0003487823123577982,0.0017951036570593715,5,1
193,1.733276258164551e-05,-1.8286154954694211e-06,0.9999853372573853,1.8285935539097409e-06,2.0943081835866906e-05,0.00020182025036774576,5,1
194,2.1888341507292353e-05,-1.705808699625777e-06,0.9999985694885254,1.7057915329132811e-06,1.944634277606383e-05,0.00019165482081007212,5,1
195,8.11585778137669e-06,-5.605812020803569e-06,0.9999977946281433,5.605535079666879e-06,8.032078039832413e-05,0.0006509967497549951,5,1
196,1.4670540622319095e-05,-4.324516794440569e-06,0.9999911785125732,4.324033398006577e-06,9.578988829161972e-05,0.0005527647444978356,5,1
197,9.261762897949666e-06,-1.0470712368260138e-06,0.9999936819076538,1.0470665756656672e-06,9.921380296873394e-06,0.00011360579810570925,5,1
198,6.5330063989677e-06,-1.4313079645944526e-06,0.9999954700469971,1.4312980738395709e-06,1.4146681678539608e-05,0.0001565348939038813,5,1
199,4.9687314458424225e-06,-2.432733026580536e-06,0.9999974966049194,2.432666406093631e-06,3.532815389917232e-05,0.0002778049383778125,5,1
200,8.513402462995145e-06,-3.3101564440585207e-06,0.9999930262565613,3.3100336622737814e-06,5.0980419473489746e-05,0.00039160490268841386,5,1
201,1.6301859432132915e-05,-2.7117380341223907e-06,0.999995231628418,2.7116816454508808e-06,3.3372816687915474e-05,0.00029734070994891226,5,1
202,5.3650737754651345e-06,-3.3836570310086245e-06,0.9999969601631165,3.3835924568847986e-06,3.47769346262794e-05,0.0003561411867849529,5,1
203,6.8846475187456235e-06,-3.183966100550606e-06,0.9999963045120239,3.183747594448505e-06,6.914695404702798e-05,0.00042566267075017095,5,1
204,8.160249308275525e-06,-2.0012871573271696e-06,0.999993085861206,2.0012223558296682e-06,3.5084496630588546e-05,0.00023083009000401944,5,1
205,9.521220817987341e-06,-1.8357566204940667e-06,0.9999919533729553,1.8357343378738733e-06,2.1424641090561636e-05,0.00020602486620191485,5,1
206,7.5610137173498515e-06,-3.534329152898863e-06,0.999996542930603,3.5341386137588415e-06,5.5192031140904874e-05,0.0004051470896229148,5,1
207,3.5554594433051534e-06,-8.159592653100844e-06,0.9999984502792358,8.156554940796923e-06,0.0002157627313863486,0.0011844771215692163,5,1
208,4.943794010614511e-06,-4.648233698389959e-06,0.9999972581863403,4.6480458877340425e-06,6.094390482758172e-05,0.0005332689033821225,5,1
209,8.645468369650189e-06,-3.1719177968625445e-06,0.9999992847442627,3.1718250284029637e-06,4.103950777789578e-05,0.00035421797656454146,5,1
210,3.3524263471917948e-06,-1.5541643278993433e-06,0.9999978542327881,1.5541468201263342e-06,1.9821674868580885e-05,0.00018317840294912457,5,1
211,4.703020749730058e-06,-5.349956609279616e-06,0.9999973773956299,5.349446382751921e-06,9.999537724070251e-05,0.0006835120148025453,5,1
212,5.806048648082651e-06,-1.995341335714329e-06,0.999996542930603,1.9953063201683108e-06,2.680471880012192e-05,0.0002359051286475733,5,1
213,1.1828766218968667e-05,-8.165474127963535e-07,0.9999942779541016,8.165417852978862e-07,1.0545426448516082e-05,9.403312287759036e-05,5,1
214,7.445261417160509e-06,-1.1122563137178076e-06,0.9999935626983643,1.1122468777102767e-06,1.351940863969503e-05,0.00012646724644582719,5,1
215,4.834094852412818e-06,-3.9018175357341534e-07,0.9999974966049194,3.9018118513922673e-07,3.4098122796422103e-06,4.2167124775005504e-05,5,1
216,4.411016107042087e-06,-1.5429341146955267e-06,0.9999969005584717,1.5429241102538072e-06,1.45588137456798e-05,0.00017161283176392317,5,1
217,7.728930540906731e-06,-2.7402838895795867e-06,0.999995231628418,2.7401895295042777e-06,4.362500840215944e-05,0.0003336990484967828,5,1
218,1.0284291420248337e-05,-1.5663296153434203e-06,0.9999951124191284,1.5663163139834069e-06,1.616424196981825e-05,0.00017314957221969962,5,1
219,2.0911398678435944e-05,-1.3314253237695084e-06,0.999998152256012,1.3314175930645433e-06,1.2836527275794651e-05,0.00014683736662846059,5,1
220,5.693112143489998e-06,-1.1419172096793773e-06,0.9999972581863403,1.141910388469114e-06,1.1107727914350107e-05,0.00012259698996786028,5,1
221,4.3526897570700385e-06,-6.507758598672808e-07,0.9999969601631165,6.507743250949716e-07,5.654098458762746e-06,7.17669099685736e-05,5,1
222,5.4229990382737014e-06,-2.2422395886678714e-06,0.9999957084655762,2.2422036636271514e-06,2.7065218091593124e-05,0.0002706486266106367,5,1
223,5.231810064287856e-06,-1.6662787629684317e-06,0.9999991655349731,1.6662645521137165e-06,1.7972663044929504e-05,0.0001955166517291218,5,1
224,3.1845388548390474e-06,-1.2180738622191711e-06,0.9999983310699463,1.2180629482827499e-06,1.536854870209936e-05,0.00014093113713897765,5,1
225,2.482287982275011e-06,-1.9638218873296864e-06,0.9999984502792358,1.9637927834992297e-06,2.5521583665977232e-05,0.0002353936870349571,5,1
226,6.3170782595989294e-06,-1.1263483656875906e-06,0.9999949336051941,1.12634290871938e-06,1.1309884030197281e-05,0.00013147985737305135,5,1
227,3.640841896412894e-06,-1.5356960147983045e-06,0.9999984502792358,1.5356822586909402e-06,1.7588756236364134e-05,0.00018443643057253212,5,1
228,2.033131295320345e-06,-1.433175384590868e-06,0.9999990463256836,1.4331661759570125e-06,1.4021674360265024e-05,0.00016182537365239114,5,1
229,9.524909728497732e-06,-3.673573701235e-06,0.999998927116394,3.673314040497644e-06,7.347163773374632e-05,0.0004932740703225136,5,1
230,3.3596343200770207e-06,-1.6781442582214368e-06,0.9999982118606567,1.6781182239355985e-06,2.0962430426152423e-05,0.00019280578999314457,5,1
231,7.251007446029689e-06,-1.1705030829034513e-06,0.999994158744812,1.1704969438142143e-06,1.1096646630903706e-05,0.00012952409451827407,5,1
232,8.184776561392937e-06,-1.6171836705325404e-06,0.9999984502792358,1.6171588868019171e-06,2.3191609216155484e-05,0.00019842383335344493,5,1
233,3.9742308217682876e-06,-2.487779966031667e-06,0.9999980926513672,2.48762762566912e-06,5.458455780171789e-05,0.00032910637673921883,5,1
234,1.6250471617240692e-06,-4.061425897816662e-06,0.9999994039535522,4.0611744225316215e-06,6.730846507707611e-05,0.0004871323180850595,5,1
235,5.1686929509742185e-06,-7.393014129775111e-07,0.9999983310699463,7.393000487354584e-07,5.520742433873238e-06,8.223806071327999e-05,5,1
236,4.286534931452479e-06,-3.5725713587453356e-06,0.9999967813491821,3.572071818780387e-06,0.00010057692270493135,0.0005586525076068938,5,1
237,7.414660558424657e-06,-1.1169406661792891e-06,0.9999977350234985,1.1169340723427013e-06,1.231185524375178e-05,0.00013329224020708352,5,1
238,4.147093022766057e-06,-1.4515808288706467e-06,0.9999980926513672,1.4515650264002034e-06,1.9126619008602574e-05,0.0001742705935612321,5,1
239,5.12921906192787e-06,-1.2168006833235268e-05,0.9999960660934448,1.216127748193685e-05,0.00035311319516040385,0.0019022023770958185,5,1
240,1.749005059537012e-05,-9.045551792041806e-07,0.9999977350234985,9.045502338267397e-07,1.0111619303643238e-05,0.0001020996060105972,5,1
241,2.421218596282415e-06,-2.54702172242105e-06,0.9999985694885254,2.5469003048783634e-06,5.04841300426051e-05,0.00033795685158111155,5,1
242,4.639894541469403e-06,-9.808909453568049e-07,0.9999990463256836,9.808861705096206e-07,9.561958904669154e-06,0.00011174729297636077,5,1
243,3.967918019043282e-06,-1.8498087683838094e-06,0.9999993443489075,1.8497744349588174e-06,2.7154945200891234e-05,0.0002346668770769611,5,1
244,2.50710081672878e-06,-8.639929092169041e-07,0.9999987483024597,8.639888164907461e-07,9.858133125817403e-06,0.00010394756100140512,5,1
245,2.403719008725602e-06,-8.067024282354396e-06,0.9999986886978149,8.063819223025348e-06,0.00027169843087904155,0.0013641172554343939,5,1
246,4.569601060211426e-06,-1.3525142321668682e-06,0.999998927116394,1.352502067675232e-06,1.5608793546562083e-05,0.00015772547340020537,5,1
247,2.770479113678448e-06,-2.4301416488015093e-06,0.9999984502792358,2.4300602490257006e-06,4.598016312229447e-05,0.00032586048473604023,5,1
248,5.823540050187148e-06,-1.6520067447345355e-06,0.9999985098838806,1.6519827568117762e-06,2.2928728867555037e-05,0.0002040785038843751,5,1
249,1.1472012374724727e-05,-1.0505132195248734e-06,0.9999972581863403,1.0505083309908514e-06,1.0339360414945986e-05,0.00011912529589608312,5,1
250,4.069713213539217e-06,-2.3354941731668077e-06,0.9999982118606567,2.3354293716693064e-06,3.5358647437533364e-05,0.00028025006758980453,5,1
251,3.526734872139059e-06,-2.281357410538476e-06,0.9999979138374329,2.2812878341937903e-06,3.818643017439172e-05,0.0002846666902769357,5,1
252,3.802697392529808e-06,-3.883142653648974e-06,0.9999979734420776,3.882924374920549e-06,6.638072954956442e-05,0.0004934483440592885,5,1
253,3.5428645333013264e-06,-1.4506334764519124e-06,0.9999974370002747,1.4506199477182236e-06,1.6438216334790923e-05,0.00016772984236013144,5,1
254,3.333036374897347e-06,-4.385649845062289e-06,0.9999990463256836,4.385279680718668e-06,8.650954259792343e-05,0.0005871764733456075,5,1
255,7.749887117824983e-06,-1.4014254929861636e-06,0.999993085861206,1.4014083262736676e-06,1.9581502783694305e-05,0.00017349756672047079,5,1
256,5.765443347627297e-06,-2.259912434965372e-06,0.9999983906745911,2.2598510440730024e-06,3.675192056107335e-05,0.0002957887190859765,5,1
257,6.884724825795274e-06,-7.153720389396767e-07,0.9999994039535522,7.153696515160846e-07,7.498844752262812e-06,8.421456004725769e-05,5,1
258,2.940108515758766e-06,-8.713419674677425e-07,0.9999986886978149,8.713359420653433e-07,1.0403579835838173e-05,0.00010369720257585868,5,1
259,5.9979865909554064e-06,-8.21786579763284e-06,0.9999955296516418,8.2156393546029e-06,0.00020708773809019476,0.0011874039191752672,5,1
260,2.7808387130789924e-06,-6.887786412335117e-07,0.9999980926513672,6.887762538099196e-07,7.159902452258393e-06,8.148472261382267e-05,5,1
261,4.982427981303772e-06,-4.656806709135708e-07,0.9999958872795105,4.6567819822485035e-07,7.30257897885167e-06,5.774958844995126e-05,5,1
262,4.88592331748805e-06,-1.5288826489268104e-06,0.9999971985816956,1.528820348539739e-06,3.389579796930775e-05,0.00020916838548146188,5,1
263,5.015752321924083e-06,-1.8566606740932912e-06,0.999998927116394,1.8566274775366765e-06,2.5608978830859996e-05,0.00023102648265194148,5,1
264,9.239091923518572e-06,-2.7538221729628276e-06,0.9999991059303284,2.7537107598618604e-06,4.571692261379212e-05,0.0003559268079698086,5,1
265,4.885278030997142e-06,-1.1666263617371442e-06,0.9999982118606567,1.1666174941638019e-06,1.4467652363236994e-05,0.0001432027347618714,5,1
266,4.96837083119317e-06,-2.40937106354977e-06,0.9999961853027344,2.4093205865938216e-06,3.325768921058625e-05,0.0002984703751280904,5,1
267,2.1446760456456104e-06,-1.262494379261625e-06,0.9999990463256836,1.262482555830502e-06,1.663756847847253e-05,0.00015593701391480863,5,1
268,3.659483809315134e-06,-8.928009265218861e-07,0.9999990463256836,8.927982548811997e-07,8.155515388352796e-06,0.00010770671360660344,5,1
269,2.0602317363227485e-06,-1.5109890227904543e-06,0.9999992251396179,1.5109692412806908e-06,2.1149415260879323e-05,0.00018834465299732983,5,1
270,4.459177944227122e-06,-1.7413057094017859e-06,0.9999976754188538,1.7412698980479036e-06,2.873505582101643e-05,0.00022709436598233879,5,1
271,2.898904767789645e-06,-7.620874384883791e-07,0.9999992847442627,7.620832889188023e-07,9.540141036268324e-06,9.368004248244688e-05,5,1
272,2.396041509200586e-06,-9.721603646539734e-07,0.9999985098838806,9.721474043544731e-07,1.633520150789991e-05,0.000125241102068685,5,1
273,2.032458723988384e-06,-5.229555426922161e-06,0.9999991655349731,5.2281320677138865e-06,0.00017175116227008402,0.000900466286111623,5,1
274,6.103136456658831e-06,-2.5138213004538557e-06,0.9999968409538269,2.5136755539278965e-06,5.380942457122728e-05,0.00034088423126377165,5,1
275,4.097244527656585e-06,-6.641305844823364e-06,0.9999983310699463,6.6393899942340795e-06,0.00017320348706562072,0.0009528188966214657,5,1
276,1.6678059182595462e-06,-2.2893348159414018e-06,0.9999991655349731,2.2891997559781885e-06,4.6813220251351595e-05,0.0003178482293151319,5,1
277,3.30784769175807e-06,-1.9989161046396475e-06,0.9999982714653015,1.998853804252576e-06,3.1951680284691975e-05,0.00024225650122389197,5,1
278,1.6457638594147284e-06,-1.5405925068989745e-06,0.9999990463256836,1.5405180420202669e-06,4.082896339241415e-05,0.0002398943470325321,5,1
279,4.47794718638761e-06,-1.132794068325893e-06,0.9999966025352478,1.1327847460051998e-06,1.4523610843752977e-05,0.0001449789124308154,5,1
280,8.590159268351272e-07,-1.257652229469386e-06,0.9999995827674866,1.2576367680594558e-06,1.860704469436314e-05,0.0001571595494169742,5,1
281,2.0844438495259965e-06,-1.4618722161685582e-05,0.9999991059303284,1.4606447621190455e-05,0.00045675516594201326,0.0022814387921243906,5,1
282,1.4989768715167884e-06,-1.1286647350061685e-06,0.9999992251396179,1.1286520020803437e-06,1.6665779185132124e-05,0.000144259596709162,5,1
283,4.819340574613307e-06,-1.2187567790533649e-06,0.9999977350234985,1.2187347238068469e-06,2.132104418706149e-05,0.0001623697462491691,5,1
284,5.192297066969331e-06,-9.880101288217702e-07,0.9999964237213135,9.880037623588578e-07,1.174369299405953e-05,0.0001228024484589696,5,1
285,2.767662863334408e-06,-1.669352513999911e-06,0.9999986886978149,1.669329662945529e-06,2.1557592845056206e-05,0.00021439082047436386,5,1
286,3.241507329221349e-06,-1.8370578800386284e-06,0.9999983310699463,1.8370344605500577e-06,2.2871761757414788e-05,0.00022793238167650998,5,1
287,3.739565272553591e-06,-8.494369012623793e-07,0.9999974370002747,8.494307621731423e-07,1.1829055438283831e-05,0.00010901180939981714,5,1
288,9.881874575512484e-06,-9.652501375967404e-07,0.9999966025352478,9.652324024500558e-07,2.014726123888977e-05,0.00013631170440930873,5,1
289,1.5071636880747974e-06,-5.355626626624144e-07,0.9999992251396179,5.355612984203617e-07,5.555144980462501e-06,6.620610656682402e-05,5,1
290,2.2796539269620553e-06,-1.959248947969172e-06,0.9999990463256836,1.959198698386899e-06,3.2743351766839623e-05,0.0002576815604697913,5,1
291,1.5470826610908262e-06,-1.6528797459613997e-06,0.9999994039535522,1.6528586002095835e-06,2.1492585801752284e-05,0.0002118075208272785,5,1
292,2.7125524866278283e-06,-6.983197522458795e-07,0.9999989867210388,6.983167395446799e-07,8.033318408706691e-06,8.759464981267229e-05,5,1
293,2.157949893444311e-06,-4.653981250157813e-06,0.9999992847442627,4.653017640521284e-06,0.0001528277643956244,0.000848152267280966,5,1
294,8.032592631934676e-06,-3.1975407637219178e-06,0.9999948740005493,3.197261776222149e-06,7.899585034465417e-05,0.00048217264702543616,5,1
295,1.6240770719377906e-06,-9.217183105647564e-07,0.9999994039535522,9.217144452122739e-07,9.462571142648812e-06,0.00011421748786233366,5,1
296,1.865481408458436e-06,-3.908423309439968e-07,0.9999991059303284,3.9084116565391014e-07,4.9860746003105305e-06,4.925220491713844e-05,5,1
297,2.6348075152782258e-06,-7.197794502644683e-07,0.9999982714653015,7.197755849119858e-07,9.123774361796677e-06,9.250469884136692e-05,5,1
298,1.8907976482296363e-06,-8.927767112254514e-07,0.9999986290931702,8.927677299652714e-07,1.3917420801590197e-05,0.00011415396875236183,5,1
299,4.085731688974192e-06,-9.187583032144175e-07,0.9999988079071045,9.187519367515051e-07,1.2681332918873522e-05,0.00012174301809864119,5,1
300,1.699086396911298e-06,-1.342452605967992e-06,0.9999991655349731,1.3424344160739565e-06,1.984831214940641e-05,0.00016992638120427728,5,1
301,1.8164107586926548e-06,-1.1258000540692592e-06,0.9999992847442627,1.1257901633143774e-06,1.4990412637416739e-05,0.0001443677901988849,5,1
302,1.9691065972438082e-05,-7.641738193342462e-07,0.9999972581863403,7.641712045369786e-07,7.964676115079783e-06,9.732000762596726e-05,5,1
303,6.558685981872259e-06,-5.851168793924444e-07,0.9999955296516418,5.851151172464597e-07,6.462677902163705e-06,7.36076181055978e-05,5,1
304,2.9323405215109233e-06,-1.59345120209764e-06,0.9999992847442627,1.593400156707503e-06,3.351191116962582e-05,0.00023461079399567097,5,1
305,3.910172836185666e-06,-8.547399374947418e-07,0.999997079372406,8.547338552489236e-07,1.1539853403519373e-05,0.00011363119119778275,5,1
306,1.4496954463538714e-06,-2.0561421933962265e-06,0.9999991655349731,2.056001449091127e-06,5.826788765261881e-05,0.00033444404834881425,5,1
307,1.005548938337597e-06,-1.0265013088428532e-06,0.9999993443489075,1.0264910770274582e-06,1.6129270079545677e-05,0.00013929464330431074,5,1
308,2.4957325877039693e-06,-1.5299057167794672e-06,0.9999985694885254,1.5298533071472775e-06,3.548933455022052e-05,0.00023502451949752867,5,1
309,2.536531610530801e-06,-7.588959078930202e-07,0.9999989867210388,7.588905646116473e-07,1.101511406886857e-05,9.854995732894167e-05,5,1
310,1.8968705717270495e-06,-7.773751917738991e-07,0.9999993443489075,7.773685410938924e-07,1.2997510566492565e-05,0.00011077794624725357,5,1
311,4.5150854930398054e-06,-1.4915941619619844e-06,0.9999991655349731,1.4915075325916405e-06,4.4123622501501814e-05,0.0002556503168307245,5,1
312,2.7332912395650055e-06,-6.035856131347828e-06,0.9999989867210388,6.0348029364831746e-06,0.00016000612231437117,0.0009403636795468628,5,1
313,2.4887924610084156e-06,-3.55521910933021e-06,0.9999992847442627,3.5548141568142455e-06,8.566479664295912e-05,0.0005192798562347889,5,1
314,3.4974409572896548e-06,-1.8319931314181304e-06,0.9999977946281433,1.8319498167329584e-06,3.0387174774659798e-05,0.00025278457906097174,5,1
315,4.136120878683869e-06,-9.873866702037049e-07,0.9999991655349731,9.873774615698494e-07,1.598915878275875e-05,0.0001384878996759653,5,1
316,2.130234634023509e-06,-4.139674274483696e-06,0.9999988675117493,4.139131306146737e-06,0.0001108668147935532,0.000710412219632417,5,1
317,2.932816869360977e-06,-1.5898856418061769e-06,0.9999982118606567,1.5898683614068432e-06,2.0743831555591896e-05,0.00021771488536614925,5,1
318,1.99309488380095e-06,-1.9357044038770255e-06,0.999998927116394,1.9356239135959186e-06,4.242744034854695e-05,0.000281075801467523,5,1
319,2.230786776635796e-06,-8.578496135669411e-07,0.9999997019767761,8.578430765737721e-07,1.2995604265597649e-05,0.00011695651483023539,5,1
320,2.6752193207357777e-06,-2.371064965700498e-06,0.9999982714653015,2.3710140339971986e-06,3.5440829378785565e-05,0.0003358084359206259,5,1
321,1.034254273690749e-05,-1.8981115772476187e-06,0.999998152256012,1.8980235836352222e-06,4.4067106500733644e-05,0.000295673671644181,5,1
322,1.9469707694952376e-06,-5.550996320380364e-07,0.9999988079071045,5.550964488065802e-07,8.804791832517367e-06,7.628841558471322e-05,5,1
323,6.5592917053436395e-06,-1.5190556723609916e-06,0.9999983906745911,1.5190219073701883e-06,2.7493852030602284e-05,0.00021941163868177682,5,1
324,3.1358997603092575e-06,-6.116137001299649e-07,0.999998927116394,6.116086410656862e-07,1.1062599696742836e-05,8.80235675140284e-05,5,1
325,2.7764172045863234e-06,-1.59510182129452e-06,0.9999990463256836,1.595033609191887e-06,4.0091155824484304e-05,0.00024450093042105436,5,1
326,1.4541332120643347e-06,-3.4768390833050944e-06,0.9999990463256836,3.476424353721086e-06,9.926419443218037e-05,0.0005965374875813723,5,1
327,5.965392119833268e-06,-4.089429694431601e-06,0.9999994039535522,4.088830792170484e-06,0.0001210728005389683,0.0006747429724782705,5,1
328,6.879391548864078e-06,-4.176838501734892e-06,0.9999967813491821,4.175998128630454e-06,0.0001406966766808182,0.0007676202803850174,5,1
329,4.989425633539213e-06,-7.528785772592528e-07,0.9999977350234985,7.528741434725816e-07,1.0487348845344968e-05,0.00010229252802673727,5,1
330,6.593151738343295e-06,-1.533121803731774e-06,0.999995231628418,1.5330988389905542e-06,2.1888659830437973e-05,0.00020332842541392893,5,1
331,6.038597348378971e-06,-9.632117325963918e-07,0.999997079372406,9.632008186599705e-07,1.7188494894071482e-05,0.000142358461744152,5,1
332,2.119402324751718e-06,-7.235330485855229e-07,0.9999988079071045,7.235303769448365e-07,8.138145858538337e-06,9.548180241836235e-05,5,1
333,2.5991946586145787e-06,-1.000726797428797e-06,0.9999993443489075,1.0007187256633188e-06,1.3618876437249128e-05,0.00013782718451693654,5,1
334,2.4533344458177453e-06,-4.247920060151955e-07,0.999998927116394,4.2479092599023716e-07,5.658606823999435e-06,5.715600855182856e-05,5,1
335,5.937925834587077e-06,-2.8252129595784936e-06,0.9999960660934448,2.82510336546693e-06,4.902325235889293e-05,0.00040583033114671707,5,1
336,1.11851340989233e-05,-3.306726284790784e-06,0.9999982714653015,3.3065014122257708e-06,7.009644468780607e-05,0.0004978641518391669,5,1
337,5.331530701369047e-06,-6.200071425155329e-07,0.9999979734420776,6.200044708748464e-07,7.76159686211031e-06,8.221411553677171e-05,5,1
338,1.8191260551247979e-06,-5.914141638641013e-07,0.9999990463256836,5.914127427786298e-07,6.040871994628105e-06,7.800206367392093e-05,5,1
339,2.0278841930121416e-06,-1.711936079118459e-06,0.9999992251396179,1.7119090216510813e-06,2.611210038594436e-05,0.0002409458247711882,5,1
340,4.766508936882019e-06,-5.293228241498582e-06,0.9999993443489075,5.292117748467717e-06,0.00016401447646785527,0.0009334091446362436,5,1
341,2.6195007194473874e-06,-1.4787162854190683e-06,0.9999989867210388,1.478654780839861e-06,3.798642137553543e-05,0.00023351366689894348,5,1
342,1.5185740949164028e-06,-1.0375271131124464e-06,0.9999988079071045,1.0375003967055818e-06,2.6132796847377904e-05,0.00015875465760473162,5,1
343,7.493818884540815e-06,-4.199564500595443e-07,0.999993085861206,4.1995556898655195e-07,4.597580300469417e-06,5.634644185192883e-05,5,1
344,9.623124242352787e-06,-1.2331591960901278e-06,0.9999943375587463,1.2331263405940263e-06,2.807780219882261e-05,0.00018815901421476156,5,1
345,2.9780819659208646e-06,-9.580176083545666e-07,0.999997615814209,9.580110145179788e-07,1.2251755833858624e-05,0.00012837079702876508,5,1
346,7.37798336558626e-06,-1.6361361758754356e-06,0.9999997019767761,1.63605761827057e-06,4.262698712409474e-05,0.0002877834194805473,5,1
347,5.853949005540926e-06,-3.3747776342352154e-06,0.9999979734420776,3.3745636756066233e-06,7.071480649756268e-05,0.0005071803461760283,5,1
348,2.4494245280948235e-06,-3.2228249438048806e-06,0.9999992251396179,3.2226801067736233e-06,6.079504237277433e-05,0.000505744363181293,5,1
349,6.5180606725334655e-06,-1.9374101611902006e-06,0.9999990463256836,1.937356955750147e-06,4.3386389734223485e-05,0.0003171723219566047,5,1
350,2.1762830328952987e-06,-5.210974904912291e-07,0.9999985694885254,5.210963536228519e-07,5.493801836564671e-06,7.158421067288145e-05,5,1
351,3.293076588306576e-06,-1.0523524451855337e-06,0.9999984502792358,1.0523377795834676e-06,1.9504976080497727e-05,0.00015833093493711203,5,1
352,2.6906811854132684e-06,-1.2320592759351712e-05,0.9999994039535522,1.231499027198879e-05,0.0003657178895082325,0.0020883181132376194,5,1
353,2.353833679080708e-06,-2.4834932901285356e-06,0.9999990463256836,2.483421667420771e-06,4.499049828154966e-05,0.00038174708606675267,5,1
354,3.2459756766911596e-06,-1.3394226243690355e-06,0.9999990463256836,1.3394042071013246e-06,2.0560693883453496e-05,0.0001861290365923196,5,1
355,2.618499593154411e-06,-2.47892489824153e-06,0.9999996423721313,2.4788059818092734e-06,5.5471544328611344e-05,0.0003811666974797845,5,1
356,4.0932773117674515e-06,-5.401311227615224e-06,0.9999964237213135,5.400233021646272e-06,0.0001578807714395225,0.0010046263923868537,5,1
357,1.9157541828462854e-06,-4.434788820617541e-07,0.9999992251396179,4.4347797256705235e-07,5.0475282478146255e-06,6.195547030074522e-05,5,1
358,1.9442338725639274e-06,-1.766630589372653e-06,0.9999988079071045,1.7665224731899798e-06,5.109102858114056e-05,0.0003301731194369495,5,1
359,2.936159035016317e-06,-1.0942618473563925e-06,0.999999463558197,1.0942358130705543e-06,2.3838612833060324e-05,0.00017227063653990626,5,1
360,7.618723429914098e-06,-4.4945238641957985e-07,0.9999933242797852,4.4945088006898004e-07,6.1322602959990036e-06,5.980873174848966e-05,5,1
361,6.290091732807923e-06,-2.2876185994391562e-06,0.9999967813491821,2.2874576188769424e-06,6.23479500063695e-05,0.0003867882478516549,5,1
362,7.22997538105119e-06,-1.0261796887789387e-06,0.9999982118606567,1.0261690022161929e-06,1.633405190659687e-05,0.00015398867253679782,5,1
363,4.199879185762256e-06,-1.810173898775247e-06,0.9999983310699463,1.8101352452504216e-06,3.197506157448515e-05,0.00027445435989648104,5,1
364,6.612096512981225e-06,-1.4662944067822536e-06,0.999998927116394,1.4662743978988146e-06,2.358799974899739e-05,0.00022105331299826503,5,1
365,5.156449333298951e-06,-1.2028095852656406e-06,0.9999961256980896,1.2027840057271533e-06,2.3566875825054012e-05,0.00018280802760273218,5,1
366,9.280110134568531e-06,-7.931516279313655e-07,0.9999988675117493,7.931470236144378e-07,1.1497513696667738e-05,0.00011819181236205623,5,1
367,2.2705003175360616e-06,-1.6993193412417895e-06,0.9999985694885254,1.6992751170619158e-06,3.342919080751017e-05,0.00027161388425156474,5,1
368,4.831663318327628e-06,-1.0521630429138895e-06,0.9999988079071045,1.052149400493363e-06,1.8372878912487067e-05,0.00015722059470135719,5,1
369,1.927561925185728e-06,-2.172877884731861e-06,0.9999992847442627,2.172734866690007e-06,6.026717528584413e-05,0.00035933699109591544,5,1
370,1.7720818732414045e-06,-2.453013166814344e-06,0.9999992847442627,2.4528876565454993e-06,5.419964509201236e-05,0.0003823636507149786,5,1
371,1.159355178970145e-06,-1.0074109013658017e-06,0.9999995231628418,1.007400555863569e-06,1.6399260857724585e-05,0.00015046463522594422,5,1
372,1.0216535883955657e-05,-1.6801043329905951e-06,0.9999904632568359,1.6800695448182523e-06,2.8268223104532808e-05,0.0002388335415162146,5,1
373,2.5952574560506037e-06,-2.2635467757936567e-06,0.9999988079071045,2.2635124423686648e-06,2.9460374207701534e-05,0.00032545856083743274,5,1
374,1.1755403193092206e-06,-2.095798663503956e-06,0.9999994039535522,2.0957236301910598e-06,4.24557292717509e-05,0.00032733354601077735,5,1
375,1.7214242689078674e-05,-7.994179895831621e-07,0.9999935626983643,7.994126463017892e-07,1.1176155567227397e-05,0.00011332445865264162,5,1
376,3.2178888886846835e-06,-1.414493908669101e-06,0.9999977350234985,1.4144666238280479e-06,2.5015611754497513e-05,0.0002169878571294248,5,1
377,7.010315584921045e-06,-2.27829946197744e-06,0.9999935626983643,2.2781623556511477e-06,5.597753988695331e-05,0.000374592375010252,5,1
378,3.7426798371598125e-06,-9.007267749439052e-07,0.9999968409538269,9.007124504023523e-07,1.766587229212746e-05,0.00013284322631079704,5,1
379,3.3220110253751045e-06,-1.5555342542938888e-06,0.9999979734420776,1.555463541080826e-06,3.925645069102757e-05,0.0002445921127218753,5,1
380,3.4060619782394497e-06,-4.3433410610305145e-06,0.9999988675117493,4.342442480265163e-06,0.00014542565622832626,0.0008493931381963193,5,1
381,1.8708848301685066e-06,-2.363439989494509e-06,0.9999995231628418,2.3633565433556214e-06,4.6113189455354586e-05,0.00036845021531917155,5,1
382,2.9670809453818947e-06,-1.7179684164148057e-06,0.9999988675117493,1.7178701909870142e-06,5.031723412685096e-05,0.00030345938284881413,5,1
383,3.1897893677523825e-06,-2.000767835852457e-06,0.9999977350234985,2.0006791601190343e-06,4.6074761485215276e-05,0.00032922864193096757,5,1
384,3.4342024264333304e-06,-1.6077325199148618e-05,0.9999988079071045,1.606173645996023e-05,0.0006472576642408967,0.003379498142749071,5,1
385,3.5148141250829212e-06,-1.6992709106489201e-06,0.9999984502792358,1.6992307791952044e-06,3.2131072657648474e-05,0.0002604004694148898,5,1
386,3.135077122351504e-06,-1.549820922264189e-06,0.9999980926513672,1.5498038692385308e-06,2.184641925850883e-05,0.00022675286163575947,5,1
387,2.4655728338984773e-06,-1.9333517684572143e-06,0.9999988079071045,1.9332851479703095e-06,4.2002266127383336e-05,0.00031452751136384904,5,1
388,4.3890540837310255e-06,-1.317957071478304e-06,0.9999970197677612,1.3179360394133255e-06,2.3753660570946522e-05,0.0002022927365032956,5,1
389,4.9394730012863874e-06,-1.0340505696149194e-06,0.9999963045120239,1.0340404514863621e-06,1.7095348084694706e-05,0.00015515103586949408,5,1
390,5.174380021344405e-06,-7.271678441611584e-07,0.9999974966049194,7.271648883033777e-07,9.131083061220124e-06,0.00010958053462672979,5,1
391,9.107874575420283e-06,-2.3733937268843874e-06,0.9999918937683105,2.3733123271085788e-06,4.340967643656768e-05,0.000357992947101593,5,1
392,6.609356205444783e-06,-1.9836022602248704e-06,0.999994158744812,1.9835531475109747e-06,3.579276744858362e-05,0.0003124608483631164,5,1
393,5.853941274835961e-06,-7.319817996176425e-07,0.9999956488609314,7.319741257560963e-07,1.5059917132020928e-05,0.00011295179865555838,5,1
394,5.405040610639844e-06,-7.37981963538914e-07,0.9999971389770508,7.379779276561749e-07,1.0059296073450241e-05,0.00011071932385675609,5,1
395,4.9417640184401534e-06,-4.7281119464059884e-07,0.9999967813491821,4.728097451334179e-07,5.615865120489616e-06,6.614690937567502e-05,5,1
396,9.666002370067872e-06,-1.6611774071861873e-06,0.9999984502792358,1.6611511455266736e-06,2.5882523914333433e-05,0.00025174711481668055,5,1
397,5.330758540367242e-06,-1.8963229422297445e-06,0.9999959468841553,1.8962568901770283e-06,4.307849667384289e-05,0.0003289378946647048,5,1
398,6.202477379702032e-06,-1.0567206345513114e-06,0.9999986886978149,1.0567113122306182e-06,1.4938895219529513e-05,0.00015384501602966338,5,1
399,2.79908454103861e-06,-2.2134875052870484e-06,0.9999982118606567,2.2133115180622553e-06,6.715653580613434e-05,0.0004119355871807784,5,1
400,1.2572729247040115e-05,-3.112381364189787e-06,0.9999972581863403,3.1119136565394e-06,9.984425560105592e-05,0.0005466719157993793,5,1
401,2.2223889573069755e-06,-1.6535261693206849e-06,0.9999979138374329,1.6533817870367784e-06,6.459832366090268e-05,0.00032823681249283254,5,1
402,4.267399162927177e-06,-1.379475634166738e-06,0.9999963045120239,1.3794226561003597e-06,3.757263766601682e-05,0.0002415514609310776,5,1
403,7.71028317103628e-06,-1.8021743244389654e-06,0.9999960660934448,1.802125098038232e-06,3.688341166707687e-05,0.000295935693429783,5,1
404,2.51337201007118e-06,-3.867547547997674e-06,0.9999983906745911,3.866979568556417e-06,0.00011746320524252951,0.0006793292704969645,5,1
405,1.2136073337387643e-06,-1.1281694014542154e-06,0.9999991655349731,1.128144276663079e-06,2.6002750018960796e-05,0.00018364812422078103,5,1
406,2.3835257252358133e-06,-6.783018307032762e-06,0.9999988079071045,6.781973752367776e-06,0.00014764032675884664,0.0010538906790316105,5,1
407,3.2009593269322067e-06,-3.74963224203384e-06,0.9999992847442627,3.7492854971787892e-06,9.045644401339814e-05,0.0006197430775500834,5,1
408,4.613699275068939e-06,-1.7768220459402073e-06,0.999998152256012,1.7767979443306103e-06,2.5815286790020764e-05,0.00027090986259281635,5,1
409,4.095459644304356e-06,-2.8726913114951458e-06,0.9999991059303284,2.8724280127789825e-06,7.99201152403839e-05,0.0005134790553711355,5,1
410,4.787401849171147e-06,-1.2822899861930637e-06,0.9999970197677612,1.2822766848330502e-06,1.890231214929372e-05,0.00019270832126494497,5,1
411,2.8435088097467087e-06,-4.796275788976345e-06,0.9999992847442627,4.795849235961214e-06,0.00010767654748633504,0.0008210912346839905,5,1
412,4.547555818135152e-06,-1.2331563539191848e-06,0.9999982118606567,1.233143166246009e-06,1.8052664017886855e-05,0.0001825392246246338,5,1
413,4.8087072173075285e-06,-1.3877477158530382e-06,0.9999984502792358,1.387732709190459e-06,2.03321069420781e-05,0.00021105699124746025,5,1
414,6.382558240147773e-06,-1.1000330459864927e-06,0.9999991059303284,1.1000021231666324e-06,2.8347320039756596e-05,0.00018642772920429707,5,1
415,4.491545041673817e-06,-3.6660212572314776e-06,0.999997615814209,3.665595158963697e-06,0.0001045028111548163,0.0006322972476482391,5,1
416,4.374403488327516e-06,-1.4616721273341682e-06,0.999998152256012,1.461646434108843e-06,2.5909950636560097e-05,0.00022970896679908037,5,1
417,5.31490604771534e-06,-7.797636499162763e-06,0.9999979734420776,7.79525998950703e-06,0.00024835733347572386,0.001619120012037456,5,1
418,7.306012321350863e-06,-1.177193325929693e-06,0.9999976754188538,1.177174112854118e-06,2.404245788056869e-05,0.00019412243273109198,5,1
419,1.1547554095159285e-05,-1.8253549569635652e-06,0.999994158744812,1.8253347207064508e-06,2.3317759769270197e-05,0.00028493552235886455,5,1
420,7.947846825118177e-06,-9.283278814109508e-06,0.9999984502792358,9.280097401642706e-06,0.00028870117967016995,0.0016651517944410443,5,1
421,8.939898179960437e-06,-1.004343857857748e-06,0.9999959468841553,1.0043376050816732e-06,1.3304119420354255e-05,0.000153468587086536,5,1
422,6.300894710875582e-06,-7.541776767538977e-07,0.9999967813491821,7.541706281699589e-07,1.380995581712341e-05,0.00011772804282372817,5,1
423,5.1995943977090064e-06,-2.4477634724462405e-05,0.9999979734420776,2.4451990611851215e-05,0.000893999997060746,0.00510661955922842,5,1
424,1.3818566003465094e-05,-1.0970479706884362e-06,0.9999930262565613,1.0970397852361202e-06,1.5398129107779823e-05,0.00016593182226642966,5,1
425,1.53665168909356e-05,-2.233301529486198e-06,0.9999977946281433,2.233189206890529e-06,5.2679395594168454e-05,0.00036199422902427614,5,1
426,1.0869782272493467e-05,-2.0169841263850685e-06,0.9999961853027344,2.016923417613725e-06,3.9706465031486005e-05,0.00033410859759896994,5,1
427,4.856942723563407e-06,-9.335386152997671e-07,0.9999979734420776,9.335337267657451e-07,1.2106138456147164e-05,0.00014289343380369246,5,1
428,0.0001374322164338082,-1.7364018845000828e-07,0.999992847442627,1.7363996107633284e-07,2.6296513624401996e-06,2.688284257601481e-05,5,1
429,8.528077160008252e-06,-1.9894985598511994e-05,0.999998927116394,1.9884479115717113e-05,0.0004673222138080746,0.0033428699243813753,5,1
430,3.863141955662286e-06,-1.7371042986269458e-06,0.9999977350234985,1.7370509795000544e-06,3.469981675152667e-05,0.0002586044720374048,5,1
431,6.948163354536518e-05,-1.1101976724603446e-06,0.9999330043792725,1.1101743666586117e-06,2.460493124090135e-05,0.0001863372599473223,5,1
432,7.379698672593804e-06,-3.3570795494597405e-06,0.9999992847442627,3.356969045853475e-06,5.508209142135456e-05,0.0005260044708848,5,1
433,6.459948508563684e-06,-1.3549459936257335e-06,0.9999992251396179,1.3549349660024745e-06,1.7987282262765802e-05,0.00020046289137098938,5,1
434,3.563791324268095e-06,-1.9042255416934495e-06,0.9999973177909851,1.9041826817556284e-06,3.5303419281262904e-05,0.00029993391945026815,5,1
435,1.7039878002833575e-05,-2.7905562092200853e-06,0.9999910593032837,2.7904870876227506e-06,4.626298323273659e-05,0.0004450471606105566,5,1
436,6.796092748118099e-06,-2.500302571206703e-06,0.9999950528144836,2.500241635061684e-06,4.1120732930721715e-05,0.00038501564995385706,5,1
437,8.303204594994895e-06,-1.0213826726612751e-06,0.9999939203262329,1.0213759651378496e-06,1.409176729794126e-05,0.0001534598268335685,5,1
438,7.186635775724426e-05,-3.779123517233529e-06,0.9999994039535522,3.7789354792039376e-06,7.230687333503738e-05,0.0006231921724975109,5,1
439,2.0073977793799713e-05,-2.7122725441586226e-05,0.9999834299087524,2.7087795388069935e-05,0.00089167122496292,0.005177288316190243,5,1
440,3.665061012725346e-05,-3.3568244361958932e-06,0.999966025352478,3.356677552801557e-06,6.701942766085267e-05,0.0005220644525252283,5,1
441,4.2730075620056596e-06,-9.856610631686635e-06,0.9999983310699463,9.853193660092074e-06,0.00028982499497942626,0.001749921590089798,5,1
442,8.444786544714589e-06,-2.290272277605254e-06,0.9999926090240479,2.290209522470832e-06,4.1164064896292984e-05,0.0003591309650801122,5,1
443,1.1254724995524157e-05,-1.3876304365112446e-05,0.9999935626983643,1.3872491763322614e-05,0.0003022816963493824,0.002199743874371052,5,1
444,2.224987474619411e-05,-5.135752871865407e-06,0.9999918937683105,5.135431820235681e-06,9.132365084951743e-05,0.0007536046905443072,5,1
445,0.00011251641990384087,-3.900776391674299e-06,0.9999995827674866,3.900655428878963e-06,5.9445494116516784e-05,0.0005775696481578052,5,1
446,8.584676834288985e-06,-9.310257155448198e-06,0.9999986886978149,9.309187589678913e-06,0.00017259550804737955,0.0014875747729092836,5,1
447,0.00121688237413764,-23.355873107910156,0.9992861747741699,1.0,1.2241950035095215,43.66997146606445,5,1
448,0.32634636759757996,-0.0,0.7901272773742676,0.0,0.0,0.0,5,1
449,0.0022575417533516884,-0.0,0.997800886631012,0.0,0.0,0.0,5,1
450,0.004358425736427307,-0.0,0.9958439469337463,0.0,0.0,0.0,5,1
451,0.0062272679060697556,-0.0,0.9944982528686523,0.0,0.0,0.0,5,1
452,0.001395942410454154,-0.0,0.9986226558685303,0.0,0.0,0.0,5,1
453,0.0021134773269295692,-0.0,0.9979920387268066,0.0,0.0,0.0,5,1
454,0.0009124989155679941,-0.0,0.9990928173065186,0.0,0.0,0.0,5,1
455,0.006220343057066202,-0.0,0.9952428936958313,0.0,0.0,0.0,5,1
456,0.0009440376306883991,-0.0,0.9990620017051697,0.0,0.0,0.0,5,1
457,0.0009351563639938831,-0.0,0.9990745186805725,0.0,0.0,0.0,5,1
458,0.00054356170585379,-0.0,0.9994583129882812,0.0,0.0,0.0,5,1
459,0.00037757123936899006,-0.0,0.9996231198310852,0.0,0.0,0.0,5,1
460,0.0004089149588253349,-0.0,0.9995919466018677,0.0,0.0,0.0,5,1
461,0.0008340621134266257,-0.0,0.9991737008094788,0.0,0.0,0.0,5,1
462,0.000412175664678216,-0.0,0.9995889663696289,0.0,0.0,0.0,5,1
463,0.000318840699037537,-0.0,0.9996814727783203,0.0,0.0,0.0,5,1
464,0.0006583969225175679,-0.0,0.9993486404418945,0.0,0.0,0.0,5,1
465,0.0005003484548069537,-0.0,0.9995020627975464,0.0,0.0,0.0,5,1
466,0.00024279662466142327,-0.0,0.9997577667236328,0.0,0.0,0.0,5,1
467,0.0005409548175521195,-0.0,0.9994618892669678,0.0,0.0,0.0,5,1
468,0.0003013593377545476,-0.0,0.9996991157531738,0.0,0.0,0.0,5,1
469,0.0026646775659173727,-0.0,0.997635006904602,0.0,0.0,0.0,5,1
470,0.0003726374125108123,-0.0,0.9996288418769836,0.0,0.0,0.0,5,1
471,0.00025604007532820106,-0.0,0.9997448921203613,0.0,0.0,0.0,5,1
472,0.0003117354935966432,-0.0,0.9996895790100098,0.0,0.0,0.0,5,1
473,0.0008201404707506299,-0.0,0.9992116093635559,0.0,0.0,0.0,5,1
474,0.0002470830804668367,-0.0,0.999753475189209,0.0,0.0,0.0,5,1
475,0.00014142334111966193,-0.0,0.9998586177825928,0.0,0.0,0.0,5,1
476,0.00016346550546586514,-0.0,0.9998366236686707,0.0,0.0,0.0,5,1
477,0.0008902260451577604,-0.0,0.999147355556488,0.0,0.0,0.0,5,1
478,0.001509517547674477,-0.0,0.9986005425453186,0.0,0.0,0.0,5,1
479,0.0001503125240560621,-0.0,0.999849796295166,0.0,0.0,0.0,5,1
480,0.00017856447084341198,-0.0,0.9998216032981873,0.0,0.0,0.0,5,1
481,0.00017070361354853958,-0.0,0.9998295307159424,0.0,0.0,0.0,5,1
482,0.0003184563829563558,-0.0,0.9996823668479919,0.0,0.0,0.0,5,1
483,0.00201409705914557,-0.0,0.9981259107589722,0.0,0.0,0.0,5,1
484,0.0031804381869733334,-0.0,0.9973652362823486,0.0,0.0,0.0,5,1
485,0.00015929568326100707,-0.0,0.9998407959938049,0.0,0.0,0.0,5,1
486,4.6006753109395504e-05,-0.0,0.9999539852142334,0.0,0.0,0.0,5,1
487,8.44000605866313e-05,-0.0,0.999915599822998,0.0,0.0,0.0,5,1
488,0.00017579254927113652,-0.0,0.9998245239257812,0.0,0.0,0.0,5,1
489,0.00014479682431556284,-0.0,0.9998553991317749,0.0,0.0,0.0,5,1
490,0.0002033156924881041,-0.0,0.9997973442077637,0.0,0.0,0.0,5,1
491,0.0001601880503585562,-0.0,0.9998399615287781,0.0,0.0,0.0,5,1
492,0.0001749572838889435,-0.0,0.9998254179954529,0.0,0.0,0.0,5,1
493,0.00027811474865302444,-0.0,0.9997242093086243,0.0,0.0,0.0,5,1
494,7.705015013925731e-05,-0.0,0.9999229907989502,0.0,0.0,0.0,5,1
495,0.00046009616926312447,-0.0,0.9995434284210205,0.0,0.0,0.0,5,1
496,5.7688303058966994e-05,-0.0,0.9999423027038574,0.0,0.0,0.0,5,1
497,0.00016347644850611687,-0.0,0.9998367428779602,0.0,0.0,0.0,5,1
498,0.0013445006916299462,-0.0,0.9987186193466187,0.0,0.0,0.0,5,1
499,0.00012130249524489045,-0.0,0.9998788237571716,0.0,0.0,0.0,5,1
500,9.818402759265155e-05,-0.0,0.9999018907546997,0.0,0.0,0.0,5,1
501,0.0001099758010241203,-0.0,0.9998900890350342,0.0,0.0,0.0,5,1
502,8.79429280757904e-05,-0.0,0.9999121427536011,0.0,0.0,0.0,5,1
503,4.7164248826447874e-05,-0.0,0.9999528527259827,0.0,0.0,0.0,5,1
504,0.00013120401126798242,-0.0,0.9998688697814941,0.0,0.0,0.0,5,1
505,0.0008576919790357351,-0.0,0.9991773962974548,0.0,0.0,0.0,5,1
506,0.0009290949674323201,-0.0,0.9991106390953064,0.0,0.0,0.0,5,1
507,0.00010139727964997292,-0.0,0.9998986721038818,0.0,0.0,0.0,5,1
508,0.0001707494375295937,-0.0,0.9998300075531006,0.0,0.0,0.0,5,1
509,5.6933633459266275e-05,-0.0,0.9999431371688843,0.0,0.0,0.0,5,1
510,9.809862240217626e-05,-0.0,0.9999020099639893,0.0,0.0,0.0,5,1
511,0.00037207972491160035,-0.0,0.999631404876709,0.0,0.0,0.0,5,1
512,5.8257348428014666e-05,-0.0,0.9999417662620544,0.0,0.0,0.0,5,1
513,0.00019283998699393123,-0.0,0.9998078346252441,0.0,0.0,0.0,5,1
514,0.0001350316742900759,-0.0,0.9998650550842285,0.0,0.0,0.0,5,1
515,4.6850185754010454e-05,-0.0,0.9999532103538513,0.0,0.0,0.0,5,1
516,3.600110358092934e-05,-0.0,0.9999639987945557,0.0,0.0,0.0,5,1
517,0.0005248552188277245,-0.0,0.9994866251945496,0.0,0.0,0.0,5,1
518,4.342367174103856e-05,-0.0,0.9999566078186035,0.0,0.0,0.0,5,1
519,8.179603901226074e-05,-0.0,0.9999182820320129,0.0,0.0,0.0,5,1
520,4.77605099149514e-05,-0.0,0.9999522566795349,0.0,0.0,0.0,5,1
521,8.3077626186423e-05,-0.0,0.9999169707298279,0.0,0.0,0.0,5,1
522,7.984382682479918e-05,-0.0,0.9999201893806458,0.0,0.0,0.0,5,1
523,0.00019460113253444433,-0.0,0.99980628490448,0.0,0.0,0.0,5,1
524,4.07619409088511e-05,-0.0,0.9999592304229736,0.0,0.0,0.0,5,1
525,0.0001258622360182926,-0.0,0.9998743534088135,0.0,0.0,0.0,5,1
526,2.9168972105253488e-05,-0.0,0.9999708533287048,0.0,0.0,0.0,5,1
527,8.606677147326991e-05,-0.0,0.9999140501022339,0.0,0.0,0.0,5,1
528,0.00010112058953382075,-0.0,0.9998990297317505,0.0,0.0,0.0,5,1
529,6.605309317819774e-05,-0.0,0.9999339580535889,0.0,0.0,0.0,5,1
530,0.00014433288015425205,-0.0,0.9998559951782227,0.0,0.0,0.0,5,1
531,3.7164296372793615e-05,-0.0,0.9999628663063049,0.0,0.0,0.0,5,1
532,2.6210889700450934e-05,-0.0,0.9999738335609436,0.0,0.0,0.0,5,1
533,0.000147794300573878,-0.0,0.99985271692276,0.0,0.0,0.0,5,1
534,0.00021285400725901127,-0.0,0.9997880458831787,0.0,0.0,0.0,5,1
535,5.978539775242098e-05,-0.0,0.9999402761459351,0.0,0.0,0.0,5,1
536,5.599899304797873e-05,-0.0,0.9999440312385559,0.0,0.0,0.0,5,1
537,6.810567720094696e-05,-0.0,0.9999319314956665,0.0,0.0,0.0,5,1
538,8.113820513244718e-05,-0.0,0.999919056892395,0.0,0.0,0.0,5,1
539,0.000108091022411827,-0.0,0.999891996383667,0.0,0.0,0.0,5,1
540,0.00023131794296205044,-0.0,0.9997706413269043,0.0,0.0,0.0,5,1
541,8.203167817555368e-05,-0.0,0.9999179840087891,0.0,0.0,0.0,5,1
542,8.661634637974203e-05,-0.0,0.9999134540557861,0.0,0.0,0.0,5,1
543,4.957136115990579e-05,-0.0,0.9999505281448364,0.0,0.0,0.0,5,1
544,2.8433772968128324e-05,-0.0,0.9999715685844421,0.0,0.0,0.0,5,1
545,9.934463741956279e-05,-0.0,0.999900758266449,0.0,0.0,0.0,5,1
546,7.251478382386267e-05,-0.0,0.9999275803565979,0.0,0.0,0.0,5,1
547,2.5908522729878314e-05,-0.0,0.9999741315841675,0.0,0.0,0.0,5,1
548,0.00011307134991511703,-0.0,0.9998871684074402,0.0,0.0,0.0,5,1
549,5.11198777530808e-05,-0.0,0.9999488592147827,0.0,0.0,0.0,5,1
550,6.695229967590421e-05,-0.0,0.9999330639839172,0.0,0.0,0.0,5,1
551,6.874081736896187e-05,-0.0,0.999931275844574,0.0,0.0,0.0,5,1
552,0.00016740313731133938,-0.0,0.9998335838317871,0.0,0.0,0.0,5,1
553,3.322742122691125e-05,-0.0,0.9999667406082153,0.0,0.0,0.0,5,1
554,8.434946357738227e-05,-0.0,0.9999157786369324,0.0,0.0,0.0,5,1
555,5.541324208024889e-05,-0.0,0.9999445676803589,0.0,0.0,0.0,5,1
556,9.218061313731596e-05,-0.0,0.999907910823822,0.0,0.0,0.0,5,1
557,2.9503851692425087e-05,-0.0,0.9999704957008362,0.0,0.0,0.0,5,1
558,6.347546150209382e-05,-0.0,0.999936580657959,0.0,0.0,0.0,5,1
559,4.9195248720934615e-05,-0.0,0.9999508261680603,0.0,0.0,0.0,5,1
560,7.218375685624778e-05,-0.0,0.9999278783798218,0.0,0.0,0.0,5,1
561,5.7178898714482784e-05,-0.0,0.9999428391456604,0.0,0.0,0.0,5,1
562,9.468672215007246e-05,-0.0,0.9999055862426758,0.0,0.0,0.0,5,1
563,1.3998153008287773e-05,-0.0,0.9999859929084778,0.0,0.0,0.0,5,1
564,4.0868628275347874e-05,-0.0,0.9999591708183289,0.0,0.0,0.0,5,1
565,0.00010689853661460802,-0.0,0.9998933672904968,0.0,0.0,0.0,5,1
566,4.080822691321373e-05,-0.0,0.9999592304229736,0.0,0.0,0.0,5,1
567,3.5304496122989804e-05,-0.0,0.999964714050293,0.0,0.0,0.0,5,1
568,5.595939728664234e-05,-0.0,0.9999440908432007,0.0,0.0,0.0,5,1
569,6.639850471401587e-05,-0.0,0.9999336004257202,0.0,0.0,0.0,5,1
570,4.2521704017417505e-05,-0.0,0.9999575018882751,0.0,0.0,0.0,5,1
571,4.3859319703187793e-05,-0.0,0.9999561309814453,0.0,0.0,0.0,5,1
572,2.173005123040639e-05,-0.0,0.999978244304657,0.0,0.0,0.0,5,1
573,6.135303556220606e-05,-0.0,0.9999386668205261,0.0,0.0,0.0,5,1
574,0.00021588182426057756,-0.0,0.9997864961624146,0.0,0.0,0.0,5,1
575,3.637978443293832e-05,-0.0,0.999963641166687,0.0,0.0,0.0,5,1
576,4.5518361730501056e-05,-0.0,0.9999545216560364,0.0,0.0,0.0,5,1
577,6.316169310593978e-05,-0.0,0.9999369382858276,0.0,0.0,0.0,5,1
578,7.466724491678178e-05,-0.0,0.999925434589386,0.0,0.0,0.0,5,1
579,5.2005008910782635e-05,-0.0,0.9999480247497559,0.0,0.0,0.0,5,1
580,2.775366920104716e-05,-0.0,0.9999722838401794,0.0,0.0,0.0,5,1
581,1.8525819541537203e-05,-0.0,0.9999815225601196,0.0,0.0,0.0,5,1
582,0.000632203184068203,-0.0,0.9993909597396851,0.0,0.0,0.0,5,1
583,0.0002622616302687675,-0.0,0.9997411966323853,0.0,0.0,0.0,5,1
584,8.939644612837583e-05,-0.0,0.999910831451416,0.0,0.0,0.0,5,1
585,5.2606181270675734e-05,-0.0,0.9999474883079529,0.0,0.0,0.0,5,1
586,1.8296486814506352e-05,-0.0,0.999981701374054,0.0,0.0,0.0,5,1
587,6.266587297432125e-05,-0.0,0.9999373555183411,0.0,0.0,0.0,5,1
588,4.0243463445222005e-05,-0.0,0.9999597072601318,0.0,0.0,0.0,5,1
589,2.8051344997948036e-05,-0.0,0.9999719858169556,0.0,0.0,0.0,5,1
590,2.9659291612915695e-05,-0.0,0.9999703168869019,0.0,0.0,0.0,5,1
591,3.5103075788356364e-05,-0.0,0.9999649524688721,0.0,0.0,0.0,5,1
592,2.651485920068808e-05,-0.0,0.9999735355377197,0.0,0.0,0.0,5,1
593,1.6656484149280004e-05,-0.0,0.9999833106994629,0.0,0.0,0.0,5,1
594,2.4711014702916145e-05,-0.0,0.999975323677063,0.0,0.0,0.0,5,1
595,3.97453477489762e-05,-0.0,0.9999603033065796,0.0,0.0,0.0,5,1
596,4.827752854907885e-05,-0.0,0.9999517798423767,0.0,0.0,0.0,5,1
597,4.801232716999948e-05,-0.0,0.999951958656311,0.0,0.0,0.0,5,1
598,1.3058875993010588e-05,-0.0,0.9999868869781494,0.0,0.0,0.0,5,1
599,4.2442174162715673e-05,-0.0,0.9999575614929199,0.0,0.0,0.0,5,1
600,2.1529027435462922e-05,-0.0,0.9999784231185913,0.0,0.0,0.0,5,1
601,3.854721944662742e-05,-0.0,0.9999614953994751,0.0,0.0,0.0,5,1
602,0.00026154943043366075,-0.0,0.9997420310974121,0.0,0.0,0.0,5,1
603,5.135247192811221e-05,-0.0,0.9999486804008484,0.0,0.0,0.0,5,1
604,0.00016088092525023967,-0.0,0.9998400211334229,0.0,0.0,0.0,5,1
605,3.283159094280563e-05,-0.0,0.9999672174453735,0.0,0.0,0.0,5,1
606,4.030171112390235e-05,-0.0,0.9999597072601318,0.0,0.0,0.0,5,1
607,2.583200330263935e-05,-0.0,0.9999741911888123,0.0,0.0,0.0,5,1
608,1.0549669241299853e-05,-0.0,0.9999894499778748,0.0,0.0,0.0,5,1
609,3.3235628507100046e-05,-0.0,0.9999668002128601,0.0,0.0,0.0,5,1
610,2.353402305743657e-05,-0.0,0.9999764561653137,0.0,0.0,0.0,5,1
611,2.660089376149699e-05,-0.0,0.9999734163284302,0.0,0.0,0.0,5,1
612,3.251002635806799e-05,-0.0,0.9999675154685974,0.0,0.0,0.0,5,1
613,2.661833423189819e-05,-0.0,0.9999734163284302,0.0,0.0,0.0,5,1
614,2.2198495571501553e-05,-0.0,0.9999778270721436,0.0,0.0,0.0,5,1
615,3.2458970963489264e-05,-0.0,0.9999675750732422,0.0,0.0,0.0,5,1
616,0.0006044082692824304,-0.0,0.9994161128997803,0.0,0.0,0.0,5,1
617,2.911585761466995e-05,-0.0,0.9999709129333496,0.0,0.0,0.0,5,1
618,5.7443387049715966e-05,-0.0,0.9999426603317261,0.0,0.0,0.0,5,1
619,1.6354399122064933e-05,-0.0,0.9999836683273315,0.0,0.0,0.0,5,1
620,2.8367458071443252e-05,-0.0,0.9999716281890869,0.0,0.0,0.0,5,1
621,4.332361277192831e-05,-0.0,0.9999567270278931,0.0,0.0,0.0,5,1
622,3.533985000103712e-05,-0.0,0.999964714050293,0.0,0.0,0.0,5,1
623,2.702715210034512e-05,-0.0,0.999972939491272,0.0,0.0,0.0,5,1
624,3.615280002122745e-05,-0.0,0.9999638795852661,0.0,0.0,0.0,5,1
625,6.334242061711848e-05,-0.0,0.9999366998672485,0.0,0.0,0.0,5,1
626,1.182168853119947e-05,-0.0,0.9999881982803345,0.0,0.0,0.0,5,1
627,1.5590600014547817e-05,-0.0,0.9999843835830688,0.0,0.0,0.0,5,1
628,2.3246921045938507e-05,-0.0,0.9999767541885376,0.0,0.0,0.0,5,1
629,0.00011952911881962791,-0.0,0.9998811483383179,0.0,0.0,0.0,5,1
630,5.5072341638151556e-05,-0.0,0.9999449849128723,0.0,0.0,0.0,5,1
631,1.2365419024717994e-05,-0.0,0.9999876022338867,0.0,0.0,0.0,5,1
632,2.8744889277732e-05,-0.0,0.9999712705612183,0.0,0.0,0.0,5,1
633,1.8266520783072338e-05,-0.0,0.9999817609786987,0.0,0.0,0.0,5,1
634,2.752953878371045e-05,-0.0,0.9999724626541138,0.0,0.0,0.0,5,1
635,4.036888276459649e-05,-0.0,0.9999597072601318,0.0,0.0,0.0,5,1
636,2.0078019588254392e-05,-0.0,0.9999799132347107,0.0,0.0,0.0,5,1
637,1.8831746274372563e-05,-0.0,0.999981164932251,0.0,0.0,0.0,5,1
638,2.4267781554954126e-05,-0.0,0.9999758005142212,0.0,0.0,0.0,5,1
639,1.549357511976268e-05,-0.0,0.9999845027923584,0.0,0.0,0.0,5,1
640,2.749923078226857e-05,-0.0,0.9999724626541138,0.0,0.0,0.0,5,1
641,2.842108551703859e-05,-0.0,0.9999716281890869,0.0,0.0,0.0,5,1
642,3.2085565180750564e-05,-0.0,0.9999679327011108,0.0,0.0,0.0,5,1
643,5.766365575254895e-05,-0.0,0.999942421913147,0.0,0.0,0.0,5,1
644,4.2164661863353103e-05,-0.0,0.999957799911499,0.0,0.0,0.0,5,1
645,9.459540160605684e-05,-0.0,0.9999057054519653,0.0,0.0,0.0,5,1
646,1.6575027984799817e-05,-0.0,0.9999834299087524,0.0,0.0,0.0,5,1
647,4.647897731047124e-05,-0.0,0.99995356798172,0.0,0.0,0.0,5,1
648,1.8116776118404232e-05,-0.0,0.9999818801879883,0.0,0.0,0.0,5,1
649,1.825830440793652e-05,-0.0,0.9999817609786987,0.0,0.0,0.0,5,1
650,3.076998109463602e-05,-0.0,0.9999692440032959,0.0,0.0,0.0,5,1
651,3.0201061235857196e-05,-0.0,0.9999698400497437,0.0,0.0,0.0,5,1
652,1.451230127713643e-05,-0.0,0.9999855160713196,0.0,0.0,0.0,5,1
653,2.989093445648905e-05,-0.0,0.9999700784683228,0.0,0.0,0.0,5,1
654,1.6166977729881182e-05,-0.0,0.9999838471412659,0.0,0.0,0.0,5,1
655,2.6889436412602663e-05,-0.0,0.9999731779098511,0.0,0.0,0.0,5,1
656,3.729052696144208e-05,-0.0,0.9999626874923706,0.0,0.0,0.0,5,1
657,2.5709849069244228e-05,-0.0,0.9999743103981018,0.0,0.0,0.0,5,1
658,1.7800888599595055e-05,-0.0,0.9999822378158569,0.0,0.0,0.0,5,1
659,3.451334123383276e-05,-0.0,0.999965488910675,0.0,0.0,0.0,5,1
660,1.4904386262060143e-05,-0.0,0.9999850988388062,0.0,0.0,0.0,5,1
661,1.7019647202687338e-05,-0.0,0.9999829530715942,0.0,0.0,0.0,5,1
662,2.5768758860067464e-05,-0.0,0.999974250793457,0.0,0.0,0.0,5,1
663,3.817525794147514e-05,-0.0,0.9999618530273438,0.0,0.0,0.0,5,1
664,1.5976474969647825e-05,-0.0,0.9999840259552002,0.0,0.0,0.0,5,1
665,4.526966222329065e-05,-0.0,0.9999547600746155,0.0,0.0,0.0,5,1
666,3.331132757011801e-05,-0.0,0.9999666810035706,0.0,0.0,0.0,5,1
667,1.0044266673503444e-05,-0.0,0.9999899864196777,0.0,0.0,0.0,5,1
668,1.4503355487249792e-05,-0.0,0.9999855160713196,0.0,0.0,0.0,5,1
669,5.2985178626840934e-05,-0.0,0.9999470710754395,0.0,0.0,0.0,5,1
670,1.9355647964403033e-05,-0.0,0.9999806880950928,0.0,0.0,0.0,5,1
671,0.00017475969798397273,-0.0,0.9998269081115723,0.0,0.0,0.0,5,1
672,4.0758561226539314e-05,-0.0,0.9999592304229736,0.0,0.0,0.0,5,1
673,2.715332266234327e-05,-0.0,0.9999728202819824,0.0,0.0,0.0,5,1
674,4.5426135329762474e-05,-0.0,0.9999546408653259,0.0,0.0,0.0,5,1
675,5.840697849635035e-05,-0.0,0.9999416470527649,0.0,0.0,0.0,5,1
676,3.1490148103330284e-05,-0.0,0.9999685287475586,0.0,0.0,0.0,5,1
677,4.548680954030715e-05,-0.0,0.9999545812606812,0.0,0.0,0.0,5,1
678,1.4574674423784018e-05,-0.0,0.99998539686203,0.0,0.0,0.0,5,1
679,2.2349635401042178e-05,-0.0,0.9999776482582092,0.0,0.0,0.0,5,1
680,1.2237649571034126e-05,-0.0,0.9999877214431763,0.0,0.0,0.0,5,1
681,9.723124094307423e-06,-0.0,0.9999903440475464,0.0,0.0,0.0,5,1
682,6.001489509799285e-06,-0.0,0.9999939799308777,0.0,0.0,0.0,5,1
683,2.9629078198922798e-05,-0.0,0.9999703764915466,0.0,0.0,0.0,5,1
684,1.1782333785959054e-05,-0.0,0.9999881982803345,0.0,0.0,0.0,5,1
685,2.073148607451003e-05,-0.0,0.9999792575836182,0.0,0.0,0.0,5,1
686,7.742471643723547e-05,-0.0,0.9999227523803711,0.0,0.0,0.0,5,1
687,3.32766940118745e-05,-0.0,0.9999667406082153,0.0,0.0,0.0,5,1
688,3.5938224755227566e-05,-0.0,0.9999641180038452,0.0,0.0,0.0,5,1
689,2.3058175429468974e-05,-0.0,0.9999769926071167,0.0,0.0,0.0,5,1
690,1.3998540453030728e-05,-0.0,0.9999859929084778,0.0,0.0,0.0,5,1
691,8.088928552751895e-06,-0.0,0.9999918937683105,0.0,0.0,0.0,5,1
692,2.8341984943835996e-05,-0.0,0.9999716877937317,0.0,0.0,0.0,5,1
693,4.525230178842321e-05,-0.0,0.9999548196792603,0.0,0.0,0.0,5,1
694,2.368303648836445e-05,-0.0,0.9999763369560242,0.0,0.0,0.0,5,1
695,2.76844875770621e-05,-0.0,0.9999723434448242,0.0,0.0,0.0,5,1
696,1.278303170693107e-05,-0.0,0.9999872446060181,0.0,0.0,0.0,5,1
697,2.7764473998104222e-05,-0.0,0.9999722838401794,0.0,0.0,0.0,5,1
698,9.058137948159128e-06,-0.0,0.9999909400939941,0.0,0.0,0.0,5,1
699,0.0002963023725897074,-0.0,0.9997077584266663,0.0,0.0,0.0,5,1
700,1.997284016397316e-05,-0.0,0.9999800324440002,0.0,0.0,0.0,5,1
701,5.974815212539397e-05,-0.0,0.9999403953552246,0.0,0.0,0.0,5,1
702,3.444789399509318e-05,-0.0,0.9999655485153198,0.0,0.0,0.0,5,1
703,0.0003120242909062654,-0.0,0.9996935129165649,0.0,0.0,0.0,5,1
704,0.0001474811288062483,-0.0,0.9998536109924316,0.0,0.0,0.0,5,1
705,8.728813554625958e-06,-0.0,0.9999912977218628,0.0,0.0,0.0,5,1
706,7.1638705776422285e-06,-0.0,0.999992847442627,0.0,0.0,0.0,5,1
707,0.0001250594505108893,-0.0,0.999875545501709,0.0,0.0,0.0,5,1
708,2.0579906049533747e-05,-0.0,0.9999794960021973,0.0,0.0,0.0,5,1
709,2.1605874280794524e-05,-0.0,0.9999783635139465,0.0,0.0,0.0,5,1
710,1.162196076620603e-05,-0.0,0.9999883770942688,0.0,0.0,0.0,5,1
711,1.4025795280758757e-05,-0.0,0.9999859929084778,0.0,0.0,0.0,5,1
712,1.73552252817899e-05,-0.0,0.9999825954437256,0.0,0.0,0.0,5,1
713,4.83593757962808e-05,-0.0,0.9999517202377319,0.0,0.0,0.0,5,1
714,1.3560115803556982e-05,-0.0,0.9999864101409912,0.0,0.0,0.0,5,1
715,1.0441700396768283e-05,-0.0,0.9999895691871643,0.0,0.0,0.0,5,1
716,9.311976100434549e-06,-0.0,0.999990701675415,0.0,0.0,0.0,5,1
717,5.268997938401299e-06,-0.0,0.9999947547912598,0.0,0.0,0.0,5,1
718,2.6137711756746285e-05,-0.0,0.9999738931655884,0.0,0.0,0.0,5,1
719,2.1051942894700915e-05,-0.0,0.9999789595603943,0.0,0.0,0.0,5,1
720,1.0704648957471363e-05,-0.0,0.9999892711639404,0.0,0.0,0.0,5,1
721,1.8014052329817787e-05,-0.0,0.9999819993972778,0.0,0.0,0.0,5,1
722,2.587279595900327e-05,-0.0,0.9999741315841675,0.0,0.0,0.0,5,1
723,0.0001241389982169494,-0.0,0.9998764991760254,0.0,0.0,0.0,5,1
724,5.9135032643098384e-05,-0.0,0.9999409317970276,0.0,0.0,0.0,5,1
725,1.4207989806891419e-05,-0.0,0.9999858140945435,0.0,0.0,0.0,5,1
726,2.1994634153088555e-05,-0.0,0.9999780654907227,0.0,0.0,0.0,5,1
727,1.018617331283167e-05,-0.0,0.9999898672103882,0.0,0.0,0.0,5,1
728,1.535324008727912e-05,-0.0,0.999984622001648,0.0,0.0,0.0,5,1
729,9.22266008274164e-06,-0.0,0.9999908208847046,0.0,0.0,0.0,5,1
730,1.423815956513863e-05,-0.0,0.9999857544898987,0.0,0.0,0.0,5,1
731,6.784047582186759e-05,-0.0,0.9999322891235352,0.0,0.0,0.0,5,1
732,1.3689395018445794e-05,-0.0,0.9999862909317017,0.0,0.0,0.0,5,1
733,3.3627686207182705e-05,-0.0,0.9999663829803467,0.0,0.0,0.0,5,1
734,2.5063889552257024e-05,-0.0,0.9999749660491943,0.0,0.0,0.0,5,1
735,6.858366759843193e-06,-0.0,0.9999931454658508,0.0,0.0,0.0,5,1
736,2.237612716271542e-05,-0.0,0.9999776482582092,0.0,0.0,0.0,5,1
737,1.9363820683793165e-05,-0.0,0.999980628490448,0.0,0.0,0.0,5,1
738,1.6922602299018763e-05,-0.0,0.9999830722808838,0.0,0.0,0.0,5,1
739,1.1819188330264296e-05,-0.0,0.9999881982803345,0.0,0.0,0.0,5,1
740,1.4150336028251331e-05,-0.0,0.9999858140945435,0.0,0.0,0.0,5,1
741,1.0918314728769474e-05,-0.0,0.9999891519546509,0.0,0.0,0.0,5,1
742,1.2736499229504261e-05,-0.0,0.9999872446060181,0.0,0.0,0.0,5,1
743,1.5111783795873635e-05,-0.0,0.999984860420227,0.0,0.0,0.0,5,1
744,9.783983114175498e-05,-0.0,0.9999026656150818,0.0,0.0,0.0,5,1
745,8.1980952018057e-06,-0.0,0.9999918341636658,0.0,0.0,0.0,5,1
746,1.2471577974793036e-05,-0.0,0.9999875426292419,0.0,0.0,0.0,5,1
747,9.885583494906314e-06,-0.0,0.9999901056289673,0.0,0.0,0.0,5,1
748,2.989053973578848e-05,-0.0,0.9999701380729675,0.0,0.0,0.0,5,1
749,9.209607014781795e-06,-0.0,0.9999908208847046,0.0,0.0,0.0,5,1
750,1.9078755940427072e-05,-0.0,0.9999809265136719,0.0,0.0,0.0,5,1
751,7.873394679336343e-06,-0.0,0.9999921321868896,0.0,0.0,0.0,5,1
752,1.2415733181114774e-05,-0.0,0.9999876022338867,0.0,0.0,0.0,5,1
753,8.034459824557416e-06,-0.0,0.9999919533729553,0.0,0.0,0.0,5,1
754,0.00012002405856037512,-0.0,0.9998804330825806,0.0,0.0,0.0,5,1
755,1.811924812500365e-05,-0.0,0.9999818801879883,0.0,0.0,0.0,5,1
756,1.0006300726672634e-05,-0.0,0.9999899864196777,0.0,0.0,0.0,5,1
757,2.884012610593345e-05,-0.0,0.9999711513519287,0.0,0.0,0.0,5,1
758,1.6881498595466837e-05,-0.0,0.9999831318855286,0.0,0.0,0.0,5,1
759,4.31730950367637e-05,-0.0,0.9999568462371826,0.0,0.0,0.0,5,1
760,7.760219887131825e-06,-0.0,0.9999922513961792,0.0,0.0,0.0,5,1
761,8.807266567600891e-05,-0.0,0.9999121427536011,0.0,0.0,0.0,5,1
762,1.4365025890583638e-05,-0.0,0.9999856948852539,0.0,0.0,0.0,5,1
763,5.1664177590282634e-05,-0.0,0.9999485015869141,0.0,0.0,0.0,5,1
764,6.841817139502382e-06,-0.0,0.9999931454658508,0.0,0.0,0.0,5,1
765,1.2648351003008429e-05,-0.0,0.9999873638153076,0.0,0.0,0.0,5,1
766,9.071745807887055e-06,-0.0,0.9999909400939941,0.0,0.0,0.0,5,1
767,2.3976170268724672e-05,-0.0,0.9999760389328003,0.0,0.0,0.0,5,1
768,3.316762376925908e-05,-0.0,0.9999668598175049,0.0,0.0,0.0,5,1
769,9.35846401262097e-06,-0.0,0.9999906420707703,0.0,0.0,0.0,5,1
770,5.724635684600798e-06,-0.0,0.9999942779541016,0.0,0.0,0.0,5,1
771,1.736880949465558e-05,-0.0,0.9999826550483704,0.0,0.0,0.0,5,1
772,1.0563776413619053e-05,-0.0,0.9999894499778748,0.0,0.0,0.0,5,1
773,1.7079833924071863e-05,-0.0,0.9999829530715942,0.0,0.0,0.0,5,1
774,1.4964278307161294e-05,-0.0,0.9999850392341614,0.0,0.0,0.0,5,1
775,1.1634085240075365e-05,-0.0,0.9999883770942688,0.0,0.0,0.0,5,1
776,1.2837192116421647e-05,-0.0,0.9999871850013733,0.0,0.0,0.0,5,1
777,2.1588011804851703e-05,-0.0,0.9999784231185913,0.0,0.0,0.0,5,1
778,2.055687400570605e-05,-0.0,0.9999794363975525,0.0,0.0,0.0,5,1
779,2.8341888537397608e-05,-0.0,0.9999716281890869,0.0,0.0,0.0,5,1
780,9.807008609641343e-06,-0.0,0.9999901652336121,0.0,0.0,0.0,5,1
781,9.259996659238823e-06,-0.0,0.9999907612800598,0.0,0.0,0.0,5,1
782,8.721965059521608e-06,-0.0,0.9999912977218628,0.0,0.0,0.0,5,1
783,1.0788846338982694e-05,-0.0,0.9999892711639404,0.0,0.0,0.0,5,1
784,5.147314368514344e-06,-0.0,0.9999948740005493,0.0,0.0,0.0,5,1
785,8.699647878529504e-06,-0.0,0.9999912977218628,0.0,0.0,0.0,5,1
786,1.2318456356297247e-05,-0.0,0.9999877214431763,0.0,0.0,0.0,5,1
787,6.4271507653757e-06,-0.0,0.9999935626983643,0.0,0.0,0.0,5,1
788,6.563720944541274e-06,-0.0,0.9999934434890747,0.0,0.0,0.0,5,1
789,1.2039072316838428e-05,-0.0,0.9999879598617554,0.0,0.0,0.0,5,1
790,7.450127668562345e-06,-0.0,0.9999925494194031,0.0,0.0,0.0,5,1
791,2.0615254470612854e-05,-0.0,0.9999793767929077,0.0,0.0,0.0,5,1
792,1.6161777239176445e-05,-0.0,0.9999839067459106,0.0,0.0,0.0,5,1
793,8.494189387420192e-06,-0.0,0.9999914765357971,0.0,0.0,0.0,5,1
794,1.0771827874123119e-05,-0.0,0.9999892115592957,0.0,0.0,0.0,5,1
795,3.284899139543995e-05,-0.0,0.9999672174453735,0.0,0.0,0.0,5,1
796,1.200713450089097e-05,-0.0,0.9999880194664001,0.0,0.0,0.0,5,1
797,1.0366808965045493e-05,-0.0,0.9999896287918091,0.0,0.0,0.0,5,1
798,2.714402216952294e-05,-0.0,0.9999728202819824,0.0,0.0,0.0,5,1
799,7.380427632597275e-06,-0.0,0.9999926090240479,0.0,0.0,0.0,5,1
800,1.124629852711223e-05,-0.0,0.9999887943267822,0.0,0.0,0.0,5,1
801,1.0150937669095583e-05,-0.0,0.9999898672103882,0.0,0.0,0.0,5,1
802,5.757404323958326e-06,-0.0,0.9999942183494568,0.0,0.0,0.0,5,1
803,1.2614607840077952e-05,-0.0,0.9999873638153076,0.0,0.0,0.0,5,1
804,9.472119018028025e-06,-0.0,0.9999905824661255,0.0,0.0,0.0,5,1
805,8.583067028666846e-06,-0.0,0.9999914169311523,0.0,0.0,0.0,5,1
806,8.418319339398295e-06,-0.0,0.9999916553497314,0.0,0.0,0.0,5,1
807,6.367955393216107e-06,-0.0,0.9999936819076538,0.0,0.0,0.0,5,1
808,4.113722388865426e-05,-0.0,0.9999589323997498,0.0,0.0,0.0,5,1
809,8.961554158304352e-06,-0.0,0.9999910593032837,0.0,0.0,0.0,5,1
810,8.003916263987776e-06,-0.0,0.9999920129776001,0.0,0.0,0.0,5,1
811,5.802815849165199e-06,-0.0,0.9999942183494568,0.0,0.0,0.0,5,1
812,2.8103366275900044e-05,-0.0,0.9999719262123108,0.0,0.0,0.0,5,1
813,3.507035944494419e-05,-0.0,0.9999650120735168,0.0,0.0,0.0,5,1
814,2.0375073290779255e-05,-0.0,0.9999796152114868,0.0,0.0,0.0,5,1
815,1.1027488653780892e-05,-0.0,0.9999889731407166,0.0,0.0,0.0,5,1
816,7.443001777573954e-06,-0.0,0.9999925494194031,0.0,0.0,0.0,5,1
817,1.0112689778907225e-05,-0.0,0.9999898672103882,0.0,0.0,0.0,5,1
818,1.6276189853670076e-05,-0.0,0.9999837279319763,0.0,0.0,0.0,5,1
819,8.239736780524254e-05,-0.0,0.9999179244041443,0.0,0.0,0.0,5,1
820,7.61709316066117e-06,-0.0,0.9999923706054688,0.0,0.0,0.0,5,1
821,5.618363866233267e-05,-0.0,0.9999439120292664,0.0,0.0,0.0,5,1
822,8.52618359203916e-06,-0.0,0.9999914765357971,0.0,0.0,0.0,5,1
823,4.358221303846221e-06,-0.0,0.9999955892562866,0.0,0.0,0.0,5,1
824,6.7468208726495504e-06,-0.0,0.9999932050704956,0.0,0.0,0.0,5,1
825,1.0007937817135826e-05,-0.0,0.9999899864196777,0.0,0.0,0.0,5,1
826,7.965619261085521e-06,-0.0,0.9999920129776001,0.0,0.0,0.0,5,1
827,9.073906767298467e-06,-0.0,0.9999909400939941,0.0,0.0,0.0,5,1
828,5.4782922234153375e-06,-0.0,0.9999945163726807,0.0,0.0,0.0,5,1
829,1.8316521163797006e-05,-0.0,0.9999816417694092,0.0,0.0,0.0,5,1
830,2.559698623372242e-05,-0.0,0.9999744892120361,0.0,0.0,0.0,5,1
831,3.4222830436192453e-06,-0.0,0.999996542930603,0.0,0.0,0.0,5,1
832,5.990529189148219e-06,-0.0,0.9999940395355225,0.0,0.0,0.0,5,1
833,1.7052010662155226e-05,-0.0,0.9999829530715942,0.0,0.0,0.0,5,1
834,9.637860785005614e-06,-0.0,0.9999903440475464,0.0,0.0,0.0,5,1
835,1.3076654795440845e-05,-0.0,0.9999868869781494,0.0,0.0,0.0,5,1
836,6.719214525219286e-06,-0.0,0.9999932646751404,0.0,0.0,0.0,5,1
837,1.1169896424689796e-05,-0.0,0.999988853931427,0.0,0.0,0.0,5,1
838,1.25757997011533e-05,-0.0,0.9999874234199524,0.0,0.0,0.0,5,1
839,6.141135600046255e-06,-0.0,0.9999938607215881,0.0,0.0,0.0,5,1
840,9.517580110696144e-06,-0.0,0.9999904632568359,0.0,0.0,0.0,5,1
841,1.3518774721887894e-05,-0.0,0.9999865293502808,0.0,0.0,0.0,5,1
842,9.490099728282075e-06,-0.0,0.9999905228614807,0.0,0.0,0.0,5,1
843,5.2164728003845084e-06,-0.0,0.9999947547912598,0.0,0.0,0.0,5,1
844,9.022531230584718e-06,-0.0,0.9999909400939941,0.0,0.0,0.0,5,1
845,8.197781426133588e-05,-0.0,0.9999182224273682,0.0,0.0,0.0,5,1
846,1.4219000149751082e-05,-0.0,0.9999858140945435,0.0,0.0,0.0,5,1
847,1.1106050806120038e-05,-0.0,0.9999889135360718,0.0,0.0,0.0,5,1
848,9.575641342962626e-06,-0.0,0.9999904632568359,0.0,0.0,0.0,5,1
849,7.160069799283519e-06,-0.0,0.999992847442627,0.0,0.0,0.0,5,1
850,1.085467101802351e-05,-0.0,0.9999891519546509,0.0,0.0,0.0,5,1
851,4.414212526171468e-06,-0.0,0.9999955892562866,0.0,0.0,0.0,5,1
852,2.2699678083881736e-05,-0.0,0.9999773502349854,0.0,0.0,0.0,5,1
853,2.5798774004215375e-05,-0.0,0.9999741911888123,0.0,0.0,0.0,5,1
854,6.635135832766537e-06,-0.0,0.9999933838844299,0.0,0.0,0.0,5,1
855,1.0579522495390847e-05,-0.0,0.99998939037323,0.0,0.0,0.0,5,1
856,5.955699180049123e-06,-0.0,0.9999940395355225,0.0,0.0,0.0,5,1
857,5.918241640756605e-06,-0.0,0.9999940991401672,0.0,0.0,0.0,5,1
858,2.59746921074111e-05,-0.0,0.9999740719795227,0.0,0.0,0.0,5,1
859,1.159035036835121e-05,-0.0,0.9999884366989136,0.0,0.0,0.0,5,1
860,4.028279363410547e-06,-0.0,0.9999959468841553,0.0,0.0,0.0,5,1
861,3.242405000491999e-06,-0.0,0.9999967813491821,0.0,0.0,0.0,5,1
862,0.00016721978317946196,-0.0,0.9998340010643005,0.0,0.0,0.0,5,1
863,6.645957910222933e-06,-0.0,0.9999933242797852,0.0,0.0,0.0,5,1
864,1.38986979436595e-05,-0.0,0.9999861121177673,0.0,0.0,0.0,5,1
865,4.300795353628928e-06,-0.0,0.9999957084655762,0.0,0.0,0.0,5,1
866,1.2303144103498198e-05,-0.0,0.9999877214431763,0.0,0.0,0.0,5,1
867,1.6264060832327232e-05,-0.0,0.9999837875366211,0.0,0.0,0.0,5,1
868,1.4434894183068536e-05,-0.0,0.9999855756759644,0.0,0.0,0.0,5,1
869,8.646471542306244e-06,-0.0,0.9999913573265076,0.0,0.0,0.0,5,1
870,1.1500513210194185e-05,-0.0,0.9999885559082031,0.0,0.0,0.0,5,1
871,3.946787546738051e-05,-0.0,0.9999606013298035,0.0,0.0,0.0,5,1
872,5.277139280224219e-06,-0.0,0.9999947547912598,0.0,0.0,0.0,5,1
873,2.7046787636209046e-06,-0.0,0.9999972581863403,0.0,0.0,0.0,5,1
874,6.705298801534809e-06,-0.0,0.9999933242797852,0.0,0.0,0.0,5,1
875,0.00014403850946109742,-0.0,0.9998569488525391,0.0,0.0,0.0,5,1
876,3.4408471947244834e-06,-0.0,0.999996542930603,0.0,0.0,0.0,5,1
877,7.785373782098759e-06,-0.0,0.9999922513961792,0.0,0.0,0.0,5,1
878,8.731462912692223e-06,-0.0,0.9999912977218628,0.0,0.0,0.0,5,1
879,7.816853212716524e-06,-0.0,0.9999921321868896,0.0,0.0,0.0,5,1
880,8.889614400686696e-05,-0.0,0.9999113082885742,0.0,0.0,0.0,5,1
881,1.549048101878725e-05,-0.0,0.9999845623970032,0.0,0.0,0.0,5,1
882,3.835597908619093e-06,-0.0,0.9999961853027344,0.0,0.0,0.0,5,1
883,9.140178008237854e-06,-0.0,0.9999908804893494,0.0,0.0,0.0,5,1
884,5.758528004662367e-06,-0.0,0.9999942779541016,0.0,0.0,0.0,5,1
885,5.6842618505470455e-06,-0.0,0.9999942779541016,0.0,0.0,0.0,5,1
886,1.0399621714896057e-05,-0.0,0.9999896287918091,0.0,0.0,0.0,5,1
887,8.952130883699283e-06,-0.0,0.9999910593032837,0.0,0.0,0.0,5,1
888,5.222549589234404e-06,-0.0,0.9999947547912598,0.0,0.0,0.0,5,1
889,1.461510964873014e-05,-0.0,0.99998539686203,0.0,0.0,0.0,5,1
890,5.1893648560508154e-06,-0.0,0.9999947547912598,0.0,0.0,0.0,5,1
891,5.224215783528052e-06,-0.0,0.9999948143959045,0.0,0.0,0.0,5,1
892,8.307904863613658e-06,-0.0,0.9999917149543762,0.0,0.0,0.0,5,1
893,5.700121164409211e-06,-0.0,0.9999942779541016,0.0,0.0,0.0,5,1
894,3.893221219186671e-06,-0.0,0.9999960660934448,0.0,0.0,0.0,5,1
895,6.578693955816561e-06,-0.0,0.9999934434890747,0.0,0.0,0.0,5,1
896,5.450044682220323e-06,-0.0,0.9999945163726807,0.0,0.0,0.0,5,1
897,3.944168383895885e-06,-0.0,0.9999960660934448,0.0,0.0,0.0,5,1
898,7.686032404308207e-06,-0.0,0.9999923706054688,0.0,0.0,0.0,5,1
899,5.389883881434798e-06,-0.0,0.9999946355819702,0.0,0.0,0.0,5,1
900,9.635004971642047e-06,-0.0,0.9999903440475464,0.0,0.0,0.0,5,1
901,8.828246791381389e-06,-0.0,0.9999911785125732,0.0,0.0,0.0,5,1
902,5.839440746058244e-06,-0.0,0.999994158744812,0.0,0.0,0.0,5,1
903,8.256216460722499e-06,-0.0,0.999991774559021,0.0,0.0,0.0,5,1
904,5.559226337936707e-05,-0.0,0.9999445676803589,0.0,0.0,0.0,5,1
905,1.7092152120312676e-05,-0.0,0.9999829530715942,0.0,0.0,0.0,5,1
906,3.357729156050482e-06,-0.0,0.9999966621398926,0.0,0.0,0.0,5,1
907,6.297696927504148e-06,-0.0,0.9999936819076538,0.0,0.0,0.0,5,1
908,5.1988472478115e-06,-0.0,0.9999947547912598,0.0,0.0,0.0,5,1
909,5.96247946305084e-06,-0.0,0.9999940395355225,0.0,0.0,0.0,5,1
910,1.5781599358888343e-05,-0.0,0.9999842643737793,0.0,0.0,0.0,5,1
911,1.2333699487498961e-05,-0.0,0.9999877214431763,0.0,0.0,0.0,5,1
912,3.504724372760393e-05,-0.0,0.9999650120735168,0.0,0.0,0.0,5,1
913,8.904220521799289e-06,-0.0,0.9999910593032837,0.0,0.0,0.0,5,1
914,8.280490874312818e-06,-0.0,0.9999917149543762,0.0,0.0,0.0,5,1
915,6.7982609834871255e-06,-0.0,0.9999932050704956,0.0,0.0,0.0,5,1
916,5.610922471532831e-06,-0.0,0.9999943971633911,0.0,0.0,0.0,5,1
917,9.78341995505616e-06,-0.0,0.9999902248382568,0.0,0.0,0.0,5,1
918,4.3618579184112605e-06,-0.0,0.9999956488609314,0.0,0.0,0.0,5,1
919,5.985047664580634e-06,-0.0,0.9999940395355225,0.0,0.0,0.0,5,1
920,3.3791071473388e-05,-0.0,0.9999662637710571,0.0,0.0,0.0,5,1
921,2.743842742347624e-06,-0.0,0.9999972581863403,0.0,0.0,0.0,5,1
922,6.2686094679520465e-06,-0.0,0.9999937415122986,0.0,0.0,0.0,5,1
923,5.462813078338513e-06,-0.0,0.9999945759773254,0.0,0.0,0.0,5,1
924,1.6697451428626664e-05,-0.0,0.9999833106994629,0.0,0.0,0.0,5,1
925,4.26157339461497e-06,-0.0,0.9999957084655762,0.0,0.0,0.0,5,1
926,6.0919032875972334e-06,-0.0,0.9999939203262329,0.0,0.0,0.0,5,1
927,5.5998698371695355e-06,-0.0,0.9999943971633911,0.0,0.0,0.0,5,1
928,7.043874575174414e-06,-0.0,0.9999929666519165,0.0,0.0,0.0,5,1
929,2.4381927232752787e-06,-0.0,0.9999975562095642,0.0,0.0,0.0,5,1
930,3.397540922378539e-06,-0.0,0.999996542930603,0.0,0.0,0.0,5,1
931,9.847196452028584e-06,-0.0,0.9999901652336121,0.0,0.0,0.0,5,1
932,6.8677172748721205e-06,-0.0,0.999993085861206,0.0,0.0,0.0,5,1
933,6.515324002975831e-06,-0.0,0.9999935030937195,0.0,0.0,0.0,5,1
934,5.534711817745119e-06,-0.0,0.9999945163726807,0.0,0.0,0.0,5,1
935,1.778558362275362e-05,-0.0,0.9999822378158569,0.0,0.0,0.0,5,1
936,2.051821638815454e-06,-0.0,0.9999979734420776,0.0,0.0,0.0,5,1
937,8.331654498761054e-06,-0.0,0.9999916553497314,0.0,0.0,0.0,5,1
938,1.112154404836474e-05,-0.0,0.9999889135360718,0.0,0.0,0.0,5,1
939,2.26334832404973e-05,-0.0,0.9999774098396301,0.0,0.0,0.0,5,1
940,6.671004484815057e-06,-0.0,0.9999933242797852,0.0,0.0,0.0,5,1
941,8.777171387919225e-06,-0.0,0.999991238117218,0.0,0.0,0.0,5,1
942,4.903518401988549e-06,-0.0,0.9999951124191284,0.0,0.0,0.0,5,1
943,9.724632946017664e-06,-0.0,0.9999902844429016,0.0,0.0,0.0,5,1
944,4.566616098600207e-06,-0.0,0.9999954700469971,0.0,0.0,0.0,5,1
945,5.75349713471951e-06,-0.0,0.9999942779541016,0.0,0.0,0.0,5,1
946,5.209147275309078e-06,-0.0,0.9999947547912598,0.0,0.0,0.0,5,1
947,1.5971221728250384e-05,-0.0,0.9999840259552002,0.0,0.0,0.0,5,1
948,6.050234787835507e-06,-0.0,0.9999939203262329,0.0,0.0,0.0,5,1
949,2.352285991946701e-05,-0.0,0.9999765157699585,0.0,0.0,0.0,5,1
950,4.84522797705722e-06,-0.0,0.9999951124191284,0.0,0.0,0.0,5,1
951,4.9270965973846614e-06,-0.0,0.9999951124191284,0.0,0.0,0.0,5,1
952,3.6821461435465608e-06,-0.0,0.9999963045120239,0.0,0.0,0.0,5,1
953,1.6527024854440242e-05,-0.0,0.9999834895133972,0.0,0.0,0.0,5,1
954,5.978518856863957e-06,-0.0,0.9999940395355225,0.0,0.0,0.0,5,1
955,5.451795004773885e-06,-0.0,0.9999945163726807,0.0,0.0,0.0,5,1
956,7.260570328071481e-06,-0.0,0.9999927282333374,0.0,0.0,0.0,5,1
957,6.296852916420903e-06,-0.0,0.9999936819076538,0.0,0.0,0.0,5,1
958,9.529087947157677e-06,-0.0,0.9999904632568359,0.0,0.0,0.0,5,1
959,5.05971411257633e-06,-0.0,0.9999949336051941,0.0,0.0,0.0,5,1
960,3.549123903212603e-06,-0.0,0.9999964237213135,0.0,0.0,0.0,5,1
961,1.0142982318939175e-05,-0.0,0.9999898672103882,0.0,0.0,0.0,5,1
962,7.082200681907125e-06,-0.0,0.9999929666519165,0.0,0.0,0.0,5,1
963,1.3511871657101437e-05,-0.0,0.9999865293502808,0.0,0.0,0.0,5,1
964,1.184580378321698e-05,-0.0,0.9999881386756897,0.0,0.0,0.0,5,1
965,2.505022166587878e-05,-0.0,0.9999749660491943,0.0,0.0,0.0,5,1
966,3.47109903486853e-06,-0.0,0.999996542930603,0.0,0.0,0.0,5,1
967,4.267993972462136e-06,-0.0,0.9999957084655762,0.0,0.0,0.0,5,1
968,9.972272891900502e-06,-0.0,0.9999899864196777,0.0,0.0,0.0,5,1
969,1.1919708413188346e-05,-0.0,0.9999880790710449,0.0,0.0,0.0,5,1
970,8.286336196761113e-06,-0.0,0.9999917149543762,0.0,0.0,0.0,5,1
971,2.377779492235277e-05,-0.0,0.9999762773513794,0.0,0.0,0.0,5,1
972,3.88933221984189e-05,-0.0,0.9999611377716064,0.0,0.0,0.0,5,1
973,3.3831952350737993e-06,-0.0,0.9999966621398926,0.0,0.0,0.0,5,1
974,1.6290941857732832e-05,-0.0,0.9999837279319763,0.0,0.0,0.0,5,1
975,5.124358722241595e-06,-0.0,0.9999948740005493,0.0,0.0,0.0,5,1
976,5.3456842579180375e-06,-0.0,0.9999946355819702,0.0,0.0,0.0,5,1
977,7.423021997965407e-06,-0.0,0.9999926090240479,0.0,0.0,0.0,5,1
978,4.985142822988564e-06,-0.0,0.9999949932098389,0.0,0.0,0.0,5,1
979,8.58659859659383e-06,-0.0,0.9999914169311523,0.0,0.0,0.0,5,1
980,6.250591468415223e-06,-0.0,0.9999937415122986,0.0,0.0,0.0,5,1
981,7.350210580625571e-06,-0.0,0.9999926090240479,0.0,0.0,0.0,5,1
982,6.819777809141669e-06,-0.0,0.9999932050704956,0.0,0.0,0.0,5,1
983,4.295828603062546e-06,-0.0,0.9999957084655762,0.0,0.0,0.0,5,1
984,3.1540944291919004e-06,-0.0,0.9999968409538269,0.0,0.0,0.0,5,1
985,3.427952378842747e-06,-0.0,0.999996542930603,0.0,0.0,0.0,5,1
986,6.901422239025123e-06,-0.0,0.999993085861206,0.0,0.0,0.0,5,1
987,3.672883030958474e-05,-0.0,0.9999634027481079,0.0,0.0,0.0,5,1
988,2.5775896119739627e-06,-0.0,0.9999974370002747,0.0,0.0,0.0,5,1
989,8.789331332081929e-06,-0.0,0.999991238117218,0.0,0.0,0.0,5,1
990,3.9677224776824005e-06,-0.0,0.9999960660934448,0.0,0.0,0.0,5,1
991,1.0359073712606914e-05,-0.0,0.9999896287918091,0.0,0.0,0.0,5,1
992,2.554596903792117e-06,-0.0,0.9999974370002747,0.0,0.0,0.0,5,1
993,5.28895907336846e-06,-0.0,0.9999947547912598,0.0,0.0,0.0,5,1
994,2.3285116185434163e-05,-0.0,0.9999767541885376,0.0,0.0,0.0,5,1
995,7.86673990660347e-05,-0.0,0.9999216794967651,0.0,0.0,0.0,5,1
996,5.812819836137351e-06,-0.0,0.999994158744812,0.0,0.0,0.0,5,1
997,3.4185061394964578e-06,-0.0,0.9999966025352478,0.0,0.0,0.0,5,1
998,6.497200229205191e-05,-0.0,0.9999352693557739,0.0,0.0,0.0,5,1
999,2.7885757845069747e-06,-0.0,0.9999972581863403,0.0,0.0,0.0,5,1
1000,4.0097183955367655e-06,-0.0,0.9999960064888,0.0,0.0,0.0,5,1
1001,8.602699381299317e-06,-0.0,0.9999914169311523,0.0,0.0,0.0,5,1
1002,1.6569592844462022e-05,-0.0,0.9999834299087524,0.0,0.0,0.0,5,1
1003,3.494797056191601e-06,-0.0,0.9999964833259583,0.0,0.0,0.0,5,1
1004,5.889661679248093e-06,-0.0,0.999994158744812,0.0,0.0,0.0,5,1
1005,4.365140284789959e-06,-0.0,0.9999956488609314,0.0,0.0,0.0,5,1
1006,2.432414112263359e-05,-0.0,0.9999756813049316,0.0,0.0,0.0,5,1
1007,3.635496568676899e-06,-0.0,0.9999963641166687,0.0,0.0,0.0,5,1
1008,5.589909051195718e-06,-0.0,0.9999944567680359,0.0,0.0,0.0,5,1
1009,5.720743502024561e-06,-0.0,0.9999942779541016,0.0,0.0,0.0,5,1
1010,2.639466038090177e-05,-0.0,0.9999736547470093,0.0,0.0,0.0,5,1
1011,4.368858753878158e-06,-0.0,0.9999956488609314,0.0,0.0,0.0,5,1
1012,3.886028935085051e-06,-0.0,0.9999961256980896,0.0,0.0,0.0,5,1
1013,3.069833110203035e-05,-0.0,0.9999693632125854,0.0,0.0,0.0,5,1
1014,6.88828777128947e-06,-0.0,0.9999931454658508,0.0,0.0,0.0,5,1
1015,9.528819646220654e-06,-0.0,0.9999904632568359,0.0,0.0,0.0,5,1
1016,9.894411050481722e-06,-0.0,0.9999901056289673,0.0,0.0,0.0,5,1
1017,4.124557108298177e-06,-0.0,0.9999958872795105,0.0,0.0,0.0,5,1
1018,2.435178657833603e-06,-0.0,0.9999975562095642,0.0,0.0,0.0,5,1
1019,4.38718416262418e-06,-0.0,0.9999955892562866,0.0,0.0,0.0,5,1
1020,3.314675041110604e-06,-0.0,0.9999966621398926,0.0,0.0,0.0,5,1
1021,8.28599149826914e-06,-0.0,0.999991774559021,0.0,0.0,0.0,5,1
1022,3.2602788451185916e-06,-0.0,0.9999967217445374,0.0,0.0,0.0,5,1
1023,5.1517304200388025e-06,-0.0,0.9999948740005493,0.0,0.0,0.0,5,1
1024,3.848783762805397e-06,-0.0,0.9999961853027344,0.0,0.0,0.0,5,1
1025,2.9620664463436697e-06,-0.0,0.9999970197677612,0.0,0.0,0.0,5,1
1026,1.4426482266571838e-05,-0.0,0.9999855756759644,0.0,0.0,0.0,5,1
1027,5.522332230611937e-06,-0.0,0.9999944567680359,0.0,0.0,0.0,5,1
1028,4.049949893669691e-06,-0.0,0.9999959468841553,0.0,0.0,0.0,5,1
1029,1.2736782082356513e-06,-0.0,0.9999986886978149,0.0,0.0,0.0,5,1
1030,1.0094689059769735e-05,-0.0,0.999989926815033,0.0,0.0,0.0,5,1
1031,2.066152319457615e-06,-0.0,0.9999979734420776,0.0,0.0,0.0,5,1
1032,4.948083642375423e-06,-0.0,0.9999950528144836,0.0,0.0,0.0,5,1
1033,2.3700163183093537e-06,-0.0,0.999997615814209,0.0,0.0,0.0,5,1
1034,8.204116966226138e-06,-0.0,0.999991774559021,0.0,0.0,0.0,5,1
1035,4.0625000110594556e-06,-0.0,0.9999959468841553,0.0,0.0,0.0,5,1
1036,5.083622454549186e-06,-0.0,0.9999949336051941,0.0,0.0,0.0,5,1
1037,6.331104032142321e-06,-0.0,0.9999936819076538,0.0,0.0,0.0,5,1
1038,9.296880307374522e-06,-0.0,0.999990701675415,0.0,0.0,0.0,5,1
1039,2.8501435735961422e-06,-0.0,0.9999971389770508,0.0,0.0,0.0,5,1
1040,1.0668300092220306e-05,-0.0,0.9999893307685852,0.0,0.0,0.0,5,1
1041,1.4635548723163083e-05,-0.0,0.9999853372573853,0.0,0.0,0.0,5,1
1042,5.791517196485074e-06,-0.0,0.999994158744812,0.0,0.0,0.0,5,1
1043,3.896689122484531e-06,-0.0,0.9999960660934448,0.0,0.0,0.0,5,1
1044,5.034328751207795e-06,-0.0,0.9999949932098389,0.0,0.0,0.0,5,1
1045,3.143601588817546e-06,-0.0,0.9999968409538269,0.0,0.0,0.0,5,1
1046,3.449418500167667e-06,-0.0,0.999996542930603,0.0,0.0,0.0,5,1
1047,7.636392183485441e-06,-0.0,0.9999923706054688,0.0,0.0,0.0,5,1
1048,6.563840543094557e-06,-0.0,0.9999934434890747,0.0,0.0,0.0,5,1
1049,4.7945241021807306e-06,-0.0,0.999995231628418,0.0,0.0,0.0,5,1
1050,5.950795184617164e-06,-0.0,0.9999940395355225,0.0,0.0,0.0,5,1
1051,2.0450056581466924e-06,-0.0,0.9999979734420776,0.0,0.0,0.0,5,1
1052,1.3696316273126286e-05,-0.0,0.9999863505363464,0.0,0.0,0.0,5,1
1053,1.3195397514209617e-05,-0.0,0.9999867677688599,0.0,0.0,0.0,5,1
1054,3.4548215808172245e-06,-0.0,0.999996542930603,0.0,0.0,0.0,5,1
1055,3.5672655940288678e-06,-0.0,0.9999964833259583,0.0,0.0,0.0,5,1
1056,1.0519956049392931e-05,-0.0,0.9999895095825195,0.0,0.0,0.0,5,1
1057,6.7680084612220526e-06,-0.0,0.9999932050704956,0.0,0.0,0.0,5,1
1058,4.423388418217655e-06,-0.0,0.9999955892562866,0.0,0.0,0.0,5,1
1059,1.0662788554327562e-05,-0.0,0.99998939037323,0.0,0.0,0.0,5,1
1060,7.065418685670011e-06,-0.0,0.9999929070472717,0.0,0.0,0.0,5,1
1061,5.289160526444903e-06,-0.0,0.9999947547912598,0.0,0.0,0.0,5,1
1062,2.3260288344317814e-06,-0.0,0.9999976754188538,0.0,0.0,0.0,5,1
1063,8.19092383608222e-06,-0.0,0.999991774559021,0.0,0.0,0.0,5,1
1064,1.2314578270888887e-05,-0.0,0.9999877214431763,0.0,0.0,0.0,5,1
1065,3.121026793451165e-06,-0.0,0.9999969005584717,0.0,0.0,0.0,5,1
1066,2.1558366825047415e-06,-0.0,0.9999978542327881,0.0,0.0,0.0,5,1
1067,1.966727722901851e-06,-0.0,0.9999980330467224,0.0,0.0,0.0,5,1
1068,2.067577042907942e-06,-0.0,0.9999979734420776,0.0,0.0,0.0,5,1
1069,2.002725295824348e-06,-0.0,0.9999979734420776,0.0,0.0,0.0,5,1
1070,2.462124939484056e-06,-0.0,0.9999974966049194,0.0,0.0,0.0,5,1
1071,2.1939718862995505e-05,-0.0,0.9999780654907227,0.0,0.0,0.0,5,1
1072,2.043806034635054e-06,-0.0,0.9999979734420776,0.0,0.0,0.0,5,1
1073,2.1092296265123878e-06,-0.0,0.9999978542327881,0.0,0.0,0.0,5,1
1074,2.422668330837041e-06,-0.0,0.999997615814209,0.0,0.0,0.0,5,1
1075,1.8857601389754564e-05,-0.0,0.999981164932251,0.0,0.0,0.0,5,1
1076,2.1194707642280264e-06,-0.0,0.9999979138374329,0.0,0.0,0.0,5,1
1077,3.849358108709566e-06,-0.0,0.9999961256980896,0.0,0.0,0.0,5,1
1078,1.5137063655856764e-06,-0.0,0.9999984502792358,0.0,0.0,0.0,5,1
1079,1.4220841876522172e-05,-0.0,0.9999857544898987,0.0,0.0,0.0,5,1
1080,2.281829438288696e-06,-0.0,0.9999977350234985,0.0,0.0,0.0,5,1
1081,1.1223811270610895e-05,-0.0,0.9999887943267822,0.0,0.0,0.0,5,1
1082,5.098966539662797e-06,-0.0,0.9999948740005493,0.0,0.0,0.0,5,1
1083,6.24177664576564e-06,-0.0,0.9999937415122986,0.0,0.0,0.0,5,1
1084,4.3034519876528066e-06,-0.0,0.9999957084655762,0.0,0.0,0.0,5,1
1085,4.326828275225125e-06,-0.0,0.9999956488609314,0.0,0.0,0.0,5,1
1086,4.848091975873103e-06,-0.0,0.9999951124191284,0.0,0.0,0.0,5,1
1087,3.988785920228111e-06,-0.0,0.9999960064888,0.0,0.0,0.0,5,1
1088,2.4012440462684026e-06,-0.0,0.999997615814209,0.0,0.0,0.0,5,1
1089,5.757186045229901e-06,-0.0,0.9999942779541016,0.0,0.0,0.0,5,1
1090,1.2159691777924309e-06,-0.0,0.9999988079071045,0.0,0.0,0.0,5,1
1091,3.344160177221056e-06,-0.0,0.9999966621398926,0.0,0.0,0.0,5,1
1092,2.805871417876915e-06,-0.0,0.9999972581863403,0.0,0.0,0.0,5,1
1093,4.00334420191939e-06,-0.0,0.9999960064888,0.0,0.0,0.0,5,1
1094,3.949638994527049e-06,-0.0,0.9999960660934448,0.0,0.0,0.0,5,1
1095,1.6440391163996537e-06,-0.0,0.9999983310699463,0.0,0.0,0.0,5,1
1096,1.07661753645516e-05,-0.0,0.9999892115592957,0.0,0.0,0.0,5,1
1097,1.687014218987315e-06,-0.0,0.9999983310699463,0.0,0.0,0.0,5,1
1098,8.786348189460114e-06,-0.0,0.999991238117218,0.0,0.0,0.0,5,1
1099,3.8556695471925195e-06,-0.0,0.9999961853027344,0.0,0.0,0.0,5,1
1100,3.139921773254173e-06,-0.0,0.9999969005584717,0.0,0.0,0.0,5,1
1101,3.6220085348759312e-06,-0.0,0.9999964237213135,0.0,0.0,0.0,5,1
1102,5.957255416433327e-05,-0.0,0.9999406337738037,0.0,0.0,0.0,5,1
1103,4.056060788570903e-06,-0.0,0.9999959468841553,0.0,0.0,0.0,5,1
1104,2.459828237988404e-06,-0.0,0.9999974966049194,0.0,0.0,0.0,5,1
1105,1.4513185533360229e-06,-0.0,0.9999985694885254,0.0,0.0,0.0,5,1
1106,3.454193347351975e-06,-0.0,0.999996542930603,0.0,0.0,0.0,5,1
1107,3.7914933272986673e-06,-0.0,0.9999961853027344,0.0,0.0,0.0,5,1
1108,1.8320872641197639e-06,-0.0,0.999998152256012,0.0,0.0,0.0,5,1
1109,4.92046274302993e-06,-0.0,0.9999951124191284,0.0,0.0,0.0,5,1
1110,5.254667939880164e-06,-0.0,0.9999947547912598,0.0,0.0,0.0,5,1
1111,2.2747026378056034e-06,-0.0,0.9999977350234985,0.0,0.0,0.0,5,1
1112,4.065854682266945e-06,-0.0,0.9999959468841553,0.0,0.0,0.0,5,1
1113,3.14531189360423e-06,-0.0,0.9999968409538269,0.0,0.0,0.0,5,1
1114,2.364687134104315e-06,-0.0,0.9999976754188538,0.0,0.0,0.0,5,1
1115,6.09200424150913e-06,-0.0,0.9999939203262329,0.0,0.0,0.0,5,1
1116,2.021070940827485e-06,-0.0,0.9999979734420776,0.0,0.0,0.0,5,1
1117,2.2122598238638602e-05,-0.0,0.9999778866767883,0.0,0.0,0.0,5,1
1118,2.4562607450206997e-06,-0.0,0.9999975562095642,0.0,0.0,0.0,5,1
1119,2.036588739429135e-06,-0.0,0.9999979734420776,0.0,0.0,0.0,5,1
1120,3.428732270549517e-06,-0.0,0.9999966025352478,0.0,0.0,0.0,5,1
1121,2.543637037888402e-06,-0.0,0.9999974966049194,0.0,0.0,0.0,5,1
1122,2.4168018626369303e-06,-0.0,0.9999975562095642,0.0,0.0,0.0,5,1
1123,8.971136935542745e-07,-0.0,0.9999991655349731,0.0,0.0,0.0,5,1
1124,2.540107516324497e-06,-0.0,0.9999974370002747,0.0,0.0,0.0,5,1
1125,5.2122632041573524e-06,-0.0,0.9999947547912598,0.0,0.0,0.0,5,1
1126,2.4541698167013237e-06,-0.0,0.9999975562095642,0.0,0.0,0.0,5,1
1127,1.1030102541553788e-05,-0.0,0.9999890327453613,0.0,0.0,0.0,5,1
1128,3.1138774829742033e-06,-0.0,0.9999969005584717,0.0,0.0,0.0,5,1
1129,2.4988096356537426e-06,-0.0,0.9999974966049194,0.0,0.0,0.0,5,1
1130,2.349934902667883e-06,-0.0,0.999997615814209,0.0,0.0,0.0,5,1
1131,3.7853499179618666e-06,-0.0,0.9999961853027344,0.0,0.0,0.0,5,1
1132,4.971996986569138e-06,-0.0,0.9999949932098389,0.0,0.0,0.0,5,1
1133,3.3264416288147913e-06,-0.0,0.9999966621398926,0.0,0.0,0.0,5,1
1134,5.692578724847408e-06,-0.0,0.9999943375587463,0.0,0.0,0.0,5,1
1135,1.3518814512281097e-06,-0.0,0.9999986886978149,0.0,0.0,0.0,5,1
1136,5.331402462616097e-06,-0.0,0.9999946355819702,0.0,0.0,0.0,5,1
1137,2.7302680791763123e-06,-0.0,0.9999972581863403,0.0,0.0,0.0,5,1
1138,4.47669572167797e-06,-0.0,0.9999955296516418,0.0,0.0,0.0,5,1
1139,2.2378560970537364e-05,-0.0,0.9999776482582092,0.0,0.0,0.0,5,1
1140,1.374286739519448e-06,-0.0,0.9999986290931702,0.0,0.0,0.0,5,1
1141,1.680197055975441e-05,-0.0,0.9999831914901733,0.0,0.0,0.0,5,1
1142,1.7276690869039157e-06,-0.0,0.9999982714653015,0.0,0.0,0.0,5,1
1143,1.622567083359172e-06,-0.0,0.9999983310699463,0.0,0.0,0.0,5,1
1144,1.457445523556089e-05,-0.0,0.9999854564666748,0.0,0.0,0.0,5,1
1145,2.535867224651156e-06,-0.0,0.9999974966049194,0.0,0.0,0.0,5,1
1146,4.7417179303010926e-06,-0.0,0.999995231628418,0.0,0.0,0.0,5,1
1147,4.449114385352004e-06,-0.0,0.9999955892562866,0.0,0.0,0.0,5,1
1148,2.597731736386777e-06,-0.0,0.9999973773956299,0.0,0.0,0.0,5,1
1149,3.099689593000221e-06,-0.0,0.9999969005584717,0.0,0.0,0.0,5,1
1150,3.2121638469106983e-06,-0.0,0.9999967813491821,0.0,0.0,0.0,5,1
1151,6.299753295024857e-06,-0.0,0.9999936819076538,0.0,0.0,0.0,5,1
1152,3.6583633118425496e-06,-0.0,0.9999963641166687,0.0,0.0,0.0,5,1
1153,6.762606517440872e-06,-0.0,0.9999932050704956,0.0,0.0,0.0,5,1
1154,3.397960426809732e-06,-0.0,0.9999966025352478,0.0,0.0,0.0,5,1
1155,2.0510683498287108e-06,-0.0,0.9999979734420776,0.0,0.0,0.0,5,1
1156,3.980694145866437e-06,-0.0,0.9999960064888,0.0,0.0,0.0,5,1
1157,2.9835066470695892e-06,-0.0,0.9999970197677612,0.0,0.0,0.0,5,1
1158,1.7146610389318084e-06,-0.0,0.9999983310699463,0.0,0.0,0.0,5,1
1159,3.035225745406933e-06,-0.0,0.9999969601631165,0.0,0.0,0.0,5,1
1160,9.92693912849063e-06,-0.0,0.9999901056289673,0.0,0.0,0.0,5,1
1161,3.5449279494059738e-06,-0.0,0.9999964833259583,0.0,0.0,0.0,5,1
1162,8.588642231188715e-06,-0.0,0.9999914169311523,0.0,0.0,0.0,5,1
1163,1.8438497590977931e-06,-0.0,0.999998152256012,0.0,0.0,0.0,5,1
1164,1.7750417100614868e-06,-0.0,0.9999982118606567,0.0,0.0,0.0,5,1
1165,2.6120628717762884e-06,-0.0,0.9999973773956299,0.0,0.0,0.0,5,1
1166,4.122034169995459e-06,-0.0,0.9999958872795105,0.0,0.0,0.0,5,1
1167,1.6729052276787115e-06,-0.0,0.9999983310699463,0.0,0.0,0.0,5,1
1168,1.5520888609898975e-06,-0.0,0.9999984502792358,0.0,0.0,0.0,5,1
1169,3.1844174372963607e-06,-0.0,0.9999968409538269,0.0,0.0,0.0,5,1
1170,1.2275662584215752e-06,-0.0,0.9999988079071045,0.0,0.0,0.0,5,1
1171,6.382069841492921e-06,-0.0,0.999993622303009,0.0,0.0,0.0,5,1
1172,1.632683165553317e-06,-0.0,0.9999983906745911,0.0,0.0,0.0,5,1
1173,7.275576081156032e-06,-0.0,0.9999927282333374,0.0,0.0,0.0,5,1
1174,8.445336789009161e-06,-0.0,0.9999915361404419,0.0,0.0,0.0,5,1
1175,1.8135999653168255e-06,-0.0,0.9999982118606567,0.0,0.0,0.0,5,1
1176,1.9802105271082837e-06,-0.0,0.9999980330467224,0.0,0.0,0.0,5,1
1177,9.147432137979195e-06,-0.0,0.9999908804893494,0.0,0.0,0.0,5,1
1178,2.3866498395364033e-06,-0.0,0.999997615814209,0.0,0.0,0.0,5,1
1179,2.7557380235521123e-06,-0.0,0.9999972581863403,0.0,0.0,0.0,5,1
1180,1.9634439922810998e-06,-0.0,0.9999980926513672,0.0,0.0,0.0,5,1
1181,2.7570513339014724e-06,-0.0,0.9999972581863403,0.0,0.0,0.0,5,1
1182,1.53992709783779e-06,-0.0,0.9999984502792358,0.0,0.0,0.0,5,1
1183,1.83626491434552e-06,-0.0,0.9999982118606567,0.0,0.0,0.0,5,1
1184,8.609737051301636e-06,-0.0,0.9999914169311523,0.0,0.0,0.0,5,1
1185,1.9802857423201203e-05,-0.0,0.9999802112579346,0.0,0.0,0.0,5,1
1186,7.575271411042195e-06,-0.0,0.9999924302101135,0.0,0.0,0.0,5,1
1187,1.8124173948308453e-06,-0.0,0.9999982118606567,0.0,0.0,0.0,5,1
1188,1.5401417385874083e-06,-0.0,0.9999984502792358,0.0,0.0,0.0,5,1
1189,4.80393191537587e-06,-0.0,0.999995231628418,0.0,0.0,0.0,5,1
1190,2.3049935862218263e-06,-0.0,0.9999976754188538,0.0,0.0,0.0,5,1
1191,1.8986496570505551e-06,-0.0,0.9999980926513672,0.0,0.0,0.0,5,1
1192,2.4248502086265944e-06,-0.0,0.9999975562095642,0.0,0.0,0.0,5,1
1193,2.804480573104229e-06,-0.0,0.9999972581863403,0.0,0.0,0.0,5,1
1194,3.224527745260275e-06,-0.0,0.9999968409538269,0.0,0.0,0.0,5,1
1195,2.893686996685574e-06,-0.0,0.999997079372406,0.0,0.0,0.0,5,1
1196,2.706567784116487e-06,-0.0,0.9999972581863403,0.0,0.0,0.0,5,1
1197,2.3474851786886575e-06,-0.0,0.999997615814209,0.0,0.0,0.0,5,1
1198,5.633977707475424e-06,-0.0,0.9999943971633911,0.0,0.0,0.0,5,1
1199,3.2526582799619064e-05,-0.0,0.9999675154685974,0.0,0.0,0.0,5,1
1200,3.482234433249687e-06,-0.0,0.999996542930603,0.0,0.0,0.0,5,1
1201,2.6032425921584945e-06,-0.0,0.9999973773956299,0.0,0.0,0.0,5,1
1202,2.1109158296894748e-06,-0.0,0.9999979138374329,0.0,0.0,0.0,5,1
1203,7.361627012869576e-06,-0.0,0.9999926686286926,0.0,0.0,0.0,5,1
1204,8.688061825523619e-07,-0.0,0.9999991655349731,0.0,0.0,0.0,5,1
1205,3.0531550692103337e-06,-0.0,0.9999969601631165,0.0,0.0,0.0,5,1
1206,4.422804522619117e-06,-0.0,0.9999955892562866,0.0,0.0,0.0,5,1
1207,2.7889650482393336e-06,-0.0,0.9999971985816956,0.0,0.0,0.0,5,1
1208,1.399255552314571e-06,-0.0,0.9999985694885254,0.0,0.0,0.0,5,1
1209,2.8457059215725167e-06,-0.0,0.9999971389770508,0.0,0.0,0.0,5,1
1210,2.4173796191462316e-06,-0.0,0.999997615814209,0.0,0.0,0.0,5,1
1211,1.7261193079320947e-06,-0.0,0.9999983310699463,0.0,0.0,0.0,5,1
1212,1.644910071263439e-06,-0.0,0.9999983310699463,0.0,0.0,0.0,5,1
1213,9.207944344780117e-07,-0.0,0.9999991059303284,0.0,0.0,0.0,5,1
1214,5.635269644699292e-06,-0.0,0.9999943971633911,0.0,0.0,0.0,5,1
1215,2.8530384952318855e-06,-0.0,0.9999971389770508,0.0,0.0,0.0,5,1
1216,7.927471415314358e-06,-0.0,0.9999920129776001,0.0,0.0,0.0,5,1
1217,2.0538409444270656e-06,-0.0,0.9999979734420776,0.0,0.0,0.0,5,1
1218,6.216069323272677e-06,-0.0,0.9999938011169434,0.0,0.0,0.0,5,1
1219,2.6400177830510074e-06,-0.0,0.9999973773956299,0.0,0.0,0.0,5,1
1220,4.775311936100479e-06,-0.0,0.999995231628418,0.0,0.0,0.0,5,1
1221,1.7909618463818333e-06,-0.0,0.9999982118606567,0.0,0.0,0.0,5,1
1222,1.3460598893288989e-06,-0.0,0.9999986290931702,0.0,0.0,0.0,5,1
1223,2.0974980543542188e-06,-0.0,0.9999979138374329,0.0,0.0,0.0,5,1
1224,2.7630421755020507e-06,-0.0,0.9999972581863403,0.0,0.0,0.0,5,1
1225,3.3421147236367688e-06,-0.0,0.9999966621398926,0.0,0.0,0.0,5,1
1226,2.1115333765919786e-06,-0.0,0.9999979138374329,0.0,0.0,0.0,5,1
1227,1.590291503816843e-06,-0.0,0.9999983906745911,0.0,0.0,0.0,5,1
1228,1.2557577065308578e-05,-0.0,0.9999874234199524,0.0,0.0,0.0,5,1
1229,4.24333120463416e-06,-0.0,0.9999957084655762,0.0,0.0,0.0,5,1
1230,2.8974445740459487e-06,-0.0,0.999997079372406,0.0,0.0,0.0,5,1
1231,2.113980599460774e-06,-0.0,0.9999978542327881,0.0,0.0,0.0,5,1
1232,4.393107701616827e-06,-0.0,0.9999955892562866,0.0,0.0,0.0,5,1
1233,3.136424311378505e-06,-0.0,0.9999969005584717,0.0,0.0,0.0,5,1
1234,3.055399020013283e-06,-0.0,0.9999969005584717,0.0,0.0,0.0,5,1
1235,1.4658573945780518e-06,-0.0,0.9999985694885254,0.0,0.0,0.0,5,1
1236,3.7819954741280526e-06,-0.0,0.9999961853027344,0.0,0.0,0.0,5,1
1237,2.3752404558763374e-06,-0.0,0.999997615814209,0.0,0.0,0.0,5,1
1238,2.1346513676689938e-06,-0.0,0.9999978542327881,0.0,0.0,0.0,5,1
1239,1.765794695529621e-05,-0.0,0.9999823570251465,0.0,0.0,0.0,5,1
1240,2.3871741632319754e-06,-0.0,0.999997615814209,0.0,0.0,0.0,5,1
1241,3.4532542940723943e-06,-0.0,0.999996542930603,0.0,0.0,0.0,5,1
1242,2.6253649139107438e-06,-0.0,0.9999973773956299,0.0,0.0,0.0,5,1
1243,3.0168096145644085e-06,-0.0,0.9999970197677612,0.0,0.0,0.0,5,1
1244,3.7818126656929962e-06,-0.0,0.9999962449073792,0.0,0.0,0.0,5,1
1245,5.700745532521978e-06,-0.0,0.9999942779541016,0.0,0.0,0.0,5,1
1246,2.2082949726609513e-06,-0.0,0.9999977946281433,0.0,0.0,0.0,5,1
1247,6.30880913377041e-06,-0.0,0.9999936819076538,0.0,0.0,0.0,5,1
1248,1.9874789813911775e-06,-0.0,0.9999980330467224,0.0,0.0,0.0,5,1
1249,7.284223556780489e-06,-0.0,0.9999927282333374,0.0,0.0,0.0,5,1
1250,2.052379613814992e-06,-0.0,0.9999979734420776,0.0,0.0,0.0,5,1
1251,3.1779961773281684e-06,-0.0,0.9999968409538269,0.0,0.0,0.0,5,1
1252,2.1181776901357807e-06,-0.0,0.9999978542327881,0.0,0.0,0.0,5,1
1253,2.7173812213732162e-06,-0.0,0.9999973177909851,0.0,0.0,0.0,5,1
1254,2.554082584538264e-06,-0.0,0.9999974370002747,0.0,0.0,0.0,5,1
1255,2.2686540432914626e-06,-0.0,0.9999977350234985,0.0,0.0,0.0,5,1
1256,2.346968813071726e-06,-0.0,0.9999976754188538,0.0,0.0,0.0,5,1
1257,2.6401701234135544e-06,-0.0,0.9999973773956299,0.0,0.0,0.0,5,1
1258,1.1423830983403604e-06,-0.0,0.9999988675117493,0.0,0.0,0.0,5,1
1259,2.2785809505876387e-06,-0.0,0.9999977350234985,0.0,0.0,0.0,5,1
1260,6.2309918575920165e-06,-0.0,0.9999938011169434,0.0,0.0,0.0,5,1
1261,1.1995198292424902e-06,-0.0,0.9999988079071045,0.0,0.0,0.0,5,1
1262,4.5014271563559305e-06,-0.0,0.9999954700469971,0.0,0.0,0.0,5,1
1263,1.9602530301199295e-06,-0.0,0.9999980926513672,0.0,0.0,0.0,5,1
1264,1.954580056917621e-06,-0.0,0.9999980330467224,0.0,0.0,0.0,5,1
1265,4.612779775925446e-06,-0.0,0.9999953508377075,0.0,0.0,0.0,5,1
1266,2.1200648916419595e-06,-0.0,0.9999978542327881,0.0,0.0,0.0,5,1
1267,2.0142074390605558e-06,-0.0,0.9999979734420776,0.0,0.0,0.0,5,1
1268,2.257802407257259e-06,-0.0,0.9999977350234985,0.0,0.0,0.0,5,1
1269,2.6262480332661653e-06,-0.0,0.9999973773956299,0.0,0.0,0.0,5,1
1270,1.1051432693420793e-06,-0.0,0.9999988675117493,0.0,0.0,0.0,5,1
1271,3.455494834270212e-06,-0.0,0.999996542930603,0.0,0.0,0.0,5,1
1272,2.598936816866626e-06,-0.0,0.9999973773956299,0.0,0.0,0.0,5,1
1273,2.4105577267619083e-06,-0.0,0.999997615814209,0.0,0.0,0.0,5,1
1274,1.1871020433318336e-06,-0.0,0.9999988079071045,0.0,0.0,0.0,5,1
1275,2.38227994486806e-06,-0.0,0.999997615814209,0.0,0.0,0.0,5,1
1276,2.8128479243605398e-06,-0.0,0.9999971985816956,0.0,0.0,0.0,5,1
1277,6.601284439966548e-06,-0.0,0.9999933838844299,0.0,0.0,0.0,5,1
1278,1.1122162959509296e-06,-0.0,0.999998927116394,0.0,0.0,0.0,5,1
1279,1.0703543011914007e-06,-0.0,0.999998927116394,0.0,0.0,0.0,5,1
1280,1.5028012057882734e-05,-0.0,0.9999849796295166,0.0,0.0,0.0,5,1
1281,2.874562369470368e-06,-0.0,0.9999971389770508,0.0,0.0,0.0,5,1
1282,1.152222807832004e-06,-0.0,0.9999988675117493,0.0,0.0,0.0,5,1
1283,1.6164051430678228e-06,-0.0,0.9999983906745911,0.0,0.0,0.0,5,1
1284,2.8150750495115062e-06,-0.0,0.9999971389770508,0.0,0.0,0.0,5,1
1285,1.5232337773340987e-06,-0.0,0.9999984502792358,0.0,0.0,0.0,5,1
1286,1.3806090919388225e-06,-0.0,0.9999986290931702,0.0,0.0,0.0,5,1
1287,1.6215952882703277e-06,-0.0,0.9999983906745911,0.0,0.0,0.0,5,1
1288,1.7485710941400612e-06,-0.0,0.9999982714653015,0.0,0.0,0.0,5,1
1289,1.865685931079497e-06,-0.0,0.9999980926513672,0.0,0.0,0.0,5,1
1290,1.7758246713128756e-06,-0.0,0.9999982118606567,0.0,0.0,0.0,5,1
1291,3.243330411351053e-06,-0.0,0.9999967813491821,0.0,0.0,0.0,5,1
1292,1.563363298373588e-06,-0.0,0.9999984502792358,0.0,0.0,0.0,5,1
1293,1.3681939208254335e-06,-0.0,0.9999986290931702,0.0,0.0,0.0,5,1
1294,1.1894135241163895e-06,-0.0,0.9999988079071045,0.0,0.0,0.0,5,1
1295,7.941829380797572e-07,-0.0,0.9999991655349731,0.0,0.0,0.0,5,1
1296,3.7423490084620425e-06,-0.0,0.9999963045120239,0.0,0.0,0.0,5,1
1297,1.3457499790092697e-06,-0.0,0.9999986290931702,0.0,0.0,0.0,5,1
1298,2.6345749120082473e-06,-0.0,0.9999973773956299,0.0,0.0,0.0,5,1
1299,2.947504299299908e-06,-0.0,0.9999970197677612,0.0,0.0,0.0,5,1
1300,2.9774489576084306e-06,-0.0,0.9999970197677612,0.0,0.0,0.0,5,1
1301,1.6238016087299911e-06,-0.0,0.9999984502792358,0.0,0.0,0.0,5,1
1302,4.026381702715298e-06,-0.0,0.9999960064888,0.0,0.0,0.0,5,1
1303,1.3809909660267294e-06,-0.0,0.9999986290931702,0.0,0.0,0.0,5,1
1304,7.160851055232342e-06,-0.0,0.999992847442627,0.0,0.0,0.0,5,1
1305,4.504086064116564e-06,-0.0,0.9999954700469971,0.0,0.0,0.0,5,1
1306,3.922821633750573e-06,-0.0,0.9999960660934448,0.0,0.0,0.0,5,1
1307,1.1629249456746038e-06,-0.0,0.9999988079071045,0.0,0.0,0.0,5,1
1308,1.9899325707228854e-06,-0.0,0.9999979734420776,0.0,0.0,0.0,5,1
1309,2.313073537152377e-06,-0.0,0.9999977350234985,0.0,0.0,0.0,5,1
1310,1.273540306101495e-06,-0.0,0.9999987483024597,0.0,0.0,0.0,5,1
1311,1.309895992562815e-06,-0.0,0.9999986886978149,0.0,0.0,0.0,5,1
1312,3.738147825060878e-06,-0.0,0.9999963045120239,0.0,0.0,0.0,5,1
1313,4.835844265471678e-06,-0.0,0.9999951124191284,0.0,0.0,0.0,5,1
1314,1.9635028820630396e-06,-0.0,0.9999980330467224,0.0,0.0,0.0,5,1
1315,1.6244450762314955e-06,-0.0,0.9999983310699463,0.0,0.0,0.0,5,1
1316,2.575521875769482e-06,-0.0,0.9999974370002747,0.0,0.0,0.0,5,1
1317,3.0306950975500513e-06,-0.0,0.9999970197677612,0.0,0.0,0.0,5,1
1318,1.3953992947790539e-06,-0.0,0.9999986290931702,0.0,0.0,0.0,5,1
1319,7.629330411873525e-06,-0.0,0.9999923706054688,0.0,0.0,0.0,5,1
1320,1.7826782823249232e-06,-0.0,0.9999982118606567,0.0,0.0,0.0,5,1
1321,1.6236890587606467e-06,-0.0,0.9999983310699463,0.0,0.0,0.0,5,1
1322,1.382965706397954e-06,-0.0,0.9999986290931702,0.0,0.0,0.0,5,1
1323,1.992809302464593e-06,-0.0,0.9999980330467224,0.0,0.0,0.0,5,1
1324,5.1571901167335454e-06,-0.0,0.9999948740005493,0.0,0.0,0.0,5,1
1325,2.4189416762965266e-06,-0.0,0.999997615814209,0.0,0.0,0.0,5,1
1326,1.2770688044838607e-06,-0.0,0.9999986886978149,0.0,0.0,0.0,5,1
1327,1.512668404757278e-06,-0.0,0.9999985098838806,0.0,0.0,0.0,5,1
1328,4.49905701316311e-06,-0.0,0.9999955296516418,0.0,0.0,0.0,5,1
1329,2.2818035176896956e-06,-0.0,0.9999977350234985,0.0,0.0,0.0,5,1
1330,1.609292667126283e-06,-0.0,0.9999983906745911,0.0,0.0,0.0,5,1
1331,9.36735887080431e-07,-0.0,0.9999990463256836,0.0,0.0,0.0,5,1
1332,1.4790256273045088e-06,-0.0,0.9999985694885254,0.0,0.0,0.0,5,1
1333,1.7131651475210674e-06,-0.0,0.9999982714653015,0.0,0.0,0.0,5,1
1334,9.781858807400567e-07,-0.0,0.9999990463256836,0.0,0.0,0.0,5,1
1335,3.3654073376965243e-06,-0.0,0.9999966621398926,0.0,0.0,0.0,5,1
1336,8.68380993779283e-07,-0.0,0.9999991059303284,0.0,0.0,0.0,5,1
1337,1.3458676448863116e-06,-0.0,0.9999986886978149,0.0,0.0,0.0,5,1
1338,1.836074261518661e-06,-0.0,0.999998152256012,0.0,0.0,0.0,5,1
1339,1.2875101674580947e-05,-0.0,0.9999871253967285,0.0,0.0,0.0,5,1
1340,1.147069838225434e-06,-0.0,0.9999988675117493,0.0,0.0,0.0,5,1
1341,7.603279073009617e-07,-0.0,0.9999992847442627,0.0,0.0,0.0,5,1
1342,3.266906333010411e-06,-0.0,0.9999967217445374,0.0,0.0,0.0,5,1
1343,4.33636705565732e-06,-0.0,0.9999957084655762,0.0,0.0,0.0,5,1
1344,1.7092506823246367e-06,-0.0,0.9999983310699463,0.0,0.0,0.0,5,1
1345,7.739222382951993e-06,-0.0,0.9999922513961792,0.0,0.0,0.0,5,1
1346,1.2582330555233057e-06,-0.0,0.9999987483024597,0.0,0.0,0.0,5,1
1347,1.3444744126900332e-06,-0.0,0.9999986886978149,0.0,0.0,0.0,5,1
1348,1.3145406683179317e-06,-0.0,0.9999986886978149,0.0,0.0,0.0,5,1
1349,1.7990018932323437e-06,-0.0,0.9999982118606567,0.0,0.0,0.0,5,1
1350,2.2586962131754262e-06,-0.0,0.9999977350234985,0.0,0.0,0.0,5,1
1351,1.0017756721936166e-06,-0.0,0.9999990463256836,0.0,0.0,0.0,5,1
1352,1.3791106539429165e-05,-0.0,0.9999862313270569,0.0,0.0,0.0,5,1
1353,2.944842435681494e-06,-0.0,0.999997079372406,0.0,0.0,0.0,5,1
1354,6.734551902809471e-07,-0.0,0.9999993443489075,0.0,0.0,0.0,5,1
1355,2.5429380912100896e-06,-0.0,0.9999974966049194,0.0,0.0,0.0,5,1
1356,2.283440153405536e-06,-0.0,0.9999977350234985,0.0,0.0,0.0,5,1
1357,2.477192538208328e-06,-0.0,0.9999975562095642,0.0,0.0,0.0,5,1
1358,2.2467440885520773e-06,-0.0,0.9999977946281433,0.0,0.0,0.0,5,1
1359,1.0359294719819445e-06,-0.0,0.9999989867210388,0.0,0.0,0.0,5,1
1360,2.0101962945773266e-05,-0.0,0.9999799728393555,0.0,0.0,0.0,5,1
1361,2.2762584194424562e-05,-0.0,0.9999772906303406,0.0,0.0,0.0,5,1
1362,1.6159081042133039e-06,-0.0,0.9999983906745911,0.0,0.0,0.0,5,1
1363,3.2386737984779757e-06,-0.0,0.9999967813491821,0.0,0.0,0.0,5,1
1364,1.5059382349136285e-05,-0.0,0.9999849796295166,0.0,0.0,0.0,5,1
1365,2.3909760784590617e-06,-0.0,0.999997615814209,0.0,0.0,0.0,5,1
1366,9.112956718126952e-07,-0.0,0.9999990463256836,0.0,0.0,0.0,5,1
1367,5.34580340172397e-06,-0.0,0.999994695186615,0.0,0.0,0.0,5,1
1368,1.5436251032951986e-06,-0.0,0.9999984502792358,0.0,0.0,0.0,5,1
1369,8.747134074837959e-07,-0.0,0.9999991655349731,0.0,0.0,0.0,5,1
1370,9.308999437962484e-07,-0.0,0.9999990463256836,0.0,0.0,0.0,5,1
1371,1.4158215435600141e-06,-0.0,0.9999986290931702,0.0,0.0,0.0,5,1
1372,8.223076974900323e-07,-0.0,0.9999991655349731,0.0,0.0,0.0,5,1
1373,1.7026034129230538e-06,-0.0,0.9999983310699463,0.0,0.0,0.0,5,1
1374,9.919558578985743e-07,-0.0,0.9999990463256836,0.0,0.0,0.0,5,1
1375,2.5039682896021986e-06,-0.0,0.9999974966049194,0.0,0.0,0.0,5,1
1376,1.2793882433470571e-06,-0.0,0.9999987483024597,0.0,0.0,0.0,5,1
1377,7.813182492100168e-07,-0.0,0.9999991655349731,0.0,0.0,0.0,5,1
1378,4.83299800180248e-06,-0.0,0.999995231628418,0.0,0.0,0.0,5,1
1379,6.4608047978254035e-06,-0.0,0.9999935626983643,0.0,0.0,0.0,5,1
1380,3.836345968011301e-06,-0.0,0.9999961853027344,0.0,0.0,0.0,5,1
1381,4.570163127937121e-06,-0.0,0.9999954700469971,0.0,0.0,0.0,5,1
1382,1.5235461887641577e-06,-0.0,0.9999984502792358,0.0,0.0,0.0,5,1
1383,1.9156825601385208e-06,-0.0,0.9999980926513672,0.0,0.0,0.0,5,1
1384,9.6951293926395e-07,-0.0,0.9999990463256836,0.0,0.0,0.0,5,1
1385,3.3532951420056634e-06,-0.0,0.9999966621398926,0.0,0.0,0.0,5,1
1386,2.2121962501842063e-06,-0.0,0.9999978542327881,0.0,0.0,0.0,5,1
1387,1.3515201544578304e-06,-0.0,0.9999986886978149,0.0,0.0,0.0,5,1
1388,1.742137101246044e-06,-0.0,0.9999982714653015,0.0,0.0,0.0,5,1
1389,1.8861145463233697e-06,-0.0,0.999998152256012,0.0,0.0,0.0,5,1
1390,3.671251306514023e-06,-0.0,0.9999963641166687,0.0,0.0,0.0,5,1
1391,1.8550530285210698e-06,-0.0,0.999998152256012,0.0,0.0,0.0,5,1
1392,1.4266643120208755e-06,-0.0,0.9999985694885254,0.0,0.0,0.0,5,1
1393,1.9075473574048374e-06,-0.0,0.9999980926513672,0.0,0.0,0.0,5,1
1394,2.4720930014154874e-06,-0.0,0.9999975562095642,0.0,0.0,0.0,5,1
1395,1.0730774420153466e-06,-0.0,0.999998927116394,0.0,0.0,0.0,5,1
1396,9.654898349253926e-06,-0.0,0.9999903440475464,0.0,0.0,0.0,5,1
1397,1.2288019206607714e-06,-0.0,0.9999987483024597,0.0,0.0,0.0,5,1
1398,7.897748446339392e-07,-0.0,0.9999992251396179,0.0,0.0,0.0,5,1
1399,1.6651773648845847e-06,-0.0,0.9999983310699463,0.0,0.0,0.0,5,1
1400,3.297882813058095e-06,-0.0,0.9999967217445374,0.0,0.0,0.0,5,1
1401,5.7837260101223364e-06,-0.0,0.999994158744812,0.0,0.0,0.0,5,1
1402,6.501099960587453e-07,-0.0,0.9999993443489075,0.0,0.0,0.0,5,1
1403,1.475347289670026e-06,-0.0,0.9999985694885254,0.0,0.0,0.0,5,1
1404,6.248067734304641e-07,-0.0,0.9999994039535522,0.0,0.0,0.0,5,1
1405,1.2068329851899762e-05,-0.0,0.9999879598617554,0.0,0.0,0.0,5,1
1406,3.4954714465129655e-06,-0.0,0.999996542930603,0.0,0.0,0.0,5,1
1407,1.1394115517759928e-06,-0.0,0.999998927116394,0.0,0.0,0.0,5,1
1408,8.594212204116047e-07,-0.0,0.9999991655349731,0.0,0.0,0.0,5,1
1409,1.1290539987385273e-06,-0.0,0.999998927116394,0.0,0.0,0.0,5,1
1410,8.238401960625197e-07,-0.0,0.9999991655349731,0.0,0.0,0.0,5,1
1411,7.991110351213138e-07,-0.0,0.9999991655349731,0.0,0.0,0.0,5,1
1412,9.699521115180687e-07,-0.0,0.9999990463256836,0.0,0.0,0.0,5,1
1413,1.1945819551328896e-06,-0.0,0.9999988079071045,0.0,0.0,0.0,5,1
1414,2.674019015103113e-06,-0.0,0.9999973773956299,0.0,0.0,0.0,5,1
1415,6.325643880700227e-06,-0.0,0.9999936819076538,0.0,0.0,0.0,5,1
1416,4.149592314206529e-06,-0.0,0.9999958276748657,0.0,0.0,0.0,5,1
1417,3.81048039344023e-06,-0.0,0.9999961853027344,0.0,0.0,0.0,5,1
1418,7.2605707828188315e-06,-0.0,0.9999927282333374,0.0,0.0,0.0,5,1
1419,1.1274304597463924e-05,-0.0,0.9999886751174927,0.0,0.0,0.0,5,1
1420,1.5455937045771861e-06,-0.0,0.9999984502792358,0.0,0.0,0.0,5,1
1421,7.192949169620988e-07,-0.0,0.9999992847442627,0.0,0.0,0.0,5,1
1422,2.2079666450736113e-06,-0.0,0.9999977946281433,0.0,0.0,0.0,5,1
1423,1.2763653103320394e-06,-0.0,0.9999986886978149,0.0,0.0,0.0,5,1
1424,2.485245431671501e-06,-0.0,0.9999974966049194,0.0,0.0,0.0,5,1
1425,1.059795067703817e-06,-0.0,0.999998927116394,0.0,0.0,0.0,5,1
1426,7.575439440188347e-07,-0.0,0.9999992847442627,0.0,0.0,0.0,5,1
1427,1.4077738796913764e-06,-0.0,0.9999985694885254,0.0,0.0,0.0,5,1
1428,1.2721525308734272e-06,-0.0,0.9999986886978149,0.0,0.0,0.0,5,1
1429,1.4382267181645148e-06,-0.0,0.9999985694885254,0.0,0.0,0.0,5,1
1430,4.39324230683269e-06,-0.0,0.9999955892562866,0.0,0.0,0.0,5,1
1431,4.586557224683929e-06,-0.0,0.9999954700469971,0.0,0.0,0.0,5,1
1432,9.89405634754803e-07,-0.0,0.9999990463256836,0.0,0.0,0.0,5,1
1433,1.533559952804353e-06,-0.0,0.9999984502792358,0.0,0.0,0.0,5,1
1434,1.1011575224983972e-06,-0.0,0.999998927116394,0.0,0.0,0.0,5,1
1435,2.271726998515078e-06,-0.0,0.9999977350234985,0.0,0.0,0.0,5,1
1436,2.7843382213177392e-06,-0.0,0.9999972581863403,0.0,0.0,0.0,5,1
1437,2.3007178242551163e-06,-0.0,0.9999977350234985,0.0,0.0,0.0,5,1
1438,2.118482552759815e-05,-0.0,0.9999788403511047,0.0,0.0,0.0,5,1
1439,1.2085517937521217e-06,-0.0,0.9999988079071045,0.0,0.0,0.0,5,1
1440,2.2506956156576052e-06,-0.0,0.9999977350234985,0.0,0.0,0.0,5,1
1441,3.1649515221943147e-06,-0.0,0.9999968409538269,0.0,0.0,0.0,5,1
1442,9.356016335004824e-07,-0.0,0.9999990463256836,0.0,0.0,0.0,5,1
1443,7.107589112820278e-07,-0.0,0.9999992847442627,0.0,0.0,0.0,5,1
1444,9.944809562512091e-07,-0.0,0.9999989867210388,0.0,0.0,0.0,5,1
1445,2.9220909709692933e-06,-0.0,0.999997079372406,0.0,0.0,0.0,5,1
1446,1.0568937796051614e-06,-0.0,0.9999989867210388,0.0,0.0,0.0,5,1
1447,6.337797913147369e-07,-0.0,0.9999994039535522,0.0,0.0,0.0,5,1
1448,1.071373503691575e-06,-0.0,0.999998927116394,0.0,0.0,0.0,5,1
1449,2.3262950890057255e-06,-0.0,0.9999977350234985,0.0,0.0,0.0,5,1
1450,1.5629420886398293e-05,-0.0,0.9999843835830688,0.0,0.0,0.0,5,1
1451,2.2439082840719493e-06,-0.0,0.9999977350234985,0.0,0.0,0.0,5,1
1452,1.6501244317623787e-06,-0.0,0.9999983310699463,0.0,0.0,0.0,5,1
1453,2.1945438675174955e-06,-0.0,0.9999978542327881,0.0,0.0,0.0,5,1
1454,1.083482857211493e-06,-0.0,0.999998927116394,0.0,0.0,0.0,5,1
1455,1.977655529117328e-06,-0.0,0.9999979734420776,0.0,0.0,0.0,5,1
1456,1.034597971738549e-06,-0.0,0.9999989867210388,0.0,0.0,0.0,5,1
1457,1.0858295809157426e-06,-0.0,0.999998927116394,0.0,0.0,0.0,5,1
1458,2.8549725357152056e-06,-0.0,0.9999971389770508,0.0,0.0,0.0,5,1
1459,2.571734057710273e-06,-0.0,0.9999973773956299,0.0,0.0,0.0,5,1
1460,1.2519531082944013e-06,-0.0,0.9999988079071045,0.0,0.0,0.0,5,1
1461,5.894011110285646e-07,-0.0,0.9999994039535522,0.0,0.0,0.0,5,1
1462,3.4058975870721042e-06,-0.0,0.9999966025352478,0.0,0.0,0.0,5,1
1463,8.025260740396334e-07,-0.0,0.9999991655349731,0.0,0.0,0.0,5,1
1464,6.3665233938081656e-06,-0.0,0.999993622303009,0.0,0.0,0.0,5,1
1465,9.809955372475088e-07,-0.0,0.9999990463256836,0.0,0.0,0.0,5,1
1466,1.059859641827643e-06,-0.0,0.999998927116394,0.0,0.0,0.0,5,1
1467,4.4085379613534315e-07,-0.0,0.9999995231628418,0.0,0.0,0.0,5,1
1468,1.5820579619685304e-06,-0.0,0.9999984502792358,0.0,0.0,0.0,5,1
1469,2.062883595499443e-06,-0.0,0.9999979734420776,0.0,0.0,0.0,5,1
1470,1.684638664301019e-05,-0.0,0.9999831914901733,0.0,0.0,0.0,5,1
1471,1.3337053133000154e-06,-0.0,0.9999986290931702,0.0,0.0,0.0,5,1
1472,5.955945198365953e-06,-0.0,0.9999940395355225,0.0,0.0,0.0,5,1
1473,1.057513827618095e-06,-0.0,0.999998927116394,0.0,0.0,0.0,5,1
1474,1.6424028217443265e-06,-0.0,0.9999983310699463,0.0,0.0,0.0,5,1
1475,8.834289246806293e-07,-0.0,0.9999991655349731,0.0,0.0,0.0,5,1
1476,7.337055194511777e-07,-0.0,0.9999992847442627,0.0,0.0,0.0,5,1
1477,2.126148729075794e-06,-0.0,0.9999979138374329,0.0,0.0,0.0,5,1
1478,1.7783138446247904e-06,-0.0,0.9999982118606567,0.0,0.0,0.0,5,1
1479,7.580532610518276e-07,-0.0,0.9999992847442627,0.0,0.0,0.0,5,1
1480,1.4960434100430575e-06,-0.0,0.9999985098838806,0.0,0.0,0.0,5,1
1481,1.0294492085449747e-06,-0.0,0.9999990463256836,0.0,0.0,0.0,5,1
1482,5.909306537432713e-07,-0.0,0.9999994039535522,0.0,0.0,0.0,5,1
1483,6.423546437872574e-06,-0.0,0.9999935626983643,0.0,0.0,0.0,5,1
1484,1.4985484995122533e-06,-0.0,0.9999985098838806,0.0,0.0,0.0,5,1
1485,4.1502889871480875e-06,-0.0,0.9999958276748657,0.0,0.0,0.0,5,1
1486,1.263186959477025e-06,-0.0,0.9999987483024597,0.0,0.0,0.0,5,1
1487,1.2880726671937737e-06,-0.0,0.9999986886978149,0.0,0.0,0.0,5,1
1488,1.1838710634037852e-06,-0.0,0.9999988079071045,0.0,0.0,0.0,5,1
1489,1.8531929981691064e-06,-0.0,0.9999980926513672,0.0,0.0,0.0,5,1
1490,4.579530013870681e-06,-0.0,0.9999954104423523,0.0,0.0,0.0,5,1
1491,2.1570760964095825e-06,-0.0,0.9999978542327881,0.0,0.0,0.0,5,1
1492,8.029443279156112e-07,-0.0,0.9999992847442627,0.0,0.0,0.0,5,1
1493,7.051553438941482e-07,-0.0,0.9999992847442627,0.0,0.0,0.0,5,1
1494,9.794163133847178e-07,-0.0,0.9999990463256836,0.0,0.0,0.0,5,1
1495,1.4323119330583722e-06,-0.0,0.9999985694885254,0.0,0.0,0.0,5,1
1496,1.538174728921149e-06,-0.0,0.9999984502792358,0.0,0.0,0.0,5,1
1497,9.696193501440575e-07,-0.0,0.9999990463256836,0.0,0.0,0.0,5,1
1498,7.299321396203595e-07,-0.0,0.9999992847442627,0.0,0.0,0.0,5,1
1499,1.1830287576231058e-06,-0.0,0.9999988079071045,0.0,0.0,0.0,5,1
1500,2.070584059765679e-06,-0.0,0.9999979734420776,0.0,0.0,0.0,5,1
1501,1.6951794350461569e-06,-0.0,0.9999983310699463,0.0,0.0,0.0,5,1
1502,2.496790102668456e-06,-0.0,0.9999974966049194,0.0,0.0,0.0,5,1
1503,1.5260421832863358e-06,-0.0,0.9999984502792358,0.0,0.0,0.0,5,1
1504,6.974061079745297e-07,-0.0,0.9999992847442627,0.0,0.0,0.0,5,1
1505,1.3747609273195849e-06,-0.0,0.9999986290931702,0.0,0.0,0.0,5,1
1506,8.272946843135287e-07,-0.0,0.9999991655349731,0.0,0.0,0.0,5,1
1507,8.35895093587169e-07,-0.0,0.9999991655349731,0.0,0.0,0.0,5,1
1508,4.938868300996546e-07,-0.0,0.9999995231628418,0.0,0.0,0.0,5,1
1509,2.7747387321142014e-06,-0.0,0.9999972581863403,0.0,0.0,0.0,5,1
1510,9.245490559806058e-07,-0.0,0.9999990463256836,0.0,0.0,0.0,5,1
1511,9.109505754167913e-07,-0.0,0.9999991059303284,0.0,0.0,0.0,5,1
1512,8.368129783775657e-06,-0.0,0.9999916553497314,0.0,0.0,0.0,5,1
1513,8.481537179250154e-07,-0.0,0.9999991655349731,0.0,0.0,0.0,5,1
1514,1.9868762137775775e-06,-0.0,0.9999980330467224,0.0,0.0,0.0,5,1
1515,3.28619944411912e-06,-0.0,0.9999967217445374,0.0,0.0,0.0,5,1
1516,1.0684187827791902e-06,-0.0,0.999998927116394,0.0,0.0,0.0,5,1
1517,9.040659278980456e-07,-0.0,0.9999991059303284,0.0,0.0,0.0,5,1
1518,1.5873401935095899e-06,-0.0,0.9999983906745911,0.0,0.0,0.0,5,1
1519,7.67174299198814e-07,-0.0,0.9999992847442627,0.0,0.0,0.0,5,1
1520,1.1780447266573901e-06,-0.0,0.9999988079071045,0.0,0.0,0.0,5,1
1521,9.375046374771046e-07,-0.0,0.9999990463256836,0.0,0.0,0.0,5,1
1522,6.409617526514921e-06,-0.0,0.9999935626983643,0.0,0.0,0.0,5,1
1523,5.233554929873208e-06,-0.0,0.9999947547912598,0.0,0.0,0.0,5,1
1524,5.620979663945036e-06,-0.0,0.9999943971633911,0.0,0.0,0.0,5,1
1525,4.204289780318504e-06,-0.0,0.9999958276748657,0.0,0.0,0.0,5,1
1526,1.2136324585299008e-05,-0.0,0.9999878406524658,0.0,0.0,0.0,5,1
1527,1.049486741067085e-06,-0.0,0.999998927116394,0.0,0.0,0.0,5,1
1528,5.145260502104065e-07,-0.0,0.9999995231628418,0.0,0.0,0.0,5,1
1529,5.792932142867357e-07,-0.0,0.9999994039535522,0.0,0.0,0.0,5,1
1530,1.1455720141384518e-06,-0.0,0.9999988675117493,0.0,0.0,0.0,5,1
1531,9.650598258303944e-07,-0.0,0.9999990463256836,0.0,0.0,0.0,5,1
1532,9.219431831297697e-07,-0.0,0.9999991059303284,0.0,0.0,0.0,5,1
1533,1.538154265290359e-06,-0.0,0.9999984502792358,0.0,0.0,0.0,5,1
1534,9.729395742397173e-07,-0.0,0.9999990463256836,0.0,0.0,0.0,5,1
1535,1.6608089481451316e-06,-0.0,0.9999983310699463,0.0,0.0,0.0,5,1
1536,1.8286632439412642e-06,-0.0,0.9999982118606567,0.0,0.0,0.0,5,1
1537,1.227941197612381e-06,-0.0,0.9999988079071045,0.0,0.0,0.0,5,1
1538,7.02652073414356e-07,-0.0,0.9999992847442627,0.0,0.0,0.0,5,1
1539,1.5034938769531436e-06,-0.0,0.9999984502792358,0.0,0.0,0.0,5,1
1540,6.823198646088713e-07,-0.0,0.9999993443489075,0.0,0.0,0.0,5,1
1541,4.141371334753785e-07,-0.0,0.9999995827674866,0.0,0.0,0.0,5,1
1542,3.1889951515040593e-06,-0.0,0.9999967813491821,0.0,0.0,0.0,5,1
1543,1.594324021425564e-05,-0.0,0.999984085559845,0.0,0.0,0.0,5,1
1544,1.046081251843134e-06,-0.0,0.999998927116394,0.0,0.0,0.0,5,1
1545,5.938908316238667e-07,-0.0,0.9999994039535522,0.0,0.0,0.0,5,1
1546,5.10031611611339e-07,-0.0,0.9999995231628418,0.0,0.0,0.0,5,1
1547,1.1355660944900592e-06,-0.0,0.9999988675117493,0.0,0.0,0.0,5,1
1548,6.7590553953778e-07,-0.0,0.9999993443489075,0.0,0.0,0.0,5,1
1549,4.853642963098537e-07,-0.0,0.9999995231628418,0.0,0.0,0.0,5,1
1550,1.1176846328453394e-06,-0.0,0.999998927116394,0.0,0.0,0.0,5,1
1551,1.0818755526997847e-06,-0.0,0.999998927116394,0.0,0.0,0.0,5,1
1552,7.272811899383669e-07,-0.0,0.9999992847442627,0.0,0.0,0.0,5,1
1553,1.1714378160831984e-06,-0.0,0.9999988079071045,0.0,0.0,0.0,5,1
1554,1.236135403814842e-06,-0.0,0.9999987483024597,0.0,0.0,0.0,5,1
1555,1.2237326245667646e-06,-0.0,0.9999988079071045,0.0,0.0,0.0,5,1
1556,1.241959353137645e-06,-0.0,0.9999987483024597,0.0,0.0,0.0,5,1
1557,9.828679594647838e-07,-0.0,0.9999990463256836,0.0,0.0,0.0,5,1
1558,1.0112031532116816e-06,-0.0,0.9999990463256836,0.0,0.0,0.0,5,1
1559,7.129938808247971e-07,-0.0,0.9999992847442627,0.0,0.0,0.0,5,1
1560,3.9094913972803624e-07,-0.0,0.9999995827674866,0.0,0.0,0.0,5,1
1561,1.0488720363355242e-06,-0.0,0.999998927116394,0.0,0.0,0.0,5,1
1562,9.916100225382252e-07,-0.0,0.9999990463256836,0.0,0.0,0.0,5,1
1563,6.882483489789593e-07,-0.0,0.9999993443489075,0.0,0.0,0.0,5,1
1564,5.991137186356355e-07,-0.0,0.9999994039535522,0.0,0.0,0.0,5,1
1565,1.738765149639221e-06,-0.0,0.9999983310699463,0.0,0.0,0.0,5,1
1566,7.827902095414174e-07,-0.0,0.9999992251396179,0.0,0.0,0.0,5,1
1567,4.1777440173973446e-07,-0.0,0.9999995827674866,0.0,0.0,0.0,5,1
1568,9.256741009266989e-07,-0.0,0.9999991059303284,0.0,0.0,0.0,5,1
1569,1.666905518504791e-06,-0.0,0.9999983310699463,0.0,0.0,0.0,5,1
1570,8.705550271770335e-07,-0.0,0.9999991655349731,0.0,0.0,0.0,5,1
1571,5.091775619803229e-06,-0.0,0.9999948740005493,0.0,0.0,0.0,5,1
1572,6.407642558770021e-07,-0.0,0.9999993443489075,0.0,0.0,0.0,5,1
1573,7.556937816843856e-06,-0.0,0.9999924898147583,0.0,0.0,0.0,5,1
1574,1.968181095435284e-06,-0.0,0.9999979734420776,0.0,0.0,0.0,5,1
1575,5.799893187941052e-07,-0.0,0.9999994039535522,0.0,0.0,0.0,5,1
1576,6.921204089849198e-07,-0.0,0.9999992847442627,0.0,0.0,0.0,5,1
1577,6.805053658354154e-07,-0.0,0.9999993443489075,0.0,0.0,0.0,5,1
1578,1.8602950149215758e-06,-0.0,0.999998152256012,0.0,0.0,0.0,5,1
1579,2.432930159557145e-06,-0.0,0.9999974966049194,0.0,0.0,0.0,5,1
1580,2.46966283157235e-06,-0.0,0.9999974966049194,0.0,0.0,0.0,5,1
1581,5.35176468474674e-07,-0.0,0.999999463558197,0.0,0.0,0.0,5,1
1582,1.0601701205814607e-06,-0.0,0.999998927116394,0.0,0.0,0.0,5,1
1583,1.291864350605465e-06,-0.0,0.9999986886978149,0.0,0.0,0.0,5,1
1584,6.030730901329662e-07,-0.0,0.9999994039535522,0.0,0.0,0.0,5,1
1585,9.68315589489066e-07,-0.0,0.9999990463256836,0.0,0.0,0.0,5,1
1586,1.2876384971605148e-06,-0.0,0.9999986886978149,0.0,0.0,0.0,5,1
1587,8.227154921769397e-07,-0.0,0.9999991655349731,0.0,0.0,0.0,5,1
1588,1.2727512057608692e-06,-0.0,0.9999987483024597,0.0,0.0,0.0,5,1
1589,5.424377036433725e-07,-0.0,0.999999463558197,0.0,0.0,0.0,5,1
1590,8.035884775381419e-07,-0.0,0.9999991655349731,0.0,0.0,0.0,5,1
1591,7.759190339129418e-07,-0.0,0.9999992251396179,0.0,0.0,0.0,5,1
1592,6.419858209483209e-07,-0.0,0.9999993443489075,0.0,0.0,0.0,5,1
1593,8.67034145812795e-07,-0.0,0.9999991655349731,0.0,0.0,0.0,5,1
1594,1.3372041394177359e-06,-0.0,0.9999986886978149,0.0,0.0,0.0,5,1
1595,1.032862314787053e-06,-0.0,0.9999989867210388,0.0,0.0,0.0,5,1
1596,4.4149282985017635e-06,-0.0,0.9999955892562866,0.0,0.0,0.0,5,1
1597,1.342091991318739e-06,-0.0,0.9999986886978149,0.0,0.0,0.0,5,1
1598,4.0454892769048456e-07,-0.0,0.9999996423721313,0.0,0.0,0.0,5,1
1599,1.3013661828154e-06,-0.0,0.9999986886978149,0.0,0.0,0.0,5,1
1600,1.0954364597637323e-06,-0.0,0.999998927116394,0.0,0.0,0.0,5,1
1601,6.202679401212663e-07,-0.0,0.9999994039535522,0.0,0.0,0.0,5,1
1602,4.888507874056813e-07,-0.0,0.9999995231628418,0.0,0.0,0.0,5,1
1603,1.5936507224978413e-06,-0.0,0.9999984502792358,0.0,0.0,0.0,5,1
1604,1.2252759233888355e-06,-0.0,0.9999988079071045,0.0,0.0,0.0,5,1
1605,2.0535198927973397e-06,-0.0,0.9999979138374329,0.0,0.0,0.0,5,1
1606,3.1599424801243003e-06,-0.0,0.9999968409538269,0.0,0.0,0.0,5,1
1607,4.715169779956341e-06,-0.0,0.999995231628418,0.0,0.0,0.0,5,1
1608,2.3066033918439643e-06,-0.0,0.9999977350234985,0.0,0.0,0.0,5,1
1609,9.288169167120941e-07,-0.0,0.9999990463256836,0.0,0.0,0.0,5,1
1610,3.8603553775828914e-07,-0.0,0.9999996423721313,0.0,0.0,0.0,5,1
1611,1.575059741298901e-06,-0.0,0.9999984502792358,0.0,0.0,0.0,5,1
1612,5.113682846058509e-07,-0.0,0.9999995231628418,0.0,0.0,0.0,5,1
1613,6.762312523278524e-07,-0.0,0.9999992847442627,0.0,0.0,0.0,5,1
1614,2.3065056211635238e-06,-0.0,0.9999977350234985,0.0,0.0,0.0,5,1
1615,7.389904794763424e-07,-0.0,0.9999992847442627,0.0,0.0,0.0,5,1
1616,6.757435357940267e-07,-0.0,0.9999992847442627,0.0,0.0,0.0,5,1
1617,1.4935101262381067e-06,-0.0,0.9999985694885254,0.0,0.0,0.0,5,1
1618,1.234060846400098e-06,-0.0,0.9999987483024597,0.0,0.0,0.0,5,1
1619,5.062289005763887e-07,-0.0,0.9999995231628418,0.0,0.0,0.0,5,1
1620,1.4801597671976197e-06,-0.0,0.9999985694885254,0.0,0.0,0.0,5,1
1621,1.451170646760147e-05,-0.0,0.9999855160713196,0.0,0.0,0.0,5,1
1622,5.668011908710469e-07,-0.0,0.9999994039535522,0.0,0.0,0.0,5,1
1623,1.5579589671688154e-06,-0.0,0.9999984502792358,0.0,0.0,0.0,5,1
1624,3.496253384582815e-07,-0.0,0.9999996423721313,0.0,0.0,0.0,5,1
1625,7.906392625045555e-07,-0.0,0.9999991655349731,0.0,0.0,0.0,5,1
1626,5.127760687173577e-07,-0.0,0.9999995231628418,0.0,0.0,0.0,5,1
1627,5.225908353168052e-06,-0.0,0.9999947547912598,0.0,0.0,0.0,5,1
1628,6.013502797941328e-07,-0.0,0.9999994039535522,0.0,0.0,0.0,5,1
1629,9.683627695267205e-07,-0.0,0.9999990463256836,0.0,0.0,0.0,5,1
1630,1.2150334214311442e-06,-0.0,0.9999988079071045,0.0,0.0,0.0,5,1
1631,5.675761940437951e-07,-0.0,0.999999463558197,0.0,0.0,0.0,5,1
1632,1.4359326314661303e-06,-0.0,0.9999985694885254,0.0,0.0,0.0,5,1
1633,1.0114063115906902e-06,-0.0,0.999998927116394,0.0,0.0,0.0,5,1
1634,1.94679500964412e-06,-0.0,0.9999980926513672,0.0,0.0,0.0,5,1
1635,9.973235819416004e-07,-0.0,0.9999989867210388,0.0,0.0,0.0,5,1
1636,5.571884003074956e-07,-0.0,0.999999463558197,0.0,0.0,0.0,5,1
1637,4.6104111106615164e-07,-0.0,0.9999995827674866,0.0,0.0,0.0,5,1
1638,2.107354703184683e-06,-0.0,0.9999978542327881,0.0,0.0,0.0,5,1
1639,3.704454343278485e-07,-0.0,0.9999995827674866,0.0,0.0,0.0,5,1
1640,2.496573188182083e-06,-0.0,0.9999974966049194,0.0,0.0,0.0,5,1
1641,8.161032383213751e-07,-0.0,0.9999992251396179,0.0,0.0,0.0,5,1
1642,1.0362491593696177e-06,-0.0,0.999998927116394,0.0,0.0,0.0,5,1
1643,4.3669990645867074e-07,-0.0,0.9999995231628418,0.0,0.0,0.0,5,1
1644,9.476214017922757e-07,-0.0,0.9999990463256836,0.0,0.0,0.0,5,1
1645,1.8763796560961055e-06,-0.0,0.9999980926513672,0.0,0.0,0.0,5,1
1646,6.756741299795976e-07,-0.0,0.9999993443489075,0.0,0.0,0.0,5,1
1647,1.4424069831875386e-06,-0.0,0.9999985694885254,0.0,0.0,0.0,5,1
1648,4.6953397259130725e-07,-0.0,0.9999995231628418,0.0,0.0,0.0,5,1
1649,9.449510685044515e-07,-0.0,0.9999990463256836,0.0,0.0,0.0,5,1
1650,1.108503511204617e-06,-0.0,0.999998927116394,0.0,0.0,0.0,5,1
1651,9.827278972807107e-07,-0.0,0.9999990463256836,0.0,0.0,0.0,5,1
1652,7.330511380132521e-07,-0.0,0.9999992847442627,0.0,0.0,0.0,5,1
1653,1.2474753930291627e-05,-0.0,0.9999875426292419,0.0,0.0,0.0,5,1
1654,2.348198449908523e-06,-0.0,0.9999976754188538,0.0,0.0,0.0,5,1
1655,4.1143073303828714e-07,-0.0,0.9999995827674866,0.0,0.0,0.0,5,1
1656,3.943973183595517e-07,-0.0,0.9999996423721313,0.0,0.0,0.0,5,1
1657,6.543632480315864e-07,-0.0,0.9999994039535522,0.0,0.0,0.0,5,1
1658,1.4114125406194944e-06,-0.0,0.9999986290931702,0.0,0.0,0.0,5,1
1659,6.60216755932197e-07,-0.0,0.9999992847442627,0.0,0.0,0.0,5,1
1660,1.06846869130095e-06,-0.0,0.999998927116394,0.0,0.0,0.0,5,1
1661,6.098725293668394e-07,-0.0,0.9999994039535522,0.0,0.0,0.0,5,1
1662,3.28179993402955e-07,-0.0,0.9999996423721313,0.0,0.0,0.0,5,1
1663,3.7081957771079033e-07,-0.0,0.9999996423721313,0.0,0.0,0.0,5,1
1664,5.540471192944096e-07,-0.0,0.999999463558197,0.0,0.0,0.0,5,1
1665,9.948685146810021e-07,-0.0,0.9999990463256836,0.0,0.0,0.0,5,1
1666,7.889527751103742e-07,-0.0,0.9999992251396179,0.0,0.0,0.0,5,1
1667,3.563034169928869e-07,-0.0,0.9999996423721313,0.0,0.0,0.0,5,1
1668,1.0732338751040515e-06,-0.0,0.999998927116394,0.0,0.0,0.0,5,1
1669,3.887403465796524e-07,-0.0,0.9999996423721313,0.0,0.0,0.0,5,1
1670,7.405341193589265e-07,-0.0,0.9999992847442627,0.0,0.0,0.0,5,1
1671,1.1795268619607668e-06,-0.0,0.9999988079071045,0.0,0.0,0.0,5,1
1672,7.896933880147117e-07,-0.0,0.9999991655349731,0.0,0.0,0.0,5,1
1673,7.329671802835946e-07,-0.0,0.9999992847442627,0.0,0.0,0.0,5,1
1674,1.8053889334623818e-06,-0.0,0.9999982118606567,0.0,0.0,0.0,5,1
1675,1.0745048939497792e-06,-0.0,0.999998927116394,0.0,0.0,0.0,5,1
1676,7.597334388265153e-07,-0.0,0.9999992251396179,0.0,0.0,0.0,5,1
1677,7.466901479347143e-07,-0.0,0.9999992847442627,0.0,0.0,0.0,5,1
1678,3.2858190479601035e-07,-0.0,0.9999997019767761,0.0,0.0,0.0,5,1
1679,4.58015676940704e-07,-0.0,0.9999995231628418,0.0,0.0,0.0,5,1
1680,4.17680666942033e-07,-0.0,0.9999995827674866,0.0,0.0,0.0,5,1
1681,3.4767001011459797e-07,-0.0,0.9999996423721313,0.0,0.0,0.0,5,1
1682,1.4658052123195375e-06,-0.0,0.9999985694885254,0.0,0.0,0.0,5,1
1683,4.550461767394154e-07,-0.0,0.9999995827674866,0.0,0.0,0.0,5,1
1684,3.7318108070394373e-07,-0.0,0.9999996423721313,0.0,0.0,0.0,5,1
1685,5.141221663507167e-06,-0.0,0.9999948740005493,0.0,0.0,0.0,5,1
1686,4.7514046741525817e-07,-0.0,0.9999995231628418,0.0,0.0,0.0,5,1
1687,9.44728299145936e-07,-0.0,0.9999990463256836,0.0,0.0,0.0,5,1
1688,6.023026344337268e-07,-0.0,0.9999994039535522,0.0,0.0,0.0,5,1
1689,6.389652753568953e-07,-0.0,0.9999994039535522,0.0,0.0,0.0,5,1
1690,6.812921355958679e-07,-0.0,0.9999992847442627,0.0,0.0,0.0,5,1
1691,2.397748914972908e-07,-0.0,0.9999997615814209,0.0,0.0,0.0,5,1
1692,8.889002174328198e-07,-0.0,0.9999991059303284,0.0,0.0,0.0,5,1
1693,3.921885536328773e-07,-0.0,0.9999996423721313,0.0,0.0,0.0,5,1
1694,4.900758767689695e-07,-0.0,0.9999995231628418,0.0,0.0,0.0,5,1
1695,6.275529358390486e-07,-0.0,0.9999993443489075,0.0,0.0,0.0,5,1
1696,5.221825745138631e-07,-0.0,0.9999995231628418,0.0,0.0,0.0,5,1
1697,7.461658810825611e-07,-0.0,0.9999992847442627,0.0,0.0,0.0,5,1
1698,7.30486931388441e-07,-0.0,0.9999992847442627,0.0,0.0,0.0,5,1
1699,7.70661472415668e-07,-0.0,0.9999992847442627,0.0,0.0,0.0,5,1
1700,9.484641623203061e-07,-0.0,0.9999990463256836,0.0,0.0,0.0,5,1
1701,4.878556296716852e-07,-0.0,0.9999995231628418,0.0,0.0,0.0,5,1
1702,4.260483876805665e-07,-0.0,0.9999995827674866,0.0,0.0,0.0,5,1
1703,6.468258675340621e-07,-0.0,0.9999994039535522,0.0,0.0,0.0,5,1
1704,6.118613100625225e-07,-0.0,0.9999994039535522,0.0,0.0,0.0,5,1
1705,7.01214162290853e-07,-0.0,0.9999992847442627,0.0,0.0,0.0,5,1
1706,6.0728029893653e-07,-0.0,0.9999994039535522,0.0,0.0,0.0,5,1
1707,1.1461004305601818e-06,-0.0,0.9999988675117493,0.0,0.0,0.0,5,1
1708,6.890645067869627e-07,-0.0,0.9999992847442627,0.0,0.0,0.0,5,1
1709,3.080488681916904e-07,-0.0,0.9999997019767761,0.0,0.0,0.0,5,1
1710,6.827758625149727e-07,-0.0,0.9999992847442627,0.0,0.0,0.0,5,1
1711,3.3283339462286676e-07,-0.0,0.9999996423721313,0.0,0.0,0.0,5,1
1712,7.247371058838326e-07,-0.0,0.9999992847442627,0.0,0.0,0.0,5,1
1713,1.3074430853521335e-06,-0.0,0.9999986886978149,0.0,0.0,0.0,5,1
1714,3.0150144425533654e-07,-0.0,0.9999997019767761,0.0,0.0,0.0,5,1
1715,9.663103810453322e-07,-0.0,0.9999990463256836,0.0,0.0,0.0,5,1
1716,9.663505807111505e-06,-0.0,0.9999903440475464,0.0,0.0,0.0,5,1
1717,5.53110567125259e-07,-0.0,0.999999463558197,0.0,0.0,0.0,5,1
1718,7.642685204700683e-07,-0.0,0.9999992847442627,0.0,0.0,0.0,5,1
1719,4.4564978907146724e-07,-0.0,0.9999995231628418,0.0,0.0,0.0,5,1
1720,1.6177521047211485e-06,-0.0,0.9999983906745911,0.0,0.0,0.0,5,1
1721,9.194232006848324e-07,-0.0,0.9999990463256836,0.0,0.0,0.0,5,1
1722,4.537778579560836e-07,-0.0,0.9999995231628418,0.0,0.0,0.0,5,1
1723,1.2924833754368592e-06,-0.0,0.9999986886978149,0.0,0.0,0.0,5,1
1724,5.983844175716513e-07,-0.0,0.9999994039535522,0.0,0.0,0.0,5,1
1725,1.7654683404089155e-07,-0.0,0.9999998211860657,0.0,0.0,0.0,5,1
1726,4.408346967466059e-07,-0.0,0.9999995827674866,0.0,0.0,0.0,5,1
1727,7.686235221626703e-07,-0.0,0.9999992251396179,0.0,0.0,0.0,5,1
1728,1.5156909967117826e-06,-0.0,0.9999984502792358,0.0,0.0,0.0,5,1
1729,4.521882317476411e-07,-0.0,0.9999995231628418,0.0,0.0,0.0,5,1
1730,6.790089628339047e-07,-0.0,0.9999993443489075,0.0,0.0,0.0,5,1
1731,2.229166682354844e-07,-0.0,0.9999997615814209,0.0,0.0,0.0,5,1
1732,5.385487611420103e-07,-0.0,0.9999995231628418,0.0,0.0,0.0,5,1
1733,9.953926110028988e-07,-0.0,0.9999990463256836,0.0,0.0,0.0,5,1
1734,6.238061587282573e-07,-0.0,0.9999994039535522,0.0,0.0,0.0,5,1
1735,4.946699050378811e-07,-0.0,0.9999995231628418,0.0,0.0,0.0,5,1
1736,7.193843885033857e-07,-0.0,0.9999992847442627,0.0,0.0,0.0,5,1
1737,5.638562470267061e-07,-0.0,0.9999994039535522,0.0,0.0,0.0,5,1
1738,7.759510936011793e-07,-0.0,0.9999992251396179,0.0,0.0,0.0,5,1
1739,5.114884515933227e-07,-0.0,0.9999995231628418,0.0,0.0,0.0,5,1
1740,3.8964881809988583e-07,-0.0,0.9999996423721313,0.0,0.0,0.0,5,1
1741,3.4087173617081135e-07,-0.0,0.9999997019767761,0.0,0.0,0.0,5,1
1742,4.816141654373496e-07,-0.0,0.9999995231628418,0.0,0.0,0.0,5,1
1743,1.277054025194957e-06,-0.0,0.9999986886978149,0.0,0.0,0.0,5,1
1744,3.964384518440056e-07,-0.0,0.9999996423721313,0.0,0.0,0.0,5,1
1745,2.284326541257542e-07,-0.0,0.9999998211860657,0.0,0.0,0.0,5,1
1746,1.3595631571661215e-06,-0.0,0.9999986290931702,0.0,0.0,0.0,5,1
1747,4.559055355457531e-07,-0.0,0.9999995231628418,0.0,0.0,0.0,5,1
1748,3.526274667819962e-07,-0.0,0.9999996423721313,0.0,0.0,0.0,5,1
1749,1.4364670732902596e-06,-0.0,0.9999985694885254,0.0,0.0,0.0,5,1
1750,7.272662969626253e-07,-0.0,0.9999992847442627,0.0,0.0,0.0,5,1
1751,1.9469116523396224e-06,-0.0,0.9999980926513672,0.0,0.0,0.0,5,1
1752,9.440793178328022e-07,-0.0,0.9999990463256836,0.0,0.0,0.0,5,1
1753,7.429698598571122e-07,-0.0,0.9999992847442627,0.0,0.0,0.0,5,1
1754,7.263343491104024e-07,-0.0,0.9999992847442627,0.0,0.0,0.0,5,1
1755,8.352047871085233e-07,-0.0,0.9999991655349731,0.0,0.0,0.0,5,1
1756,1.3550447874877136e-06,-0.0,0.9999986886978149,0.0,0.0,0.0,5,1
1757,5.633682462757861e-07,-0.0,0.9999994039535522,0.0,0.0,0.0,5,1
1758,3.167755835420394e-07,-0.0,0.9999997019767761,0.0,0.0,0.0,5,1
1759,6.194568982209603e-07,-0.0,0.9999994039535522,0.0,0.0,0.0,5,1
1760,1.9828776487429423e-07,-0.0,0.9999998211860657,0.0,0.0,0.0,5,1
1761,6.120817488408647e-07,-0.0,0.9999994039535522,0.0,0.0,0.0,5,1
1762,9.603221542420215e-07,-0.0,0.9999990463256836,0.0,0.0,0.0,5,1
1763,5.009787855669856e-07,-0.0,0.9999995231628418,0.0,0.0,0.0,5,1
1764,2.171647793147713e-06,-0.0,0.9999978542327881,0.0,0.0,0.0,5,1
1765,6.221032435860252e-07,-0.0,0.9999994039535522,0.0,0.0,0.0,5,1
1766,3.3020688761098427e-07,-0.0,0.9999996423721313,0.0,0.0,0.0,5,1
1767,9.3162088887766e-07,-0.0,0.9999991059303284,0.0,0.0,0.0,5,1
1768,4.6594789182563545e-07,-0.0,0.9999995231628418,0.0,0.0,0.0,5,1
1769,4.7638604883104563e-07,-0.0,0.9999995231628418,0.0,0.0,0.0,5,1
1770,6.854488674434833e-07,-0.0,0.9999993443489075,0.0,0.0,0.0,5,1
1771,3.4407912608003244e-07,-0.0,0.9999996423721313,0.0,0.0,0.0,5,1
1772,8.413178420596523e-07,-0.0,0.9999991655349731,0.0,0.0,0.0,5,1
1773,3.2530317639611894e-07,-0.0,0.9999996423721313,0.0,0.0,0.0,5,1
1774,7.855142030166462e-07,-0.0,0.9999992847442627,0.0,0.0,0.0,5,1
1775,8.452971087535843e-07,-0.0,0.9999991655349731,0.0,0.0,0.0,5,1
1776,3.9920024619277683e-07,-0.0,0.9999996423721313,0.0,0.0,0.0,5,1
1777,1.5186255950538907e-06,-0.0,0.9999984502792358,0.0,0.0,0.0,5,1
1778,3.794014276081725e-07,-0.0,0.9999996423721313,0.0,0.0,0.0,5,1
1779,2.7794669676950434e-07,-0.0,0.9999997615814209,0.0,0.0,0.0,5,1
1780,4.6438918843705324e-07,-0.0,0.9999995231628418,0.0,0.0,0.0,5,1
1781,8.395242616643372e-07,-0.0,0.9999991655349731,0.0,0.0,0.0,5,1
1782,2.1625205590680707e-06,-0.0,0.9999978542327881,0.0,0.0,0.0,5,1
1783,7.1311947067442816e-06,-0.0,0.9999929070472717,0.0,0.0,0.0,5,1
1784,4.456298370314471e-07,-0.0,0.9999995827674866,0.0,0.0,0.0,5,1
1785,1.6059565268733422e-06,-0.0,0.9999983906745911,0.0,0.0,0.0,5,1
1786,2.6913642159343e-07,-0.0,0.9999997615814209,0.0,0.0,0.0,5,1
1787,1.1830383073174744e-06,-0.0,0.9999988079071045,0.0,0.0,0.0,5,1
1788,6.296159540397639e-07,-0.0,0.9999993443489075,0.0,0.0,0.0,5,1
1789,1.1430520316935144e-06,-0.0,0.9999988675117493,0.0,0.0,0.0,5,1
1790,5.096996460451919e-07,-0.0,0.9999995231628418,0.0,0.0,0.0,5,1
1791,3.323924886444729e-07,-0.0,0.9999997019767761,0.0,0.0,0.0,5,1
1792,6.786782478229725e-07,-0.0,0.9999992847442627,0.0,0.0,0.0,5,1
1793,3.8878818031662377e-07,-0.0,0.9999996423721313,0.0,0.0,0.0,5,1
1794,2.29554871111759e-06,-0.0,0.9999977350234985,0.0,0.0,0.0,5,1
1795,1.5739442460471764e-06,-0.0,0.9999984502792358,0.0,0.0,0.0,5,1
1796,2.3273241822607815e-07,-0.0,0.9999997615814209,0.0,0.0,0.0,5,1
1797,6.332091970762121e-07,-0.0,0.9999994039535522,0.0,0.0,0.0,5,1
1798,4.958633326168638e-07,-0.0,0.9999995231628418,0.0,0.0,0.0,5,1
1799,1.042560938913084e-06,-0.0,0.999998927116394,0.0,0.0,0.0,5,1
1800,2.688880726964271e-07,-0.0,0.9999997615814209,0.0,0.0,0.0,5,1
1801,2.1198570721026044e-07,-0.0,0.9999997615814209,0.0,0.0,0.0,5,1
1802,2.4731082248763414e-07,-0.0,0.9999997615814209,0.0,0.0,0.0,5,1
1803,4.282329939542251e-07,-0.0,0.9999995231628418,0.0,0.0,0.0,5,1
1804,4.4820126277045347e-07,-0.0,0.9999995827674866,0.0,0.0,0.0,5,1
1805,1.7657532680459553e-06,-0.0,0.9999982118606567,0.0,0.0,0.0,5,1
1806,6.617385679419385e-07,-0.0,0.9999993443489075,0.0,0.0,0.0,5,1
1807,7.303652864720789e-07,-0.0,0.9999992847442627,0.0,0.0,0.0,5,1
1808,1.5840137734812743e-07,-0.0,0.9999998807907104,0.0,0.0,0.0,5,1
1809,1.1427507615735522e-06,-0.0,0.9999988675117493,0.0,0.0,0.0,5,1
1810,4.763247147820948e-07,-0.0,0.9999995231628418,0.0,0.0,0.0,5,1
1811,3.763016991342738e-07,-0.0,0.9999996423721313,0.0,0.0,0.0,5,1
1812,6.519391604342673e-07,-0.0,0.9999993443489075,0.0,0.0,0.0,5,1
1813,3.031218795968016e-07,-0.0,0.9999997615814209,0.0,0.0,0.0,5,1
1814,4.001214506388351e-07,-0.0,0.9999995827674866,0.0,0.0,0.0,5,1
1815,3.9330717527263914e-07,-0.0,0.9999995827674866,0.0,0.0,0.0,5,1
1816,4.5207011112324835e-07,-0.0,0.9999995231628418,0.0,0.0,0.0,5,1
1817,2.905758265114855e-06,-0.0,0.9999971389770508,0.0,0.0,0.0,5,1
1818,5.297969778439438e-07,-0.0,0.999999463558197,0.0,0.0,0.0,5,1
1819,1.944713119428343e-07,-0.0,0.9999997615814209,0.0,0.0,0.0,5,1
1820,2.3500348333982402e-07,-0.0,0.9999997615814209,0.0,0.0,0.0,5,1
1821,1.2449518180801533e-06,-0.0,0.9999987483024597,0.0,0.0,0.0,5,1
1822,9.533586364796065e-08,-0.0,0.9999998807907104,0.0,0.0,0.0,5,1
1823,3.3492544844193617e-06,-0.0,0.9999966621398926,0.0,0.0,0.0,5,1
1824,3.281317617620516e-07,-0.0,0.9999997019767761,0.0,0.0,0.0,5,1
1825,1.116897465180955e-06,-0.0,0.9999988675117493,0.0,0.0,0.0,5,1
1826,3.6652812696047476e-07,-0.0,0.9999996423721313,0.0,0.0,0.0,5,1
1827,4.412920020513411e-07,-0.0,0.9999995231628418,0.0,0.0,0.0,5,1
1828,1.9858035216202552e-07,-0.0,0.9999998211860657,0.0,0.0,0.0,5,1
1829,1.671836287187034e-07,-0.0,0.9999998807907104,0.0,0.0,0.0,5,1
1830,2.495501121302368e-07,-0.0,0.9999997615814209,0.0,0.0,0.0,5,1
1831,4.574650063204899e-07,-0.0,0.9999995231628418,0.0,0.0,0.0,5,1
1832,2.4657234121150395e-07,-0.0,0.9999997615814209,0.0,0.0,0.0,5,1
1833,8.561895015191112e-07,-0.0,0.9999991655349731,0.0,0.0,0.0,5,1
1834,4.980300332135812e-07,-0.0,0.9999995231628418,0.0,0.0,0.0,5,1
1835,3.9632828929825337e-07,-0.0,0.9999996423721313,0.0,0.0,0.0,5,1
1836,4.326927296460781e-07,-0.0,0.9999995231628418,0.0,0.0,0.0,5,1
1837,2.4444520363431366e-07,-0.0,0.9999997615814209,0.0,0.0,0.0,5,1
1838,6.5053689013439e-07,-0.0,0.9999993443489075,0.0,0.0,0.0,5,1
1839,4.2441718051122734e-07,-0.0,0.9999996423721313,0.0,0.0,0.0,5,1
1840,2.1704548203160812e-07,-0.0,0.9999997615814209,0.0,0.0,0.0,5,1
1841,2.834805741258606e-07,-0.0,0.9999997615814209,0.0,0.0,0.0,5,1
1842,4.7403756298081134e-07,-0.0,0.9999995231628418,0.0,0.0,0.0,5,1
1843,8.908390327633242e-07,-0.0,0.9999991059303284,0.0,0.0,0.0,5,1
1844,2.038205479948374e-07,-0.0,0.9999997615814209,0.0,0.0,0.0,5,1
1845,2.8886134373351524e-07,-0.0,0.9999997019767761,0.0,0.0,0.0,5,1
1846,2.535183512009098e-07,-0.0,0.9999997615814209,0.0,0.0,0.0,5,1
1847,1.6678816905368876e-07,-0.0,0.9999998807907104,0.0,0.0,0.0,5,1
1848,4.740506938105682e-07,-0.0,0.9999995231628418,0.0,0.0,0.0,5,1
1849,2.188595402685678e-07,-0.0,0.9999998211860657,0.0,0.0,0.0,5,1
1850,8.916008482628968e-07,-0.0,0.9999991059303284,0.0,0.0,0.0,5,1
1851,4.586543127516052e-07,-0.0,0.9999995231628418,0.0,0.0,0.0,5,1
1852,1.1671330639728694e-06,-0.0,0.9999988675117493,0.0,0.0,0.0,5,1
1853,3.6335018194222357e-07,-0.0,0.9999996423721313,0.0,0.0,0.0,5,1
1854,3.738092573257745e-07,-0.0,0.9999996423721313,0.0,0.0,0.0,5,1
1855,1.0530022791499505e-06,-0.0,0.9999989867210388,0.0,0.0,0.0,5,1
1856,3.260986431996571e-07,-0.0,0.9999997019767761,0.0,0.0,0.0,5,1
1857,9.195284746965626e-07,-0.0,0.9999990463256836,0.0,0.0,0.0,5,1
1858,5.757611916124006e-07,-0.0,0.999999463558197,0.0,0.0,0.0,5,1
1859,3.8293040915959864e-07,-0.0,0.9999996423721313,0.0,0.0,0.0,5,1
1860,4.994706159777706e-07,-0.0,0.9999995231628418,0.0,0.0,0.0,5,1
1861,8.473537036479684e-07,-0.0,0.9999991655349731,0.0,0.0,0.0,5,1
1862,2.532378857722506e-07,-0.0,0.9999997615814209,0.0,0.0,0.0,5,1
1863,5.15304236614611e-07,-0.0,0.9999995231628418,0.0,0.0,0.0,5,1
1864,3.1343066098088457e-07,-0.0,0.9999996423721313,0.0,0.0,0.0,5,1
1865,5.628228336718166e-07,-0.0,0.999999463558197,0.0,0.0,0.0,5,1
1866,1.0090130899698124e-06,-0.0,0.9999990463256836,0.0,0.0,0.0,5,1
1867,4.088905427579448e-07,-0.0,0.9999996423721313,0.0,0.0,0.0,5,1
1868,7.316036771953804e-07,-0.0,0.9999992847442627,0.0,0.0,0.0,5,1
1869,3.2061683441497735e-07,-0.0,0.9999997019767761,0.0,0.0,0.0,5,1
1870,2.828308254265721e-07,-0.0,0.9999997615814209,0.0,0.0,0.0,5,1
1871,9.213222824655531e-07,-0.0,0.9999990463256836,0.0,0.0,0.0,5,1
1872,3.0856548960400687e-07,-0.0,0.9999996423721313,0.0,0.0,0.0,5,1
1873,6.122139097897161e-07,-0.0,0.9999994039535522,0.0,0.0,0.0,5,1
1874,1.4041497706784867e-06,-0.0,0.9999985694885254,0.0,0.0,0.0,5,1
1875,3.5687668287209817e-07,-0.0,0.9999996423721313,0.0,0.0,0.0,5,1
1876,2.2985969394540007e-07,-0.0,0.9999997615814209,0.0,0.0,0.0,5,1
1877,2.6251603912896826e-07,-0.0,0.9999997615814209,0.0,0.0,0.0,5,1
1878,4.7044034090504283e-07,-0.0,0.9999995231628418,0.0,0.0,0.0,5,1
1879,7.493221119148075e-07,-0.0,0.9999992847442627,0.0,0.0,0.0,5,1
1880,2.3843929852773726e-07,-0.0,0.9999997615814209,0.0,0.0,0.0,5,1
1881,2.467873798650544e-07,-0.0,0.9999997615814209,0.0,0.0,0.0,5,1
1882,2.866766521947284e-07,-0.0,0.9999997615814209,0.0,0.0,0.0,5,1
1883,9.479419986746507e-07,-0.0,0.9999990463256836,0.0,0.0,0.0,5,1
1884,2.9191480166446127e-07,-0.0,0.9999996423721313,0.0,0.0,0.0,5,1
1885,3.6751862353412434e-07,-0.0,0.9999996423721313,0.0,0.0,0.0,5,1
1886,8.108868883027753e-07,-0.0,0.9999991655349731,0.0,0.0,0.0,5,1
1887,2.4276292265312804e-07,-0.0,0.9999997615814209,0.0,0.0,0.0,5,1
1888,5.771632913820213e-07,-0.0,0.9999994039535522,0.0,0.0,0.0,5,1
1889,3.0947921914048493e-07,-0.0,0.9999997019767761,0.0,0.0,0.0,5,1
1890,4.467759140425187e-07,-0.0,0.9999995231628418,0.0,0.0,0.0,5,1
1891,8.612927899775968e-07,-0.0,0.9999991655349731,0.0,0.0,0.0,5,1
1892,2.6604567437971127e-07,-0.0,0.9999997615814209,0.0,0.0,0.0,5,1
1893,4.7082028231670847e-07,-0.0,0.9999995231628418,0.0,0.0,0.0,5,1
1894,5.640359290737251e-07,-0.0,0.9999994039535522,0.0,0.0,0.0,5,1
1895,2.2824778511676413e-07,-0.0,0.9999997615814209,0.0,0.0,0.0,5,1
1896,2.9403022949736624e-07,-0.0,0.9999997019767761,0.0,0.0,0.0,5,1
1897,5.898569384044094e-07,-0.0,0.9999994039535522,0.0,0.0,0.0,5,1
1898,2.2540339159604628e-06,-0.0,0.9999977350234985,0.0,0.0,0.0,5,1
1899,1.1577975556065212e-06,-0.0,0.9999988079071045,0.0,0.0,0.0,5,1
1900,8.470922807646275e-07,-0.0,0.9999991655349731,0.0,0.0,0.0,5,1
1901,2.96000564503629e-07,-0.0,0.9999997019767761,0.0,0.0,0.0,5,1
1902,6.029019914421951e-07,-0.0,0.9999994039535522,0.0,0.0,0.0,5,1
1903,2.257982032460859e-07,-0.0,0.9999998211860657,0.0,0.0,0.0,5,1
1904,9.876931699182023e-07,-0.0,0.9999990463256836,0.0,0.0,0.0,5,1
1905,6.504619705083314e-07,-0.0,0.9999993443489075,0.0,0.0,0.0,5,1
1906,3.7878419334447244e-07,-0.0,0.9999996423721313,0.0,0.0,0.0,5,1
1907,1.7536353880132083e-07,-0.0,0.9999998807907104,0.0,0.0,0.0,5,1
1908,2.39124062773044e-07,-0.0,0.9999997615814209,0.0,0.0,0.0,5,1
1909,2.2013492184669303e-07,-0.0,0.9999997615814209,0.0,0.0,0.0,5,1
1910,4.0880544815991016e-07,-0.0,0.9999996423721313,0.0,0.0,0.0,5,1
1911,1.8184937289333902e-06,-0.0,0.9999982118606567,0.0,0.0,0.0,5,1
1912,2.483657794982719e-07,-0.0,0.9999997615814209,0.0,0.0,0.0,5,1
1913,3.1891670460026944e-07,-0.0,0.9999997019767761,0.0,0.0,0.0,5,1
1914,2.4675998702150537e-06,-0.0,0.9999974966049194,0.0,0.0,0.0,5,1
1915,2.719418716878863e-07,-0.0,0.9999997615814209,0.0,0.0,0.0,5,1
1916,2.8856970857304987e-07,-0.0,0.9999997019767761,0.0,0.0,0.0,5,1
1917,2.898074171753251e-07,-0.0,0.9999997019767761,0.0,0.0,0.0,5,1
1918,1.317591568295029e-06,-0.0,0.9999986886978149,0.0,0.0,0.0,5,1
1919,6.444422524509719e-07,-0.0,0.9999993443489075,0.0,0.0,0.0,5,1
1920,2.4293268552355585e-07,-0.0,0.9999997615814209,0.0,0.0,0.0,5,1
1921,3.008049986874539e-07,-0.0,0.9999997019767761,0.0,0.0,0.0,5,1
1922,4.0170627357838384e-07,-0.0,0.9999996423721313,0.0,0.0,0.0,5,1
1923,4.620970912583289e-07,-0.0,0.9999995231628418,0.0,0.0,0.0,5,1
1924,4.515532054938376e-07,-0.0,0.9999995827674866,0.0,0.0,0.0,5,1
1925,5.238238145466312e-07,-0.0,0.9999995231628418,0.0,0.0,0.0,5,1
1926,3.2749250067354296e-07,-0.0,0.9999997019767761,0.0,0.0,0.0,5,1
1927,1.0813513995344692e-07,-0.0,0.9999998807907104,0.0,0.0,0.0,5,1
1928,2.724194700931548e-07,-0.0,0.9999997615814209,0.0,0.0,0.0,5,1
1929,2.4728325342948665e-07,-0.0,0.9999997615814209,0.0,0.0,0.0,5,1
1930,2.0919530925311847e-06,-0.0,0.9999979138374329,0.0,0.0,0.0,5,1
1931,4.002919524737081e-07,-0.0,0.9999996423721313,0.0,0.0,0.0,5,1
1932,9.344041131953418e-07,-0.0,0.9999990463256836,0.0,0.0,0.0,5,1
1933,2.7655889311972714e-07,-0.0,0.9999997615814209,0.0,0.0,0.0,5,1
1934,1.477906153013464e-07,-0.0,0.9999998807907104,0.0,0.0,0.0,5,1
1935,5.990219733575941e-07,-0.0,0.9999994039535522,0.0,0.0,0.0,5,1
1936,3.443877574227372e-07,-0.0,0.9999996423721313,0.0,0.0,0.0,5,1
1937,5.892057288292563e-06,-0.0,0.9999940991401672,0.0,0.0,0.0,5,1
1938,5.27677798345394e-07,-0.0,0.999999463558197,0.0,0.0,0.0,5,1
1939,6.170901656332717e-07,-0.0,0.9999994039535522,0.0,0.0,0.0,5,1
1940,3.502745755668002e-07,-0.0,0.9999996423721313,0.0,0.0,0.0,5,1
1941,5.52847154722258e-07,-0.0,0.999999463558197,0.0,0.0,0.0,5,1
1942,3.4650838642846793e-07,-0.0,0.9999996423721313,0.0,0.0,0.0,5,1
1943,4.535868924904207e-07,-0.0,0.9999995231628418,0.0,0.0,0.0,5,1
1944,3.6215840282238787e-07,-0.0,0.9999996423721313,0.0,0.0,0.0,5,1
1945,2.765729618658952e-07,-0.0,0.9999997615814209,0.0,0.0,0.0,5,1
1946,5.083220457891002e-07,-0.0,0.9999995231628418,0.0,0.0,0.0,5,1
1947,4.079770690168516e-07,-0.0,0.9999996423721313,0.0,0.0,0.0,5,1
1948,1.2080638498446206e-06,-0.0,0.9999988079071045,0.0,0.0,0.0,5,1
1949,1.4205170373315923e-07,-0.0,0.9999998807907104,0.0,0.0,0.0,5,1
1950,2.908616920649365e-07,-0.0,0.9999997615814209,0.0,0.0,0.0,5,1
1951,8.334373546858842e-07,-0.0,0.9999991655349731,0.0,0.0,0.0,5,1
1952,1.945145129411685e-07,-0.0,0.9999998211860657,0.0,0.0,0.0,5,1
1953,2.9117740041328943e-07,-0.0,0.9999997019767761,0.0,0.0,0.0,5,1
1954,1.8500348630823282e-07,-0.0,0.9999998211860657,0.0,0.0,0.0,5,1
1955,2.7089734544460953e-07,-0.0,0.9999997019767761,0.0,0.0,0.0,5,1
1956,4.244025717525801e-07,-0.0,0.9999995827674866,0.0,0.0,0.0,5,1
1957,3.1092025665202527e-07,-0.0,0.9999996423721313,0.0,0.0,0.0,5,1
1958,3.339095883347909e-06,-0.0,0.9999966621398926,0.0,0.0,0.0,5,1
1959,5.538352070288965e-07,-0.0,0.9999994039535522,0.0,0.0,0.0,5,1
1960,6.964758085814537e-07,-0.0,0.9999992847442627,0.0,0.0,0.0,5,1
1961,5.14318003297376e-07,-0.0,0.9999995231628418,0.0,0.0,0.0,5,1
1962,4.3275636585349275e-07,-0.0,0.9999995827674866,0.0,0.0,0.0,5,1
1963,3.0629485081590246e-07,-0.0,0.9999997019767761,0.0,0.0,0.0,5,1
1964,3.130189156763663e-07,-0.0,0.9999997019767761,0.0,0.0,0.0,5,1
1965,3.971658202317485e-07,-0.0,0.9999996423721313,0.0,0.0,0.0,5,1
1966,4.3137040961482853e-07,-0.0,0.9999995827674866,0.0,0.0,0.0,5,1
1967,2.1560094864980783e-07,-0.0,0.9999997615814209,0.0,0.0,0.0,5,1
1968,4.701034299614548e-07,-0.0,0.9999995231628418,0.0,0.0,0.0,5,1
1969,3.186094943430362e-07,-0.0,0.9999997019767761,0.0,0.0,0.0,5,1
1970,1.808971603622922e-07,-0.0,0.9999998211860657,0.0,0.0,0.0,5,1
1971,1.611277014035295e-07,-0.0,0.9999998807907104,0.0,0.0,0.0,5,1
1972,3.132477388589905e-07,-0.0,0.9999997019767761,0.0,0.0,0.0,5,1
1973,8.862110689733527e-07,-0.0,0.9999991059303284,0.0,0.0,0.0,5,1
1974,4.747353443690372e-07,-0.0,0.9999995231628418,0.0,0.0,0.0,5,1
1975,1.449880784321067e-07,-0.0,0.9999998807907104,0.0,0.0,0.0,5,1
1976,2.215886922840582e-07,-0.0,0.9999997615814209,0.0,0.0,0.0,5,1
1977,2.8896988624182995e-07,-0.0,0.9999997019767761,0.0,0.0,0.0,5,1
1978,7.15092994596489e-07,-0.0,0.9999992847442627,0.0,0.0,0.0,5,1
1979,4.2012243284261785e-07,-0.0,0.9999996423721313,0.0,0.0,0.0,5,1
1980,5.597568133453024e-07,-0.0,0.9999994039535522,0.0,0.0,0.0,5,1
1981,1.5295951527605212e-07,-0.0,0.9999998211860657,0.0,0.0,0.0,5,1
1982,5.254983648228517e-07,-0.0,0.999999463558197,0.0,0.0,0.0,5,1
1983,6.574802569048188e-07,-0.0,0.9999993443489075,0.0,0.0,0.0,5,1
1984,2.0812350953747227e-07,-0.0,0.9999997615814209,0.0,0.0,0.0,5,1
1985,2.858047878362413e-07,-0.0,0.9999997019767761,0.0,0.0,0.0,5,1
1986,2.4662654141138773e-07,-0.0,0.9999997615814209,0.0,0.0,0.0,5,1
1987,3.960732897212438e-07,-0.0,0.9999996423721313,0.0,0.0,0.0,5,1
1988,2.1609679379253066e-07,-0.0,0.9999997615814209,0.0,0.0,0.0,5,1
1989,1.0786589399458535e-07,-0.0,0.9999998807907104,0.0,0.0,0.0,5,1
1990,2.0390314148244215e-07,-0.0,0.9999998807907104,0.0,0.0,0.0,5,1
1991,4.1118283888863516e-07,-0.0,0.9999995827674866,0.0,0.0,0.0,5,1
1992,3.2984621611831244e-07,-0.0,0.9999996423721313,0.0,0.0,0.0,5,1
1993,4.6523416585841915e-07,-0.0,0.9999995827674866,0.0,0.0,0.0,5,1
1994,4.234307482420263e-07,-0.0,0.9999995827674866,0.0,0.0,0.0,5,1
1995,1.3445019249047618e-06,-0.0,0.9999986886978149,0.0,0.0,0.0,5,1
1996,2.916976882261224e-07,-0.0,0.9999997019767761,0.0,0.0,0.0,5,1
1997,1.8426760561851552e-07,-0.0,0.9999998807907104,0.0,0.0,0.0,5,1
1998,7.764327847326058e-07,-0.0,0.9999992847442627,0.0,0.0,0.0,5,1
1999,1.2575193295560894e-06,-0.0,0.9999987483024597,0.0,0.0,0.0,5,1
2000,2.660743234628171e-07,-0.0,0.9999997615814209,0.0,0.0,0.0,5,1
2001,4.0375226717515034e-07,-0.0,0.9999995827674866,0.0,0.0,0.0,5,1
2002,8.88735144144448e-07,-0.0,0.9999991655349731,0.0,0.0,0.0,5,1
2003,3.8233073951232655e-07,-0.0,0.9999996423721313,0.0,0.0,0.0,5,1
2004,3.531310426296841e-07,-0.0,0.9999996423721313,0.0,0.0,0.0,5,1
2005,3.1219326501741307e-07,-0.0,0.9999997615814209,0.0,0.0,0.0,5,1
2006,4.911888709102641e-07,-0.0,0.9999995231628418,0.0,0.0,0.0,5,1
2007,2.0549848045448016e-07,-0.0,0.9999997615814209,0.0,0.0,0.0,5,1
2008,3.5111995089209813e-07,-0.0,0.9999996423721313,0.0,0.0,0.0,5,1
2009,1.7875399294098315e-07,-0.0,0.9999998211860657,0.0,0.0,0.0,5,1
2010,3.944775244235643e-07,-0.0,0.9999996423721313,0.0,0.0,0.0,5,1
2011,1.0254354521066489e-07,-0.0,0.9999999403953552,0.0,0.0,0.0,5,1
2012,2.8720245381919085e-07,-0.0,0.9999997019767761,0.0,0.0,0.0,5,1
2013,3.8841852756377193e-07,-0.0,0.9999996423721313,0.0,0.0,0.0,5,1
2014,1.8884375663219544e-07,-0.0,0.9999998211860657,0.0,0.0,0.0,5,1
2015,3.775246000259358e-07,-0.0,0.9999996423721313,0.0,0.0,0.0,5,1
2016,5.385089707488078e-07,-0.0,0.999999463558197,0.0,0.0,0.0,5,1
2017,2.157302958494256e-07,-0.0,0.9999997615814209,0.0,0.0,0.0,5,1
2018,4.6660710495416424e-07,-0.0,0.9999995231628418,0.0,0.0,0.0,5,1
2019,3.4139168292313116e-07,-0.0,0.9999996423721313,0.0,0.0,0.0,5,1
2020,2.895664295010647e-07,-0.0,0.9999997019767761,0.0,0.0,0.0,5,1
2021,3.008493081324559e-07,-0.0,0.9999997019767761,0.0,0.0,0.0,5,1
2022,2.1228298408004775e-07,-0.0,0.9999997615814209,0.0,0.0,0.0,5,1
2023,1.9202013845642796e-07,-0.0,0.9999998211860657,0.0,0.0,0.0,5,1
2024,1.944051462032803e-07,-0.0,0.9999998211860657,0.0,0.0,0.0,5,1
2025,1.810786045552959e-07,-0.0,0.9999998807907104,0.0,0.0,0.0,5,1
2026,5.736698653890926e-07,-0.0,0.999999463558197,0.0,0.0,0.0,5,1
2027,3.4453515240784327e-07,-0.0,0.9999996423721313,0.0,0.0,0.0,5,1
2028,8.515061153957504e-07,-0.0,0.9999991655349731,0.0,0.0,0.0,5,1
2029,1.6283092918456532e-07,-0.0,0.9999998211860657,0.0,0.0,0.0,5,1
2030,4.606936272466555e-07,-0.0,0.9999995231628418,0.0,0.0,0.0,5,1
2031,3.0978753784438595e-07,-0.0,0.9999997019767761,0.0,0.0,0.0,5,1
2032,1.7794064888221328e-07,-0.0,0.9999998211860657,0.0,0.0,0.0,5,1
2033,3.66939673313027e-07,-0.0,0.9999996423721313,0.0,0.0,0.0,5,1
2034,1.014899225992849e-06,-0.0,0.9999989867210388,0.0,0.0,0.0,5,1
2035,4.765575454257487e-07,-0.0,0.9999995231628418,0.0,0.0,0.0,5,1
2036,7.528673791057372e-07,-0.0,0.9999992847442627,0.0,0.0,0.0,5,1
2037,1.9253475613822957e-07,-0.0,0.9999998211860657,0.0,0.0,0.0,5,1
2038,2.1389830351381534e-07,-0.0,0.9999997615814209,0.0,0.0,0.0,5,1
2039,4.819748937734403e-07,-0.0,0.9999995231628418,0.0,0.0,0.0,5,1
2040,2.044652944732661e-07,-0.0,0.9999998211860657,0.0,0.0,0.0,5,1
2041,1.4162607442358421e-07,-0.0,0.9999998807907104,0.0,0.0,0.0,5,1
2042,2.5046801965800114e-07,-0.0,0.9999997615814209,0.0,0.0,0.0,5,1
2043,1.3851510516360577e-07,-0.0,0.9999998807907104,0.0,0.0,0.0,5,1
2044,3.742364697245648e-06,-0.0,0.9999962449073792,0.0,0.0,0.0,5,1
2045,2.4514957885912736e-07,-0.0,0.9999997615814209,0.0,0.0,0.0,5,1
2046,6.012335802552116e-07,-0.0,0.9999994039535522,0.0,0.0,0.0,5,1
2047,3.9065946566552157e-07,-0.0,0.9999996423721313,0.0,0.0,0.0,5,1
2048,6.662739906460047e-07,-0.0,0.9999993443489075,0.0,0.0,0.0,5,1
2049,2.8421081310625596e-07,-0.0,0.9999997019767761,0.0,0.0,0.0,5,1
2050,3.786952333939553e-07,-0.0,0.9999996423721313,0.0,0.0,0.0,5,1
2051,3.5945362242273404e-07,-0.0,0.9999996423721313,0.0,0.0,0.0,5,1
2052,4.60162937088171e-07,-0.0,0.9999995231628418,0.0,0.0,0.0,5,1
2053,1.020277636598621e-06,-0.0,0.9999990463256836,0.0,0.0,0.0,5,1
2054,1.4100112366577378e-07,-0.0,0.9999998807907104,0.0,0.0,0.0,5,1
2055,4.6736073500142084e-07,-0.0,0.9999995231628418,0.0,0.0,0.0,5,1
2056,1.7165176302569307e-07,-0.0,0.9999998807907104,0.0,0.0,0.0,5,1
2057,5.109352514409693e-07,-0.0,0.9999995231628418,0.0,0.0,0.0,5,1
2058,3.5246907259534055e-07,-0.0,0.9999997019767761,0.0,0.0,0.0,5,1
2059,1.6122703527798876e-07,-0.0,0.9999998211860657,0.0,0.0,0.0,5,1
2060,3.868428848363692e-07,-0.0,0.9999995827674866,0.0,0.0,0.0,5,1
2061,5.170636541151907e-07,-0.0,0.9999995231628418,0.0,0.0,0.0,5,1
2062,7.475108532162267e-07,-0.0,0.9999992847442627,0.0,0.0,0.0,5,1
2063,8.858214073370618e-07,-0.0,0.9999991655349731,0.0,0.0,0.0,5,1
2064,7.878335281930049e-07,-0.0,0.9999992251396179,0.0,0.0,0.0,5,1
2065,1.3471540682985506e-07,-0.0,0.9999998807907104,0.0,0.0,0.0,5,1
2066,2.5268221293117676e-07,-0.0,0.9999997615814209,0.0,0.0,0.0,5,1
2067,1.6422623616563214e-07,-0.0,0.9999998807907104,0.0,0.0,0.0,5,1
2068,5.210092126617383e-07,-0.0,0.9999995231628418,0.0,0.0,0.0,5,1
2069,7.111740956133872e-07,-0.0,0.9999992847442627,0.0,0.0,0.0,5,1
2070,1.648048453262163e-07,-0.0,0.9999998807907104,0.0,0.0,0.0,5,1
2071,1.0404193062640843e-07,-0.0,0.9999998807907104,0.0,0.0,0.0,5,1
2072,1.821942987589864e-07,-0.0,0.9999998807907104,0.0,0.0,0.0,5,1
2073,1.4462591479968978e-07,-0.0,0.9999998807907104,0.0,0.0,0.0,5,1
2074,1.0516869224375114e-06,-0.0,0.999998927116394,0.0,0.0,0.0,5,1
2075,2.7344327691025683e-07,-0.0,0.9999997615814209,0.0,0.0,0.0,5,1
2076,1.3271154841731914e-07,-0.0,0.9999998807907104,0.0,0.0,0.0,5,1
2077,3.94028256778256e-06,-0.0,0.9999960660934448,0.0,0.0,0.0,5,1
2078,2.2173036029471405e-07,-0.0,0.9999997615814209,0.0,0.0,0.0,5,1
2079,5.109135940983833e-07,-0.0,0.9999995231628418,0.0,0.0,0.0,5,1
2080,5.042628004048311e-07,-0.0,0.9999995231628418,0.0,0.0,0.0,5,1
2081,2.538465651014121e-07,-0.0,0.9999997615814209,0.0,0.0,0.0,5,1
2082,2.1633768199080805e-07,-0.0,0.9999998211860657,0.0,0.0,0.0,5,1
2083,3.326583168927755e-07,-0.0,0.9999997019767761,0.0,0.0,0.0,5,1
2084,2.5995876740125823e-07,-0.0,0.9999997615814209,0.0,0.0,0.0,5,1
2085,1.5187143276307324e-07,-0.0,0.9999998807907104,0.0,0.0,0.0,5,1
2086,9.829353331269886e-08,-0.0,0.9999998807907104,0.0,0.0,0.0,5,1
2087,3.638893133484089e-07,-0.0,0.9999996423721313,0.0,0.0,0.0,5,1
2088,3.8558937376365066e-07,-0.0,0.9999996423721313,0.0,0.0,0.0,5,1
2089,2.6373615469310607e-07,-0.0,0.9999997615814209,0.0,0.0,0.0,5,1
2090,1.6468103467559558e-06,-0.0,0.9999983906745911,0.0,0.0,0.0,5,1
2091,2.0353940044515184e-07,-0.0,0.9999998211860657,0.0,0.0,0.0,5,1
2092,1.2614300715085847e-07,-0.0,0.9999998807907104,0.0,0.0,0.0,5,1
2093,1.382134797722756e-07,-0.0,0.9999998807907104,0.0,0.0,0.0,5,1
2094,1.9280628293927293e-07,-0.0,0.9999998807907104,0.0,0.0,0.0,5,1
2095,8.920247296373418e-08,-0.0,0.9999998807907104,0.0,0.0,0.0,5,1
2096,4.863657636633434e-07,-0.0,0.9999995231628418,0.0,0.0,0.0,5,1
2097,8.157688569099264e-08,-0.0,0.9999998807907104,0.0,0.0,0.0,5,1
2098,1.0452759369172782e-07,-0.0,0.9999998807907104,0.0,0.0,0.0,5,1
2099,2.7714088446373353e-07,-0.0,0.9999997615814209,0.0,0.0,0.0,5,1
2100,2.2838496249732998e-07,-0.0,0.9999997615814209,0.0,0.0,0.0,5,1
2101,2.1113922343829472e-07,-0.0,0.9999998211860657,0.0,0.0,0.0,5,1
2102,3.272291166922514e-07,-0.0,0.9999997019767761,0.0,0.0,0.0,5,1
2103,2.448983309477626e-07,-0.0,0.9999997615814209,0.0,0.0,0.0,5,1
2104,2.064301440896088e-07,-0.0,0.9999998211860657,0.0,0.0,0.0,5,1
2105,1.9077394597388775e-07,-0.0,0.9999998211860657,0.0,0.0,0.0,5,1
2106,1.9288165731268236e-07,-0.0,0.9999998807907104,0.0,0.0,0.0,5,1
2107,2.6551234100224974e-07,-0.0,0.9999997615814209,0.0,0.0,0.0,5,1
2108,7.889407811489946e-07,-0.0,0.9999992251396179,0.0,0.0,0.0,5,1
2109,3.3038261904039246e-07,-0.0,0.9999996423721313,0.0,0.0,0.0,5,1
2110,4.135432334351208e-07,-0.0,0.9999995827674866,0.0,0.0,0.0,5,1
2111,4.154520922838856e-07,-0.0,0.9999995827674866,0.0,0.0,0.0,5,1
2112,1.122859174529367e-07,-0.0,0.9999998807907104,0.0,0.0,0.0,5,1
2113,5.123546316099237e-07,-0.0,0.9999995231628418,0.0,0.0,0.0,5,1
2114,1.924620534055066e-07,-0.0,0.9999998211860657,0.0,0.0,0.0,5,1
2115,2.8789730777134537e-07,-0.0,0.9999997019767761,0.0,0.0,0.0,5,1
2116,2.3741262111798278e-07,-0.0,0.9999997615814209,0.0,0.0,0.0,5,1
2117,1.3821448874296038e-07,-0.0,0.9999998807907104,0.0,0.0,0.0,5,1
2118,5.257249995338498e-07,-0.0,0.9999995231628418,0.0,0.0,0.0,5,1
2119,2.678193880001345e-07,-0.0,0.9999997615814209,0.0,0.0,0.0,5,1
2120,3.1638319342164323e-07,-0.0,0.9999997019767761,0.0,0.0,0.0,5,1
2121,2.714864422159735e-07,-0.0,0.9999997615814209,0.0,0.0,0.0,5,1
2122,1.1830899637743642e-07,-0.0,0.9999998807907104,0.0,0.0,0.0,5,1
2123,2.956707021439797e-07,-0.0,0.9999997615814209,0.0,0.0,0.0,5,1
2124,2.6780008965943125e-07,-0.0,0.9999997615814209,0.0,0.0,0.0,5,1
2125,6.739210220985115e-07,-0.0,0.9999992847442627,0.0,0.0,0.0,5,1
2126,9.380879646414542e-07,-0.0,0.9999990463256836,0.0,0.0,0.0,5,1
2127,2.0596772287717613e-07,-0.0,0.9999998211860657,0.0,0.0,0.0,5,1
2128,2.820684983362298e-07,-0.0,0.9999997615814209,0.0,0.0,0.0,5,1
2129,2.98419820410345e-07,-0.0,0.9999997615814209,0.0,0.0,0.0,5,1
2130,3.1552309565086034e-07,-0.0,0.9999997019767761,0.0,0.0,0.0,5,1
2131,2.1763997892776388e-07,-0.0,0.9999998211860657,0.0,0.0,0.0,5,1
2132,1.3952831068309024e-07,-0.0,0.9999998807907104,0.0,0.0,0.0,5,1
2133,1.5336348724304116e-07,-0.0,0.9999998807907104,0.0,0.0,0.0,5,1
2134,5.986445898997772e-07,-0.0,0.9999994039535522,0.0,0.0,0.0,5,1
2135,5.006679657526547e-07,-0.0,0.9999995231628418,0.0,0.0,0.0,5,1
2136,1.0128917438123608e-07,-0.0,0.9999999403953552,0.0,0.0,0.0,5,1
2137,5.868527068741969e-07,-0.0,0.9999994039535522,0.0,0.0,0.0,5,1
2138,7.096816716511967e-07,-0.0,0.9999992847442627,0.0,0.0,0.0,5,1
2139,2.2670040777938993e-07,-0.0,0.9999998211860657,0.0,0.0,0.0,5,1
2140,2.6324397595089977e-07,-0.0,0.9999997615814209,0.0,0.0,0.0,5,1
2141,1.7791677464629174e-07,-0.0,0.9999998807907104,0.0,0.0,0.0,5,1
2142,1.9033373632737494e-07,-0.0,0.9999998807907104,0.0,0.0,0.0,5,1
2143,1.4329179975902662e-07,-0.0,0.9999998211860657,0.0,0.0,0.0,5,1
2144,1.1703762936576823e-07,-0.0,0.9999998807907104,0.0,0.0,0.0,5,1
2145,1.874468438245458e-07,-0.0,0.9999998807907104,0.0,0.0,0.0,5,1
2146,4.2021619606202876e-07,-0.0,0.9999995231628418,0.0,0.0,0.0,5,1
2147,7.217418840355094e-08,-0.0,1.0,0.0,0.0,0.0,5,1
2148,4.340413966019696e-07,-0.0,0.9999995827674866,0.0,0.0,0.0,5,1
2149,2.2807512323197443e-06,-0.0,0.9999977350234985,0.0,0.0,0.0,5,1
2150,5.059470709056768e-08,-0.0,1.0,0.0,0.0,0.0,5,1
2151,1.4462038677720557e-07,-0.0,0.9999998807907104,0.0,0.0,0.0,5,1
2152,2.310543010253241e-07,-0.0,0.9999997615814209,0.0,0.0,0.0,5,1
2153,2.7620879450296343e-07,-0.0,0.9999997615814209,0.0,0.0,0.0,5,1
2154,1.587669657965307e-07,-0.0,0.9999998807907104,0.0,0.0,0.0,5,1
2155,7.231102472360362e-07,-0.0,0.9999992847442627,0.0,0.0,0.0,5,1
2156,9.254910793288218e-08,-0.0,0.9999999403953552,0.0,0.0,0.0,5,1
2157,2.8361887416394893e-07,-0.0,0.9999997019767761,0.0,0.0,0.0,5,1
2158,9.890429453207616e-08,-0.0,0.9999998807907104,0.0,0.0,0.0,5,1
2159,3.827553882729262e-07,-0.0,0.9999996423721313,0.0,0.0,0.0,5,1
2160,9.990618821120734e-08,-0.0,0.9999998807907104,0.0,0.0,0.0,5,1
2161,1.6203210861931439e-07,-0.0,0.9999998807907104,0.0,0.0,0.0,5,1
2162,5.136632807989372e-07,-0.0,0.9999995231628418,0.0,0.0,0.0,5,1
2163,2.7609280550677795e-07,-0.0,0.9999997615814209,0.0,0.0,0.0,5,1
2164,1.5162513022914936e-07,-0.0,0.9999998807907104,0.0,0.0,0.0,5,1
2165,1.325804532825714e-07,-0.0,0.9999998807907104,0.0,0.0,0.0,5,1
2166,8.637367443498079e-08,-0.0,0.9999998807907104,0.0,0.0,0.0,5,1
2167,2.885493586290977e-07,-0.0,0.9999997019767761,0.0,0.0,0.0,5,1
2168,2.4204030069086e-07,-0.0,0.9999997615814209,0.0,0.0,0.0,5,1
2169,1.1420876688816861e-07,-0.0,0.9999998807907104,0.0,0.0,0.0,5,1
2170,3.970415605181188e-07,-0.0,0.9999996423721313,0.0,0.0,0.0,5,1
2171,1.2652474197238917e-06,-0.0,0.9999987483024597,0.0,0.0,0.0,5,1
2172,2.431328880447836e-07,-0.0,0.9999997615814209,0.0,0.0,0.0,5,1
2173,3.292930728093779e-07,-0.0,0.9999996423721313,0.0,0.0,0.0,5,1
2174,2.178416451670273e-07,-0.0,0.9999997615814209,0.0,0.0,0.0,5,1
2175,8.024474595913489e-08,-0.0,0.9999999403953552,0.0,0.0,0.0,5,1
2176,1.4949408466691239e-07,-0.0,0.9999998807907104,0.0,0.0,0.0,5,1
2177,3.5696734812518116e-07,-0.0,0.9999996423721313,0.0,0.0,0.0,5,1
2178,1.818000896491867e-07,-0.0,0.9999998807907104,0.0,0.0,0.0,5,1
2179,5.272674457046378e-07,-0.0,0.9999995231628418,0.0,0.0,0.0,5,1
2180,1.1926704246434383e-07,-0.0,0.9999998807907104,0.0,0.0,0.0,5,1
2181,4.7439047534680867e-07,-0.0,0.9999995231628418,0.0,0.0,0.0,5,1
2182,2.65542865918178e-07,-0.0,0.9999997615814209,0.0,0.0,0.0,5,1
2183,1.4018306160323846e-07,-0.0,0.9999998807907104,0.0,0.0,0.0,5,1
2184,1.859529419334649e-07,-0.0,0.9999998211860657,0.0,0.0,0.0,5,1
2185,5.312869575391233e-07,-0.0,0.9999995231628418,0.0,0.0,0.0,5,1
2186,9.287035709348856e-07,-0.0,0.9999991059303284,0.0,0.0,0.0,5,1
2187,2.5796364866437216e-07,-0.0,0.9999997615814209,0.0,0.0,0.0,5,1
2188,1.2876351718205115e-07,-0.0,0.9999998807907104,0.0,0.0,0.0,5,1
2189,1.6315178186232515e-07,-0.0,0.9999998807907104,0.0,0.0,0.0,5,1
2190,1.8013116687143338e-07,-0.0,0.9999998807907104,0.0,0.0,0.0,5,1
2191,1.1617589024126573e-07,-0.0,0.9999998807907104,0.0,0.0,0.0,5,1
2192,4.758231000323576e-07,-0.0,0.9999995231628418,0.0,0.0,0.0,5,1
2193,8.36400261050585e-07,-0.0,0.9999991655349731,0.0,0.0,0.0,5,1
2194,4.2867426941484155e-07,-0.0,0.9999995827674866,0.0,0.0,0.0,5,1
2195,2.0396799982336233e-07,-0.0,0.9999998211860657,0.0,0.0,0.0,5,1
2196,1.549493191532747e-07,-0.0,0.9999998807907104,0.0,0.0,0.0,5,1
2197,2.787846824503504e-07,-0.0,0.9999997615814209,0.0,0.0,0.0,5,1
2198,2.2602728222409496e-07,-0.0,0.9999998211860657,0.0,0.0,0.0,5,1
2199,1.2904439472549711e-07,-0.0,0.9999998807907104,0.0,0.0,0.0,5,1
2200,2.3345788235928921e-07,-0.0,0.9999997615814209,0.0,0.0,0.0,5,1
2201,1.8753183894659742e-07,-0.0,0.9999998211860657,0.0,0.0,0.0,5,1
2202,1.7050521705641586e-07,-0.0,0.9999998807907104,0.0,0.0,0.0,5,1
2203,1.2226275885041105e-06,-0.0,0.9999988079071045,0.0,0.0,0.0,5,1
2204,1.237913664908774e-07,-0.0,0.9999998807907104,0.0,0.0,0.0,5,1
2205,1.386773220701798e-07,-0.0,0.9999998807907104,0.0,0.0,0.0,5,1
2206,2.2046032199796173e-07,-0.0,0.9999998211860657,0.0,0.0,0.0,5,1
2207,1.109885943151312e-07,-0.0,0.9999998807907104,0.0,0.0,0.0,5,1
2208,1.3110835084262362e-07,-0.0,0.9999999403953552,0.0,0.0,0.0,5,1
2209,3.958290335503989e-07,-0.0,0.9999996423721313,0.0,0.0,0.0,5,1
2210,1.4765532796445768e-07,-0.0,0.9999998807907104,0.0,0.0,0.0,5,1
2211,1.1549187917125892e-07,-0.0,0.9999998807907104,0.0,0.0,0.0,5,1
2212,1.7391107576258946e-07,-0.0,0.9999998807907104,0.0,0.0,0.0,5,1
2213,2.6933241770166205e-07,-0.0,0.9999997615814209,0.0,0.0,0.0,5,1
2214,4.4857085867988644e-07,-0.0,0.9999995827674866,0.0,0.0,0.0,5,1
2215,3.52927912672385e-07,-0.0,0.9999996423721313,0.0,0.0,0.0,5,1
2216,2.244685362029486e-07,-0.0,0.9999997615814209,0.0,0.0,0.0,5,1
2217,5.86813030167832e-07,-0.0,0.9999994039535522,0.0,0.0,0.0,5,1
2218,2.585732943316543e-07,-0.0,0.9999997615814209,0.0,0.0,0.0,5,1
2219,1.9344767565598886e-07,-0.0,0.9999997615814209,0.0,0.0,0.0,5,1
2220,1.703438101685606e-07,-0.0,0.9999998807907104,0.0,0.0,0.0,5,1
2221,3.261999950154859e-07,-0.0,0.9999997019767761,0.0,0.0,0.0,5,1
2222,6.090198780839273e-07,-0.0,0.9999994039535522,0.0,0.0,0.0,5,1
2223,1.6267802038782975e-07,-0.0,0.9999998807907104,0.0,0.0,0.0,5,1
2224,1.0874792621962115e-07,-0.0,0.9999998807907104,0.0,0.0,0.0,5,1
2225,1.7803833429752558e-07,-0.0,0.9999998807907104,0.0,0.0,0.0,5,1
2226,1.498727755233631e-07,-0.0,0.9999998807907104,0.0,0.0,0.0,5,1
2227,1.253321073590996e-07,-0.0,0.9999998807907104,0.0,0.0,0.0,5,1
2228,1.4196976394487137e-07,-0.0,0.9999998807907104,0.0,0.0,0.0,5,1
2229,3.359920413004147e-07,-0.0,0.9999996423721313,0.0,0.0,0.0,5,1
2230,3.3766556839509576e-07,-0.0,0.9999996423721313,0.0,0.0,0.0,5,1
2231,1.6054266893661406e-07,-0.0,0.9999998807907104,0.0,0.0,0.0,5,1
2232,5.233804927229357e-07,-0.0,0.9999995231628418,0.0,0.0,0.0,5,1
2233,6.383327217918122e-07,-0.0,0.9999994039535522,0.0,0.0,0.0,5,1
2234,3.0413838203458e-07,-0.0,0.9999997019767761,0.0,0.0,0.0,5,1
2235,1.583493798307245e-07,-0.0,0.9999998807907104,0.0,0.0,0.0,5,1
2236,1.8025119175035798e-07,-0.0,0.9999998211860657,0.0,0.0,0.0,5,1
2237,8.136867535313286e-08,-0.0,0.9999999403953552,0.0,0.0,0.0,5,1
2238,1.0347925183396e-07,-0.0,0.9999999403953552,0.0,0.0,0.0,5,1
2239,4.5716609520241036e-07,-0.0,0.9999995231628418,0.0,0.0,0.0,5,1
2240,8.6730459258888e-08,-0.0,0.9999999403953552,0.0,0.0,0.0,5,1
2241,1.0577009845746943e-07,-0.0,0.9999999403953552,0.0,0.0,0.0,5,1
2242,1.0582670029180008e-07,-0.0,0.9999998807907104,0.0,0.0,0.0,5,1
2243,1.5398475738948036e-07,-0.0,0.9999998807907104,0.0,0.0,0.0,5,1
2244,2.5972042294597486e-07,-0.0,0.9999997615814209,0.0,0.0,0.0,5,1
2245,7.47610684470601e-08,-0.0,0.9999999403953552,0.0,0.0,0.0,5,1
2246,2.220590005208578e-07,-0.0,0.9999997615814209,0.0,0.0,0.0,5,1
2247,1.6922182055623125e-07,-0.0,0.9999998807907104,0.0,0.0,0.0,5,1
2248,5.590901253071934e-08,-0.0,1.0,0.0,0.0,0.0,5,1
2249,6.902651961127049e-08,-0.0,1.0,0.0,0.0,0.0,5,1
2250,9.749112450663233e-08,-0.0,0.9999999403953552,0.0,0.0,0.0,5,1
2251,1.698808205219393e-07,-0.0,0.9999998807907104,0.0,0.0,0.0,5,1
2252,1.4467723019606638e-07,-0.0,0.9999998807907104,0.0,0.0,0.0,5,1
2253,1.0661140947831882e-07,-0.0,0.9999998807907104,0.0,0.0,0.0,5,1
2254,9.161720271322338e-08,-0.0,0.9999998807907104,0.0,0.0,0.0,5,1
2255,3.715518062108458e-07,-0.0,0.9999996423721313,0.0,0.0,0.0,5,1
2256,2.7950744652116555e-07,-0.0,0.9999997615814209,0.0,0.0,0.0,5,1
2257,9.569527037456282e-08,-0.0,0.9999998807907104,0.0,0.0,0.0,5,1
2258,8.900769898900762e-08,-0.0,0.9999999403953552,0.0,0.0,0.0,5,1
2259,7.22014448228947e-08,-0.0,0.9999999403953552,0.0,0.0,0.0,5,1
2260,2.1528902038880915e-07,-0.0,0.9999998211860657,0.0,0.0,0.0,5,1
2261,1.7126575357906404e-07,-0.0,0.9999998807907104,0.0,0.0,0.0,5,1
2262,2.0095362174288312e-07,-0.0,0.9999998807907104,0.0,0.0,0.0,5,1
2263,4.733820446745085e-08,-0.0,1.0,0.0,0.0,0.0,5,1
2264,2.521390456422523e-07,-0.0,0.9999997615814209,0.0,0.0,0.0,5,1
2265,1.211484033092347e-07,-0.0,0.9999998807907104,0.0,0.0,0.0,5,1
2266,9.422895175248414e-08,-0.0,0.9999998807907104,0.0,0.0,0.0,5,1
2267,1.1950702116791945e-07,-0.0,0.9999998807907104,0.0,0.0,0.0,5,1
2268,9.337449569102318e-08,-0.0,0.9999998807907104,0.0,0.0,0.0,5,1
2269,5.6611717980104004e-08,-0.0,1.0,0.0,0.0,0.0,5,1
2270,2.519580561965995e-07,-0.0,0.9999997615814209,0.0,0.0,0.0,5,1
2271,1.0054117893787407e-07,-0.0,0.9999999403953552,0.0,0.0,0.0,5,1
2272,1.1100071617420326e-07,-0.0,0.9999998807907104,0.0,0.0,0.0,5,1
2273,4.876189905189676e-07,-0.0,0.9999995231628418,0.0,0.0,0.0,5,1
2274,1.4346758803185367e-07,-0.0,0.9999998807907104,0.0,0.0,0.0,5,1
2275,2.419520228613692e-07,-0.0,0.9999997615814209,0.0,0.0,0.0,5,1
2276,1.1165439417482048e-07,-0.0,0.9999998807907104,0.0,0.0,0.0,5,1
2277,3.6483399412645667e-07,-0.0,0.9999996423721313,0.0,0.0,0.0,5,1
2278,1.7111280214976432e-07,-0.0,0.9999998211860657,0.0,0.0,0.0,5,1
2279,5.15705664838606e-08,-0.0,1.0,0.0,0.0,0.0,5,1
2280,2.751555996383104e-07,-0.0,0.9999997615814209,0.0,0.0,0.0,5,1
2281,2.1132876781848609e-07,-0.0,0.9999998211860657,0.0,0.0,0.0,5,1
2282,1.0372065162300714e-07,-0.0,0.9999999403953552,0.0,0.0,0.0,5,1
2283,3.0491702318613534e-07,-0.0,0.9999997019767761,0.0,0.0,0.0,5,1
2284,8.446590982202906e-08,-0.0,0.9999998807907104,0.0,0.0,0.0,5,1
2285,1.1174886083153979e-07,-0.0,0.9999998807907104,0.0,0.0,0.0,5,1
2286,1.529163995428462e-07,-0.0,0.9999998807907104,0.0,0.0,0.0,5,1
2287,1.1930606547139178e-07,-0.0,0.9999998807907104,0.0,0.0,0.0,5,1
2288,1.4782199286855757e-07,-0.0,0.9999998807907104,0.0,0.0,0.0,5,1
2289,4.368850738956098e-07,-0.0,0.9999995827674866,0.0,0.0,0.0,5,1
2290,2.3897135292827443e-07,-0.0,0.9999997615814209,0.0,0.0,0.0,5,1
2291,2.1281658746374887e-07,-0.0,0.9999997615814209,0.0,0.0,0.0,5,1
2292,6.557138476637192e-08,-0.0,1.0,0.0,0.0,0.0,5,1
2293,1.0702557062813867e-07,-0.0,0.9999999403953552,0.0,0.0,0.0,5,1
2294,1.0534898819969385e-07,-0.0,0.9999998807907104,0.0,0.0,0.0,5,1
2295,1.3984214319862076e-07,-0.0,0.9999998807907104,0.0,0.0,0.0,5,1
2296,1.1893906304294433e-07,-0.0,0.9999998807907104,0.0,0.0,0.0,5,1
2297,3.5162727840543084e-07,-0.0,0.9999996423721313,0.0,0.0,0.0,5,1
2298,4.756229543545487e-08,-0.0,1.0,0.0,0.0,0.0,5,1
2299,3.2371431757383107e-07,-0.0,0.9999996423721313,0.0,0.0,0.0,5,1
2300,1.5667444586142665e-07,-0.0,0.9999998807907104,0.0,0.0,0.0,5,1
2301,9.318621607690147e-08,-0.0,0.9999999403953552,0.0,0.0,0.0,5,1
2302,1.061818082348509e-07,-0.0,0.9999998807907104,0.0,0.0,0.0,5,1
2303,1.0396568939086137e-07,-0.0,0.9999999403953552,0.0,0.0,0.0,5,1
2304,1.196430901018175e-07,-0.0,0.9999998807907104,0.0,0.0,0.0,5,1
2305,1.3707884249924973e-07,-0.0,0.9999998807907104,0.0,0.0,0.0,5,1
2306,2.512534820198198e-07,-0.0,0.9999997615814209,0.0,0.0,0.0,5,1
2307,6.480306069533981e-08,-0.0,0.9999999403953552,0.0,0.0,0.0,5,1
2308,4.702846467807831e-08,-0.0,1.0,0.0,0.0,0.0,5,1
2309,2.0881907403236255e-07,-0.0,0.9999998211860657,0.0,0.0,0.0,5,1
2310,4.741858461443371e-08,-0.0,1.0,0.0,0.0,0.0,5,1
2311,1.0125380356384994e-07,-0.0,0.9999998807907104,0.0,0.0,0.0,5,1
2312,1.2667049986703205e-07,-0.0,0.9999998807907104,0.0,0.0,0.0,5,1
2313,6.202387794473907e-07,-0.0,0.9999994039535522,0.0,0.0,0.0,5,1
2314,1.8418003833176044e-07,-0.0,0.9999998211860657,0.0,0.0,0.0,5,1
2315,8.346336244358099e-08,-0.0,0.9999998807907104,0.0,0.0,0.0,5,1
2316,1.7978535993279365e-07,-0.0,0.9999998211860657,0.0,0.0,0.0,5,1
2317,1.8442273130858666e-07,-0.0,0.9999998211860657,0.0,0.0,0.0,5,1
2318,1.6811155489904195e-07,-0.0,0.9999998807907104,0.0,0.0,0.0,5,1
2319,4.800451165465347e-07,-0.0,0.9999995231628418,0.0,0.0,0.0,5,1
2320,1.1056451398872014e-07,-0.0,0.9999999403953552,0.0,0.0,0.0,5,1
2321,3.86460925483334e-08,-0.0,1.0,0.0,0.0,0.0,5,1
2322,6.482378722694193e-08,-0.0,1.0,0.0,0.0,0.0,5,1
2323,8.856203237428417e-08,-0.0,0.9999999403953552,0.0,0.0,0.0,5,1
2324,1.4828127348209819e-07,-0.0,0.9999998807907104,0.0,0.0,0.0,5,1
2325,6.0000417079209e-07,-0.0,0.9999994039535522,0.0,0.0,0.0,5,1
2326,1.0681242201826535e-07,-0.0,0.9999998807907104,0.0,0.0,0.0,5,1
2327,1.0003378747569514e-07,-0.0,0.9999998807907104,0.0,0.0,0.0,5,1
2328,2.159542731305919e-07,-0.0,0.9999997615814209,0.0,0.0,0.0,5,1
2329,9.520486088376856e-08,-0.0,0.9999998807907104,0.0,0.0,0.0,5,1
2330,6.946338260149787e-08,-0.0,0.9999998807907104,0.0,0.0,0.0,5,1
2331,8.917853477896642e-08,-0.0,0.9999998807907104,0.0,0.0,0.0,5,1
2332,2.250475432674648e-07,-0.0,0.9999998211860657,0.0,0.0,0.0,5,1
2333,1.5965646582571935e-07,-0.0,0.9999998807907104,0.0,0.0,0.0,5,1
2334,3.6169575423627975e-07,-0.0,0.9999996423721313,0.0,0.0,0.0,5,1
2335,8.598529888104167e-08,-0.0,0.9999999403953552,0.0,0.0,0.0,5,1
2336,9.476425333332372e-08,-0.0,0.9999998807907104,0.0,0.0,0.0,5,1
2337,1.3668204701389186e-07,-0.0,0.9999998807907104,0.0,0.0,0.0,5,1
2338,1.1532870303199161e-07,-0.0,0.9999998807907104,0.0,0.0,0.0,5,1
2339,3.8826861725738127e-08,-0.0,1.0,0.0,0.0,0.0,5,1
2340,6.713031552862958e-08,-0.0,1.0,0.0,0.0,0.0,5,1
2341,1.3342808813376905e-07,-0.0,0.9999998807907104,0.0,0.0,0.0,5,1
2342,2.8806095997424563e-07,-0.0,0.9999997615814209,0.0,0.0,0.0,5,1
2343,7.32524867430584e-08,-0.0,1.0,0.0,0.0,0.0,5,1
2344,1.620208962549441e-07,-0.0,0.9999998211860657,0.0,0.0,0.0,5,1
2345,1.8017839238382294e-06,-0.0,0.9999982118606567,0.0,0.0,0.0,5,1
2346,8.448645871794724e-08,-0.0,0.9999998807907104,0.0,0.0,0.0,5,1
2347,1.5599164271407062e-07,-0.0,0.9999998807907104,0.0,0.0,0.0,5,1
2348,7.552748115813301e-08,-0.0,0.9999999403953552,0.0,0.0,0.0,5,1
2349,7.086303099868019e-08,-0.0,0.9999999403953552,0.0,0.0,0.0,5,1
2350,2.4963532041510916e-07,-0.0,0.9999997615814209,0.0,0.0,0.0,5,1
2351,6.479331204900518e-08,-0.0,1.0,0.0,0.0,0.0,5,1
2352,1.0740509992501757e-07,-0.0,0.9999998807907104,0.0,0.0,0.0,5,1
2353,1.9822195440610813e-07,-0.0,0.9999998211860657,0.0,0.0,0.0,5,1
2354,1.0073315337422173e-07,-0.0,0.9999998807907104,0.0,0.0,0.0,5,1
2355,8.948901353278416e-08,-0.0,0.9999998807907104,0.0,0.0,0.0,5,1
2356,9.333260919675013e-08,-0.0,0.9999998807907104,0.0,0.0,0.0,5,1
2357,8.495595693602809e-08,-0.0,0.9999999403953552,0.0,0.0,0.0,5,1
2358,2.085288741682234e-07,-0.0,0.9999998211860657,0.0,0.0,0.0,5,1
2359,1.3213102079134842e-07,-0.0,0.9999998807907104,0.0,0.0,0.0,5,1
2360,6.922300599399023e-08,-0.0,0.9999999403953552,0.0,0.0,0.0,5,1
2361,3.6331846331449924e-07,-0.0,0.9999996423721313,0.0,0.0,0.0,5,1
2362,7.19422246220347e-08,-0.0,0.9999999403953552,0.0,0.0,0.0,5,1
2363,7.391448093585495e-07,-0.0,0.9999992847442627,0.0,0.0,0.0,5,1
2364,2.0101290942875494e-07,-0.0,0.9999998211860657,0.0,0.0,0.0,5,1
2365,3.4483895205994486e-07,-0.0,0.9999996423721313,0.0,0.0,0.0,5,1
2366,4.948671517013281e-08,-0.0,1.0,0.0,0.0,0.0,5,1
2367,7.022512704679684e-08,-0.0,1.0,0.0,0.0,0.0,5,1
2368,6.444911093694827e-08,-0.0,1.0,0.0,0.0,0.0,5,1
2369,1.346974158877856e-07,-0.0,0.9999998807907104,0.0,0.0,0.0,5,1
2370,8.531799267075257e-08,-0.0,0.9999998807907104,0.0,0.0,0.0,5,1
2371,6.214817460659106e-08,-0.0,0.9999999403953552,0.0,0.0,0.0,5,1
2372,9.389782462676521e-08,-0.0,0.9999998807907104,0.0,0.0,0.0,5,1
2373,1.3360335060497164e-07,-0.0,0.9999998807907104,0.0,0.0,0.0,5,1
2374,1.1341198558056931e-07,-0.0,0.9999998807907104,0.0,0.0,0.0,5,1
2375,1.1417894540954876e-07,-0.0,0.9999998807907104,0.0,0.0,0.0,5,1
2376,1.5019844568087137e-07,-0.0,0.9999998211860657,0.0,0.0,0.0,5,1
2377,2.9038730531283363e-07,-0.0,0.9999997615814209,0.0,0.0,0.0,5,1
2378,1.2463979714993911e-07,-0.0,0.9999998807907104,0.0,0.0,0.0,5,1
2379,6.265393182047774e-08,-0.0,1.0,0.0,0.0,0.0,5,1
2380,1.8337432550197263e-07,-0.0,0.9999998211860657,0.0,0.0,0.0,5,1
2381,1.024809677119265e-07,-0.0,0.9999998807907104,0.0,0.0,0.0,5,1
2382,5.832029259522642e-08,-0.0,1.0,0.0,0.0,0.0,5,1
2383,2.2111692032922292e-07,-0.0,0.9999997615814209,0.0,0.0,0.0,5,1
2384,5.412503156776438e-08,-0.0,1.0,0.0,0.0,0.0,5,1
2385,3.898540512636828e-07,-0.0,0.9999996423721313,0.0,0.0,0.0,5,1
2386,1.6782113334556925e-06,-0.0,0.9999983310699463,0.0,0.0,0.0,5,1
2387,1.0533393890455045e-07,-0.0,0.9999998807907104,0.0,0.0,0.0,5,1
2388,1.4908013667991327e-07,-0.0,0.9999998807907104,0.0,0.0,0.0,5,1
2389,1.3074735250029335e-07,-0.0,0.9999998807907104,0.0,0.0,0.0,5,1
2390,1.2632150969693612e-07,-0.0,0.9999998807907104,0.0,0.0,0.0,5,1
2391,1.766256900737062e-07,-0.0,0.9999998211860657,0.0,0.0,0.0,5,1
2392,6.685276332518697e-08,-0.0,0.9999999403953552,0.0,0.0,0.0,5,1
2393,4.7574209816048096e-07,-0.0,0.9999995827674866,0.0,0.0,0.0,5,1
2394,3.877715926137171e-08,-0.0,1.0,0.0,0.0,0.0,5,1
2395,7.425984449582756e-08,-0.0,0.9999999403953552,0.0,0.0,0.0,5,1
2396,4.769781014601904e-08,-0.0,1.0,0.0,0.0,0.0,5,1
2397,2.3269099358458334e-07,-0.0,0.9999998211860657,0.0,0.0,0.0,5,1
2398,7.751295072466746e-08,-0.0,0.9999999403953552,0.0,0.0,0.0,5,1
2399,7.50003295024726e-08,-0.0,0.9999999403953552,0.0,0.0,0.0,5,1
2400,7.480489472300178e-08,-0.0,0.9999999403953552,0.0,0.0,0.0,5,1
2401,1.2735955579046276e-07,-0.0,0.9999998807907104,0.0,0.0,0.0,5,1
2402,2.890693053814175e-07,-0.0,0.9999997615814209,0.0,0.0,0.0,5,1
2403,6.752262038389745e-08,-0.0,0.9999999403953552,0.0,0.0,0.0,5,1
2404,3.982403384839017e-08,-0.0,1.0,0.0,0.0,0.0,5,1
2405,1.8220471531549265e-07,-0.0,0.9999998807907104,0.0,0.0,0.0,5,1
2406,7.523649969698454e-08,-0.0,0.9999999403953552,0.0,0.0,0.0,5,1
2407,7.825323109500459e-07,-0.0,0.9999992251396179,0.0,0.0,0.0,5,1
2408,1.09749336729692e-07,-0.0,0.9999998807907104,0.0,0.0,0.0,5,1
2409,2.1980200415328e-07,-0.0,0.9999997615814209,0.0,0.0,0.0,5,1
2410,5.293055238553279e-08,-0.0,1.0,0.0,0.0,0.0,5,1
2411,7.057434459056822e-08,-0.0,0.9999998807907104,0.0,0.0,0.0,5,1
2412,7.185113304331026e-07,-0.0,0.9999992847442627,0.0,0.0,0.0,5,1
2413,9.955000734862551e-08,-0.0,0.9999998807907104,0.0,0.0,0.0,5,1
2414,1.1485770556873831e-07,-0.0,0.9999998807907104,0.0,0.0,0.0,5,1
2415,8.506916060468939e-08,-0.0,0.9999999403953552,0.0,0.0,0.0,5,1
2416,5.60801893811913e-08,-0.0,1.0,0.0,0.0,0.0,5,1
2417,8.493856284985668e-08,-0.0,0.9999999403953552,0.0,0.0,0.0,5,1
2418,3.986130820976541e-07,-0.0,0.9999996423721313,0.0,0.0,0.0,5,1
2419,2.960927503181665e-08,-0.0,1.0,0.0,0.0,0.0,5,1
2420,9.141950840785285e-08,-0.0,0.9999998807907104,0.0,0.0,0.0,5,1
2421,8.288677832979374e-08,-0.0,1.0,0.0,0.0,0.0,5,1
2422,1.5462151736755914e-07,-0.0,0.9999998807907104,0.0,0.0,0.0,5,1
2423,4.54803341654042e-08,-0.0,1.0,0.0,0.0,0.0,5,1
2424,9.088151387004473e-08,-0.0,0.9999998807907104,0.0,0.0,0.0,5,1
2425,3.922102109754633e-08,-0.0,1.0,0.0,0.0,0.0,5,1
2426,5.306672079541386e-08,-0.0,1.0,0.0,0.0,0.0,5,1
2427,1.5729713709333737e-07,-0.0,0.9999998807907104,0.0,0.0,0.0,5,1
2428,1.3393903941505414e-07,-0.0,0.9999998807907104,0.0,0.0,0.0,5,1
2429,4.7208818187982615e-08,-0.0,1.0,0.0,0.0,0.0,5,1
2430,5.093404098488463e-08,-0.0,1.0,0.0,0.0,0.0,5,1
2431,1.384094048262341e-07,-0.0,0.9999998807907104,0.0,0.0,0.0,5,1
2432,2.761031225873012e-07,-0.0,0.9999997615814209,0.0,0.0,0.0,5,1
2433,7.128936090339266e-07,-0.0,0.9999992847442627,0.0,0.0,0.0,5,1
2434,1.3850907976120652e-07,-0.0,0.9999998807907104,0.0,0.0,0.0,5,1
2435,3.938584995921701e-07,-0.0,0.9999996423721313,0.0,0.0,0.0,5,1
2436,7.617012443006388e-08,-0.0,0.9999999403953552,0.0,0.0,0.0,5,1
2437,3.993478969732678e-08,-0.0,1.0,0.0,0.0,0.0,5,1
2438,1.1915764019931885e-07,-0.0,0.9999998807907104,0.0,0.0,0.0,5,1
2439,3.888120403416906e-08,-0.0,1.0,0.0,0.0,0.0,5,1
2440,8.670106410590961e-08,-0.0,0.9999999403953552,0.0,0.0,0.0,5,1
2441,1.183062678933311e-07,-0.0,0.9999998807907104,0.0,0.0,0.0,5,1
2442,1.019240158939283e-07,-0.0,0.9999999403953552,0.0,0.0,0.0,5,1
2443,5.2625324542532326e-08,-0.0,1.0,0.0,0.0,0.0,5,1
2444,2.693959721966621e-08,-0.0,1.0,0.0,0.0,0.0,5,1
2445,5.619738985274125e-08,-0.0,1.0,0.0,0.0,0.0,5,1
2446,3.1747408257842835e-08,-0.0,1.0,0.0,0.0,0.0,5,1
2447,3.099738137279928e-07,-0.0,0.9999996423721313,0.0,0.0,0.0,5,1
2448,6.791711371079145e-08,-0.0,0.9999999403953552,0.0,0.0,0.0,5,1
2449,5.8612933173662896e-08,-0.0,0.9999999403953552,0.0,0.0,0.0,5,1
2450,8.601071499469981e-08,-0.0,0.9999999403953552,0.0,0.0,0.0,5,1
2451,7.481329333813846e-08,-0.0,0.9999999403953552,0.0,0.0,0.0,5,1
2452,6.42050537180694e-08,-0.0,0.9999999403953552,0.0,0.0,0.0,5,1
2453,6.631475457652414e-08,-0.0,0.9999999403953552,0.0,0.0,0.0,5,1
2454,5.3768474117532605e-08,-0.0,1.0,0.0,0.0,0.0,5,1
2455,1.24296803960533e-07,-0.0,0.9999998807907104,0.0,0.0,0.0,5,1
2456,1.7669191265667905e-07,-0.0,0.9999998807907104,0.0,0.0,0.0,5,1
2457,4.169310940937976e-08,-0.0,1.0,0.0,0.0,0.0,5,1
2458,6.224927773246236e-08,-0.0,1.0,0.0,0.0,0.0,5,1
2459,8.176155574801669e-08,-0.0,0.9999998807907104,0.0,0.0,0.0,5,1
2460,4.8864151835914527e-08,-0.0,1.0,0.0,0.0,0.0,5,1
2461,3.885826629357325e-07,-0.0,0.9999996423721313,0.0,0.0,0.0,5,1
2462,1.9279349317002925e-07,-0.0,0.9999998211860657,0.0,0.0,0.0,5,1
2463,9.48742595596741e-08,-0.0,0.9999999403953552,0.0,0.0,0.0,5,1
2464,1.1587891179942744e-07,-0.0,0.9999998807907104,0.0,0.0,0.0,5,1
2465,8.618488323008933e-08,-0.0,0.9999999403953552,0.0,0.0,0.0,5,1
2466,1.1235870545078797e-07,-0.0,0.9999998807907104,0.0,0.0,0.0,5,1
2467,1.2430126616891357e-07,-0.0,0.9999998807907104,0.0,0.0,0.0,5,1
2468,8.332185075232701e-08,-0.0,0.9999998807907104,0.0,0.0,0.0,5,1
2469,6.018818510256096e-08,-0.0,1.0,0.0,0.0,0.0,5,1
2470,2.6618671711275965e-08,-0.0,1.0,0.0,0.0,0.0,5,1
2471,1.1718559989049027e-07,-0.0,0.9999998807907104,0.0,0.0,0.0,5,1
2472,1.1713095204868296e-07,-0.0,0.9999998807907104,0.0,0.0,0.0,5,1
2473,2.9086530517474785e-08,-0.0,1.0,0.0,0.0,0.0,5,1
2474,9.07297703633958e-08,-0.0,0.9999998807907104,0.0,0.0,0.0,5,1
2475,6.266378704822273e-08,-0.0,0.9999999403953552,0.0,0.0,0.0,5,1
2476,8.439943144367135e-08,-0.0,0.9999999403953552,0.0,0.0,0.0,5,1
2477,3.3762077578103344e-08,-0.0,1.0,0.0,0.0,0.0,5,1
2478,3.347654242702447e-08,-0.0,1.0,0.0,0.0,0.0,5,1
2479,9.84964714234593e-08,-0.0,0.9999999403953552,0.0,0.0,0.0,5,1
2480,6.506802492367569e-07,-0.0,0.9999994039535522,0.0,0.0,0.0,5,1
2481,4.7378321710311866e-08,-0.0,0.9999999403953552,0.0,0.0,0.0,5,1
2482,1.6229309096615907e-07,-0.0,0.9999998807907104,0.0,0.0,0.0,5,1
2483,1.0799453775689472e-07,-0.0,0.9999998807907104,0.0,0.0,0.0,5,1
2484,4.3983824582483066e-08,-0.0,1.0,0.0,0.0,0.0,5,1
2485,6.97230007062899e-08,-0.0,0.9999999403953552,0.0,0.0,0.0,5,1
2486,2.79528080682212e-07,-0.0,0.9999997019767761,0.0,0.0,0.0,5,1
2487,2.8226847348378215e-07,-0.0,0.9999997615814209,0.0,0.0,0.0,5,1
2488,8.917702984945208e-07,-0.0,0.9999991059303284,0.0,0.0,0.0,5,1
2489,2.021356522163842e-07,-0.0,0.9999997615814209,0.0,0.0,0.0,5,1
2490,5.747057230109931e-08,-0.0,1.0,0.0,0.0,0.0,5,1
2491,3.922732361161252e-08,-0.0,1.0,0.0,0.0,0.0,5,1
2492,3.945446636066663e-08,-0.0,1.0,0.0,0.0,0.0,5,1
2493,5.3210314376883616e-08,-0.0,1.0,0.0,0.0,0.0,5,1
2494,9.364297426373014e-08,-0.0,0.9999999403953552,0.0,0.0,0.0,5,1
2495,1.5559831467726326e-07,-0.0,0.9999998807907104,0.0,0.0,0.0,5,1
2496,1.0212586687430303e-07,-0.0,0.9999998807907104,0.0,0.0,0.0,5,1
2497,1.1606238103922806e-06,-0.0,0.9999988675117493,0.0,0.0,0.0,5,1
2498,6.602837743230339e-07,-0.0,0.9999993443489075,0.0,0.0,0.0,5,1
2499,4.191708669054606e-08,-0.0,1.0,0.0,0.0,0.0,5,1
2500,4.353908877874346e-08,-0.0,1.0,0.0,0.0,0.0,5,1
2501,6.058904489236738e-08,-0.0,1.0,0.0,0.0,0.0,5,1
2502,4.7567645822255145e-08,-0.0,1.0,0.0,0.0,0.0,5,1
2503,4.5013450744590955e-08,-0.0,1.0,0.0,0.0,0.0,5,1
2504,1.5909185080431598e-08,-0.0,1.0,0.0,0.0,0.0,5,1
2505,2.394713476405741e-07,-0.0,0.9999997615814209,0.0,0.0,0.0,5,1
2506,2.2556980638910318e-07,-0.0,0.9999997615814209,0.0,0.0,0.0,5,1
2507,6.289695875238976e-08,-0.0,1.0,0.0,0.0,0.0,5,1
2508,2.4391346187258023e-07,-0.0,0.9999997615814209,0.0,0.0,0.0,5,1
2509,1.0883076129175606e-07,-0.0,0.9999998807907104,0.0,0.0,0.0,5,1
2510,3.6029952354965644e-08,-0.0,1.0,0.0,0.0,0.0,5,1
2511,1.1647928488400794e-07,-0.0,0.9999998807907104,0.0,0.0,0.0,5,1
2512,9.292114810932617e-08,-0.0,0.9999999403953552,0.0,0.0,0.0,5,1
2513,6.455588419385094e-08,-0.0,1.0,0.0,0.0,0.0,5,1
2514,2.009816597592362e-07,-0.0,0.9999998211860657,0.0,0.0,0.0,5,1
2515,2.912433849644458e-08,-0.0,1.0,0.0,0.0,0.0,5,1
2516,1.792780039977515e-07,-0.0,0.9999998807907104,0.0,0.0,0.0,5,1
2517,2.7433648597252613e-07,-0.0,0.9999997615814209,0.0,0.0,0.0,5,1
2518,7.30096232359756e-08,-0.0,1.0,0.0,0.0,0.0,5,1
2519,4.998966005587135e-07,-0.0,0.9999995231628418,0.0,0.0,0.0,5,1
2520,2.924038611240576e-08,-0.0,1.0,0.0,0.0,0.0,5,1
2521,1.4397332215310144e-08,-0.0,1.0,0.0,0.0,0.0,5,1
2522,2.9236064236215498e-08,-0.0,1.0,0.0,0.0,0.0,5,1
2523,2.2149833966977894e-08,-0.0,1.0,0.0,0.0,0.0,5,1
2524,1.389607433566198e-07,-0.0,0.9999998807907104,0.0,0.0,0.0,5,1
2525,3.53152103116372e-08,-0.0,1.0,0.0,0.0,0.0,5,1
2526,1.41609319825875e-07,-0.0,0.9999998807907104,0.0,0.0,0.0,5,1
2527,4.1484575774575205e-08,-0.0,1.0,0.0,0.0,0.0,5,1
2528,9.234824460691016e-08,-0.0,0.9999998807907104,0.0,0.0,0.0,5,1
2529,3.081797927961816e-08,-0.0,1.0,0.0,0.0,0.0,5,1
2530,9.35536235147083e-08,-0.0,0.9999998807907104,0.0,0.0,0.0,5,1
2531,3.82003335630543e-08,-0.0,1.0,0.0,0.0,0.0,5,1
2532,2.6093741212207533e-07,-0.0,0.9999997615814209,0.0,0.0,0.0,5,1
2533,7.969329374191148e-08,-0.0,0.9999999403953552,0.0,0.0,0.0,5,1
2534,4.1665220607001174e-08,-0.0,1.0,0.0,0.0,0.0,5,1
2535,8.253311989392387e-08,-0.0,0.9999999403953552,0.0,0.0,0.0,5,1
2536,1.0198334621236427e-07,-0.0,0.9999999403953552,0.0,0.0,0.0,5,1
2537,3.845774187993811e-08,-0.0,1.0,0.0,0.0,0.0,5,1
2538,3.184631935937432e-08,-0.0,1.0,0.0,0.0,0.0,5,1
2539,1.4291502736796247e-07,-0.0,0.9999998807907104,0.0,0.0,0.0,5,1
2540,3.079139432315969e-08,-0.0,1.0,0.0,0.0,0.0,5,1
2541,5.010163306451432e-08,-0.0,1.0,0.0,0.0,0.0,5,1
2542,1.0953252171930217e-07,-0.0,0.9999998807907104,0.0,0.0,0.0,5,1
2543,1.0610680334366407e-07,-0.0,0.9999999403953552,0.0,0.0,0.0,5,1
2544,5.331677144226887e-08,-0.0,0.9999999403953552,0.0,0.0,0.0,5,1
2545,4.5047244157103705e-07,-0.0,0.9999995827674866,0.0,0.0,0.0,5,1
2546,5.080047316141645e-08,-0.0,1.0,0.0,0.0,0.0,5,1
2547,4.957410126849027e-08,-0.0,1.0,0.0,0.0,0.0,5,1
2548,9.056471128587873e-08,-0.0,0.9999999403953552,0.0,0.0,0.0,5,1
2549,1.472077215680656e-08,-0.0,1.0,0.0,0.0,0.0,5,1
2550,1.7632152093938203e-07,-0.0,0.9999998807907104,0.0,0.0,0.0,5,1
2551,5.466897334827081e-08,-0.0,0.9999999403953552,0.0,0.0,0.0,5,1
2552,8.5255848603083e-08,-0.0,0.9999998807907104,0.0,0.0,0.0,5,1
2553,5.1464823513924784e-08,-0.0,1.0,0.0,0.0,0.0,5,1
2554,1.4169688711263007e-07,-0.0,0.9999998807907104,0.0,0.0,0.0,5,1
2555,3.8365971732901016e-08,-0.0,1.0,0.0,0.0,0.0,5,1
2556,5.153943760660695e-08,-0.0,1.0,0.0,0.0,0.0,5,1
2557,2.880449301301269e-08,-0.0,1.0,0.0,0.0,0.0,5,1
2558,1.4451960339556535e-07,-0.0,0.9999998807907104,0.0,0.0,0.0,5,1
2559,1.671452025675535e-07,-0.0,0.9999998807907104,0.0,0.0,0.0,5,1
2560,4.206197701250858e-08,-0.0,1.0,0.0,0.0,0.0,5,1
2561,5.3346855821700956e-08,-0.0,1.0,0.0,0.0,0.0,5,1
2562,5.9226977100479417e-08,-0.0,0.9999999403953552,0.0,0.0,0.0,5,1
2563,3.857858388300883e-08,-0.0,1.0,0.0,0.0,0.0,5,1
2564,2.8939034280028864e-08,-0.0,1.0,0.0,0.0,0.0,5,1
2565,5.016539006419407e-08,-0.0,1.0,0.0,0.0,0.0,5,1
2566,1.3495163386778586e-07,-0.0,0.9999998807907104,0.0,0.0,0.0,5,1
2567,4.870102543463872e-08,-0.0,1.0,0.0,0.0,0.0,5,1
2568,8.343960899992453e-08,-0.0,0.9999999403953552,0.0,0.0,0.0,5,1
2569,1.777406168912421e-07,-0.0,0.9999998807907104,0.0,0.0,0.0,5,1
2570,6.146443354282383e-08,-0.0,0.9999999403953552,0.0,0.0,0.0,5,1
2571,6.23428846324714e-08,-0.0,0.9999999403953552,0.0,0.0,0.0,5,1
2572,8.395019079898702e-08,-0.0,0.9999999403953552,0.0,0.0,0.0,5,1
2573,8.400449758028117e-08,-0.0,0.9999998807907104,0.0,0.0,0.0,5,1
2574,2.197129305159251e-07,-0.0,0.9999997615814209,0.0,0.0,0.0,5,1
2575,7.43038626183079e-08,-0.0,0.9999999403953552,0.0,0.0,0.0,5,1
2576,8.133357454198631e-08,-0.0,0.9999999403953552,0.0,0.0,0.0,5,1
2577,5.8811998826513445e-08,-0.0,1.0,0.0,0.0,0.0,5,1
2578,4.610401163063216e-07,-0.0,0.9999995827674866,0.0,0.0,0.0,5,1
2579,4.761919569773454e-08,-0.0,1.0,0.0,0.0,0.0,5,1
2580,3.331302167453032e-08,-0.0,1.0,0.0,0.0,0.0,5,1
2581,1.6664111512909585e-07,-0.0,0.9999998807907104,0.0,0.0,0.0,5,1
2582,6.866766000257485e-08,-0.0,1.0,0.0,0.0,0.0,5,1
2583,3.931067027451718e-08,-0.0,1.0,0.0,0.0,0.0,5,1
2584,5.8893423471317874e-08,-0.0,1.0,0.0,0.0,0.0,5,1
2585,7.892842859291704e-07,-0.0,0.9999992251396179,0.0,0.0,0.0,5,1
2586,3.560639925126452e-07,-0.0,0.9999996423721313,0.0,0.0,0.0,5,1
2587,1.4906440526374354e-07,-0.0,0.9999998807907104,0.0,0.0,0.0,5,1
2588,1.1504081243174369e-07,-0.0,0.9999998807907104,0.0,0.0,0.0,5,1
2589,5.225285804044688e-08,-0.0,1.0,0.0,0.0,0.0,5,1
2590,4.847865398005524e-08,-0.0,1.0,0.0,0.0,0.0,5,1
2591,1.8906424870124283e-08,-0.0,1.0,0.0,0.0,0.0,5,1
2592,4.315887736083823e-08,-0.0,1.0,0.0,0.0,0.0,5,1
2593,6.881009539938532e-08,-0.0,0.9999999403953552,0.0,0.0,0.0,5,1
2594,1.2715145203401335e-07,-0.0,0.9999998807907104,0.0,0.0,0.0,5,1
2595,2.4690276489991447e-08,-0.0,1.0,0.0,0.0,0.0,5,1
2596,1.4859169539249706e-07,-0.0,0.9999998807907104,0.0,0.0,0.0,5,1
2597,4.0021880920448893e-08,-0.0,1.0,0.0,0.0,0.0,5,1
2598,1.3325496261984426e-08,-0.0,1.0,0.0,0.0,0.0,5,1
2599,7.19210078159449e-08,-0.0,1.0,0.0,0.0,0.0,5,1
2600,1.3036111567998887e-07,-0.0,0.9999998807907104,0.0,0.0,0.0,5,1
2601,1.1462029192443879e-07,-0.0,0.9999998807907104,0.0,0.0,0.0,5,1
2602,4.627365868259403e-08,-0.0,1.0,0.0,0.0,0.0,5,1
2603,1.8060600837088714e-07,-0.0,0.9999998807907104,0.0,0.0,0.0,5,1
2604,1.6335548025381286e-08,-0.0,1.0,0.0,0.0,0.0,5,1
2605,6.456535572851863e-08,-0.0,1.0,0.0,0.0,0.0,5,1
2606,3.5396741537851995e-08,-0.0,1.0,0.0,0.0,0.0,5,1
2607,4.6941302400682616e-08,-0.0,1.0,0.0,0.0,0.0,5,1
2608,1.7450285838549462e-07,-0.0,0.9999998807907104,0.0,0.0,0.0,5,1
2609,4.871279202234291e-08,-0.0,1.0,0.0,0.0,0.0,5,1
2610,1.678892971312962e-07,-0.0,0.9999998211860657,0.0,0.0,0.0,5,1
2611,7.081533226482861e-08,-0.0,0.9999999403953552,0.0,0.0,0.0,5,1
2612,4.135761244583591e-08,-0.0,1.0,0.0,0.0,0.0,5,1
2613,1.745007338627147e-08,-0.0,1.0,0.0,0.0,0.0,5,1
2614,8.202417234315362e-08,-0.0,0.9999998807907104,0.0,0.0,0.0,5,1
2615,7.485043340693665e-08,-0.0,0.9999999403953552,0.0,0.0,0.0,5,1
2616,9.946521828396726e-08,-0.0,0.9999998807907104,0.0,0.0,0.0,5,1
2617,4.027977951182038e-08,-0.0,1.0,0.0,0.0,0.0,5,1
2618,1.8081109942613693e-07,-0.0,0.9999998211860657,0.0,0.0,0.0,5,1
2619,1.2932059689774178e-07,-0.0,0.9999998807907104,0.0,0.0,0.0,5,1
2620,5.852367834791039e-08,-0.0,0.9999999403953552,0.0,0.0,0.0,5,1
2621,2.2186911863286696e-08,-0.0,1.0,0.0,0.0,0.0,5,1
2622,1.0518444071294653e-07,-0.0,0.9999998807907104,0.0,0.0,0.0,5,1
2623,4.814850385059799e-08,-0.0,1.0,0.0,0.0,0.0,5,1
2624,8.8451990620797e-08,-0.0,0.9999999403953552,0.0,0.0,0.0,5,1
2625,1.0236040992595008e-07,-0.0,0.9999998807907104,0.0,0.0,0.0,5,1
2626,1.1792542409239104e-07,-0.0,0.9999998807907104,0.0,0.0,0.0,5,1
2627,8.87527065174254e-08,-0.0,0.9999999403953552,0.0,0.0,0.0,5,1
2628,7.62346417104709e-08,-0.0,0.9999999403953552,0.0,0.0,0.0,5,1
2629,2.5023954464131748e-08,-0.0,1.0,0.0,0.0,0.0,5,1
2630,7.201199991868634e-08,-0.0,0.9999999403953552,0.0,0.0,0.0,5,1
2631,1.2033289920054813e-07,-0.0,0.9999998807907104,0.0,0.0,0.0,5,1
2632,7.051595218854345e-08,-0.0,0.9999999403953552,0.0,0.0,0.0,5,1
2633,1.5017492671631771e-07,-0.0,0.9999998807907104,0.0,0.0,0.0,5,1
2634,3.3252668174554856e-08,-0.0,1.0,0.0,0.0,0.0,5,1
2635,6.342093428202134e-08,-0.0,0.9999999403953552,0.0,0.0,0.0,5,1
2636,1.7096642324077038e-08,-0.0,1.0,0.0,0.0,0.0,5,1
2637,7.403470192457462e-08,-0.0,0.9999999403953552,0.0,0.0,0.0,5,1
2638,2.8522592288027226e-08,-0.0,1.0,0.0,0.0,0.0,5,1
2639,1.8123414236015378e-07,-0.0,0.9999998211860657,0.0,0.0,0.0,5,1
2640,4.115719320907374e-08,-0.0,1.0,0.0,0.0,0.0,5,1
2641,4.168146006122697e-08,-0.0,1.0,0.0,0.0,0.0,5,1
2642,8.490845004871517e-08,-0.0,0.9999999403953552,0.0,0.0,0.0,5,1
2643,1.2068946375620726e-07,-0.0,0.9999998807907104,0.0,0.0,0.0,5,1
2644,1.787009296094766e-07,-0.0,0.9999998807907104,0.0,0.0,0.0,5,1
2645,1.4152784899579274e-07,-0.0,0.9999998807907104,0.0,0.0,0.0,5,1
2646,7.52531477132834e-08,-0.0,0.9999998807907104,0.0,0.0,0.0,5,1
2647,6.830226340071022e-08,-0.0,0.9999999403953552,0.0,0.0,0.0,5,1
2648,2.254139808144373e-08,-0.0,1.0,0.0,0.0,0.0,5,1
2649,7.233028043174272e-08,-0.0,0.9999999403953552,0.0,0.0,0.0,5,1
2650,4.028496647379143e-08,-0.0,1.0,0.0,0.0,0.0,5,1
2651,3.662571046447738e-08,-0.0,1.0,0.0,0.0,0.0,5,1
2652,9.900657005346147e-08,-0.0,0.9999998807907104,0.0,0.0,0.0,5,1
2653,4.302244249743126e-08,-0.0,1.0,0.0,0.0,0.0,5,1
2654,3.3964251855422845e-08,-0.0,1.0,0.0,0.0,0.0,5,1
2655,4.04744255888545e-08,-0.0,1.0,0.0,0.0,0.0,5,1
2656,3.174369211933481e-08,-0.0,1.0,0.0,0.0,0.0,5,1
2657,3.1956059842741524e-07,-0.0,0.9999997019767761,0.0,0.0,0.0,5,1
2658,4.169182687974171e-08,-0.0,1.0,0.0,0.0,0.0,5,1
2659,3.006044480002856e-08,-0.0,1.0,0.0,0.0,0.0,5,1
2660,2.2463753523993546e-08,-0.0,1.0,0.0,0.0,0.0,5,1
2661,5.6389961144986955e-08,-0.0,1.0,0.0,0.0,0.0,5,1
2662,4.359643668294666e-08,-0.0,1.0,0.0,0.0,0.0,5,1
2663,4.0595491412886986e-08,-0.0,1.0,0.0,0.0,0.0,5,1
2664,1.2108176861147513e-07,-0.0,0.9999998807907104,0.0,0.0,0.0,5,1
2665,5.1016314728258294e-08,-0.0,1.0,0.0,0.0,0.0,5,1
2666,3.3174867297702804e-08,-0.0,1.0,0.0,0.0,0.0,5,1
2667,1.8960926695399394e-07,-0.0,0.9999998211860657,0.0,0.0,0.0,5,1
2668,1.1350119422104399e-07,-0.0,0.9999998807907104,0.0,0.0,0.0,5,1
2669,4.3808107363929594e-08,-0.0,1.0,0.0,0.0,0.0,5,1
2670,2.6626963745002286e-08,-0.0,1.0,0.0,0.0,0.0,5,1
2671,3.464084130655465e-08,-0.0,1.0,0.0,0.0,0.0,5,1
2672,4.533029240860742e-08,-0.0,1.0,0.0,0.0,0.0,5,1
2673,6.365869609226138e-08,-0.0,0.9999999403953552,0.0,0.0,0.0,5,1
2674,4.861502844732968e-08,-0.0,1.0,0.0,0.0,0.0,5,1
2675,1.2621833889170375e-07,-0.0,0.9999998807907104,0.0,0.0,0.0,5,1
2676,1.096500099606601e-07,-0.0,0.9999998807907104,0.0,0.0,0.0,5,1
2677,1.8575666160813853e-07,-0.0,0.9999998211860657,0.0,0.0,0.0,5,1
2678,2.8296277321260277e-08,-0.0,1.0,0.0,0.0,0.0,5,1
2679,2.3411571348219695e-08,-0.0,1.0,0.0,0.0,0.0,5,1
2680,1.8933283740807383e-07,-0.0,0.9999998211860657,0.0,0.0,0.0,5,1
2681,1.90288176327158e-08,-0.0,1.0,0.0,0.0,0.0,5,1
2682,3.193588682393056e-08,-0.0,1.0,0.0,0.0,0.0,5,1
2683,2.8002522967085497e-08,-0.0,1.0,0.0,0.0,0.0,5,1
2684,2.644989649525087e-08,-0.0,1.0,0.0,0.0,0.0,5,1
2685,1.6047999906732002e-07,-0.0,0.9999998807907104,0.0,0.0,0.0,5,1
2686,2.940923593541811e-08,-0.0,1.0,0.0,0.0,0.0,5,1
2687,6.501213078990986e-08,-0.0,1.0,0.0,0.0,0.0,5,1
2688,3.1400638533796155e-08,-0.0,1.0,0.0,0.0,0.0,5,1
2689,5.033345473748341e-07,-0.0,0.9999995231628418,0.0,0.0,0.0,5,1
2690,1.5291215405000003e-08,-0.0,1.0,0.0,0.0,0.0,5,1
2691,6.557058895850787e-08,-0.0,0.9999999403953552,0.0,0.0,0.0,5,1
2692,8.379581828421578e-08,-0.0,0.9999999403953552,0.0,0.0,0.0,5,1
2693,5.487002141535413e-08,-0.0,0.9999999403953552,0.0,0.0,0.0,5,1
2694,4.8306738165138086e-08,-0.0,1.0,0.0,0.0,0.0,5,1
2695,3.658922054228242e-08,-0.0,1.0,0.0,0.0,0.0,5,1
2696,5.0946496799042507e-08,-0.0,1.0,0.0,0.0,0.0,5,1
2697,1.2729007892176014e-07,-0.0,0.9999998807907104,0.0,0.0,0.0,5,1
2698,1.286289545987529e-07,-0.0,0.9999998807907104,0.0,0.0,0.0,5,1
2699,5.761231847145609e-08,-0.0,0.9999999403953552,0.0,0.0,0.0,5,1
2700,4.749107063162228e-08,-0.0,1.0,0.0,0.0,0.0,5,1
2701,4.590653901459518e-08,-0.0,1.0,0.0,0.0,0.0,5,1
2702,4.340187942375451e-08,-0.0,1.0,0.0,0.0,0.0,5,1
2703,7.286203640433087e-08,-0.0,0.9999999403953552,0.0,0.0,0.0,5,1
2704,4.9717726824383135e-08,-0.0,1.0,0.0,0.0,0.0,5,1
2705,6.746524832124123e-07,-0.0,0.9999993443489075,0.0,0.0,0.0,5,1
2706,6.3486616852515e-08,-0.0,0.9999999403953552,0.0,0.0,0.0,5,1
2707,5.6559599670436e-08,-0.0,1.0,0.0,0.0,0.0,5,1
2708,1.1557894907809896e-07,-0.0,0.9999998807907104,0.0,0.0,0.0,5,1
2709,2.569450785472327e-08,-0.0,1.0,0.0,0.0,0.0,5,1
2710,2.984891622759278e-08,-0.0,1.0,0.0,0.0,0.0,5,1
2711,6.663258744765699e-08,-0.0,1.0,0.0,0.0,0.0,5,1
2712,1.6688957771293644e-07,-0.0,0.9999998807907104,0.0,0.0,0.0,5,1
2713,3.7259468399497564e-08,-0.0,1.0,0.0,0.0,0.0,5,1
2714,2.9105954979513626e-08,-0.0,1.0,0.0,0.0,0.0,5,1
2715,3.5151558108736936e-08,-0.0,1.0,0.0,0.0,0.0,5,1
2716,6.45910844809805e-08,-0.0,0.9999999403953552,0.0,0.0,0.0,5,1
2717,5.835840255485891e-08,-0.0,1.0,0.0,0.0,0.0,5,1
2718,3.18340056537636e-08,-0.0,1.0,0.0,0.0,0.0,5,1
2719,3.518515967471103e-08,-0.0,1.0,0.0,0.0,0.0,5,1
2720,2.3113976510558132e-08,-0.0,1.0,0.0,0.0,0.0,5,1
2721,5.611160247553926e-08,-0.0,1.0,0.0,0.0,0.0,5,1
2722,1.0087160262628458e-07,-0.0,0.9999999403953552,0.0,0.0,0.0,5,1
2723,3.3045282066268555e-08,-0.0,1.0,0.0,0.0,0.0,5,1
2724,2.612627838516346e-07,-0.0,0.9999997615814209,0.0,0.0,0.0,5,1
2725,4.2815891276859475e-08,-0.0,1.0,0.0,0.0,0.0,5,1
2726,2.491371162705036e-07,-0.0,0.9999997615814209,0.0,0.0,0.0,5,1
2727,5.166947403267841e-08,-0.0,0.9999999403953552,0.0,0.0,0.0,5,1
2728,1.5852421597628563e-07,-0.0,0.9999998807907104,0.0,0.0,0.0,5,1
2729,9.139822232384631e-09,-0.0,1.0,0.0,0.0,0.0,5,1
2730,3.284868199671109e-08,-0.0,1.0,0.0,0.0,0.0,5,1
2731,1.2371618396400663e-08,-0.0,1.0,0.0,0.0,0.0,5,1
2732,2.5200602493669066e-08,-0.0,1.0,0.0,0.0,0.0,5,1
2733,3.1075515494194406e-07,-0.0,0.9999997615814209,0.0,0.0,0.0,5,1
2734,1.0253128834847303e-07,-0.0,0.9999998807907104,0.0,0.0,0.0,5,1
2735,5.281404469315021e-08,-0.0,1.0,0.0,0.0,0.0,5,1
2736,1.966173179823727e-08,-0.0,1.0,0.0,0.0,0.0,5,1
2737,7.346596930801752e-08,-0.0,0.9999999403953552,0.0,0.0,0.0,5,1
2738,2.905043494649817e-08,-0.0,1.0,0.0,0.0,0.0,5,1
2739,4.905979267277871e-08,-0.0,1.0,0.0,0.0,0.0,5,1
2740,1.959872975021426e-08,-0.0,1.0,0.0,0.0,0.0,5,1
2741,2.3546681049424478e-08,-0.0,1.0,0.0,0.0,0.0,5,1
2742,4.651313645354094e-08,-0.0,1.0,0.0,0.0,0.0,5,1
2743,5.032778460645204e-08,-0.0,1.0,0.0,0.0,0.0,5,1
2744,5.045524176239269e-08,-0.0,1.0,0.0,0.0,0.0,5,1
2745,1.7923531103747337e-08,-0.0,1.0,0.0,0.0,0.0,5,1
2746,3.003152215796945e-08,-0.0,1.0,0.0,0.0,0.0,5,1
2747,3.2343685063551675e-08,-0.0,1.0,0.0,0.0,0.0,5,1
2748,3.4021148564988835e-08,-0.0,1.0,0.0,0.0,0.0,5,1
2749,1.3551753497154095e-08,-0.0,1.0,0.0,0.0,0.0,5,1
2750,5.817978276922986e-08,-0.0,1.0,0.0,0.0,0.0,5,1
2751,1.999558385534783e-08,-0.0,1.0,0.0,0.0,0.0,5,1
2752,4.987671076150946e-08,-0.0,1.0,0.0,0.0,0.0,5,1
2753,3.939356929549831e-08,-0.0,1.0,0.0,0.0,0.0,5,1
2754,5.989564044739382e-08,-0.0,1.0,0.0,0.0,0.0,5,1
2755,5.7163294542306176e-08,-0.0,1.0,0.0,0.0,0.0,5,1
2756,7.94926577896149e-08,-0.0,0.9999999403953552,0.0,0.0,0.0,5,1
2757,4.9136467339394585e-08,-0.0,1.0,0.0,0.0,0.0,5,1
2758,1.3778183927115606e-08,-0.0,1.0,0.0,0.0,0.0,5,1
2759,9.352631735737305e-08,-0.0,0.9999999403953552,0.0,0.0,0.0,5,1
2760,2.878819671536803e-08,-0.0,1.0,0.0,0.0,0.0,5,1
2761,1.1735242111399202e-08,-0.0,1.0,0.0,0.0,0.0,5,1
2762,3.920252922284817e-08,-0.0,1.0,0.0,0.0,0.0,5,1
2763,3.0922091553975406e-08,-0.0,1.0,0.0,0.0,0.0,5,1
2764,2.2060770987764045e-08,-0.0,1.0,0.0,0.0,0.0,5,1
2765,1.630944268526946e-08,-0.0,1.0,0.0,0.0,0.0,5,1
2766,1.1772435470902565e-08,-0.0,1.0,0.0,0.0,0.0,5,1
2767,9.318210913988878e-08,-0.0,0.9999999403953552,0.0,0.0,0.0,5,1
2768,2.738364379695213e-08,-0.0,1.0,0.0,0.0,0.0,5,1
2769,4.9558384063175254e-08,-0.0,1.0,0.0,0.0,0.0,5,1
2770,5.4393627380022735e-08,-0.0,1.0,0.0,0.0,0.0,5,1
2771,7.734666951364488e-08,-0.0,0.9999998807907104,0.0,0.0,0.0,5,1
2772,2.8247878702813978e-08,-0.0,1.0,0.0,0.0,0.0,5,1
2773,1.601405941187295e-08,-0.0,1.0,0.0,0.0,0.0,5,1
2774,1.9061824119148696e-08,-0.0,1.0,0.0,0.0,0.0,5,1
2775,8.784362393043921e-08,-0.0,0.9999999403953552,0.0,0.0,0.0,5,1
2776,4.922030427678692e-08,-0.0,1.0,0.0,0.0,0.0,5,1
2777,1.6653079626394174e-07,-0.0,0.9999998807907104,0.0,0.0,0.0,5,1
2778,2.341679561368437e-08,-0.0,1.0,0.0,0.0,0.0,5,1
2779,1.5928970142908838e-08,-0.0,1.0,0.0,0.0,0.0,5,1
2780,4.1985479981576646e-08,-0.0,1.0,0.0,0.0,0.0,5,1
2781,3.179455276836052e-08,-0.0,1.0,0.0,0.0,0.0,5,1
2782,1.0026999319734387e-07,-0.0,0.9999998807907104,0.0,0.0,0.0,5,1
2783,2.583590230642585e-08,-0.0,1.0,0.0,0.0,0.0,5,1
2784,1.817142702975616e-08,-0.0,1.0,0.0,0.0,0.0,5,1
2785,3.845661922241561e-08,-0.0,1.0,0.0,0.0,0.0,5,1
2786,1.0327599397896847e-07,-0.0,0.9999999403953552,0.0,0.0,0.0,5,1
2787,5.1156170854937955e-08,-0.0,1.0,0.0,0.0,0.0,5,1
2788,2.2632369223174464e-07,-0.0,0.9999997615814209,0.0,0.0,0.0,5,1
2789,1.5735739822275718e-08,-0.0,1.0,0.0,0.0,0.0,5,1
2790,3.223772182536777e-08,-0.0,1.0,0.0,0.0,0.0,5,1
2791,1.0143985207378137e-08,-0.0,1.0,0.0,0.0,0.0,5,1
2792,4.742392434309295e-08,-0.0,1.0,0.0,0.0,0.0,5,1
2793,5.218961973696423e-08,-0.0,1.0,0.0,0.0,0.0,5,1
2794,1.602159045432927e-07,-0.0,0.9999998807907104,0.0,0.0,0.0,5,1
2795,1.2791048220606172e-07,-0.0,0.9999998807907104,0.0,0.0,0.0,5,1
2796,6.852837941551115e-08,-0.0,0.9999999403953552,0.0,0.0,0.0,5,1
2797,5.1086448848991495e-08,-0.0,1.0,0.0,0.0,0.0,5,1
2798,8.033112663952124e-08,-0.0,0.9999998807907104,0.0,0.0,0.0,5,1
2799,6.896897986052863e-08,-0.0,0.9999999403953552,0.0,0.0,0.0,5,1
2800,4.0001147283419414e-08,-0.0,1.0,0.0,0.0,0.0,5,1
2801,8.064766632287501e-08,-0.0,0.9999998807907104,0.0,0.0,0.0,5,1
2802,2.439858626246405e-08,-0.0,1.0,0.0,0.0,0.0,5,1
2803,3.3438404045682546e-08,-0.0,1.0,0.0,0.0,0.0,5,1
2804,2.213027094910558e-08,-0.0,1.0,0.0,0.0,0.0,5,1
2805,2.792166071685642e-07,-0.0,0.9999997615814209,0.0,0.0,0.0,5,1
2806,3.679883064933165e-08,-0.0,1.0,0.0,0.0,0.0,5,1
2807,5.969368999103608e-08,-0.0,0.9999999403953552,0.0,0.0,0.0,5,1
2808,2.4253896668824382e-08,-0.0,1.0,0.0,0.0,0.0,5,1
2809,3.856149177750012e-08,-0.0,1.0,0.0,0.0,0.0,5,1
2810,2.5194360375735414e-08,-0.0,1.0,0.0,0.0,0.0,5,1
2811,1.6216477050079448e-08,-0.0,1.0,0.0,0.0,0.0,5,1
2812,2.5790120261603988e-08,-0.0,1.0,0.0,0.0,0.0,5,1
2813,4.262663821918977e-08,-0.0,1.0,0.0,0.0,0.0,5,1
2814,6.701775134843047e-08,-0.0,0.9999998807907104,0.0,0.0,0.0,5,1
2815,2.570747881236457e-08,-0.0,1.0,0.0,0.0,0.0,5,1
2816,4.6759513594452073e-08,-0.0,1.0,0.0,0.0,0.0,5,1
2817,3.5789000207842037e-08,-0.0,1.0,0.0,0.0,0.0,5,1
2818,2.8758154968500094e-08,-0.0,1.0,0.0,0.0,0.0,5,1
2819,3.0822931762486405e-08,-0.0,1.0,0.0,0.0,0.0,5,1
2820,2.8170934029958516e-08,-0.0,1.0,0.0,0.0,0.0,5,1
2821,1.9604872392164907e-08,-0.0,1.0,0.0,0.0,0.0,5,1
2822,5.83832573397558e-08,-0.0,0.9999999403953552,0.0,0.0,0.0,5,1
2823,2.763838935493368e-08,-0.0,1.0,0.0,0.0,0.0,5,1
2824,2.945976618207169e-08,-0.0,1.0,0.0,0.0,0.0,5,1
2825,3.2224146906401074e-08,-0.0,1.0,0.0,0.0,0.0,5,1
2826,6.986533662711736e-08,-0.0,0.9999999403953552,0.0,0.0,0.0,5,1
2827,7.741240182213005e-08,-0.0,0.9999999403953552,0.0,0.0,0.0,5,1
2828,1.0386329130085414e-08,-0.0,1.0,0.0,0.0,0.0,5,1
2829,1.1134562782899593e-07,-0.0,0.9999998807907104,0.0,0.0,0.0,5,1
2830,1.1558792145649477e-08,-0.0,1.0,0.0,0.0,0.0,5,1
2831,4.030427191992203e-08,-0.0,1.0,0.0,0.0,0.0,5,1
2832,1.7573633215306472e-08,-0.0,1.0,0.0,0.0,0.0,5,1
2833,3.627869560318686e-08,-0.0,1.0,0.0,0.0,0.0,5,1
2834,2.3017225458943358e-08,-0.0,1.0,0.0,0.0,0.0,5,1
2835,4.345850257436723e-08,-0.0,1.0,0.0,0.0,0.0,5,1
2836,3.1223045482420275e-08,-0.0,1.0,0.0,0.0,0.0,5,1
2837,7.213301245201365e-08,-0.0,0.9999999403953552,0.0,0.0,0.0,5,1
2838,1.3094924256051854e-08,-0.0,1.0,0.0,0.0,0.0,5,1
2839,8.620620661758949e-09,-0.0,1.0,0.0,0.0,0.0,5,1
2840,2.6339371572703385e-08,-0.0,1.0,0.0,0.0,0.0,5,1
2841,2.1250468051903226e-08,-0.0,1.0,0.0,0.0,0.0,5,1
2842,2.6422068089004824e-08,-0.0,1.0,0.0,0.0,0.0,5,1
2843,1.7211267078209858e-08,-0.0,1.0,0.0,0.0,0.0,5,1
2844,3.3088618067722564e-08,-0.0,1.0,0.0,0.0,0.0,5,1
2845,2.0780579035317714e-08,-0.0,1.0,0.0,0.0,0.0,5,1
2846,5.797524238460028e-08,-0.0,0.9999999403953552,0.0,0.0,0.0,5,1
2847,1.3419067101949622e-07,-0.0,0.9999998807907104,0.0,0.0,0.0,5,1
2848,2.5367793199393418e-08,-0.0,1.0,0.0,0.0,0.0,5,1
2849,2.1958488360951378e-08,-0.0,1.0,0.0,0.0,0.0,5,1
2850,8.928320482937124e-08,-0.0,0.9999998807907104,0.0,0.0,0.0,5,1
2851,2.5783697310544085e-07,-0.0,0.9999997615814209,0.0,0.0,0.0,5,1
2852,2.0060195282667337e-08,-0.0,1.0,0.0,0.0,0.0,5,1
2853,1.4111502188995928e-08,-0.0,1.0,0.0,0.0,0.0,5,1
2854,2.8714314481703695e-08,-0.0,1.0,0.0,0.0,0.0,5,1
2855,2.5690781058074208e-08,-0.0,1.0,0.0,0.0,0.0,5,1
2856,1.1837705926609488e-08,-0.0,1.0,0.0,0.0,0.0,5,1
2857,1.735917365408568e-08,-0.0,1.0,0.0,0.0,0.0,5,1
2858,1.0243608983273589e-07,-0.0,0.9999998807907104,0.0,0.0,0.0,5,1
2859,9.73770539758334e-08,-0.0,0.9999998807907104,0.0,0.0,0.0,5,1
2860,5.220681487116963e-08,-0.0,1.0,0.0,0.0,0.0,5,1
2861,3.35598606682197e-08,-0.0,1.0,0.0,0.0,0.0,5,1
2862,1.0848712861388776e-07,-0.0,0.9999998807907104,0.0,0.0,0.0,5,1
2863,4.984584478506804e-08,-0.0,1.0,0.0,0.0,0.0,5,1
2864,2.262507337036368e-08,-0.0,1.0,0.0,0.0,0.0,5,1
2865,2.6125103858021248e-08,-0.0,1.0,0.0,0.0,0.0,5,1
2866,5.288261561986474e-08,-0.0,1.0,0.0,0.0,0.0,5,1
2867,5.131970226557314e-08,-0.0,1.0,0.0,0.0,0.0,5,1
2868,2.3485386080324133e-08,-0.0,1.0,0.0,0.0,0.0,5,1
2869,1.3537006182673395e-08,-0.0,1.0,0.0,0.0,0.0,5,1
2870,6.473943869877985e-08,-0.0,0.9999999403953552,0.0,0.0,0.0,5,1
2871,1.6425950377652043e-08,-0.0,1.0,0.0,0.0,0.0,5,1
2872,3.085419919557353e-08,-0.0,1.0,0.0,0.0,0.0,5,1
2873,9.853557969563553e-09,-0.0,1.0,0.0,0.0,0.0,5,1
2874,4.4062883119977414e-08,-0.0,1.0,0.0,0.0,0.0,5,1
2875,2.5426142968854037e-08,-0.0,1.0,0.0,0.0,0.0,5,1
2876,2.9988729721708296e-08,-0.0,1.0,0.0,0.0,0.0,5,1
2877,3.088683442342699e-08,-0.0,1.0,0.0,0.0,0.0,5,1
2878,2.3901307599771826e-08,-0.0,1.0,0.0,0.0,0.0,5,1
2879,3.620796107384194e-08,-0.0,1.0,0.0,0.0,0.0,5,1
2880,1.2575352315025157e-08,-0.0,1.0,0.0,0.0,0.0,5,1
2881,2.9551184610454584e-08,-0.0,1.0,0.0,0.0,0.0,5,1
2882,2.063507764660244e-08,-0.0,1.0,0.0,0.0,0.0,5,1
2883,1.698743190559071e-08,-0.0,1.0,0.0,0.0,0.0,5,1
2884,1.9608575030360953e-07,-0.0,0.9999998211860657,0.0,0.0,0.0,5,1
2885,7.906378840516481e-08,-0.0,0.9999999403953552,0.0,0.0,0.0,5,1
2886,4.7327560537269164e-08,-0.0,1.0,0.0,0.0,0.0,5,1
2887,2.017060296566342e-08,-0.0,1.0,0.0,0.0,0.0,5,1
2888,3.6942726211464105e-08,-0.0,1.0,0.0,0.0,0.0,5,1
2889,1.1003178812529768e-08,-0.0,1.0,0.0,0.0,0.0,5,1
2890,1.097962432083932e-08,-0.0,1.0,0.0,0.0,0.0,5,1
2891,2.29092940173814e-08,-0.0,1.0,0.0,0.0,0.0,5,1
2892,1.032772800613202e-08,-0.0,1.0,0.0,0.0,0.0,5,1
2893,1.8358129239004484e-08,-0.0,1.0,0.0,0.0,0.0,5,1
2894,2.8207219671116945e-08,-0.0,1.0,0.0,0.0,0.0,5,1
2895,2.8825587250480567e-08,-0.0,1.0,0.0,0.0,0.0,5,1
2896,1.7732741497411553e-08,-0.0,1.0,0.0,0.0,0.0,5,1
2897,1.568961494058385e-08,-0.0,1.0,0.0,0.0,0.0,5,1
2898,2.4509311913334386e-08,-0.0,1.0,0.0,0.0,0.0,5,1
2899,5.989872420286702e-08,-0.0,0.9999999403953552,0.0,0.0,0.0,5,1
2900,2.029941725822937e-08,-0.0,1.0,0.0,0.0,0.0,5,1
2901,2.0814109547018234e-08,-0.0,1.0,0.0,0.0,0.0,5,1
2902,2.4704435830358307e-08,-0.0,1.0,0.0,0.0,0.0,5,1
2903,4.885379567554082e-08,-0.0,1.0,0.0,0.0,0.0,5,1
2904,2.393574050074676e-08,-0.0,1.0,0.0,0.0,0.0,5,1
2905,9.457853167305075e-08,-0.0,0.9999999403953552,0.0,0.0,0.0,5,1
2906,9.013727542139804e-09,-0.0,1.0,0.0,0.0,0.0,5,1
2907,2.501837670365603e-08,-0.0,1.0,0.0,0.0,0.0,5,1
2908,2.8036863497504783e-08,-0.0,1.0,0.0,0.0,0.0,5,1
2909,2.0530335120838572e-07,-0.0,0.9999998211860657,0.0,0.0,0.0,5,1
2910,1.494729815476603e-07,-0.0,0.9999998807907104,0.0,0.0,0.0,5,1
2911,2.052356862236593e-08,-0.0,1.0,0.0,0.0,0.0,5,1
2912,2.679626902590826e-07,-0.0,0.9999997615814209,0.0,0.0,0.0,5,1
2913,9.132607203810039e-08,-0.0,0.9999998807907104,0.0,0.0,0.0,5,1
2914,4.038952283735853e-08,-0.0,1.0,0.0,0.0,0.0,5,1
2915,1.320105891267076e-08,-0.0,1.0,0.0,0.0,0.0,5,1
2916,8.860967426471689e-08,-0.0,0.9999999403953552,0.0,0.0,0.0,5,1
2917,2.1450363263397776e-08,-0.0,1.0,0.0,0.0,0.0,5,1
2918,3.022859473844619e-08,-0.0,1.0,0.0,0.0,0.0,5,1
2919,4.203593562124297e-08,-0.0,1.0,0.0,0.0,0.0,5,1
2920,3.672167636636914e-08,-0.0,1.0,0.0,0.0,0.0,5,1
2921,6.874693703196044e-09,-0.0,1.0,0.0,0.0,0.0,5,1
2922,2.018715505869295e-08,-0.0,1.0,0.0,0.0,0.0,5,1
2923,2.1084691326223037e-08,-0.0,1.0,0.0,0.0,0.0,5,1
2924,1.1487698792223e-08,-0.0,1.0,0.0,0.0,0.0,5,1
2925,6.580876288353465e-08,-0.0,0.9999999403953552,0.0,0.0,0.0,5,1
2926,1.620201217633621e-08,-0.0,1.0,0.0,0.0,0.0,5,1
2927,2.9609493523707897e-08,-0.0,1.0,0.0,0.0,0.0,5,1
2928,4.840713074827363e-08,-0.0,0.9999999403953552,0.0,0.0,0.0,5,1
2929,1.7134231811155587e-08,-0.0,1.0,0.0,0.0,0.0,5,1
2930,2.9490337283277768e-08,-0.0,1.0,0.0,0.0,0.0,5,1
2931,1.710140296040663e-08,-0.0,1.0,0.0,0.0,0.0,5,1
2932,2.2868102078632546e-08,-0.0,1.0,0.0,0.0,0.0,5,1
2933,4.652589780107519e-08,-0.0,1.0,0.0,0.0,0.0,5,1
2934,2.198443027623398e-08,-0.0,1.0,0.0,0.0,0.0,5,1
2935,1.1383792575259122e-08,-0.0,1.0,0.0,0.0,0.0,5,1
2936,1.9117605276619543e-08,-0.0,1.0,0.0,0.0,0.0,5,1
2937,2.335898940941661e-08,-0.0,1.0,0.0,0.0,0.0,5,1
2938,1.0762067148561982e-07,-0.0,0.9999999403953552,0.0,0.0,0.0,5,1
2939,7.123255585383959e-08,-0.0,0.9999999403953552,0.0,0.0,0.0,5,1
2940,9.28279142442534e-09,-0.0,1.0,0.0,0.0,0.0,5,1
2941,3.591372177425001e-08,-0.0,1.0,0.0,0.0,0.0,5,1
2942,1.2532062498848973e-08,-0.0,1.0,0.0,0.0,0.0,5,1
2943,1.1828290347182246e-08,-0.0,1.0,0.0,0.0,0.0,5,1
2944,1.6926847479226126e-08,-0.0,1.0,0.0,0.0,0.0,5,1
2945,3.162574913062599e-08,-0.0,1.0,0.0,0.0,0.0,5,1
2946,7.96618166987173e-08,-0.0,0.9999999403953552,0.0,0.0,0.0,5,1
2947,6.427325338620449e-09,-0.0,1.0,0.0,0.0,0.0,5,1
2948,1.0183625498427773e-08,-0.0,1.0,0.0,0.0,0.0,5,1
2949,2.4001927556582814e-08,-0.0,1.0,0.0,0.0,0.0,5,1
2950,1.4716723839569568e-08,-0.0,1.0,0.0,0.0,0.0,5,1
2951,7.58693232683072e-08,-0.0,0.9999999403953552,0.0,0.0,0.0,5,1
2952,1.307935626471135e-08,-0.0,1.0,0.0,0.0,0.0,5,1
2953,4.069552161922729e-08,-0.0,1.0,0.0,0.0,0.0,5,1
2954,1.3523161257467109e-08,-0.0,1.0,0.0,0.0,0.0,5,1
2955,1.0706406783356215e-07,-0.0,0.9999998807907104,0.0,0.0,0.0,5,1
2956,2.4070011761523347e-08,-0.0,1.0,0.0,0.0,0.0,5,1
2957,2.1314351172918578e-08,-0.0,1.0,0.0,0.0,0.0,5,1
2958,2.2330237214873705e-08,-0.0,1.0,0.0,0.0,0.0,5,1
2959,1.3154241251811527e-08,-0.0,1.0,0.0,0.0,0.0,5,1
2960,2.0759591734531568e-07,-0.0,0.9999998211860657,0.0,0.0,0.0,5,1
2961,2.4086597605332827e-08,-0.0,1.0,0.0,0.0,0.0,5,1
2962,2.736329207664312e-08,-0.0,1.0,0.0,0.0,0.0,5,1
2963,9.196396177912902e-08,-0.0,0.9999998807907104,0.0,0.0,0.0,5,1
2964,4.094006555988017e-08,-0.0,1.0,0.0,0.0,0.0,5,1
2965,1.3451729508062726e-08,-0.0,1.0,0.0,0.0,0.0,5,1
2966,1.3979059687585504e-08,-0.0,1.0,0.0,0.0,0.0,5,1
2967,3.266846704264026e-08,-0.0,1.0,0.0,0.0,0.0,5,1
2968,2.711210278505405e-08,-0.0,1.0,0.0,0.0,0.0,5,1
2969,1.249336776254495e-07,-0.0,0.9999998807907104,0.0,0.0,0.0,5,1
2970,4.319598900792698e-08,-0.0,1.0,0.0,0.0,0.0,5,1
2971,2.5995777974685552e-08,-0.0,1.0,0.0,0.0,0.0,5,1
2972,1.0001524941571915e-08,-0.0,1.0,0.0,0.0,0.0,5,1
2973,3.005976978442959e-08,-0.0,1.0,0.0,0.0,0.0,5,1
2974,1.2712811248150047e-08,-0.0,1.0,0.0,0.0,0.0,5,1
2975,5.743854458728492e-08,-0.0,0.9999999403953552,0.0,0.0,0.0,5,1
2976,2.344487448624477e-08,-0.0,1.0,0.0,0.0,0.0,5,1
2977,1.3165506018708584e-08,-0.0,1.0,0.0,0.0,0.0,5,1
2978,9.325582084329653e-09,-0.0,1.0,0.0,0.0,0.0,5,1
2979,1.0845214504229261e-08,-0.0,1.0,0.0,0.0,0.0,5,1
2980,1.1012037504087857e-08,-0.0,1.0,0.0,0.0,0.0,5,1
2981,1.6254006141025457e-08,-0.0,1.0,0.0,0.0,0.0,5,1
2982,1.6705090644109077e-08,-0.0,1.0,0.0,0.0,0.0,5,1
2983,9.874103312768057e-09,-0.0,1.0,0.0,0.0,0.0,5,1
2984,3.5791106967053565e-08,-0.0,1.0,0.0,0.0,0.0,5,1
2985,1.7698846832558957e-08,-0.0,1.0,0.0,0.0,0.0,5,1
2986,1.43526781570813e-08,-0.0,1.0,0.0,0.0,0.0,5,1
2987,1.2905038815347325e-08,-0.0,1.0,0.0,0.0,0.0,5,1
2988,3.461886421973759e-08,-0.0,1.0,0.0,0.0,0.0,5,1
2989,1.4234597500717427e-08,-0.0,1.0,0.0,0.0,0.0,5,1
2990,8.212591495748711e-08,-0.0,0.9999999403953552,0.0,0.0,0.0,5,1
2991,2.30227321651455e-08,-0.0,1.0,0.0,0.0,0.0,5,1
2992,1.0337689815287376e-08,-0.0,1.0,0.0,0.0,0.0,5,1
2993,2.4543030718859882e-08,-0.0,1.0,0.0,0.0,0.0,5,1
2994,2.0500971587011918e-08,-0.0,1.0,0.0,0.0,0.0,5,1
2995,1.72697891542839e-08,-0.0,1.0,0.0,0.0,0.0,5,1
2996,3.8623237941237676e-08,-0.0,1.0,0.0,0.0,0.0,5,1
2997,3.395398096017743e-08,-0.0,1.0,0.0,0.0,0.0,5,1
2998,1.970532537143299e-08,-0.0,1.0,0.0,0.0,0.0,5,1
2999,1.1928494814128499e-07,-0.0,0.9999998807907104,0.0,0.0,0.0,5,1
3000,7.073089136611088e-08,-0.0,0.9999999403953552,0.0,0.0,0.0,5,1
