iter,d_loss,g_loss,D_x,D_G_z,g_grad_norm,g_full_grad_norm,d_steps,g_steps
1,0.3632698953151703,2.3570079803466797,0.8714682459831238,0.09627313911914825,0.37156233191490173,19.316633224487305,5,1
2,0.03740920126438141,4.734757423400879,0.9848501682281494,0.009268412366509438,0.707929253578186,22.62630844116211,5,1
3,0.019028417766094208,4.719799995422363,0.9945147037506104,0.00978071428835392,0.9231592416763306,38.583717346191406,5,1
4,0.01468575093895197,4.95497989654541,0.9969240427017212,0.00838378444314003,1.1011000871658325,40.46883010864258,5,1
5,0.00812249444425106,5.629009246826172,0.9966602325439453,0.004274815786629915,1.2458784580230713,51.88786697387695,5,1
6,0.004603591747581959,6.027673721313477,0.9991308450698853,0.0033533049281686544,1.3791131973266602,65.13792419433594,5,1
7,0.002338869497179985,6.590875148773193,0.9993900060653687,0.0019837685395032167,1.4517408609390259,58.65877151489258,5,1
8,0.002835235558450222,7.560151100158691,0.9978705644607544,0.0007578317890875041,1.4408572912216187,61.246337890625,5,1
9,0.0025210196617990732,7.069093704223633,0.9987494945526123,0.0012944552581757307,1.5217938423156738,71.20736694335938,5,1
10,0.007004454731941223,6.898366928100586,0.9999978542327881,0.001658178516663611,1.7816565036773682,79.79584503173828,5,1
11,0.0011809164425358176,14.545391082763672,0.9988261461257935,7.357243134720193e-07,1.6962881088256836,88.99656677246094,5,1
12,0.00035306881181895733,8.795082092285156,0.9998794794082642,0.00021491300140041858,1.7917466163635254,84.38107299804688,5,1
13,0.002998815383762121,8.609588623046875,0.9973994493484497,0.0002388996654190123,1.6080727577209473,61.88153839111328,5,1
14,0.0017482119146734476,7.786445140838623,0.9988861083984375,0.0005433331825770438,1.638606071472168,67.8181381225586,5,1
15,0.0016556722111999989,6.937843322753906,0.9998639822006226,0.0014698184095323086,1.7485439777374268,86.40670776367188,5,1
16,0.0044335355050861835,9.099812507629395,0.9999908804893494,0.0002370216534473002,1.4808989763259888,80.59353637695312,5,1
17,0.0023554067593067884,7.980381965637207,0.9982389211654663,0.0005234834970906377,1.40078604221344,73.24030303955078,5,1
18,0.011843886226415634,5.4178266525268555,0.994654655456543,0.005538402125239372,1.314965844154358,57.825164794921875,5,1
19,0.011136215180158615,5.883842468261719,0.9934157133102417,0.0033064705785363913,1.2679253816604614,44.90016555786133,5,1
20,0.012158823199570179,5.457608222961426,0.9938420057296753,0.005385739263147116,1.3580576181411743,48.237831115722656,5,1
21,0.015353672206401825,5.620232582092285,0.9905964136123657,0.004565502516925335,1.4607959985733032,51.793731689453125,5,1
22,0.02312193438410759,4.978747367858887,0.986156165599823,0.008719970472157001,1.683063268661499,66.46862030029297,5,1
23,0.01141323707997799,5.19622278213501,0.9937826991081238,0.0077222175896167755,1.8849490880966187,82.67667388916016,5,1
24,0.03803318366408348,8.0279541015625,0.9692171812057495,0.000469318067189306,1.7354532480239868,57.932132720947266,5,1
25,0.010883348062634468,5.455024719238281,0.9951023459434509,0.005363106727600098,1.6366080045700073,46.189517974853516,5,1
26,0.027266567572951317,5.734420299530029,0.9846646785736084,0.004032762721180916,1.5761157274246216,37.81159210205078,5,1
27,0.014432057738304138,5.663089752197266,0.9928325414657593,0.004564348608255386,1.702051043510437,46.86432647705078,5,1
28,0.024681728333234787,5.0094451904296875,0.9848869442939758,0.010524223558604717,1.944144606590271,65.60816955566406,5,1
29,0.03533165901899338,4.083527565002441,0.9875860214233398,0.023813467472791672,1.908448338508606,38.62888717651367,5,1
30,0.03251095116138458,5.279327392578125,0.9793111085891724,0.006826500874012709,1.7682667970657349,42.115840911865234,5,1
31,0.023457782343029976,5.174129486083984,0.9858547449111938,0.00788576528429985,1.7842315435409546,43.550018310546875,5,1
32,0.017780909314751625,5.437374114990234,0.9904661178588867,0.005560023710131645,1.8800002336502075,41.5735969543457,5,1
33,0.020084988325834274,5.46682596206665,0.9884288311004639,0.006613600067794323,1.9844512939453125,37.713348388671875,5,1
34,0.03150039166212082,4.503482341766357,0.9855343699455261,0.016677256673574448,2.261817693710327,35.99482345581055,5,1
35,0.023404836654663086,4.693333148956299,0.9883477091789246,0.014652269892394543,2.317031145095825,31.592899322509766,5,1
36,0.014514774084091187,5.304666042327881,0.9923635721206665,0.008841774426400661,2.357527732849121,28.554765701293945,5,1
37,0.023614326491951942,5.2788004875183105,0.9870039820671082,0.008448909968137741,2.3841164112091064,26.63117218017578,5,1
38,0.016661038622260094,5.353842258453369,0.9934810400009155,0.008447064086794853,2.4196395874023438,27.48060417175293,5,1
39,0.023790059611201286,5.691161155700684,0.9865312576293945,0.00623940397053957,2.495251178741455,28.132713317871094,5,1
40,0.04318191111087799,5.276408672332764,0.9833270311355591,0.008154060691595078,2.620448112487793,27.958681106567383,5,1
41,0.024631250649690628,5.197155952453613,0.9850925207138062,0.010893698781728745,2.6112449169158936,25.052593231201172,5,1
42,0.02370399795472622,5.235071659088135,0.988190770149231,0.012268723919987679,2.6055445671081543,26.169300079345703,5,1
43,0.018209002912044525,5.4768900871276855,0.9971327781677246,0.009464213624596596,2.4834201335906982,25.851665496826172,5,1
44,0.022820724174380302,5.216274261474609,0.9912443161010742,0.009790568612515926,2.4776079654693604,26.06845474243164,5,1
45,0.011378435418009758,5.538220405578613,0.996930718421936,0.008898741565644741,2.381918430328369,24.57903289794922,5,1
46,0.017095454037189484,5.249175071716309,0.9961689710617065,0.01051757950335741,2.428708553314209,27.011825561523438,5,1
47,0.027252618223428726,5.13711404800415,0.9862120747566223,0.011845664121210575,2.4787750244140625,27.633607864379883,5,1
48,0.05324573814868927,4.8665008544921875,0.9678424596786499,0.02291165664792061,2.626835584640503,35.70831298828125,5,1
49,0.036661941558122635,5.41164493560791,0.9960418939590454,0.009764399379491806,2.6097962856292725,41.0765380859375,5,1
50,0.03910369426012039,5.080489635467529,0.9783813953399658,0.014069748111069202,2.5125999450683594,31.99258804321289,5,1
51,0.026981374248862267,5.7711687088012695,0.9873577356338501,0.006230444647371769,2.5204904079437256,42.17100524902344,5,1
52,0.02765616402029991,5.42811918258667,0.9866591095924377,0.012007342651486397,2.772676706314087,41.054481506347656,5,1
53,0.021319201216101646,5.764544486999512,0.9917466640472412,0.009662279859185219,2.7767066955566406,33.54741668701172,5,1
54,0.026617608964443207,6.049727916717529,0.9884149432182312,0.005213199183344841,2.727576494216919,37.276039123535156,5,1
55,0.012635637074708939,5.422481536865234,0.9980264902114868,0.010042864829301834,2.6728501319885254,31.318525314331055,5,1
56,0.018354173749685287,6.131956100463867,0.9928715229034424,0.005654194392263889,2.5788700580596924,25.656280517578125,5,1
57,0.07344916462898254,7.759356498718262,0.9976686239242554,0.0008370576542802155,2.5639498233795166,25.10153579711914,5,1
58,0.028289392590522766,5.506750583648682,0.9961811304092407,0.010759204626083374,2.5780653953552246,24.9445858001709,5,1
59,0.025796258822083473,5.083063125610352,0.9857749342918396,0.013020999729633331,2.579916000366211,24.57967758178711,5,1
60,0.05897294357419014,5.7210845947265625,0.9901537895202637,0.007726029958575964,2.689342737197876,23.337827682495117,5,1
61,0.22743482887744904,15.089353561401367,0.9977318048477173,8.198253453883808e-07,2.6076507568359375,27.47504425048828,5,1
62,0.14300651848316193,3.7061409950256348,0.9308892488479614,0.06571841239929199,2.241515874862671,27.185592651367188,5,1
63,0.083863765001297,5.198604106903076,0.9551012516021729,0.013194797560572624,2.247408390045166,28.774574279785156,5,1
64,0.14447513222694397,4.304462432861328,0.9368847608566284,0.027662836015224457,2.125332832336426,28.779186248779297,5,1
65,0.10050953924655914,4.015316009521484,0.9507730007171631,0.039609819650650024,2.0245957374572754,31.092853546142578,5,1
66,0.0995621457695961,3.695021867752075,0.9630881547927856,0.04202389344573021,1.9661023616790771,33.30286407470703,5,1
67,0.08500950038433075,3.9497971534729004,0.9558818936347961,0.028676822781562805,1.9181452989578247,27.467464447021484,5,1
68,0.046387575566768646,4.402101516723633,0.9800115823745728,0.020452719181776047,1.885589838027954,25.403480529785156,5,1
69,0.046316541731357574,4.746286392211914,0.9727423191070557,0.012124585919082165,1.8395729064941406,23.31218910217285,5,1
70,0.028537344187498093,5.0237555503845215,0.986025869846344,0.010953137651085854,1.9383784532546997,26.887500762939453,5,1
71,0.025050949305295944,5.207199573516846,0.9862872362136841,0.010157426819205284,2.0297601222991943,32.0767936706543,5,1
72,0.039622485637664795,4.959887981414795,0.9742529392242432,0.011460492387413979,2.198870897293091,38.843788146972656,5,1
73,0.03943989425897598,5.116145610809326,0.9788409471511841,0.010432636365294456,2.281552314758301,41.25291061401367,5,1
74,0.064056396484375,4.071166038513184,0.9645496606826782,0.027376661077141762,2.2972402572631836,36.53787612915039,5,1
75,0.057184264063835144,4.428421974182129,0.9699399471282959,0.021910347044467926,2.224966049194336,34.30589294433594,5,1
76,0.027451470494270325,5.824133396148682,0.9798941612243652,0.005454336293041706,2.172229528427124,30.397165298461914,5,1
77,0.01480386033654213,5.58964729309082,0.9926735758781433,0.006410888396203518,2.110490083694458,30.656085968017578,5,1
78,0.02871641516685486,5.546421051025391,0.9823492765426636,0.006687884218990803,2.191387176513672,37.183563232421875,5,1
79,0.021345872431993484,5.141883850097656,0.9888690710067749,0.009419871494174004,2.214869737625122,40.47802734375,5,1
80,0.053896963596343994,4.385295391082764,0.9833207726478577,0.024179622530937195,2.150933265686035,39.05150604248047,5,1
81,0.05705661326646805,4.1258134841918945,0.9880566000938416,0.02800188958644867,2.242389678955078,35.677703857421875,5,1
82,0.027882050722837448,5.248171329498291,0.9898195266723633,0.01112424023449421,2.1850812435150146,34.42589569091797,5,1
83,0.03439360857009888,4.766780853271484,0.9850713014602661,0.016507403925061226,2.275989055633545,37.512351989746094,5,1
84,0.03556174412369728,5.053968906402588,0.9775855541229248,0.012103188782930374,2.2798190116882324,39.466094970703125,5,1
85,0.0255185104906559,5.307791233062744,0.9924598932266235,0.008616374805569649,2.211040496826172,43.47035598754883,5,1
86,0.03391377627849579,5.317734718322754,0.9795583486557007,0.008983478881418705,2.1268322467803955,33.91896438598633,5,1
87,0.013807033188641071,5.875248908996582,0.9922035336494446,0.00647821556776762,2.121530294418335,35.59372329711914,5,1
88,0.020955566316843033,5.78134822845459,0.9877942204475403,0.005999044980853796,2.311706781387329,40.394222259521484,5,1
89,0.03284643590450287,5.122903823852539,0.9872140884399414,0.015020744875073433,2.4432618618011475,40.50705337524414,5,1
90,0.05555054172873497,5.715509414672852,0.9967852830886841,0.008452743291854858,2.4552290439605713,38.55131530761719,5,1
91,0.04802936315536499,5.097525596618652,0.9756069183349609,0.013852350413799286,2.423658847808838,37.15424346923828,5,1
92,0.0909060463309288,3.7962937355041504,0.9433731436729431,0.04555315896868706,2.2807841300964355,22.15958023071289,5,1
93,0.06320752203464508,4.919959545135498,0.9716833829879761,0.013982515782117844,2.1891748905181885,28.759544372558594,5,1
94,0.01851276494562626,5.505717754364014,0.9936807155609131,0.00697197113186121,2.1435656547546387,28.429990768432617,5,1
95,0.03006027266383171,5.11503791809082,0.9896408319473267,0.014124982059001923,2.2221407890319824,30.503154754638672,5,1
96,0.0175413079559803,5.707391738891602,0.9916048645973206,0.010749353095889091,2.2521157264709473,33.55895233154297,5,1
97,0.03877449780702591,5.283783912658691,0.9878805875778198,0.012334664352238178,2.324462890625,31.82807731628418,5,1
98,0.07239840924739838,4.765289306640625,0.9644913077354431,0.02152683213353157,2.3632912635803223,31.971637725830078,5,1
99,0.03438008204102516,5.287104606628418,0.9851498603820801,0.01228276640176773,2.483051300048828,30.1348819732666,5,1
100,0.051224105060100555,5.02298641204834,0.9791083335876465,0.02561885118484497,2.363811731338501,28.934711456298828,5,1
101,0.02144932746887207,5.69340705871582,0.9866161942481995,0.010945722460746765,2.373089075088501,29.711320877075195,5,1
102,0.02922103926539421,5.570183277130127,0.9820156097412109,0.010411933064460754,2.4296982288360596,25.62775993347168,5,1
103,0.04796259477734566,4.816343307495117,0.972638726234436,0.019856231287121773,2.4440906047821045,26.728042602539062,5,1
104,0.04295050725340843,5.29039192199707,0.9815266728401184,0.013119933195412159,2.3376266956329346,30.011592864990234,5,1
105,0.03955379128456116,6.768326759338379,0.9933019280433655,0.003605457954108715,2.6016182899475098,34.02524185180664,5,1
106,0.01983005926012993,6.579826354980469,0.9895971417427063,0.0047505684196949005,2.716417074203491,30.891311645507812,5,1
107,0.03589806705713272,6.286319255828857,0.9976264834403992,0.00948343239724636,2.684730291366577,29.630817413330078,5,1
108,0.056052304804325104,5.333000183105469,0.9708298444747925,0.012891225516796112,2.590576171875,33.27760314941406,5,1
109,0.02608097717165947,5.750555038452148,0.9877355098724365,0.008841055445373058,2.560694456100464,30.956096649169922,5,1
110,0.04839790612459183,4.527228355407715,0.9741694927215576,0.029991665855050087,2.4568872451782227,23.463336944580078,5,1
111,0.02431323751807213,5.7017927169799805,0.9934746623039246,0.014367341995239258,2.4767656326293945,26.097707748413086,5,1
112,0.011180868372321129,6.389156341552734,0.9931697845458984,0.005756259895861149,2.5794837474823,27.79443359375,5,1
113,0.015547714196145535,6.0807037353515625,0.9930431842803955,0.009465930983424187,2.6204473972320557,28.923297882080078,5,1
114,0.046048447489738464,8.930563926696777,0.974432647228241,0.0006109214155003428,2.8922605514526367,34.70213317871094,5,1
115,0.49123552441596985,12.68851089477539,0.9989328980445862,0.004317795857787132,4.081028938293457,72.64241027832031,5,1
116,0.32004567980766296,6.258846759796143,0.9662201404571533,0.09182949364185333,3.419344902038574,64.75115966796875,5,1
117,0.27299243211746216,4.938119888305664,0.9571511745452881,0.06894724071025848,2.7202742099761963,45.85105514526367,5,1
118,0.07013150304555893,4.952054977416992,0.9699031710624695,0.0248018279671669,2.3380966186523438,46.703346252441406,5,1
119,0.08651851862668991,4.907742500305176,0.9682375192642212,0.024641338735818863,2.4518778324127197,58.869041442871094,5,1
120,0.07431796193122864,4.4751787185668945,0.9647548198699951,0.033452168107032776,2.4135475158691406,60.49570083618164,5,1
121,0.036400847136974335,5.925032615661621,0.9744974374771118,0.007172206416726112,2.298502206802368,54.11083221435547,5,1
122,0.04154901206493378,5.418936729431152,0.9771131277084351,0.008468245156109333,2.315291166305542,54.64332962036133,5,1
123,0.044644590467214584,5.556320667266846,0.9690898656845093,0.009371737018227577,2.277451515197754,46.6650505065918,5,1
124,0.06064635142683983,5.5113115310668945,0.9631763696670532,0.008979571051895618,2.2933177947998047,48.12835693359375,5,1
125,0.02584746852517128,5.643920421600342,0.9831206202507019,0.008079923689365387,2.3631322383880615,51.905975341796875,5,1
126,0.06773876398801804,5.023580074310303,0.9668310284614563,0.017720390111207962,2.3642709255218506,49.12698745727539,5,1
127,0.08569298684597015,4.256500720977783,0.9685353636741638,0.042336031794548035,2.220550537109375,45.18063735961914,5,1
128,0.04523780196905136,4.979344844818115,0.980424165725708,0.024126598611474037,2.2868220806121826,41.784202575683594,5,1
129,0.02940189465880394,6.251743316650391,0.9806125164031982,0.004767857491970062,2.2534232139587402,36.12534713745117,5,1
130,0.031824756413698196,6.06878662109375,0.9851634502410889,0.008394991979002953,2.3003225326538086,37.24958801269531,5,1
131,0.04638151824474335,5.757465362548828,0.9757530093193054,0.010785197839140892,2.512213706970215,41.22852325439453,5,1
132,0.03576549142599106,5.920397758483887,0.9844650030136108,0.007541479542851448,2.6065192222595215,48.00773239135742,5,1
133,0.05664311349391937,5.227897644042969,0.9684756398200989,0.015819501131772995,2.658785343170166,44.2991943359375,5,1
134,0.053204745054244995,4.683211326599121,0.9749863147735596,0.033216141164302826,2.7949728965759277,46.81208801269531,5,1
135,0.07675383985042572,4.343959331512451,0.9606583118438721,0.039875470101833344,2.7363932132720947,54.294437408447266,5,1
136,0.06206934154033661,5.714591979980469,0.9937456846237183,0.015466839075088501,2.937544822692871,55.751590728759766,5,1
137,0.09225209057331085,4.531815528869629,0.962470293045044,0.03775196895003319,2.8564705848693848,54.74320983886719,5,1
138,0.06472007930278778,4.710667610168457,0.9778077602386475,0.02807428501546383,2.8193209171295166,55.79727554321289,5,1
139,0.10834439843893051,4.783396244049072,0.9807908535003662,0.03110833838582039,2.8541386127471924,46.98078155517578,5,1
140,0.09369899332523346,5.311277389526367,0.9754402041435242,0.019640110433101654,2.886930465698242,49.35438537597656,5,1
141,0.09589880704879761,4.999300003051758,0.9697580337524414,0.024263128638267517,2.870542526245117,47.22582244873047,5,1
142,0.07523645460605621,4.679819583892822,0.9733054637908936,0.02089526690542698,2.76845121383667,37.75186538696289,5,1
143,0.05874622240662575,5.026673316955566,0.9844565391540527,0.017344336956739426,2.7048020362854004,33.98788070678711,5,1
144,0.05101294815540314,5.372502326965332,0.9720296859741211,0.022749677300453186,2.760178804397583,37.835548400878906,5,1
145,0.0649891048669815,5.30238676071167,0.9712650179862976,0.025587651878595352,2.8122806549072266,40.26530075073242,5,1
146,0.058154307305812836,5.306804656982422,0.9824171662330627,0.01599496603012085,2.947143316268921,44.1242561340332,5,1
147,0.082809679210186,4.893838405609131,0.9747867584228516,0.03469375893473625,2.9002246856689453,46.16194152832031,5,1
148,0.10290803015232086,4.771371841430664,0.9709692597389221,0.030803866684436798,2.9556374549865723,40.35189437866211,5,1
149,0.09778374433517456,5.835727214813232,0.9642090797424316,0.015515787526965141,2.933358907699585,41.32718276977539,5,1
150,0.08958009630441666,5.288142681121826,0.9777742028236389,0.02172774448990822,2.9413154125213623,41.43243408203125,5,1
151,0.08405489474534988,5.646394729614258,0.9795417189598083,0.023369669914245605,3.0120816230773926,42.80210876464844,5,1
152,0.12603941559791565,4.74021577835083,0.9544277787208557,0.03339831531047821,2.860930919647217,38.319679260253906,5,1
153,0.07341914623975754,5.354217529296875,0.9850780963897705,0.018083710223436356,2.836623430252075,39.44895553588867,5,1
154,0.07286794483661652,5.676079750061035,0.9885720014572144,0.011914731934666634,2.9518001079559326,41.51799392700195,5,1
155,0.0501483678817749,5.339451789855957,0.9776400327682495,0.019640225917100906,2.969024896621704,40.35690689086914,5,1
156,0.055554091930389404,5.977272987365723,0.9912118911743164,0.013840649276971817,2.9856910705566406,39.40861511230469,5,1
157,0.04268840327858925,5.898573875427246,0.9808624982833862,0.01452583447098732,2.9346017837524414,40.73698806762695,5,1
158,0.04381974786520004,6.461688995361328,0.9830130934715271,0.0064792996272444725,2.981616497039795,39.995452880859375,5,1
159,0.06406497955322266,5.0840044021606445,0.9772148728370667,0.041286103427410126,2.853564977645874,34.169593811035156,5,1
160,0.05022413283586502,6.215254783630371,0.9715707302093506,0.011974290944635868,2.982740879058838,38.3131103515625,5,1
161,0.07416220009326935,5.690120697021484,0.9617788791656494,0.014783523045480251,2.9652931690216064,40.39601135253906,5,1
162,0.08749576658010483,5.014222145080566,0.9515393972396851,0.029745522886514664,2.964832067489624,40.48933410644531,5,1
163,0.050203751772642136,5.677584648132324,0.9827823638916016,0.024332519620656967,3.005368232727051,40.084930419921875,5,1
164,0.07754980772733688,5.108369827270508,0.9492677450180054,0.024799862876534462,2.8887879848480225,33.22881317138672,5,1
165,0.06538861989974976,6.0350494384765625,0.9669938087463379,0.009238000027835369,2.9967989921569824,34.725379943847656,5,1
166,0.06177666783332825,5.973033428192139,0.9867920279502869,0.01031442265957594,3.2404494285583496,40.08293533325195,5,1
167,0.11289668828248978,5.04770565032959,0.9404950141906738,0.019762108102440834,3.1602225303649902,43.61613464355469,5,1
168,3.3138372898101807,9.8839750289917,0.9999904036521912,0.00037808925844728947,3.500349760055542,58.202083587646484,5,1
169,0.12562429904937744,6.745830535888672,0.9550833702087402,0.009425023570656776,3.267388343811035,60.807334899902344,5,1
170,0.14955461025238037,4.437884330749512,0.9367039203643799,0.04468150436878204,2.7880849838256836,45.04671096801758,5,1
171,0.1599474847316742,4.7754926681518555,0.9597123861312866,0.03638136386871338,2.802623748779297,44.62618637084961,5,1
172,0.13318753242492676,5.15591287612915,0.9858333468437195,0.020052578300237656,2.794896364212036,44.54113006591797,5,1
173,0.07571800798177719,4.800427436828613,0.969787061214447,0.02861330285668373,2.6800920963287354,39.31441116333008,5,1
174,0.09040912240743637,5.44001579284668,0.979720413684845,0.024693435057997704,2.7390575408935547,36.75316619873047,5,1
175,0.04252868518233299,5.141680717468262,0.9759678840637207,0.028288546949625015,2.7795803546905518,41.31158447265625,5,1
176,0.05495930090546608,5.927097320556641,0.9710683822631836,0.01565302163362503,2.9433627128601074,42.17877960205078,5,1
177,0.03485412895679474,5.859473705291748,0.9776351451873779,0.010284419171512127,2.990035057067871,46.651023864746094,5,1
178,0.05471315234899521,5.627253532409668,0.973684549331665,0.021522661671042442,3.038766622543335,46.73006057739258,5,1
179,0.07786594331264496,5.524601936340332,0.9659467935562134,0.014235978946089745,2.993232488632202,39.03434371948242,5,1
180,0.06481190770864487,5.427040100097656,0.9724488258361816,0.018101686611771584,2.935638427734375,34.957374572753906,5,1
181,0.031823039054870605,5.8959808349609375,0.9828817844390869,0.009046215564012527,3.0745930671691895,41.027339935302734,5,1
182,0.05020299553871155,5.255010604858398,0.9793701171875,0.0275941900908947,2.919252395629883,40.87147903442383,5,1
183,0.054924238473176956,5.664960861206055,0.9831743836402893,0.02100013568997383,3.0471413135528564,42.94137191772461,5,1
184,0.09241469949483871,4.992955207824707,0.948537290096283,0.02761511690914631,3.1296868324279785,44.69131851196289,5,1
185,0.10723339766263962,5.2086944580078125,0.984961986541748,0.02827620320022106,3.0475668907165527,38.88890838623047,5,1
186,0.11412765085697174,5.594512939453125,0.9553428292274475,0.019111188128590584,3.019646167755127,40.83820724487305,5,1
187,0.0917864590883255,5.727590560913086,0.9512476921081543,0.015155930072069168,2.9445102214813232,41.35466003417969,5,1
188,0.05119352787733078,5.103085994720459,0.9926382899284363,0.030093412846326828,3.117255210876465,40.74923324584961,5,1
189,0.06638550758361816,5.4326677322387695,0.9784557819366455,0.022126678377389908,2.9902260303497314,39.653785705566406,5,1
190,0.08720748126506805,5.571765422821045,0.9762855172157288,0.018940938636660576,2.9908242225646973,35.66689682006836,5,1
191,0.06976942718029022,5.4660749435424805,0.9724136590957642,0.02194240503013134,2.9125308990478516,31.752408981323242,5,1
192,0.03583823889493942,5.494089126586914,0.9806097745895386,0.016837455332279205,3.035386562347412,37.542625427246094,5,1
193,0.05397231504321098,5.674596786499023,0.973773181438446,0.01933792233467102,3.0522449016571045,45.24721145629883,5,1
194,0.08831612765789032,5.761015892028809,0.9573682546615601,0.014938314445316792,3.1490321159362793,45.667747497558594,5,1
195,0.07693535089492798,4.429574012756348,0.9603426456451416,0.051545847207307816,3.0013511180877686,40.813636779785156,5,1
196,0.12926757335662842,3.396681785583496,0.9515584707260132,0.1252550184726715,2.874454975128174,33.115943908691406,5,1
197,0.037712156772613525,5.393888473510742,0.9863590598106384,0.020222298800945282,3.244739055633545,48.3937873840332,5,1
198,0.07072368264198303,5.50579833984375,0.9625357389450073,0.021558046340942383,3.182255268096924,42.33455276489258,5,1
199,0.1133747398853302,5.361147403717041,0.9586420059204102,0.02948889136314392,3.0592041015625,37.14451599121094,5,1
200,0.1359216272830963,4.018280029296875,0.9156680107116699,0.059621572494506836,3.114452838897705,35.02067947387695,5,1
201,0.14417186379432678,5.132110118865967,0.9584004878997803,0.034697145223617554,3.141129493713379,37.72153854370117,5,1
202,0.090683713555336,4.386207103729248,0.9440191388130188,0.046364158391952515,3.088520050048828,36.52599334716797,5,1
203,0.10739383846521378,5.136919975280762,0.9650543928146362,0.029367752373218536,3.093120574951172,32.5694694519043,5,1
204,0.052051614969968796,5.626779556274414,0.987774133682251,0.019643373787403107,3.0677831172943115,34.47433090209961,5,1
205,0.08754852414131165,6.180554389953613,0.9751996994018555,0.011315472424030304,3.2063090801239014,34.28322982788086,5,1
206,0.044235944747924805,6.032230854034424,0.9788879752159119,0.01861409656703472,3.2096714973449707,31.288501739501953,5,1
207,0.060607537627220154,4.8056416511535645,0.9656519293785095,0.03604884445667267,3.103950023651123,33.81964111328125,5,1
208,0.07424081861972809,5.2359514236450195,0.9672266840934753,0.01953597366809845,3.0744998455047607,37.70576477050781,5,1
209,0.08823028951883316,5.04080867767334,0.9618367552757263,0.03525582700967789,3.273530960083008,40.552005767822266,5,1
210,0.07036648690700531,5.686788558959961,0.989353358745575,0.017734456807374954,3.172187089920044,35.99224090576172,5,1
211,0.15108010172843933,4.5582075119018555,0.9906022548675537,0.046149320900440216,3.144420862197876,36.05937194824219,5,1
212,0.04696265608072281,5.7296648025512695,0.9714450836181641,0.018688194453716278,3.1436209678649902,39.63872146606445,5,1
213,0.0759212076663971,5.413407325744629,0.9748623371124268,0.029705718159675598,3.0521936416625977,32.574066162109375,5,1
214,0.09991401433944702,5.281615257263184,0.9752386212348938,0.02171427756547928,3.2316207885742188,28.870786666870117,5,1
215,0.10151608288288116,5.70404577255249,0.975967288017273,0.02061457559466362,3.2370657920837402,27.414766311645508,5,1
216,0.05039795860648155,5.762646675109863,0.9742787480354309,0.01803607866168022,3.2714884281158447,29.386964797973633,5,1
217,0.11077797412872314,5.464556694030762,0.9694690704345703,0.02879156544804573,3.3357324600219727,31.350566864013672,5,1
218,0.1768202930688858,3.500558614730835,0.8975357413291931,0.08734078705310822,3.0298540592193604,28.02324867248535,5,1
219,0.1701330691576004,4.403439044952393,0.9654631614685059,0.0448138564825058,3.193425416946411,26.585426330566406,5,1
220,0.10607960820198059,4.374156475067139,0.9432226419448853,0.039296746253967285,2.987060070037842,21.82132911682129,5,1
221,0.09933090209960938,5.650426864624023,0.9836317300796509,0.010417970828711987,3.122772455215454,24.279062271118164,5,1
222,0.129242941737175,4.174582481384277,0.9398568868637085,0.07247257232666016,3.0162110328674316,24.256210327148438,5,1
223,0.09428263455629349,4.783130645751953,0.9639458060264587,0.04707733541727066,3.0966203212738037,26.257944107055664,5,1
224,0.06838823854923248,5.437073230743408,0.9582117199897766,0.029352152720093727,3.3107919692993164,25.50400161743164,5,1
225,0.7207253575325012,0.6347242593765259,0.6372650265693665,0.6535643935203552,1.492522954940796,9.219353675842285,5,1
226,0.39219316840171814,8.18114185333252,0.8276920318603516,0.0029449681751430035,3.373669147491455,53.87807846069336,5,1
227,0.1508844643831253,5.012177467346191,0.9333010911941528,0.03905479982495308,3.0784857273101807,41.454010009765625,5,1
228,0.15950435400009155,4.485764026641846,0.9449055194854736,0.049042634665966034,2.8269221782684326,31.337404251098633,5,1
229,0.16891543567180634,4.5539140701293945,0.9323342442512512,0.049468688666820526,2.7087855339050293,31.145641326904297,5,1
230,0.13854241371154785,5.0786542892456055,0.9410827159881592,0.025757648050785065,2.9674649238586426,39.9932861328125,5,1
231,0.11808556318283081,4.563083648681641,0.9621674418449402,0.04664221033453941,2.8259973526000977,35.928916931152344,5,1
232,0.12387759238481522,5.089395046234131,0.974601149559021,0.032979678362607956,2.8234598636627197,29.981399536132812,5,1
233,0.08912912011146545,4.7103962898254395,0.9663562774658203,0.039138659834861755,2.955915689468384,29.04259490966797,5,1
234,0.09358403086662292,4.739902973175049,0.9710060358047485,0.042402125895023346,2.8981378078460693,30.606454849243164,5,1
235,0.10657872259616852,4.679908752441406,0.9571886658668518,0.036075059324502945,3.067802667617798,36.105918884277344,5,1
236,0.13015379011631012,4.797451019287109,0.9630570411682129,0.04351770132780075,3.122814416885376,39.57594299316406,5,1
237,0.10816863179206848,4.602719306945801,0.9760595560073853,0.04161933809518814,2.948529005050659,39.41341781616211,5,1
238,0.10476110875606537,5.0916547775268555,0.9606478810310364,0.019172951579093933,2.9788296222686768,34.403812408447266,5,1
239,0.12237799167633057,4.288632869720459,0.9444109201431274,0.04080357402563095,2.804621934890747,26.22871208190918,5,1
240,0.08707983791828156,5.142160415649414,0.9734999537467957,0.028644215315580368,3.0022215843200684,30.135835647583008,5,1
241,0.08905992656946182,5.222186088562012,0.9771480560302734,0.02311679720878601,3.169443368911743,39.014034271240234,5,1
242,0.07203230261802673,5.144258499145508,0.9621647596359253,0.02797495573759079,3.185478687286377,38.992713928222656,5,1
243,0.1285172700881958,4.8802289962768555,0.9490793943405151,0.035856738686561584,3.258666753768921,28.414283752441406,5,1
244,0.12192675471305847,5.282450199127197,0.9608720541000366,0.02137630060315132,3.1077072620391846,22.6392879486084,5,1
245,0.07712294161319733,5.088498592376709,0.9646175503730774,0.02502778172492981,3.1027672290802,27.9322452545166,5,1
246,0.08168090879917145,5.280152320861816,0.9608795046806335,0.025735685601830482,3.201704263687134,32.607906341552734,5,1
247,0.13065311312675476,5.507625579833984,0.9535471200942993,0.01577029936015606,3.366373062133789,37.60481643676758,5,1
248,0.10804954171180725,4.667002201080322,0.9486491084098816,0.03841651976108551,3.1944854259490967,32.19213104248047,5,1
249,0.10737594217061996,4.966113567352295,0.9483006000518799,0.031089013442397118,3.051406145095825,31.685640335083008,5,1
250,0.11219903826713562,4.685855388641357,0.9410086870193481,0.04681377112865448,3.1852967739105225,33.01436233520508,5,1
251,0.10196667909622192,5.2223639488220215,0.9530478119850159,0.02091454714536667,3.1505677700042725,33.93458938598633,5,1
252,0.11171117424964905,4.892141342163086,0.9716714024543762,0.027498804032802582,3.1329116821289062,31.64692497253418,5,1
253,0.15858085453510284,4.89487361907959,0.9054330587387085,0.03634238988161087,3.262693166732788,26.87349510192871,5,1
254,0.06330917775630951,4.896378517150879,0.9792680144309998,0.0453750416636467,3.1752865314483643,29.209321975708008,5,1
255,0.05706275254487991,5.602151870727539,0.9799904823303223,0.014837630093097687,3.3806874752044678,33.19931411743164,5,1
256,0.11696011573076248,4.239950180053711,0.9404075145721436,0.05944259464740753,3.175541639328003,31.250802993774414,5,1
257,0.10445994138717651,5.226059913635254,0.981512188911438,0.029685627669095993,3.2381248474121094,29.784629821777344,5,1
258,0.10439042747020721,4.210884094238281,0.9337407350540161,0.049981482326984406,3.4262325763702393,28.839935302734375,5,1
259,0.1029747948050499,5.605254173278809,0.9833255410194397,0.015242774039506912,3.3133223056793213,27.596837997436523,5,1
260,0.09946992993354797,4.732375144958496,0.9632984399795532,0.028852447867393494,3.205440044403076,24.352251052856445,5,1
261,0.10726113617420197,5.584253311157227,0.9845113158226013,0.014913255348801613,3.226538896560669,23.259963989257812,5,1
262,0.08850464224815369,4.825959205627441,0.9583050012588501,0.031762100756168365,3.1735081672668457,21.94081687927246,5,1
263,0.09185310453176498,4.653627395629883,0.9625093936920166,0.0354112908244133,3.0804693698883057,22.1436710357666,5,1
264,0.10191906988620758,4.124241352081299,0.9476521611213684,0.045758675783872604,3.227743148803711,23.36732292175293,5,1
265,0.09239686280488968,4.546403884887695,0.9538826942443848,0.046558018773794174,3.1936986446380615,22.229333877563477,5,1
266,0.15035594999790192,4.351979732513428,0.9211108088493347,0.04377416521310806,3.157493829727173,18.722335815429688,5,1
267,0.11391213536262512,5.041390895843506,0.9698991775512695,0.027713119983673096,3.388930082321167,17.34238624572754,5,1
268,0.09140695631504059,4.5539093017578125,0.9496262073516846,0.03747497498989105,3.2047982215881348,16.06206703186035,5,1
269,0.06926947832107544,5.52458381652832,0.9698971509933472,0.0207800455391407,3.2966296672821045,17.82508087158203,5,1
270,0.13010527193546295,5.08949089050293,0.9724228382110596,0.033141009509563446,3.4075376987457275,20.636674880981445,5,1
271,0.08181974291801453,5.025903701782227,0.9780986905097961,0.02620301954448223,3.2628912925720215,19.741641998291016,5,1
272,0.2469828575849533,2.319823741912842,0.8522975444793701,0.22371308505535126,2.7367680072784424,16.25394630432129,5,1
273,0.33522340655326843,2.4784786701202393,0.958384096622467,0.328180730342865,3.167203187942505,29.814403533935547,5,1
274,0.33709943294525146,5.346479415893555,0.9787312746047974,0.03392615169286728,3.1950697898864746,35.7537727355957,5,1
275,0.15043288469314575,4.5615057945251465,0.9309094548225403,0.041346825659275055,3.1894845962524414,29.55777931213379,5,1
276,0.19463065266609192,4.080370903015137,0.9274389743804932,0.06366711854934692,2.9871063232421875,23.417879104614258,5,1
277,0.14578208327293396,4.315215110778809,0.9242501258850098,0.045795291662216187,3.006763458251953,24.76740837097168,5,1
278,0.08643358200788498,4.76637077331543,0.9793107509613037,0.031824417412281036,3.0246524810791016,26.7197322845459,5,1
279,0.09925178438425064,4.823696613311768,0.9862476587295532,0.03844433277845383,3.0190093517303467,23.77753257751465,5,1
280,0.08799174427986145,5.481736183166504,0.9743258953094482,0.020155031234025955,3.0812368392944336,24.466167449951172,5,1
281,0.08070003986358643,4.916068077087402,0.9828453063964844,0.03174278885126114,3.261089324951172,27.217309951782227,5,1
282,0.0863274559378624,5.470365047454834,0.9702237248420715,0.027531350031495094,3.3249716758728027,30.681018829345703,5,1
283,0.15370497107505798,4.595246315002441,0.930019736289978,0.049072667956352234,3.209543228149414,29.025598526000977,5,1
284,0.12273187935352325,5.235230922698975,0.9797616004943848,0.01913474127650261,3.2620186805725098,28.42485809326172,5,1
285,0.07984408736228943,5.319641590118408,0.971156895160675,0.018430689349770546,3.2219018936157227,23.928022384643555,5,1
286,0.10673853754997253,4.985851287841797,0.9585217833518982,0.021140139549970627,3.1816320419311523,22.859365463256836,5,1
287,0.11560123413801193,4.812131881713867,0.9444551467895508,0.03030702844262123,3.181523323059082,23.71015167236328,5,1
288,0.082896888256073,5.263853549957275,0.973792314529419,0.030189499258995056,3.3443126678466797,27.03458023071289,5,1
289,0.06120219826698303,5.32440185546875,0.9654954671859741,0.0199554655700922,3.3066608905792236,27.9544620513916,5,1
290,0.08036795258522034,5.112712860107422,0.9546113014221191,0.019868064671754837,3.4373621940612793,30.68840789794922,5,1
291,0.11654472351074219,4.728276252746582,0.9614612460136414,0.037490636110305786,3.3056044578552246,26.598438262939453,5,1
292,0.08052706718444824,4.925679683685303,0.9715569019317627,0.039805181324481964,3.2337353229522705,22.852619171142578,5,1
293,0.13596488535404205,4.826515197753906,0.9612734317779541,0.03188589960336685,3.408257484436035,24.331886291503906,5,1
294,0.07112234085798264,5.453851699829102,0.9648611545562744,0.035149961709976196,3.683198928833008,29.441226959228516,5,1
295,0.09183723479509354,4.986981391906738,0.9746208190917969,0.048317693173885345,3.5065531730651855,29.553466796875,5,1
296,0.10291686654090881,4.943521499633789,0.9528481960296631,0.042768582701683044,3.4922749996185303,25.6066837310791,5,1
297,0.10613938421010971,5.121581077575684,0.971286416053772,0.030613306909799576,3.4146223068237305,23.2109432220459,5,1
298,0.07619984447956085,4.657505035400391,0.9628246426582336,0.04022592678666115,3.4735617637634277,23.624298095703125,5,1
299,0.06416420638561249,4.901473045349121,0.9681706428527832,0.03814581781625748,3.478717088699341,23.995162963867188,5,1
300,0.10634314268827438,4.419370651245117,0.9315145611763,0.0430750697851181,3.3968117237091064,22.210355758666992,5,1
301,0.09722622483968735,5.660553932189941,0.9793747663497925,0.011931877583265305,3.545175790786743,21.35770034790039,5,1
302,0.10251826047897339,5.554644584655762,0.9752339124679565,0.022671839222311974,3.4925920963287354,22.271808624267578,5,1
303,0.1034875363111496,5.148594856262207,0.9726892709732056,0.022983849048614502,3.5655124187469482,26.99069595336914,5,1
304,0.12122553586959839,4.677267551422119,0.9570003747940063,0.03773723915219307,3.593249797821045,27.520660400390625,5,1
305,0.13222052156925201,3.929220199584961,0.9088585376739502,0.06068318709731102,3.465329647064209,22.151636123657227,5,1
306,0.08046315610408783,5.979001522064209,0.9712557792663574,0.016494695097208023,3.545646905899048,21.734298706054688,5,1
307,0.10668812692165375,5.97930383682251,0.9667530059814453,0.011880125850439072,3.6610305309295654,25.012435913085938,5,1
308,0.1281040906906128,4.4097418785095215,0.9371126890182495,0.05445520579814911,3.422149181365967,24.744426727294922,5,1
309,0.17067308723926544,3.8258848190307617,0.9057355523109436,0.09702490270137787,3.374427556991577,19.106473922729492,5,1
310,0.3628322184085846,4.634979724884033,0.9929922819137573,0.06549325585365295,3.5400006771087646,22.858726501464844,5,1
311,0.11394889652729034,5.347146034240723,0.9290087819099426,0.028053071349859238,3.5811283588409424,27.82312774658203,5,1
312,0.07962720096111298,4.668924331665039,0.9695994257926941,0.049420762807130814,3.542307138442993,27.383113861083984,5,1
313,0.11902730166912079,4.444850444793701,0.9625603556632996,0.044504087418317795,3.3469173908233643,23.86617660522461,5,1
314,0.11560860276222229,4.012918472290039,0.9377661943435669,0.07648664712905884,3.435601234436035,19.831125259399414,5,1
315,0.11415447294712067,6.073740482330322,0.9762080907821655,0.01377817615866661,3.512307643890381,21.352455139160156,5,1
316,0.07105454057455063,4.786473274230957,0.9673699140548706,0.05132785812020302,3.40893816947937,19.300867080688477,5,1
317,0.09381462633609772,5.457815170288086,0.9657799005508423,0.023173373192548752,3.656264305114746,19.770606994628906,5,1
318,0.06206835061311722,5.556314468383789,0.9859820604324341,0.019354108721017838,3.4083240032196045,21.32400131225586,5,1
319,0.10660132765769958,4.584624290466309,0.950018048286438,0.041791386902332306,3.461172103881836,21.220949172973633,5,1
320,0.06765411794185638,5.046072006225586,0.971135675907135,0.034817107021808624,3.723085880279541,22.591630935668945,5,1
321,0.08009041845798492,5.675168514251709,0.9880877137184143,0.025131141766905785,3.6500463485717773,19.674694061279297,5,1
322,0.14579430222511292,5.926651954650879,0.989361047744751,0.01657268777489662,3.743135452270508,18.882673263549805,5,1
323,0.11220955848693848,4.857868194580078,0.9783949851989746,0.03538302332162857,3.618333578109741,15.010285377502441,5,1
324,0.10275392979383469,4.272337913513184,0.9816850423812866,0.0542619414627552,3.7283987998962402,17.147785186767578,5,1
325,0.10780448466539383,5.853080749511719,0.9604841470718384,0.018194586038589478,3.7032651901245117,20.667869567871094,5,1
326,0.13768181204795837,5.364356994628906,0.9708719849586487,0.01639806106686592,3.8461170196533203,20.554922103881836,5,1
327,0.16863714158535004,5.968385696411133,0.9843340516090393,0.015618180856108665,3.713958740234375,20.650625228881836,5,1
328,0.08434981852769852,5.089029312133789,0.9566195607185364,0.02918464131653309,3.5435702800750732,21.463905334472656,5,1
329,0.18853257596492767,2.9325485229492188,0.8922330141067505,0.16418907046318054,3.233834743499756,14.847623825073242,5,1
330,7.834916114807129,11.953802108764648,0.9999998807907104,0.00044507929123938084,3.782921552658081,19.53816795349121,5,1
331,0.24265120923519135,4.403116226196289,0.894203782081604,0.062415946274995804,3.473085641860962,23.491138458251953,5,1
332,0.10998576879501343,5.886399269104004,0.9749876856803894,0.018659455701708794,3.3910768032073975,24.299631118774414,5,1
333,0.122823566198349,5.1655778884887695,0.9377683401107788,0.029826238751411438,3.390336036682129,21.576536178588867,5,1
334,0.16437862813472748,4.628514289855957,0.9580128788948059,0.044163819402456284,3.4450018405914307,19.012880325317383,5,1
335,0.12111076712608337,5.206876277923584,0.9490119218826294,0.023279985412955284,3.4529025554656982,15.783712387084961,5,1
336,0.1034432202577591,4.8281779289245605,0.9650189876556396,0.04496341943740845,3.299177885055542,16.033023834228516,5,1
337,0.09840139746665955,4.398597717285156,0.9540401697158813,0.06483829021453857,3.3414199352264404,16.9400634765625,5,1
338,0.08217082172632217,5.014922618865967,0.979753851890564,0.02132302150130272,3.3665196895599365,19.19938850402832,5,1
339,0.12971147894859314,4.761928558349609,0.9540822505950928,0.04496332257986069,3.5413084030151367,21.238597869873047,5,1
340,0.12845629453659058,5.478424072265625,0.9721248149871826,0.019017361104488373,3.519623041152954,21.55893325805664,5,1
341,0.07955537736415863,4.785256385803223,0.9513049125671387,0.037583544850349426,3.6706528663635254,22.412935256958008,5,1
342,0.24010878801345825,4.708470344543457,0.8784385919570923,0.04716324061155319,3.5196118354797363,19.61977195739746,5,1
343,0.06857635825872421,5.335026741027832,0.9723334312438965,0.024922268465161324,3.451657295227051,23.2011775970459,5,1
344,0.08783843368291855,5.533608436584473,0.9659493565559387,0.02701953426003456,3.4824278354644775,21.832523345947266,5,1
345,0.10789522528648376,4.9642229080200195,0.9648630619049072,0.03814687207341194,3.5744378566741943,22.313106536865234,5,1
346,0.15279117226600647,4.742528438568115,0.9417021870613098,0.042802587151527405,3.4733989238739014,20.535184860229492,5,1
347,0.09068267047405243,5.079647541046143,0.9793589115142822,0.029268737882375717,3.472231149673462,20.034889221191406,5,1
348,0.10791599005460739,5.525582313537598,0.9530366659164429,0.028172912076115608,3.520968198776245,19.784704208374023,5,1
349,0.067843958735466,4.7092742919921875,0.9629355669021606,0.04703046381473541,3.777116537094116,21.657453536987305,5,1
350,0.12617559731006622,5.0875701904296875,0.9609959721565247,0.026583854109048843,3.577752113342285,21.379648208618164,5,1
351,0.0916423350572586,4.362781524658203,0.9542933702468872,0.06452696770429611,3.4500744342803955,19.97342872619629,5,1
352,0.09918665885925293,4.816227912902832,0.968794047832489,0.04661070555448532,3.657487392425537,22.21879768371582,5,1
353,0.11553323268890381,5.101297378540039,0.97157222032547,0.029983069747686386,3.586543321609497,18.415884017944336,5,1
354,0.07205446809530258,4.703859806060791,0.9617428779602051,0.033504828810691833,3.5515401363372803,19.269132614135742,5,1
355,0.06726426631212234,4.588475227355957,0.9798405766487122,0.03784174472093582,3.645496129989624,19.50460433959961,5,1
356,0.1110144853591919,4.121181964874268,0.9307674169540405,0.056483194231987,3.6434056758880615,19.783811569213867,5,1
357,0.12360939383506775,4.919312477111816,0.93412846326828,0.05168009549379349,3.4844655990600586,20.5113468170166,5,1
358,0.10414283722639084,4.765277862548828,0.9550331830978394,0.04110579192638397,3.701943874359131,22.595428466796875,5,1
359,0.05639675259590149,5.2284064292907715,0.9824427366256714,0.028470642864704132,3.5888283252716064,19.554794311523438,5,1
360,0.0962689071893692,4.481511116027832,0.9515970945358276,0.052390582859516144,3.551459312438965,15.98409652709961,5,1
361,0.11424362659454346,5.028038024902344,0.9540517330169678,0.03291306272149086,3.6337103843688965,16.580900192260742,5,1
362,0.06614063680171967,5.639190673828125,0.9666733741760254,0.02447749301791191,3.688046932220459,21.401630401611328,5,1
363,0.08892978727817535,5.951790809631348,0.9550511240959167,0.0161235760897398,3.9010422229766846,21.09978485107422,5,1
364,0.12472602725028992,4.497865676879883,0.9521394371986389,0.0710601657629013,3.6926591396331787,19.230323791503906,5,1
365,0.09777885675430298,4.702507495880127,0.9421488642692566,0.03684292361140251,3.645294666290283,16.928424835205078,5,1
366,0.11694873869419098,3.808232545852661,0.931509792804718,0.07976275682449341,3.585571527481079,15.067319869995117,5,1
367,0.11798353493213654,3.8813042640686035,0.9263641238212585,0.07281428575515747,3.5066823959350586,14.392464637756348,5,1
368,0.1356852948665619,5.7470703125,0.9760240316390991,0.014734050258994102,3.5726420879364014,15.312707901000977,5,1
369,0.07559183239936829,4.573389053344727,0.9615296125411987,0.03470287099480629,3.6695213317871094,17.583511352539062,5,1
370,0.12568548321723938,5.6317338943481445,0.9783618450164795,0.016684088855981827,3.799330472946167,18.75525665283203,5,1
371,0.11903752386569977,5.684447765350342,0.9661621451377869,0.017050452530384064,3.870102882385254,17.54659652709961,5,1
372,0.12848715484142303,6.041382312774658,0.9779083132743835,0.02074255794286728,3.668431520462036,15.90571403503418,5,1
373,0.17838090658187866,5.876016139984131,0.9874410629272461,0.01636938937008381,3.7606849670410156,16.148229598999023,5,1
374,0.18754544854164124,4.434671401977539,0.8916499614715576,0.05321502313017845,3.6199822425842285,11.988791465759277,5,1
375,0.19194011390209198,6.552370071411133,0.9864646196365356,0.01171979121863842,3.776028871536255,15.656558990478516,5,1
376,0.06907534599304199,4.417514324188232,0.9783613681793213,0.054309673607349396,3.518223762512207,17.941957473754883,5,1
377,0.14199699461460114,4.387480735778809,0.915664553642273,0.05133702978491783,3.668215036392212,18.095348358154297,5,1
378,0.19034148752689362,6.612886905670166,0.9878774881362915,0.007805920206010342,3.8943350315093994,18.46047592163086,5,1
379,0.09480147063732147,5.199988842010498,0.9583773612976074,0.02940269187092781,3.7157211303710938,15.935798645019531,5,1
380,0.20020493865013123,3.883814811706543,0.8838584423065186,0.08777289092540741,3.5958364009857178,12.040045738220215,5,1
381,0.1129923164844513,4.327868461608887,0.9745174646377563,0.05795082077383995,3.6476173400878906,15.9345703125,5,1
382,0.10971710085868835,4.539754390716553,0.9793090224266052,0.047450125217437744,3.582479238510132,15.644986152648926,5,1
383,0.09086443483829498,5.419569492340088,0.9703040719032288,0.01832933910191059,3.9453353881835938,18.589405059814453,5,1
384,0.1455819010734558,3.281186819076538,0.9271854162216187,0.14199227094650269,3.397498607635498,14.130953788757324,5,1
385,0.08106014877557755,4.692934036254883,0.9698052406311035,0.04568267613649368,3.6750102043151855,14.928744316101074,5,1
386,0.17253068089485168,4.75637149810791,0.9643154144287109,0.04735635966062546,3.541602611541748,15.596150398254395,5,1
387,0.09068311750888824,4.577230453491211,0.9740995168685913,0.05248694494366646,3.6685523986816406,14.601512908935547,5,1
388,0.07878118008375168,6.891833782196045,0.9886133670806885,0.005289663560688496,4.015947341918945,15.371170043945312,5,1
389,0.17263901233673096,5.476607322692871,0.9871065020561218,0.017955370247364044,3.783385753631592,20.01214599609375,5,1
390,0.10470810532569885,4.499004364013672,0.9597967863082886,0.05222325026988983,3.6690659523010254,17.64972496032715,5,1
391,0.11022943258285522,5.187225341796875,0.9414929747581482,0.03674495592713356,3.8334739208221436,16.215547561645508,5,1
392,0.11231006681919098,5.507786750793457,0.9467498064041138,0.024631094187498093,3.842869281768799,15.036447525024414,5,1
393,0.09499971568584442,5.079028129577637,0.9588332772254944,0.032738685607910156,3.841013193130493,13.02806568145752,5,1
394,0.10730723291635513,4.569864273071289,0.9506434202194214,0.050788454711437225,3.743817090988159,13.105308532714844,5,1
395,0.2565450966358185,3.3128862380981445,0.8780635595321655,0.16671833395957947,3.5169477462768555,15.192721366882324,5,1
396,3.8573338985443115,7.55324125289917,0.9998091459274292,0.04517371207475662,4.1513166427612305,30.40247344970703,5,1
397,0.20699381828308105,6.183342933654785,0.9267841577529907,0.027450399473309517,3.874371290206909,31.689834594726562,5,1
398,0.26038283109664917,5.119320869445801,0.9590847492218018,0.0318169966340065,3.7182185649871826,22.92626190185547,5,1
399,0.14058518409729004,4.71628475189209,0.9212105870246887,0.05793215334415436,3.513185501098633,15.24648666381836,5,1
400,0.18457446992397308,5.3136796951293945,0.9700936079025269,0.017258241772651672,3.473111867904663,14.771707534790039,5,1
401,0.1169639453291893,4.891022205352783,0.9566311240196228,0.028834335505962372,3.5644569396972656,20.849796295166016,5,1
402,0.1335936188697815,4.803603649139404,0.9542623162269592,0.03694619983434677,3.3467421531677246,20.05169105529785,5,1
403,0.12289398908615112,5.280633926391602,0.9390255212783813,0.03464331850409508,3.7051587104797363,23.99986457824707,5,1
404,0.1292797178030014,4.905489921569824,0.9453866481781006,0.037623416632413864,3.631121873855591,23.35930824279785,5,1
405,0.0982280820608139,5.26509952545166,0.9602239727973938,0.025617817416787148,3.6516027450561523,22.490280151367188,5,1
406,0.12572401762008667,4.563607692718506,0.9512780904769897,0.03762613236904144,3.6580045223236084,20.71247673034668,5,1
407,0.10103470087051392,4.707928657531738,0.9525373578071594,0.04624153673648834,3.5085437297821045,20.756601333618164,5,1
408,0.11772722750902176,4.492222785949707,0.964526355266571,0.037223245948553085,3.5821714401245117,17.298974990844727,5,1
409,0.09408777952194214,4.981921195983887,0.9445928335189819,0.02348611131310463,3.64070463180542,16.393754959106445,5,1
410,0.1217276006937027,4.514705181121826,0.9382091760635376,0.0321492925286293,3.401087999343872,17.099363327026367,5,1
411,0.08249389380216599,4.717799663543701,0.975995659828186,0.03487987816333771,3.7130300998687744,19.019128799438477,5,1
412,0.13561680912971497,5.62139892578125,0.9627061486244202,0.014917533844709396,3.582956552505493,22.73416519165039,5,1
413,0.07300864905118942,4.553031921386719,0.9653528928756714,0.056999556720256805,3.5852773189544678,21.344886779785156,5,1
414,0.15290111303329468,4.489650249481201,0.9505999088287354,0.045202042907476425,3.8440680503845215,19.689088821411133,5,1
415,0.127729594707489,4.253941535949707,0.9312432408332825,0.052633464336395264,3.7224152088165283,14.320038795471191,5,1
416,0.12342259287834167,4.871251106262207,0.9408064484596252,0.027038373053073883,3.8440115451812744,17.230316162109375,5,1
417,0.10364405810832977,5.237629413604736,0.9473112225532532,0.026850145310163498,3.799931049346924,19.304906845092773,5,1
418,0.1306004524230957,4.870915412902832,0.9521012306213379,0.038750309497117996,3.6151416301727295,16.989004135131836,5,1
419,0.11999718844890594,5.287395477294922,0.9560434818267822,0.019514882937073708,3.8689534664154053,16.880598068237305,5,1
420,0.13880273699760437,5.028345584869385,0.9595844745635986,0.02992650680243969,3.7735071182250977,15.775343894958496,5,1
421,0.12805207073688507,5.506967067718506,0.9655594229698181,0.018642820417881012,3.806741714477539,16.439741134643555,5,1
422,0.12909886240959167,5.026541709899902,0.9893709421157837,0.02715511992573738,3.7245395183563232,15.30116081237793,5,1
423,0.08636663854122162,5.293132781982422,0.9664633274078369,0.029540743678808212,3.661817789077759,14.588642120361328,5,1
424,0.13344907760620117,5.807974815368652,0.962878406047821,0.01798735372722149,3.640193223953247,14.196182250976562,5,1
425,0.11364944279193878,5.669594764709473,0.9715694785118103,0.014857702888548374,3.660695791244507,15.914261817932129,5,1
426,0.08103030920028687,5.066115379333496,0.9677114486694336,0.030168205499649048,3.8205995559692383,15.513030052185059,5,1
427,0.14093108475208282,5.2891645431518555,0.9757623672485352,0.025774169713258743,3.8288698196411133,13.542634010314941,5,1
428,0.07620975375175476,4.286547660827637,0.967258095741272,0.06910210847854614,3.6527583599090576,12.990682601928711,5,1
429,0.09452088922262192,4.725158214569092,0.9814732074737549,0.036657534539699554,3.657303810119629,13.6812744140625,5,1
430,0.13785476982593536,4.439745903015137,0.9639862775802612,0.058836452662944794,3.812059164047241,12.831661224365234,5,1
431,0.13908790051937103,4.531093597412109,0.927855372428894,0.03871903568506241,3.6418614387512207,12.251317977905273,5,1
432,0.09067869186401367,5.002567291259766,0.974918007850647,0.024884510785341263,3.555708885192871,13.094626426696777,5,1
433,0.07236141711473465,4.481122016906738,0.9696340560913086,0.05035245418548584,3.5030298233032227,12.545703887939453,5,1
434,0.13641032576560974,4.310768127441406,0.9344225525856018,0.0693553239107132,3.6170241832733154,10.742218017578125,5,1
435,0.09362457692623138,4.563107013702393,0.9502454996109009,0.04675954580307007,3.525170087814331,11.419692039489746,5,1
436,0.09713808447122574,4.78902530670166,0.9729927778244019,0.04254017025232315,3.641099691390991,10.477479934692383,5,1
437,0.24721288681030273,4.634528160095215,0.8823055028915405,0.039270319044589996,3.778630495071411,12.466452598571777,5,1
438,0.1623971164226532,5.2002644538879395,0.9676647186279297,0.02145247906446457,3.6372578144073486,12.556859970092773,5,1
439,0.119827039539814,4.213470458984375,0.9491335153579712,0.06018450856208801,3.6490674018859863,12.193289756774902,5,1
440,0.10605606436729431,5.2119293212890625,0.9766663312911987,0.01793862320482731,3.8180923461914062,11.997800827026367,5,1
441,0.1704908013343811,3.8935434818267822,0.9467313289642334,0.07444564998149872,3.594022274017334,10.002374649047852,5,1
442,0.11994412541389465,4.292795658111572,0.9382379651069641,0.047467462718486786,3.7471470832824707,10.768177032470703,5,1
443,0.09706777334213257,5.345799922943115,0.97984778881073,0.019823772832751274,3.6474452018737793,10.996654510498047,5,1
444,0.11272664368152618,5.259905815124512,0.983189582824707,0.028563037514686584,3.979085683822632,14.161223411560059,5,1
445,0.10494658350944519,6.385585784912109,0.9869757294654846,0.013784403912723064,3.82064151763916,12.422277450561523,5,1
446,0.12928453087806702,4.705412864685059,0.9490019679069519,0.03281210735440254,3.9663569927215576,10.823141098022461,5,1
447,0.10255391150712967,4.053641319274902,0.9256129264831543,0.07351867854595184,3.688173294067383,9.47548770904541,5,1
448,0.09202802181243896,5.479347229003906,0.9561468362808228,0.0232568196952343,3.836562156677246,11.295706748962402,5,1
449,0.12057512998580933,5.621704578399658,0.9755728244781494,0.019509969279170036,3.877643585205078,11.943249702453613,5,1
450,0.11972138285636902,3.411752462387085,0.9302818775177002,0.0962413102388382,3.5668978691101074,10.865530967712402,5,1
451,0.09199327230453491,5.653657913208008,0.9671491384506226,0.020615223795175552,3.8832366466522217,12.19997501373291,5,1
452,0.12458424270153046,5.610328197479248,0.9741019010543823,0.03941165283322334,3.885265588760376,13.327718734741211,5,1
453,0.11019990593194962,4.973604202270508,0.9386062622070312,0.03563904017210007,3.7398338317871094,10.915072441101074,5,1
454,0.14531633257865906,4.936398983001709,0.9271447658538818,0.042212456464767456,3.8455114364624023,12.192237854003906,5,1
455,0.1358630210161209,5.785389423370361,0.9913777112960815,0.016360871493816376,3.9666049480438232,11.772748947143555,5,1
456,0.26825249195098877,5.679320812225342,0.9925503134727478,0.01586325839161873,3.7200372219085693,12.053275108337402,5,1
457,0.0832032635807991,4.930243492126465,0.9719881415367126,0.02603231370449066,4.027049541473389,12.904250144958496,5,1
458,0.09979268908500671,3.8347668647766113,0.9404899477958679,0.06878108531236649,3.7167787551879883,13.413521766662598,5,1
459,0.13473857939243317,4.58064603805542,0.9323888421058655,0.060884732753038406,3.7382891178131104,12.388696670532227,5,1
460,0.10601338744163513,4.939840316772461,0.9523465633392334,0.03620946407318115,3.7653088569641113,10.822830200195312,5,1
461,0.10522671043872833,5.054496765136719,0.9795773029327393,0.03204348683357239,3.9202475547790527,13.138063430786133,5,1
462,0.0692426785826683,4.8513593673706055,0.9732921123504639,0.03414345160126686,3.833385467529297,12.607743263244629,5,1
463,0.14714792370796204,6.657193660736084,0.9890100359916687,0.0049872808158397675,3.947155237197876,11.93177318572998,5,1
464,0.0754065215587616,4.3444061279296875,0.9691593647003174,0.04838161915540695,3.8410046100616455,10.699283599853516,5,1
465,0.05882715433835983,5.317944526672363,0.9627375602722168,0.02036917209625244,3.8262782096862793,13.956300735473633,5,1
466,0.12919525802135468,4.075204372406006,0.922527551651001,0.0764533281326294,3.6674258708953857,12.327597618103027,5,1
467,0.09946329891681671,4.926533222198486,0.9529800415039062,0.031986407935619354,3.8984835147857666,13.745205879211426,5,1
468,0.2718507945537567,4.08449649810791,0.8696279525756836,0.07149646431207657,3.721256732940674,12.517751693725586,5,1
469,0.16681864857673645,4.2544474601745605,0.9091336727142334,0.05578456073999405,3.90693998336792,12.508429527282715,5,1
470,0.09701879322528839,4.8691911697387695,0.9761862754821777,0.03006211668252945,3.8766608238220215,15.151318550109863,5,1
471,0.0780624970793724,5.099442005157471,0.9730708003044128,0.04059506952762604,3.9359829425811768,13.95849609375,5,1
472,0.09429071098566055,5.351997375488281,0.9657986164093018,0.03909895196557045,4.0305047035217285,11.684747695922852,5,1
473,0.09790858626365662,4.810357093811035,0.9554815292358398,0.038381315767765045,3.857405424118042,10.261804580688477,5,1
474,0.14957058429718018,4.245070457458496,0.9355448484420776,0.06759637594223022,3.9464871883392334,11.642666816711426,5,1
475,0.10293066501617432,4.840351581573486,0.9471468925476074,0.03815825656056404,3.9740169048309326,16.218488693237305,5,1
476,0.13910141587257385,5.119622230529785,0.9502604007720947,0.04173023998737335,3.926426887512207,15.335531234741211,5,1
477,0.13194461166858673,6.191059112548828,0.9822754263877869,0.010879969224333763,3.9626693725585938,13.834600448608398,5,1
478,0.42816486954689026,9.128263473510742,0.9907116889953613,0.001306499820202589,4.272979736328125,13.868468284606934,5,1
479,4.972431182861328,0.07493161410093307,0.18327751755714417,0.9435840845108032,0.5257552862167358,1.5489388704299927,5,1
480,0.32128840684890747,7.491643905639648,0.9688878059387207,0.021663211286067963,4.634672164916992,34.9609375,5,1
481,0.2749803364276886,5.236010551452637,0.8878158330917358,0.06078414246439934,4.195498466491699,26.722179412841797,5,1
482,0.1516074538230896,5.776238918304443,0.9457650184631348,0.023114968091249466,3.9005088806152344,21.042810440063477,5,1
483,0.10119737684726715,4.697352409362793,0.9589237570762634,0.06310425698757172,3.9176974296569824,15.17901611328125,5,1
484,0.07542749494314194,5.199578762054443,0.9665331840515137,0.03035442903637886,3.738788366317749,19.06367301940918,5,1
485,0.10404348373413086,4.794744968414307,0.9502214193344116,0.043992578983306885,3.619837760925293,21.75177764892578,5,1
486,0.10466068238019943,5.403790473937988,0.9620516896247864,0.03559517115354538,3.9571433067321777,21.066871643066406,5,1
487,0.09365254640579224,5.6593523025512695,0.9449355602264404,0.023274514824151993,3.8616907596588135,21.461191177368164,5,1
488,0.06916669011116028,5.738223075866699,0.9747002720832825,0.014034244231879711,3.847449541091919,20.14617156982422,5,1
489,0.067842498421669,5.100349426269531,0.9692138433456421,0.04335203021764755,3.7297656536102295,19.50300407409668,5,1
490,0.0871279239654541,5.876572608947754,0.9708041548728943,0.01881990395486355,3.697157621383667,20.397226333618164,5,1
491,0.12132606655359268,5.142209053039551,0.9619324207305908,0.022201962769031525,3.9955456256866455,21.35191535949707,5,1
492,0.135477215051651,5.4375224113464355,0.9371135830879211,0.03302634134888649,3.6315290927886963,14.06130599975586,5,1
493,0.08516982942819595,5.064564228057861,0.9716988801956177,0.05567679554224014,3.7911603450775146,17.79132080078125,5,1
494,0.06439525634050369,5.551642417907715,0.9746122360229492,0.02288801409304142,3.9235353469848633,19.95339584350586,5,1
495,0.1400114744901657,3.7011780738830566,0.9306468963623047,0.08485698699951172,3.684386968612671,19.358556747436523,5,1
496,0.2085239589214325,4.22655725479126,0.9189620018005371,0.06162865832448006,3.664125442504883,17.186119079589844,5,1
497,0.0866522341966629,5.66531229019165,0.9743093848228455,0.015943367034196854,3.8187055587768555,14.576621055603027,5,1
498,0.09402941912412643,4.921296119689941,0.9624996781349182,0.04171682149171829,3.962001323699951,11.996866226196289,5,1
499,0.10500860214233398,4.503307342529297,0.9544253349304199,0.04111447185277939,3.722137928009033,15.822452545166016,5,1
500,0.09088893979787827,4.955837726593018,0.9526366591453552,0.03488493710756302,3.953265905380249,15.833288192749023,5,1
501,0.09098424017429352,5.2573065757751465,0.9891012907028198,0.02452239766716957,3.8985791206359863,18.5681209564209,5,1
502,0.15679794549942017,3.9601311683654785,0.9250738024711609,0.07974477112293243,3.8041512966156006,15.064111709594727,5,1
503,0.13504178822040558,4.532943248748779,0.9304819107055664,0.05692348629236221,3.7264151573181152,14.647753715515137,5,1
504,0.13714098930358887,3.784919261932373,0.9414930939674377,0.08508050441741943,3.6373648643493652,14.243684768676758,5,1
505,0.11779758334159851,6.2832136154174805,0.9845393300056458,0.009078382514417171,3.7595560550689697,17.61617088317871,5,1
506,0.08894303441047668,4.607722282409668,0.9570682048797607,0.04387643188238144,3.8931143283843994,13.47237491607666,5,1
507,0.06486447155475616,5.1577606201171875,0.9753119945526123,0.02604726515710354,3.8175048828125,11.307626724243164,5,1
508,0.09882739186286926,4.836084842681885,0.959178626537323,0.03624832630157471,3.961169481277466,12.36002254486084,5,1
509,0.18926748633384705,5.102846145629883,0.8842093348503113,0.025945421308279037,3.8877882957458496,13.56360912322998,5,1
510,0.08310692012310028,5.230325222015381,0.9703664183616638,0.02466747723519802,3.9927308559417725,16.50483512878418,5,1
511,0.10557719320058823,5.373309135437012,0.9702824354171753,0.02256033569574356,4.057287216186523,17.191577911376953,5,1
512,0.10285434871912003,4.898624897003174,0.9479765892028809,0.032803259789943695,3.793649673461914,10.760419845581055,5,1
513,0.11580735445022583,5.648900032043457,0.9660996794700623,0.012225441634654999,4.038877010345459,13.779565811157227,5,1
514,0.1332985758781433,4.499598503112793,0.9745403528213501,0.04824426770210266,3.9360101222991943,15.807066917419434,5,1
515,0.11621163785457611,4.802279472351074,0.9326799511909485,0.03174293041229248,4.008349895477295,19.466825485229492,5,1
516,0.10785140097141266,5.404462814331055,0.9785799980163574,0.016715390607714653,4.136348724365234,17.900571823120117,5,1
517,0.13141077756881714,4.290249824523926,0.962577223777771,0.04159042611718178,4.031574726104736,12.155869483947754,5,1
518,0.08692075312137604,3.9280824661254883,0.951425313949585,0.07491521537303925,4.021791458129883,15.22319221496582,5,1
519,0.08972620964050293,5.741543769836426,0.969061017036438,0.01912769488990307,4.0612335205078125,20.618234634399414,5,1
520,0.11569155007600784,5.370523929595947,0.9748661518096924,0.02907799743115902,3.9669740200042725,19.02543067932129,5,1
521,0.30986329913139343,7.673398494720459,0.9704545736312866,0.0036239612381905317,4.025653839111328,13.8872652053833,5,1
522,0.1646571159362793,5.101434707641602,0.9697790741920471,0.03450079634785652,3.878401279449463,16.734893798828125,5,1
523,0.07775312662124634,5.226754188537598,0.9721631407737732,0.03372330218553543,4.070522785186768,21.77254295349121,5,1
524,0.1538429856300354,4.248162269592285,0.925438404083252,0.09180453419685364,4.060266017913818,16.723318099975586,5,1
525,0.12688791751861572,5.181280612945557,0.9398269653320312,0.03231414780020714,3.9936375617980957,13.152342796325684,5,1
526,0.0634266808629036,5.28813362121582,0.9863590002059937,0.026323217898607254,3.8301916122436523,12.409552574157715,5,1
527,0.10302042961120605,4.693992614746094,0.9592323303222656,0.045644987374544144,4.070054531097412,14.45185375213623,5,1
528,0.05511259287595749,4.884667873382568,0.9755638241767883,0.04042850434780121,4.3564629554748535,17.09416961669922,5,1
529,0.125052809715271,4.479743003845215,0.9266519546508789,0.05130144953727722,3.9256181716918945,14.053359985351562,5,1
530,0.07943892478942871,4.8024749755859375,0.9668492078781128,0.029486119747161865,3.745741367340088,11.554825782775879,5,1
531,0.17619717121124268,4.135161399841309,0.9214045405387878,0.08564198762178421,3.808877468109131,12.434355735778809,5,1
532,0.1414911299943924,5.320148944854736,0.9467112421989441,0.01957525499165058,4.086130619049072,13.324809074401855,5,1
533,0.10842826217412949,5.0542707443237305,0.9538942575454712,0.026603810489177704,4.211777687072754,12.470623016357422,5,1
534,0.22310400009155273,4.034275531768799,0.8889366984367371,0.07440038025379181,3.797518253326416,11.438486099243164,5,1
535,0.27278611063957214,5.523403644561768,0.8567042946815491,0.02481098286807537,3.892324924468994,12.754222869873047,5,1
536,3.0105044841766357,2.595287561416626,0.3252166509628296,0.2652004361152649,3.478252410888672,12.49616527557373,5,1
537,0.2939580976963043,6.488127708435059,0.9877656698226929,0.016511844471096992,4.083154201507568,16.908018112182617,5,1
538,0.08712303638458252,6.182075023651123,0.9546646475791931,0.023547716438770294,4.017063140869141,12.189515113830566,5,1
539,0.12146512418985367,5.516902923583984,0.9790905714035034,0.025137856602668762,3.833026647567749,11.879334449768066,5,1
540,0.08559171855449677,5.262803077697754,0.9530414342880249,0.027222054079174995,4.195859909057617,14.092490196228027,5,1
541,0.13775111734867096,5.139476299285889,0.9726895093917847,0.039636265486478806,3.8994176387786865,12.238825798034668,5,1
542,0.0821809470653534,5.690858364105225,0.9727396965026855,0.015331698581576347,3.953157424926758,12.774657249450684,5,1
543,0.11622928082942963,4.909451484680176,0.9561724662780762,0.02539645880460739,4.06434440612793,12.45728588104248,5,1
544,0.12699070572853088,5.317337989807129,0.9684662222862244,0.022668424993753433,4.076900482177734,12.566707611083984,5,1
545,0.135692298412323,6.164169788360596,0.973078727722168,0.011694849468767643,4.161136627197266,13.608490943908691,5,1
546,0.10088065266609192,5.077545642852783,0.9495552778244019,0.03587140887975693,4.068763732910156,12.196608543395996,5,1
547,0.09696147590875626,4.545133590698242,0.9619390964508057,0.053037866950035095,3.9788405895233154,10.952271461486816,5,1
548,0.12960152328014374,4.682292461395264,0.9527382850646973,0.049552690237760544,4.073853015899658,10.40259075164795,5,1
549,0.09867019206285477,4.547632694244385,0.9573535919189453,0.07327798008918762,3.880980968475342,11.488813400268555,5,1
550,0.07191412150859833,5.286034107208252,0.9658517837524414,0.03025088831782341,4.286098957061768,13.310240745544434,5,1
551,0.15914279222488403,5.421782493591309,0.9660048484802246,0.03731595352292061,3.9655699729919434,12.14854907989502,5,1
552,0.11012943089008331,4.900547981262207,0.9498048424720764,0.03678981959819794,4.232160568237305,11.746430397033691,5,1
553,0.05170609802007675,5.376152992248535,0.9757770895957947,0.024924324825406075,3.803647518157959,11.553657531738281,5,1
554,0.1071901023387909,4.602453231811523,0.9674928188323975,0.04854854196310043,4.033974647521973,9.841136932373047,5,1
555,0.28369104862213135,5.668169021606445,0.8876876831054688,0.015675298869609833,3.958137273788452,11.32016658782959,5,1
556,0.09254100918769836,5.219825744628906,0.9777011275291443,0.0307169109582901,3.8601796627044678,13.955889701843262,5,1
557,0.12736855447292328,4.654391288757324,0.9338363409042358,0.036966241896152496,4.11761999130249,13.986886978149414,5,1
558,0.11825917661190033,5.1679229736328125,0.9552804231643677,0.021347694098949432,3.935736894607544,12.144195556640625,5,1
559,0.1220908910036087,5.10920524597168,0.9560336470603943,0.03479332476854324,4.055634021759033,12.143671989440918,5,1
560,0.10256107151508331,5.001370906829834,0.9664984941482544,0.04616200923919678,3.9139087200164795,12.274907112121582,5,1
561,0.08987288177013397,4.900516986846924,0.9563629627227783,0.03199458494782448,4.077532768249512,12.29874038696289,5,1
562,0.1124027818441391,4.687559127807617,0.947136402130127,0.05217393487691879,3.8602066040039062,13.05848217010498,5,1
563,0.05942361801862717,5.343991279602051,0.9817718267440796,0.028731219470500946,4.161256790161133,16.877639770507812,5,1
564,0.11925067007541656,4.153038501739502,0.9466787576675415,0.08155409246683121,3.8121936321258545,13.127245903015137,5,1
565,0.10581018030643463,4.593387603759766,0.9476073384284973,0.05719701200723648,3.865483045578003,13.193367004394531,5,1
566,0.1527825891971588,3.674912452697754,0.9319429397583008,0.11015987396240234,3.8945226669311523,12.264298439025879,5,1
567,0.09481081366539001,5.762800216674805,0.9657175540924072,0.015745583921670914,4.095028877258301,11.658731460571289,5,1
568,0.07525452971458435,4.707643985748291,0.9594103097915649,0.045288681983947754,3.9582087993621826,12.19474983215332,5,1
569,0.07766455411911011,5.226220607757568,0.9715185165405273,0.03287247568368912,4.1126203536987305,15.405112266540527,5,1
570,0.11168202757835388,5.154998779296875,0.9804424047470093,0.04268662631511688,3.8458709716796875,14.42128849029541,5,1
571,0.12796209752559662,5.9526519775390625,0.9808202385902405,0.013991814106702805,4.017221927642822,13.57646369934082,5,1
572,0.09810805320739746,3.931971549987793,0.96274733543396,0.09240499883890152,3.8359477519989014,10.556794166564941,5,1
573,0.0785859227180481,4.907951354980469,0.9590917229652405,0.043506648391485214,4.000183582305908,12.552037239074707,5,1
574,0.11107499152421951,3.7421469688415527,0.9269739389419556,0.08711446821689606,3.8409273624420166,12.052922248840332,5,1
575,0.08414649963378906,5.701361179351807,0.9797749519348145,0.015071986243128777,4.1436357498168945,16.346439361572266,5,1
576,0.1074768453836441,4.896198272705078,0.9739459753036499,0.032797761261463165,3.931525230407715,13.654747009277344,5,1
577,0.0919254943728447,4.325011253356934,0.9702543616294861,0.05780831724405289,4.210374355316162,11.768370628356934,5,1
578,0.13996660709381104,5.141786575317383,0.9512267708778381,0.0418541394174099,4.193918704986572,14.149089813232422,5,1
579,0.11606364697217941,4.267909049987793,0.9664142727851868,0.0586441233754158,4.009684085845947,14.459343910217285,5,1
580,0.11893653869628906,5.131144046783447,0.9480916261672974,0.028361262753605843,4.067374229431152,12.574040412902832,5,1
581,0.11209532618522644,5.432565212249756,0.9628783464431763,0.018087752163410187,4.327223300933838,10.799690246582031,5,1
582,0.08568531274795532,4.553627967834473,0.971347451210022,0.047912754118442535,3.9180753231048584,10.325566291809082,5,1
583,0.15931154787540436,4.38939094543457,0.9238265752792358,0.057428982108831406,4.0325236320495605,12.71815299987793,5,1
584,0.21194802224636078,4.237787246704102,0.9072563648223877,0.11384156346321106,4.127639293670654,12.726670265197754,5,1
585,0.07198822498321533,5.146955490112305,0.9722840785980225,0.023083224892616272,4.04146146774292,11.865620613098145,5,1
586,0.07447507977485657,5.947126388549805,0.9659950137138367,0.015131786465644836,4.405977249145508,11.589670181274414,5,1
587,0.19070026278495789,3.494227647781372,0.8968039155006409,0.11990202963352203,3.7250993251800537,10.492067337036133,5,1
588,1.7046501636505127,0.3811419606208801,0.5245516300201416,0.7789645791053772,1.5319867134094238,4.1159868240356445,5,1
589,1.1271764039993286,9.855470657348633,0.7408732175827026,0.01286026556044817,4.685857772827148,24.356122970581055,5,1
590,0.2223653793334961,4.912027359008789,0.9592697620391846,0.09107529371976852,4.267489433288574,16.49846076965332,5,1
591,0.1782572865486145,4.957651615142822,0.9452632665634155,0.05084623768925667,3.9694459438323975,13.06913948059082,5,1
592,0.17508694529533386,5.538330078125,0.9925351142883301,0.021718502044677734,4.1990203857421875,13.513102531433105,5,1
593,0.11676468700170517,5.925228118896484,0.9643042087554932,0.0205126591026783,4.157620906829834,16.863231658935547,5,1
594,0.11642225086688995,5.35139274597168,0.9486724138259888,0.03850046172738075,4.0012030601501465,14.150506019592285,5,1
595,0.11869731545448303,5.713906288146973,0.970657229423523,0.01780121400952339,4.141772747039795,14.633313179016113,5,1
596,0.03949853777885437,4.575240135192871,0.9776426553726196,0.06073331832885742,4.008223533630371,11.774313926696777,5,1
597,0.09618734568357468,5.416452884674072,0.9733123183250427,0.02273903787136078,4.169746398925781,14.14210319519043,5,1
598,0.18525268137454987,5.080279350280762,0.9192749857902527,0.04279881343245506,4.107149600982666,14.949653625488281,5,1
599,0.14676277339458466,4.910120964050293,0.9728148579597473,0.041143108159303665,4.167184352874756,13.531256675720215,5,1
600,0.1560215950012207,4.238701820373535,0.9331573843955994,0.07398418337106705,3.9734997749328613,12.460418701171875,5,1
601,0.11241315305233002,4.580306053161621,0.9616028070449829,0.04518131911754608,3.8170340061187744,13.336130142211914,5,1
602,0.25428444147109985,4.130651950836182,0.8906294107437134,0.08751937001943588,3.9500577449798584,12.320752143859863,5,1
603,0.0984451100230217,5.272514343261719,0.9737405180931091,0.03350009396672249,3.945328950881958,11.612451553344727,5,1
604,0.11025147140026093,5.467555046081543,0.9380645751953125,0.026326334103941917,4.2756667137146,12.354860305786133,5,1
605,0.1170918270945549,5.319365501403809,0.9796442985534668,0.036662109196186066,3.9551968574523926,13.191840171813965,5,1
606,0.09548342227935791,5.0140461921691895,0.9737286567687988,0.02901579812169075,4.082098960876465,11.352683067321777,5,1
607,0.19494494795799255,6.276258945465088,0.9819986820220947,0.012649250216782093,4.2743988037109375,11.451044082641602,5,1
608,0.10799365490674973,5.379264831542969,0.9702615141868591,0.028363462537527084,4.161035060882568,13.816539764404297,5,1
609,0.11892645061016083,5.2281084060668945,0.9564456939697266,0.027161255478858948,4.149949550628662,14.459833145141602,5,1
610,0.10331005603075027,3.8044345378875732,0.9713699817657471,0.09428855776786804,3.8822197914123535,11.735151290893555,5,1
611,0.10723184049129486,6.580573558807373,0.9450590014457703,0.007396059110760689,4.262044906616211,13.001553535461426,5,1
612,0.08131861686706543,4.822905540466309,0.9665085673332214,0.041688866913318634,3.9844062328338623,10.398065567016602,5,1
613,0.10047248750925064,4.780426979064941,0.9403650164604187,0.034367434680461884,4.127756118774414,12.146466255187988,5,1
614,0.09850038588047028,5.864765167236328,0.966025710105896,0.016318077221512794,4.230254650115967,13.538701057434082,5,1
615,0.09471149742603302,5.0778069496154785,0.9486308097839355,0.0378388911485672,4.300961971282959,12.008715629577637,5,1
616,0.15788277983665466,6.011419296264648,0.9806118011474609,0.014393677935004234,4.055495262145996,10.849639892578125,5,1
617,0.09155595302581787,5.075657844543457,0.9858030080795288,0.03564181551337242,4.065886497497559,11.141136169433594,5,1
618,0.055626995861530304,4.558948516845703,0.9787889719009399,0.052186910063028336,4.039249897003174,11.538125991821289,5,1
619,0.10481628030538559,5.430048942565918,0.9602932929992676,0.02066655457019806,4.124640941619873,10.915369033813477,5,1
620,0.07990659773349762,5.551792144775391,0.9729924201965332,0.029362209141254425,4.144809722900391,11.347843170166016,5,1
621,0.15126879513263702,6.5485053062438965,0.9803639650344849,0.009303942322731018,3.896113395690918,10.184089660644531,5,1
622,0.08379209041595459,3.824080228805542,0.9571391344070435,0.10934657603502274,4.032079219818115,10.805373191833496,5,1
623,0.22963044047355652,3.8514928817749023,0.8651831150054932,0.07803033292293549,4.092640399932861,14.003912925720215,5,1
624,0.11307262629270554,5.098072052001953,0.9701981544494629,0.025684693828225136,4.211852073669434,11.508317947387695,5,1
625,0.11175332218408585,4.727240562438965,0.9426835775375366,0.05155138298869133,4.028937339782715,11.918892860412598,5,1
626,0.0776367038488388,6.133589267730713,0.9603790044784546,0.010813871398568153,3.9797754287719727,10.745820999145508,5,1
627,0.1375599354505539,5.1863322257995605,0.9730457067489624,0.031208263710141182,4.154836654663086,11.344463348388672,5,1
628,0.08110764622688293,5.013373374938965,0.9696510434150696,0.039706967771053314,3.8850066661834717,10.507707595825195,5,1
629,0.12682196497917175,5.69516134262085,0.9809587001800537,0.02804315835237503,4.191191673278809,8.974445343017578,5,1
630,0.10560135543346405,4.732342720031738,0.9569954872131348,0.0487150177359581,4.271338939666748,10.188298225402832,5,1
631,0.1058063879609108,5.1422882080078125,0.9663208723068237,0.04383034259080887,4.114099025726318,10.274063110351562,5,1
632,0.21761992573738098,4.6116719245910645,0.9178164005279541,0.05083075165748596,4.155698299407959,11.23490047454834,5,1
633,0.14916250109672546,4.572863578796387,0.9537361860275269,0.05989459529519081,4.137094974517822,10.169110298156738,5,1
634,0.09308949112892151,4.189201354980469,0.9581063389778137,0.06384069472551346,4.049552917480469,10.607749938964844,5,1
635,0.08396759629249573,4.827207088470459,0.9725668430328369,0.05271325260400772,4.248682498931885,11.469589233398438,5,1
636,0.11776819825172424,4.972158432006836,0.9419705271720886,0.046272460371255875,4.098824977874756,9.964344024658203,5,1
637,0.2933913767337799,8.830828666687012,0.9989199638366699,0.001843699486926198,4.102578639984131,11.703810691833496,5,1
638,0.7389890551567078,9.83787727355957,0.8546724915504456,0.00398362148553133,4.558540344238281,15.99585247039795,5,1
639,0.14400836825370789,4.073850154876709,0.9736028909683228,0.11559373140335083,4.207752704620361,16.461837768554688,5,1
640,0.17046624422073364,4.526878356933594,0.9560080766677856,0.0683874785900116,4.160583019256592,13.229806900024414,5,1
641,0.12348289787769318,5.428691864013672,0.9697799682617188,0.03552713990211487,4.480219841003418,11.348272323608398,5,1
642,0.24070343375205994,4.862812042236328,0.8886797428131104,0.05174495279788971,4.13292932510376,12.618005752563477,5,1
643,0.08130861073732376,5.761087417602539,0.9617213010787964,0.036125682294368744,4.314076900482178,15.634370803833008,5,1
644,0.11883387714624405,4.663231372833252,0.9504097700119019,0.05390668660402298,4.19045352935791,15.478944778442383,5,1
645,0.12367383390665054,4.893052101135254,0.9470505118370056,0.05901065841317177,4.377605438232422,13.014394760131836,5,1
646,0.20700427889823914,4.3345770835876465,0.9272494316101074,0.0668707937002182,3.990504503250122,12.261940002441406,5,1
647,0.09906386584043503,4.829898357391357,0.9816487431526184,0.03833574056625366,4.213048458099365,12.22898006439209,5,1
648,0.089007169008255,4.406508445739746,0.963324785232544,0.06215076148509979,4.043573379516602,13.694173812866211,5,1
649,0.11840084195137024,5.887274742126465,0.9735448360443115,0.023801254108548164,4.200620174407959,14.050738334655762,5,1
650,0.147470161318779,4.296773910522461,0.9488527774810791,0.06410208344459534,4.097630977630615,12.924036026000977,5,1
651,0.09359672665596008,5.756129264831543,0.978550374507904,0.018853124231100082,4.1503167152404785,11.19950008392334,5,1
652,0.08505420386791229,5.19565486907959,0.965778648853302,0.04109525680541992,4.235806941986084,11.484007835388184,5,1
653,0.10206104069948196,4.507996559143066,0.9735007882118225,0.06571061909198761,4.272393226623535,10.809998512268066,5,1
654,0.07894176244735718,5.715322494506836,0.9695608019828796,0.03012205846607685,4.285472393035889,10.812231063842773,5,1
655,0.09715361148118973,5.504194259643555,0.9599467515945435,0.021973472088575363,4.075715065002441,12.949822425842285,5,1
656,0.09953682124614716,3.807830810546875,0.9579195380210876,0.07395762205123901,4.097509384155273,11.179073333740234,5,1
657,0.10982757061719894,5.0728960037231445,0.9624566435813904,0.030361827462911606,4.168262481689453,12.626105308532715,5,1
658,0.11850934475660324,4.45491361618042,0.9468653202056885,0.0665130540728569,4.205921173095703,16.531946182250977,5,1
659,0.07730856537818909,6.23069429397583,0.9536318182945251,0.01331574097275734,4.234456539154053,10.943289756774902,5,1
660,0.10020354390144348,4.723398208618164,0.9809433221817017,0.04605600982904434,4.191172122955322,11.091949462890625,5,1
661,0.10260710120201111,4.596126556396484,0.9707837700843811,0.06664497405290604,4.047418117523193,11.966179847717285,5,1
662,0.14314350485801697,4.466727256774902,0.9617194533348083,0.060649048537015915,4.229370594024658,12.75345230102539,5,1
663,0.04708166420459747,6.506446361541748,0.9808201789855957,0.013111285865306854,4.483556270599365,13.609180450439453,5,1
664,0.14809715747833252,5.513405799865723,0.9662719964981079,0.02228223904967308,4.079535484313965,12.268969535827637,5,1
665,0.10341095924377441,5.174579620361328,0.9645127654075623,0.03406539559364319,4.2771406173706055,12.386041641235352,5,1
666,0.09043249487876892,4.4000444412231445,0.962588369846344,0.06759582459926605,3.949885129928589,11.064264297485352,5,1
667,0.3349911868572235,10.081620216369629,0.9901212453842163,0.0007599202799610794,4.331747531890869,11.447958946228027,5,1
668,0.11928825080394745,5.341803550720215,0.9825155735015869,0.03769046813249588,4.111781120300293,15.854673385620117,5,1
669,0.16766931116580963,5.144318103790283,0.9365045428276062,0.043818045407533646,4.410284519195557,15.16274642944336,5,1
670,0.11112669110298157,4.99714469909668,0.9870223999023438,0.03509390726685524,4.063255310058594,11.677765846252441,5,1
671,0.12324627488851547,5.146465301513672,0.9726129770278931,0.0338742695748806,4.128472328186035,11.340991020202637,5,1
672,0.10500967502593994,4.641519546508789,0.9488208889961243,0.03752844035625458,4.2552900314331055,10.556901931762695,5,1
673,0.0684792697429657,5.173836708068848,0.980713963508606,0.037369225174188614,4.190364837646484,11.42127799987793,5,1
674,0.1446477770805359,4.466015338897705,0.9456312656402588,0.05683967471122742,4.1314377784729,14.336082458496094,5,1
675,0.12630808353424072,6.375077247619629,0.9861525893211365,0.011215854436159134,3.969095230102539,14.768778800964355,5,1
676,0.0949326753616333,5.435124397277832,0.965619683265686,0.026334239169955254,4.2754292488098145,14.30819034576416,5,1
677,0.10645186901092529,5.151788711547852,0.9787036180496216,0.04444873332977295,4.0571441650390625,14.3369779586792,5,1
678,0.1743776798248291,4.249507427215576,0.9135242700576782,0.06235441565513611,4.1623735427856445,10.42306900024414,5,1
679,0.07463213801383972,4.93052864074707,0.9715552926063538,0.03460400179028511,4.320103645324707,13.704330444335938,5,1
680,0.10187879204750061,5.530128479003906,0.9719018936157227,0.0312519446015358,4.622329235076904,12.573737144470215,5,1
681,0.053793761879205704,5.299861907958984,0.9775983095169067,0.03215101361274719,4.33319616317749,14.152180671691895,5,1
682,0.13395123183727264,5.586102485656738,0.9248296022415161,0.023895373567938805,4.2462968826293945,13.64982795715332,5,1
683,0.1924748420715332,7.100594997406006,0.988396167755127,0.006196468137204647,4.362146854400635,14.147138595581055,5,1
684,0.21058829128742218,3.140284538269043,0.9775197505950928,0.15405750274658203,3.7445337772369385,10.569151878356934,5,1
685,0.2398257553577423,5.614253997802734,0.9123604893684387,0.03636228293180466,4.106616020202637,15.028496742248535,5,1
686,0.11875502020120621,5.23464298248291,0.9646890163421631,0.03491474315524101,4.120020389556885,13.312236785888672,5,1
687,0.08687461167573929,4.663249492645264,0.9766340851783752,0.06762465834617615,4.013001918792725,11.954861640930176,5,1
688,0.2107396423816681,3.8371641635894775,0.9141433835029602,0.12499658763408661,4.301991939544678,12.424973487854004,5,1
689,0.1122456043958664,5.1926188468933105,0.9527159929275513,0.02658969908952713,4.163080215454102,12.16377067565918,5,1
690,0.1384226381778717,4.876418113708496,0.9712314605712891,0.03989524394273758,3.959580898284912,10.612627029418945,5,1
691,0.09472081065177917,5.51491641998291,0.9599975347518921,0.03797582536935806,4.276665210723877,12.185192108154297,5,1
692,0.1078450083732605,5.409553050994873,0.9412156343460083,0.02702147886157036,4.097529411315918,12.881941795349121,5,1
693,0.1371862292289734,4.572644233703613,0.924736738204956,0.05851622298359871,4.320512294769287,13.080158233642578,5,1
694,0.07660867273807526,5.158684730529785,0.9561234712600708,0.03970348834991455,4.145255088806152,12.02981948852539,5,1
695,0.11670023947954178,5.031249046325684,0.9720041155815125,0.030038999393582344,4.214084625244141,15.291463851928711,5,1
696,0.18870994448661804,3.200263500213623,0.9284632205963135,0.15554915368556976,4.139207363128662,11.685297012329102,5,1
697,0.09223228693008423,4.88091516494751,0.9594466686248779,0.043271422386169434,4.014660835266113,11.72807502746582,5,1
698,0.10507968813180923,4.95890474319458,0.9721196889877319,0.031095482409000397,4.193196773529053,11.912385940551758,5,1
699,0.08549265563488007,5.345728397369385,0.9725570678710938,0.018793022260069847,4.1419453620910645,11.847699165344238,5,1
700,0.15637114644050598,4.6401190757751465,0.9392292499542236,0.05298474803566933,4.246318340301514,11.91948413848877,5,1
701,0.14726227521896362,6.60711669921875,0.9697603583335876,0.010893279686570168,4.337782382965088,15.031464576721191,5,1
702,0.10977359861135483,3.991605758666992,0.9587017297744751,0.09610076248645782,4.035183429718018,10.248350143432617,5,1
703,0.14047406613826752,5.422788143157959,0.9318798780441284,0.03234110772609711,4.253973484039307,13.651803016662598,5,1
704,0.13097083568572998,4.884462356567383,0.9829134345054626,0.06331565231084824,4.20684814453125,12.499324798583984,5,1
705,0.14672279357910156,4.798994064331055,0.9232732653617859,0.044889889657497406,4.12811279296875,13.548273086547852,5,1
706,0.11593122780323029,5.055843353271484,0.9547286629676819,0.03669068217277527,4.55905294418335,13.931916236877441,5,1
707,0.14632588624954224,3.7800073623657227,0.9610832929611206,0.10878514498472214,3.9751474857330322,11.764182090759277,5,1
708,0.12205438315868378,4.957347869873047,0.9574632048606873,0.05513231083750725,4.079098701477051,15.513714790344238,5,1
709,0.06168697029352188,5.10679817199707,0.9797086119651794,0.030057035386562347,4.14795446395874,14.11007022857666,5,1
710,0.10968081653118134,4.764013767242432,0.9749923944473267,0.05154123157262802,4.317963123321533,12.021401405334473,5,1
711,0.2793321907520294,5.327491283416748,0.8758014440536499,0.02454417757689953,4.22625207901001,15.786179542541504,5,1
712,0.0866277888417244,6.183259963989258,0.989646315574646,0.010651730000972748,4.319190979003906,17.31572723388672,5,1
713,0.08744531869888306,5.1283416748046875,0.9684484004974365,0.03409913554787636,4.355954170227051,15.450766563415527,5,1
714,0.0827682614326477,5.842897891998291,0.9783702492713928,0.025799434632062912,4.411486625671387,12.143980979919434,5,1
715,0.08898327499628067,5.720864295959473,0.9887446761131287,0.03492988646030426,4.1667609214782715,15.041015625,5,1
716,0.1412038654088974,5.269222259521484,0.9246424436569214,0.02651459351181984,4.438905715942383,15.182486534118652,5,1
717,0.11083467304706573,5.375918865203857,0.9689793586730957,0.03569885343313217,4.563348770141602,14.177144050598145,5,1
718,0.1371898055076599,4.6559648513793945,0.9635938405990601,0.06745577603578568,4.249879360198975,12.352761268615723,5,1
719,0.1779865026473999,4.220602989196777,0.9141283631324768,0.09043624997138977,4.193472385406494,11.51266860961914,5,1
720,0.1493038684129715,4.077535629272461,0.9399396181106567,0.08671842515468597,4.415384292602539,13.043343544006348,5,1
721,0.11997348815202713,6.004086494445801,0.9640201330184937,0.014497827738523483,4.649065017700195,13.680160522460938,5,1
722,0.08983852714300156,5.299088478088379,0.9584774971008301,0.02470490336418152,4.351452350616455,13.593326568603516,5,1
723,0.08630741387605667,6.464150905609131,0.9797616004943848,0.006915846839547157,4.511294841766357,13.133340835571289,5,1
724,0.1404237151145935,4.5664167404174805,0.9566906094551086,0.06332311779260635,4.245335102081299,12.911579132080078,5,1
725,0.11165482550859451,4.5824294090271,0.9635488986968994,0.05891209840774536,4.50004768371582,12.247312545776367,5,1
726,0.15754854679107666,5.079250812530518,0.9458341598510742,0.06041259318590164,4.437082767486572,10.739538192749023,5,1
727,0.17992383241653442,5.168423175811768,0.9563195705413818,0.045443639159202576,4.42857027053833,9.513821601867676,5,1
728,0.13657622039318085,4.0856475830078125,0.93089759349823,0.06596037745475769,4.136314392089844,12.562334060668945,5,1
729,0.07778890430927277,5.866282939910889,0.9567915201187134,0.013696035370230675,4.330052375793457,12.995348930358887,5,1
730,0.11755511909723282,5.405125617980957,0.9691786170005798,0.0354459322988987,4.512747764587402,12.347213745117188,5,1
731,0.12791471183300018,4.469285488128662,0.9372730255126953,0.06305646896362305,4.564955711364746,13.09988021850586,5,1
732,0.17876215279102325,5.374943256378174,0.9229445457458496,0.034053102135658264,4.357269287109375,15.126436233520508,5,1
733,0.07368363440036774,5.777508735656738,0.9777576327323914,0.018285833299160004,4.366469383239746,13.673157691955566,5,1
734,0.05388336628675461,5.4861531257629395,0.9825147390365601,0.024755610153079033,4.402726173400879,13.279547691345215,5,1
735,0.1309332698583603,5.208460330963135,0.9605247974395752,0.027527133002877235,4.520017623901367,12.120979309082031,5,1
736,0.28726422786712646,2.554527997970581,0.8556320071220398,0.21717527508735657,3.6461315155029297,9.167977333068848,5,1
737,0.12476953119039536,5.645852088928223,0.9331150054931641,0.024364691227674484,4.322073936462402,16.62855339050293,5,1
738,0.12264913320541382,5.298581600189209,0.9459537267684937,0.03034825809299946,4.2806596755981445,15.193650245666504,5,1
739,0.09515649080276489,4.843469619750977,0.9721736907958984,0.049672409892082214,4.078426361083984,11.933008193969727,5,1
740,0.09633596241474152,4.32027530670166,0.968178391456604,0.07299911975860596,4.417606830596924,12.466964721679688,5,1
741,0.13936598598957062,6.4713544845581055,0.9777823686599731,0.020421305671334267,4.218047142028809,15.84501838684082,5,1
742,0.11651518195867538,4.669468879699707,0.9313432574272156,0.05564048886299133,4.3270978927612305,16.615161895751953,5,1
743,0.07644332945346832,4.9184417724609375,0.984116792678833,0.05697472393512726,4.2926812171936035,15.226141929626465,5,1
744,0.0834650844335556,5.768182754516602,0.9665723443031311,0.030541865155100822,4.475051403045654,15.845905303955078,5,1
745,0.2510874569416046,7.866124629974365,0.9894850254058838,0.006767435930669308,4.303358554840088,13.88797664642334,5,1
746,0.1953473836183548,7.193960189819336,0.9845999479293823,0.011930374428629875,4.571195602416992,14.472982406616211,5,1
747,0.16146783530712128,5.9286885261535645,0.9701322317123413,0.02530522271990776,4.3197922706604,14.821928024291992,5,1
748,0.10712975263595581,4.790915489196777,0.9421032667160034,0.059487245976924896,4.62506103515625,14.910537719726562,5,1
749,0.15632697939872742,7.189644813537598,0.9811625480651855,0.004736512433737516,4.62952184677124,14.361719131469727,5,1
750,0.0888482853770256,6.081482410430908,0.9762102365493774,0.0224415622651577,4.504425525665283,15.872196197509766,5,1
751,0.1935078501701355,5.133187770843506,0.9559539556503296,0.03715287894010544,4.701052188873291,12.478025436401367,5,1
752,0.19784343242645264,3.818204879760742,0.885033369064331,0.09765636920928955,4.228538990020752,13.667170524597168,5,1
753,0.18687526881694794,4.740631580352783,0.9049774408340454,0.05803148075938225,4.410082817077637,14.953842163085938,5,1
754,0.1768931746482849,4.853027820587158,0.9190614223480225,0.0635310709476471,4.404514312744141,15.595459938049316,5,1
755,0.11122618615627289,5.288778305053711,0.9500755667686462,0.0368705689907074,4.343565464019775,16.340784072875977,5,1
756,0.07559992372989655,5.534488201141357,0.9700877070426941,0.026081280782818794,4.427350044250488,13.038336753845215,5,1
757,0.13419248163700104,6.050655364990234,0.9741582870483398,0.022829296067357063,4.513069152832031,15.979170799255371,5,1
758,0.12599259614944458,6.125152587890625,0.9716899991035461,0.015965130180120468,4.598898410797119,16.581575393676758,5,1
759,0.07803690433502197,5.292170524597168,0.9580165147781372,0.028813570737838745,4.519007682800293,16.640892028808594,5,1
760,0.08088043332099915,5.35760498046875,0.9644728899002075,0.02434067614376545,4.528594017028809,18.582590103149414,5,1
761,0.08894360065460205,5.393106937408447,0.9703142642974854,0.039467744529247284,4.293222427368164,12.701333999633789,5,1
762,1.2828065156936646,1.2795732021331787,0.6461808681488037,0.501512885093689,2.6700034141540527,9.868483543395996,5,1
763,3.0715208053588867,5.724735260009766,0.5137921571731567,0.10075181722640991,4.679209232330322,31.818578720092773,5,1
764,0.2926290035247803,6.903563499450684,0.9941353797912598,0.04302114620804787,4.754158020019531,32.17204666137695,5,1
765,0.24419450759887695,5.308829307556152,0.8880183100700378,0.06266314536333084,4.886146545410156,25.422527313232422,5,1
766,0.14588122069835663,5.9478960037231445,0.9611364603042603,0.02862493507564068,4.452282428741455,21.536849975585938,5,1
767,0.10312046855688095,6.591501235961914,0.9655246734619141,0.02511575073003769,4.542747497558594,23.18036651611328,5,1
768,0.1292285919189453,5.6750006675720215,0.9562290906906128,0.03597582131624222,4.630358695983887,25.032896041870117,5,1
769,0.1186990886926651,4.893960475921631,0.9386723041534424,0.06643801927566528,4.306182384490967,23.743213653564453,5,1
770,0.11588237434625626,6.643585681915283,0.9676222801208496,0.018058741465210915,4.8181471824646,29.737979888916016,5,1
771,0.1760433465242386,5.408431529998779,0.9150700569152832,0.02763804979622364,4.380932331085205,25.225709915161133,5,1
772,0.21367409825325012,5.3050713539123535,0.9239475727081299,0.04473993182182312,4.583923816680908,19.548067092895508,5,1
773,0.08063095808029175,4.766847610473633,0.9599440097808838,0.05347004905343056,4.302639484405518,15.004481315612793,5,1
774,0.18495330214500427,7.5131449699401855,0.9947987198829651,0.005703586153686047,4.464828968048096,20.277822494506836,5,1
775,0.09704982489347458,5.387456893920898,0.9873666763305664,0.043786581605672836,4.288100719451904,22.781198501586914,5,1
776,0.1392262578010559,4.658289432525635,0.95914626121521,0.06432229280471802,4.385303974151611,21.795141220092773,5,1
777,0.10572053492069244,5.813328742980957,0.9626389145851135,0.020768912509083748,4.454755783081055,17.91922950744629,5,1
778,0.12391448020935059,4.322754383087158,0.9425483345985413,0.07053034007549286,4.276340484619141,12.681947708129883,5,1
779,0.12442582845687866,5.8536505699157715,0.9518409967422485,0.01897158846259117,4.448524475097656,16.620670318603516,5,1
780,0.08869079500436783,5.0395097732543945,0.9510716199874878,0.05889443680644035,4.323328495025635,17.233238220214844,5,1
781,0.15876325964927673,4.705044269561768,0.9415397644042969,0.05297817289829254,4.587244987487793,19.62058448791504,5,1
782,0.17021098732948303,4.289127826690674,0.9429470300674438,0.06558482348918915,4.334478378295898,18.57332420349121,5,1
783,0.1101750060915947,3.839723825454712,0.9555109739303589,0.12490739673376083,3.939727783203125,16.42515754699707,5,1
784,0.12679393589496613,4.118374824523926,0.939784049987793,0.0912330150604248,3.9877450466156006,15.91098403930664,5,1
785,0.1424773931503296,4.755776882171631,0.9523265957832336,0.06224541366100311,4.534114837646484,17.117435455322266,5,1
786,0.08076678216457367,5.355447769165039,0.9633005261421204,0.04286452755331993,4.342509746551514,17.028564453125,5,1
787,0.06561611592769623,5.540116786956787,0.978901743888855,0.022555336356163025,4.227171421051025,19.13214111328125,5,1
788,0.16002388298511505,3.442798137664795,0.9129431843757629,0.12035009264945984,3.93650484085083,17.6568603515625,5,1
789,0.41287487745285034,4.587355613708496,0.8538020849227905,0.08586875349283218,4.243309497833252,17.407712936401367,5,1
790,0.1189015805721283,5.312508583068848,0.9610588550567627,0.036553122103214264,4.4419026374816895,15.286948204040527,5,1
791,0.1866665780544281,6.278682708740234,0.9674595594406128,0.021995272487401962,4.380465984344482,13.43911075592041,5,1
792,0.17978326976299286,4.202795028686523,0.9243897795677185,0.06488023698329926,4.334380626678467,15.71150016784668,5,1
793,0.11234503984451294,5.346266746520996,0.9386578798294067,0.03440249711275101,4.538854122161865,14.936447143554688,5,1
794,0.13503959774971008,5.655332565307617,0.9811887741088867,0.025505490601062775,4.056387424468994,16.07345199584961,5,1
795,0.13309279084205627,5.416355133056641,0.9491003751754761,0.02232366055250168,4.20028829574585,14.048467636108398,5,1
796,0.06835637241601944,5.490755081176758,0.9753593802452087,0.021399253979325294,4.386335849761963,11.695563316345215,5,1
797,0.14137865602970123,5.571561336517334,0.9694638848304749,0.02246575430035591,4.191551685333252,10.006830215454102,5,1
798,0.13431081175804138,5.4584126472473145,0.933654248714447,0.03088880516588688,4.4044060707092285,11.307941436767578,5,1
799,0.13677731156349182,4.16158390045166,0.9441840648651123,0.0679146870970726,4.317048072814941,13.279195785522461,5,1
800,0.06488600373268127,6.325279235839844,0.9786190986633301,0.014838057570159435,4.4825005531311035,15.623852729797363,5,1
801,0.10131940990686417,6.604331016540527,0.9881947040557861,0.006613950245082378,4.517996788024902,11.597625732421875,5,1
802,0.1175353080034256,6.352399826049805,0.9564637541770935,0.014825467020273209,4.514284610748291,12.493569374084473,5,1
803,0.08064299821853638,6.331421375274658,0.9830971956253052,0.014270620420575142,4.318089485168457,12.717716217041016,5,1
804,0.9087805151939392,16.46508026123047,0.9975050091743469,0.0002030373871093616,4.442417621612549,20.110326766967773,5,1
805,0.2623577415943146,3.9323415756225586,0.9205130338668823,0.10443884879350662,4.337254047393799,14.590204238891602,5,1
806,0.2213379591703415,4.580313682556152,0.9123170375823975,0.06529612094163895,4.298893451690674,17.240253448486328,5,1
807,0.19216598570346832,6.292549133300781,0.9621536135673523,0.013744361698627472,4.767017364501953,19.287559509277344,5,1
808,0.194149911403656,5.199774265289307,0.9245059490203857,0.05238937959074974,4.492150783538818,15.297073364257812,5,1
809,0.11054151505231857,5.376060962677002,0.9796508550643921,0.03990698978304863,4.188173770904541,11.667282104492188,5,1
810,0.09370003640651703,5.955129623413086,0.9469636678695679,0.014502530917525291,4.306084632873535,13.883105278015137,5,1
811,0.15982338786125183,6.303363800048828,0.9787470102310181,0.017376603558659554,4.582174777984619,15.177253723144531,5,1
812,0.12536810338497162,4.144296169281006,0.9292725324630737,0.08252666890621185,4.336680889129639,16.91596221923828,5,1
813,0.21507301926612854,4.9817609786987305,0.9332829713821411,0.043979499489068985,4.455254077911377,16.1205997467041,5,1
814,0.10564877092838287,5.250058174133301,0.9651616811752319,0.02525779791176319,4.506393909454346,14.103765487670898,5,1
815,0.13275040686130524,5.102358818054199,0.9508028030395508,0.029919538646936417,4.888118267059326,14.684268951416016,5,1
816,0.15755733847618103,5.3180952072143555,0.9230043888092041,0.030295567587018013,4.385771751403809,13.99404525756836,5,1
817,0.11966210603713989,4.408031463623047,0.9575026035308838,0.062360551208257675,4.688929080963135,14.879547119140625,5,1
818,0.10727143287658691,5.1837053298950195,0.9551279544830322,0.04128824919462204,4.190674781799316,16.816062927246094,5,1
819,0.13401304185390472,6.222759246826172,0.964604914188385,0.014886067248880863,4.354496955871582,16.56739616394043,5,1
820,0.09997429698705673,4.927496910095215,0.9680455923080444,0.039233699440956116,4.423689842224121,14.463590621948242,5,1
821,0.14240700006484985,4.050788879394531,0.9231584668159485,0.08037520945072174,4.266805171966553,13.176279067993164,5,1
822,0.11207010596990585,5.604099750518799,0.933258056640625,0.017506185919046402,4.573550701141357,11.16735553741455,5,1
823,0.1649654060602188,6.218372821807861,0.9816261529922485,0.015525277704000473,4.294713973999023,12.994027137756348,5,1
824,0.12693817913532257,5.7150092124938965,0.9408733248710632,0.03996642678976059,4.425400257110596,13.342215538024902,5,1
825,0.14798718690872192,5.504574298858643,0.9744346141815186,0.03794251009821892,4.277096271514893,13.341996192932129,5,1
826,0.07879213988780975,4.631601333618164,0.969003438949585,0.07701058685779572,4.188222408294678,13.444765090942383,5,1
827,0.0887848287820816,5.483269214630127,0.9635148644447327,0.03835209086537361,4.139532566070557,14.159221649169922,5,1
828,0.14107829332351685,4.987152099609375,0.9765228033065796,0.03747202828526497,4.440619945526123,14.043320655822754,5,1
829,0.0722266137599945,5.72853946685791,0.9787735939025879,0.01949116215109825,4.578885555267334,12.43976879119873,5,1
830,0.24808242917060852,6.266476631164551,0.9618371725082397,0.023755859583616257,4.696153163909912,12.201208114624023,5,1
831,0.062230080366134644,5.619326591491699,0.9831725358963013,0.021320192143321037,4.265063285827637,13.270326614379883,5,1
832,0.10397516191005707,5.512182712554932,0.9631731510162354,0.041522279381752014,4.7897186279296875,15.99138069152832,5,1
833,0.10576731711626053,5.868085861206055,0.9856112003326416,0.03209522366523743,4.4740166664123535,12.838889122009277,5,1
834,0.1751476228237152,5.512686252593994,0.9700881242752075,0.02879134565591812,4.402654647827148,13.384061813354492,5,1
835,0.09832020103931427,5.069934844970703,0.9488935470581055,0.03743135556578636,4.358975887298584,12.36075496673584,5,1
836,0.17717137932777405,7.636683940887451,0.990989089012146,0.006253613159060478,4.600924015045166,12.910306930541992,5,1
837,0.1178312748670578,3.91099214553833,0.9318330883979797,0.09443241357803345,4.317041397094727,11.977839469909668,5,1
838,0.1495591104030609,3.3488850593566895,0.9475195407867432,0.16232845187187195,4.045773506164551,12.452091217041016,5,1
839,0.10635749995708466,4.995506286621094,0.9520139098167419,0.05311239883303642,4.344186305999756,13.927763938903809,5,1
840,0.11506079882383347,5.6360015869140625,0.9818021059036255,0.03456609696149826,4.460227012634277,12.89558219909668,5,1
841,0.08856558799743652,5.669853210449219,0.967058539390564,0.019266249611973763,4.41200590133667,12.292571067810059,5,1
842,0.293832004070282,9.864696502685547,0.9792302250862122,0.0012101879110559821,4.584524631500244,13.841107368469238,5,1
843,0.09289094805717468,6.03456449508667,0.9683882594108582,0.021215222775936127,4.47775936126709,13.045066833496094,5,1
844,0.11448898911476135,5.691514015197754,0.9611812829971313,0.032557882368564606,4.294070243835449,13.081904411315918,5,1
845,0.16156980395317078,6.693051338195801,0.9858990907669067,0.011749452911317348,4.514927864074707,14.225503921508789,5,1
846,0.17645110189914703,2.7388792037963867,0.9246043562889099,0.18438352644443512,3.760100841522217,9.960138320922852,5,1
847,0.0932842418551445,4.965427398681641,0.9683793783187866,0.054890215396881104,4.539953231811523,11.7451810836792,5,1
848,0.07909771800041199,5.514119625091553,0.9707943201065063,0.026682056486606598,4.471923351287842,11.599296569824219,5,1
849,0.14798729121685028,6.331971168518066,0.9789836406707764,0.011079398915171623,4.243288040161133,12.248250007629395,5,1
850,0.10135979950428009,5.681058406829834,0.9701499938964844,0.023662637919187546,4.325063228607178,13.899043083190918,5,1
851,0.07237046957015991,4.857274055480957,0.9774987697601318,0.04680633544921875,4.4328389167785645,14.429997444152832,5,1
852,0.18719856441020966,7.396730422973633,0.989643931388855,0.008591496385633945,4.463618755340576,12.282930374145508,5,1
853,0.07302835583686829,6.36104679107666,0.9759248495101929,0.012986579909920692,4.4207258224487305,11.816327095031738,5,1
854,0.1171949952840805,5.585535049438477,0.9769474864006042,0.018931467086076736,4.601978778839111,15.655611038208008,5,1
855,0.07304838299751282,4.4485931396484375,0.9601531028747559,0.0726756677031517,4.242888450622559,12.212264060974121,5,1
856,0.13109993934631348,6.15599250793457,0.9929887056350708,0.025732513517141342,4.2596001625061035,14.519229888916016,5,1
857,0.10167213529348373,5.68105411529541,0.9678142070770264,0.01772712916135788,4.4182844161987305,15.645575523376465,5,1
858,0.20727448165416718,4.191312789916992,0.9537081718444824,0.08741996437311172,4.001148223876953,14.166740417480469,5,1
859,0.5752789974212646,7.316163539886475,0.9814054369926453,0.010834978893399239,4.995103359222412,21.637937545776367,5,1
860,0.09212865680456161,5.02911901473999,0.9637611508369446,0.0617356076836586,4.39559268951416,17.12533187866211,5,1
861,0.13858851790428162,6.2117133140563965,0.9623137712478638,0.024426059797406197,4.720006942749023,17.073482513427734,5,1
862,0.1704999804496765,8.201531410217285,0.9918667078018188,0.0037799065466970205,4.640613555908203,18.344715118408203,5,1
863,0.12630783021450043,4.488851547241211,0.9332599639892578,0.0836959183216095,4.558929920196533,16.645694732666016,5,1
864,0.1117364764213562,5.21787166595459,0.964824914932251,0.04566541686654091,4.748058319091797,17.593732833862305,5,1
865,0.13242606818675995,6.075364112854004,0.9599531888961792,0.01727483980357647,4.71954345703125,18.611318588256836,5,1
866,0.16077005863189697,7.312272071838379,0.9727605581283569,0.005431692115962505,4.810044765472412,19.560380935668945,5,1
867,0.13975654542446136,3.1221866607666016,0.939274787902832,0.1683541238307953,3.9442858695983887,14.884810447692871,5,1
868,0.1407930552959442,4.329578876495361,0.9442754983901978,0.07860135287046432,4.5010881423950195,13.244051933288574,5,1
869,0.11199401319026947,5.106943130493164,0.9392747282981873,0.055322542786598206,4.546403408050537,14.60063362121582,5,1
870,0.11718625575304031,6.731969833374023,0.9768348932266235,0.007644111290574074,4.707309246063232,16.647645950317383,5,1
871,0.1055760458111763,6.175107955932617,0.9357883930206299,0.020358316600322723,4.280516624450684,16.501972198486328,5,1
872,0.10631893575191498,6.629408836364746,0.9803356528282166,0.012866700999438763,4.545315265655518,15.230464935302734,5,1
873,0.1977267563343048,5.509267807006836,0.941691517829895,0.03346860036253929,4.5893988609313965,16.512744903564453,5,1
874,0.08795277029275894,4.313876152038574,0.964370846748352,0.07067751884460449,4.2537946701049805,13.078547477722168,5,1
875,0.08059614896774292,6.234018325805664,0.9706050753593445,0.01703289896249771,4.891254425048828,14.84004020690918,5,1
876,0.49486321210861206,11.58824348449707,0.9986220598220825,0.00027025057352147996,4.5867438316345215,17.884138107299805,5,1
877,0.11519214510917664,6.250192165374756,0.9863613843917847,0.019074708223342896,4.672684192657471,22.1888427734375,5,1
878,0.16641312837600708,5.5250468254089355,0.9607486724853516,0.025687571614980698,4.658874988555908,16.914962768554688,5,1
879,0.15904730558395386,3.896346092224121,0.9251347184181213,0.09414221346378326,4.641365051269531,12.567952156066895,5,1
880,0.057616233825683594,6.0029296875,0.9798898100852966,0.019926704466342926,4.551470756530762,17.155683517456055,5,1
881,0.13859044015407562,6.007308006286621,0.9884735345840454,0.021595753729343414,4.65217924118042,18.130342483520508,5,1
882,0.09844236075878143,5.571195602416992,0.9477739930152893,0.027703993022441864,4.289859294891357,18.23131561279297,5,1
883,0.15770412981510162,5.066529273986816,0.9430015683174133,0.03700464963912964,4.495200157165527,14.950153350830078,5,1
884,0.08209741115570068,5.007966995239258,0.9623593091964722,0.039003342390060425,4.4656219482421875,17.82437515258789,5,1
885,0.27237579226493835,5.269006729125977,0.8969930410385132,0.0334928035736084,4.572546482086182,21.898536682128906,5,1
886,0.09773068130016327,6.006328582763672,0.9842224717140198,0.01940818317234516,4.640556812286377,16.596874237060547,5,1
887,0.12256906926631927,4.724989891052246,0.9323208332061768,0.057237617671489716,4.400978088378906,15.961108207702637,5,1
888,0.0919971615076065,4.746548652648926,0.9817303419113159,0.05557796731591225,4.372369289398193,15.378222465515137,5,1
889,0.1480768620967865,4.249091625213623,0.9519757032394409,0.07299403846263885,4.190764904022217,16.31826400756836,5,1
890,0.09389392286539078,5.8663434982299805,0.9772941470146179,0.02357420325279236,4.511047840118408,14.395833015441895,5,1
891,0.1289535015821457,5.050434589385986,0.9436560273170471,0.040898580104112625,4.557590961456299,13.521382331848145,5,1
892,0.11754002422094345,5.0030198097229,0.9565883874893188,0.04527889937162399,4.263938903808594,14.434968948364258,5,1
893,0.09797531366348267,5.3012189865112305,0.9712361097335815,0.029198281466960907,4.53481912612915,14.780441284179688,5,1
894,0.10080543160438538,5.2012858390808105,0.9765324592590332,0.029364392161369324,4.588115215301514,15.25664234161377,5,1
895,0.2440129667520523,4.031932830810547,0.9160999655723572,0.08834592998027802,4.272539138793945,13.902623176574707,5,1
896,0.11175845563411713,4.771150588989258,0.9539018869400024,0.053475938737392426,4.432130336761475,13.157773971557617,5,1
897,0.15159949660301208,4.394754409790039,0.9550037384033203,0.06647413223981857,4.371181964874268,12.346708297729492,5,1
898,0.16791364550590515,5.0540771484375,0.9132388830184937,0.041884467005729675,4.34407901763916,13.435836791992188,5,1
899,0.2101057469844818,5.434331893920898,0.9031640887260437,0.03435284644365311,4.448655605316162,14.032143592834473,5,1
900,0.21928393840789795,7.369426727294922,0.9831527471542358,0.010146241635084152,4.464574337005615,15.308976173400879,5,1
901,0.07493404299020767,4.592960357666016,0.9777278900146484,0.05601903423666954,4.024805545806885,12.51813793182373,5,1
902,0.12818871438503265,6.077794075012207,0.9647772908210754,0.027635280042886734,4.773593425750732,13.283824920654297,5,1
903,0.08855406194925308,4.476191520690918,0.9525614976882935,0.07986027002334595,4.620049953460693,10.994171142578125,5,1
904,0.11389733850955963,5.857881546020508,0.9634358882904053,0.018578656017780304,4.390867710113525,13.056733131408691,5,1
905,0.34019917249679565,5.111285209655762,0.8545740842819214,0.05511847510933876,4.506810188293457,12.214261054992676,5,1
906,0.16463053226470947,5.39750337600708,0.9148100018501282,0.052530888468027115,4.574843406677246,14.11723518371582,5,1
907,0.18955864012241364,3.4444267749786377,0.9139083623886108,0.1531459391117096,4.309794902801514,12.79942798614502,5,1
908,0.15548911690711975,5.455995559692383,0.9339503049850464,0.028398815542459488,4.324092864990234,12.0299711227417,5,1
909,0.15363791584968567,4.707103729248047,0.9451104402542114,0.051260486245155334,4.45938777923584,12.890079498291016,5,1
910,0.14049166440963745,4.50811243057251,0.9479070901870728,0.0678759440779686,4.809690475463867,13.596735954284668,5,1
911,0.18906113505363464,5.1264472007751465,0.9171940684318542,0.04618804156780243,4.677409648895264,13.750808715820312,5,1
912,0.04356447607278824,4.541597366333008,0.9875555038452148,0.05394870415329933,4.161969184875488,12.407731056213379,5,1
913,0.11647996306419373,6.605726718902588,0.973567008972168,0.01647280901670456,4.83736515045166,12.199191093444824,5,1
914,0.10436826199293137,6.698974609375,0.9867119193077087,0.012259913608431816,4.521604537963867,13.018239974975586,5,1
915,0.05501335859298706,5.435433864593506,0.9765511155128479,0.03917333111166954,4.342024803161621,12.498209953308105,5,1
916,0.07340434193611145,3.515091896057129,0.9673230648040771,0.12934476137161255,4.145556926727295,10.885371208190918,5,1
917,0.2527434527873993,6.127100944519043,0.876535177230835,0.034629933536052704,4.341586589813232,16.113582611083984,5,1
918,0.241912379860878,5.869349479675293,0.9442382454872131,0.02638622745871544,4.661041259765625,11.48198413848877,5,1
919,0.17153029143810272,4.432755470275879,0.9152802228927612,0.06578277796506882,4.53260612487793,14.601043701171875,5,1
920,0.10396862030029297,6.045756816864014,0.9755091071128845,0.017495984211564064,4.539514064788818,15.919221878051758,5,1
921,0.14384396374225616,5.838127136230469,0.9882937669754028,0.02703551948070526,4.483274459838867,12.119867324829102,5,1
922,0.09997982531785965,4.170629024505615,0.9419792294502258,0.09280604869127274,4.412412643432617,16.280466079711914,5,1
923,0.5437289476394653,6.238003730773926,0.8118100166320801,0.027808375656604767,4.8208088874816895,22.361270904541016,5,1
924,0.2000146508216858,6.753666400909424,0.9625548720359802,0.012398270890116692,4.5625152587890625,18.148822784423828,5,1
925,0.15286241471767426,4.1670756340026855,0.9324886798858643,0.09008169174194336,4.4704976081848145,14.14515495300293,5,1
926,0.08358792960643768,5.926020622253418,0.9727121591567993,0.025090288370847702,4.772555351257324,17.12346839904785,5,1
927,0.16027331352233887,5.09829044342041,0.9195586442947388,0.03480089455842972,4.727870464324951,21.420921325683594,5,1
928,0.2577800452709198,8.012619972229004,0.9774666428565979,0.0033427972812205553,4.557775974273682,16.876901626586914,5,1
929,0.11213375627994537,5.6980881690979,0.9658806324005127,0.0335540845990181,4.551139831542969,13.973011016845703,5,1
930,0.38875922560691833,4.440371036529541,0.8649009466171265,0.0788346529006958,4.451234340667725,16.489845275878906,5,1
931,0.09818266332149506,5.9840898513793945,0.9798750877380371,0.019235290586948395,5.028891563415527,24.408313751220703,5,1
932,0.10117597877979279,5.193820953369141,0.9585085511207581,0.035985998809337616,4.927806854248047,19.107084274291992,5,1
933,0.13197001814842224,4.427371978759766,0.9336584806442261,0.07881103456020355,4.293015956878662,13.348572731018066,5,1
934,0.10763554275035858,5.23370361328125,0.9607511758804321,0.035391077399253845,4.822568416595459,21.91318702697754,5,1
935,0.12996190786361694,4.208383560180664,0.9341403841972351,0.0735442265868187,4.446561813354492,22.327911376953125,5,1
936,0.13253654539585114,5.698538780212402,0.9775938391685486,0.03629603981971741,4.725791931152344,18.259244918823242,5,1
937,0.08780603855848312,4.595085620880127,0.9719492197036743,0.05073574185371399,4.502052307128906,13.554998397827148,5,1
938,0.09503258764743805,5.973130702972412,0.9864674806594849,0.020558075979351997,4.662988662719727,18.923465728759766,5,1
939,0.13326296210289001,5.806829929351807,0.987452507019043,0.028831224888563156,4.617680072784424,23.737529754638672,5,1
940,0.13738921284675598,5.251413345336914,0.9375235438346863,0.04971562698483467,4.386444568634033,14.433470726013184,5,1
941,0.1826755553483963,4.128602027893066,0.9278090000152588,0.08226756751537323,4.20831823348999,13.591838836669922,5,1
942,0.1432638019323349,5.807866096496582,0.9736963510513306,0.01967715099453926,4.301170349121094,13.781974792480469,5,1
943,0.10430166870355606,5.227353096008301,0.9661996960639954,0.04067504033446312,4.616891384124756,15.838275909423828,5,1
944,0.31010061502456665,9.024853706359863,0.9831662178039551,0.003996704705059528,4.626733303070068,18.602521896362305,5,1
945,0.15124592185020447,3.7451910972595215,0.9253366589546204,0.12510249018669128,4.245204448699951,12.988895416259766,5,1
946,0.4813152551651001,3.999055862426758,0.9567265510559082,0.14129182696342468,4.319474220275879,25.043203353881836,5,1
947,0.20706434547901154,4.252243518829346,0.9236048460006714,0.10478664189577103,4.858590126037598,16.540874481201172,5,1
948,0.4449616074562073,10.92515754699707,0.9860156774520874,0.0009310210589319468,4.87853479385376,18.07476043701172,5,1
949,0.14660993218421936,4.8968305587768555,0.9463644027709961,0.06451111286878586,4.50698709487915,17.827627182006836,5,1
950,0.07409743964672089,6.153622627258301,0.9711096286773682,0.014503576792776585,4.701607704162598,18.215120315551758,5,1
951,0.09240636229515076,5.01230525970459,0.9827572107315063,0.04477257281541824,4.216466426849365,15.033844947814941,5,1
952,0.11102268844842911,6.786334991455078,0.974653959274292,0.013753252103924751,4.752828598022461,14.306079864501953,5,1
953,0.1128566712141037,5.332941055297852,0.9578008651733398,0.03139751777052879,4.752059459686279,15.308232307434082,5,1
954,0.09275586903095245,4.921594619750977,0.9649597406387329,0.05249829590320587,4.501675605773926,15.0095796585083,5,1
955,0.20770949125289917,5.120876312255859,0.9300733208656311,0.04612329602241516,4.443099498748779,13.296966552734375,5,1
956,0.17217275500297546,4.622413635253906,0.9222955107688904,0.05416365712881088,4.720099925994873,16.026546478271484,5,1
957,0.14816191792488098,4.204279899597168,0.9395372271537781,0.10795418918132782,4.805735111236572,17.480512619018555,5,1
958,0.09534038603305817,5.985779762268066,0.9545894861221313,0.014412662014365196,4.652109146118164,15.238208770751953,5,1
959,0.156922847032547,4.988610744476318,0.9322481751441956,0.04453616589307785,4.816343307495117,17.091068267822266,5,1
960,0.054290980100631714,6.169596195220947,0.966007649898529,0.014504896476864815,4.608903884887695,12.986839294433594,5,1
961,0.18147635459899902,7.393013000488281,0.9803674817085266,0.005666227545589209,4.679523944854736,14.415121078491211,5,1
962,0.1061149388551712,6.540915489196777,0.9629340171813965,0.01518365740776062,4.778470039367676,17.673261642456055,5,1
963,0.09464718401432037,4.741455554962158,0.9608579277992249,0.053455546498298645,4.491176128387451,19.31189727783203,5,1
964,0.1608176976442337,5.06758451461792,0.9451236724853516,0.04269411414861679,4.4152913093566895,15.514792442321777,5,1
965,0.1152212992310524,5.431448459625244,0.9825155735015869,0.03511497750878334,4.243816375732422,14.745705604553223,5,1
966,0.08465464413166046,5.498131275177002,0.9482564330101013,0.018831558525562286,4.551595211029053,13.698441505432129,5,1
967,0.1230212152004242,5.090762615203857,0.9663419723510742,0.06159721314907074,4.980152606964111,17.22487449645996,5,1
968,0.14243721961975098,5.119112968444824,0.9604013562202454,0.05171027034521103,4.6130523681640625,14.94882869720459,5,1
969,0.07570407539606094,5.514206886291504,0.9591600298881531,0.03687126561999321,4.685086727142334,14.505108833312988,5,1
970,0.4236677885055542,5.268337249755859,0.8411257863044739,0.042972251772880554,4.6746931076049805,12.228222846984863,5,1
971,0.12384411692619324,4.861873626708984,0.9450938701629639,0.04624766856431961,4.411371231079102,13.616178512573242,5,1
972,0.14513063430786133,5.8259172439575195,0.9400244951248169,0.02361416444182396,4.591102123260498,14.919448852539062,5,1
973,0.09968088567256927,4.411287784576416,0.9564578533172607,0.06096108257770538,4.389382362365723,15.442927360534668,5,1
974,0.08257891237735748,5.483393669128418,0.9574193954467773,0.031891390681266785,4.557991027832031,13.622761726379395,5,1
975,0.1642574667930603,5.271160125732422,0.9488323926925659,0.029947523027658463,4.51372766494751,13.845430374145508,5,1
976,0.11534006893634796,4.9021759033203125,0.9489213228225708,0.04235079139471054,4.452735900878906,11.754819869995117,5,1
977,0.10629674792289734,4.729806900024414,0.9729016423225403,0.05425015091896057,4.355579376220703,13.522980690002441,5,1
978,0.1606270968914032,5.605774879455566,0.9708250761032104,0.027018869295716286,4.980663299560547,16.94829559326172,5,1
979,0.1253805160522461,6.676000595092773,0.9773017168045044,0.005906100384891033,4.50281286239624,13.681085586547852,5,1
980,0.16968002915382385,6.044938087463379,0.9875030517578125,0.029251785948872566,4.596331596374512,13.18673324584961,5,1
981,0.14546221494674683,6.8933491706848145,0.9819421768188477,0.012047669850289822,4.861199855804443,14.253643035888672,5,1
982,0.10097744315862656,5.964138984680176,0.9704418182373047,0.016724463552236557,4.753981590270996,14.456762313842773,5,1
983,0.10531508922576904,4.930519104003906,0.9586239457130432,0.0658997893333435,4.338265895843506,14.26668643951416,5,1
984,0.13260304927825928,6.45751953125,0.9892256259918213,0.019384734332561493,4.638276100158691,13.851313591003418,5,1
985,0.13219371438026428,2.6966142654418945,0.9360798597335815,0.20490294694900513,3.796281576156616,12.275496482849121,5,1
986,0.12165750563144684,4.092446327209473,0.9469848275184631,0.09031544625759125,4.377191543579102,16.742351531982422,5,1
987,0.0880436822772026,6.830316543579102,0.9862669706344604,0.011185807175934315,5.019436359405518,14.828067779541016,5,1
988,0.19070228934288025,8.574403762817383,0.9893357753753662,0.0018196918535977602,5.030179023742676,17.056310653686523,5,1
989,0.12435053288936615,5.487973213195801,0.9569740295410156,0.04381169378757477,4.713986873626709,16.293846130371094,5,1
990,0.10891912877559662,5.99263334274292,0.9704137444496155,0.021532811224460602,4.734932899475098,16.162294387817383,5,1
991,0.08653602004051208,6.384903907775879,0.9744341373443604,0.01998516358435154,4.665071487426758,13.442367553710938,5,1
992,0.06951679289340973,5.557821750640869,0.9626060128211975,0.0353398472070694,4.887423992156982,16.230867385864258,5,1
993,0.09653176367282867,6.657442092895508,0.9812827110290527,0.014360049739480019,4.769353866577148,14.267097473144531,5,1
994,0.07598765194416046,5.923573017120361,0.9608352184295654,0.015842121094465256,4.6183552742004395,14.81821346282959,5,1
995,0.10172667354345322,7.143393516540527,0.9501416087150574,0.008256092667579651,4.818820476531982,16.839698791503906,5,1
996,0.1573781669139862,5.98320198059082,0.9763587713241577,0.02122814767062664,4.608182430267334,14.538383483886719,5,1
997,0.11326279491186142,7.163106441497803,0.972724199295044,0.007761792279779911,4.709897041320801,13.674912452697754,5,1
998,0.17051179707050323,7.712587833404541,0.9888748526573181,0.003070118371397257,4.740541934967041,16.336971282958984,5,1
999,0.18913263082504272,3.000664710998535,0.9105484485626221,0.21179096400737762,4.171478748321533,13.136344909667969,5,1
1000,0.09546050429344177,5.763863563537598,0.9718160629272461,0.024970702826976776,4.578593730926514,17.587278366088867,5,1
1001,0.16026677191257477,4.028709888458252,0.9398744702339172,0.09838051348924637,4.138256072998047,13.827701568603516,5,1
1002,0.14297893643379211,4.673357963562012,0.9410160183906555,0.05904904380440712,4.54173469543457,19.407970428466797,5,1
1003,0.07429225742816925,5.043362617492676,0.9671605229377747,0.037205956876277924,4.787391662597656,14.436776161193848,5,1
1004,0.10601682215929031,5.472723007202148,0.9778512716293335,0.027561329305171967,4.5201897621154785,15.065359115600586,5,1
1005,0.12121535837650299,5.365779876708984,0.9645630717277527,0.03141862154006958,4.652126312255859,15.263068199157715,5,1
1006,0.2078474462032318,4.035693168640137,0.9042544960975647,0.08391386270523071,4.58111572265625,13.936078071594238,5,1
1007,0.26988258957862854,3.620476722717285,0.8819891214370728,0.12642797827720642,4.324796199798584,13.199037551879883,5,1
1008,0.08944182097911835,7.087172508239746,0.9676586985588074,0.013544621877372265,4.818737030029297,16.328779220581055,5,1
1009,0.11655725538730621,6.150298595428467,0.9711494445800781,0.02277841791510582,4.477438926696777,15.063450813293457,5,1
1010,0.12246206402778625,5.538668632507324,0.970804750919342,0.03221302479505539,4.823364734649658,12.942656517028809,5,1
1011,0.13692697882652283,6.374460220336914,0.9539815187454224,0.019721072167158127,4.7797698974609375,15.585017204284668,5,1
1012,0.19336862862110138,6.546019554138184,0.9570695161819458,0.014387348666787148,4.793869972229004,15.558359146118164,5,1
1013,0.12271247804164886,5.751450061798096,0.9782200455665588,0.02248552441596985,4.728159427642822,14.78989315032959,5,1
1014,0.08244302868843079,5.276656150817871,0.9789997339248657,0.042661383748054504,4.694913387298584,13.923233032226562,5,1
1015,0.16188551485538483,4.321593761444092,0.927808403968811,0.05794584006071091,4.740891933441162,15.066822052001953,5,1
1016,0.13382740318775177,6.758392810821533,0.9755491018295288,0.01591339334845543,4.756996154785156,13.596758842468262,5,1
1017,0.42455968260765076,4.617610931396484,0.8457385301589966,0.0697873905301094,4.390311241149902,15.643218040466309,5,1
1018,0.14975033700466156,6.238325119018555,0.9130538702011108,0.02027158997952938,4.822662353515625,19.310644149780273,5,1
1019,0.1249299943447113,5.195068359375,0.9754769802093506,0.043993886560201645,4.976261138916016,19.272830963134766,5,1
1020,0.10955893248319626,6.292863845825195,0.9415429830551147,0.022400613874197006,5.1934685707092285,17.865875244140625,5,1
1021,0.08202093839645386,4.063748359680176,0.9536574482917786,0.1078561544418335,4.586655139923096,14.289857864379883,5,1
1022,0.1190231591463089,5.880202770233154,0.9392917156219482,0.030822033062577248,4.772658824920654,17.788280487060547,5,1
1023,0.12349128723144531,5.374727249145508,0.9518178105354309,0.038450948894023895,4.935445308685303,19.11923599243164,5,1
1024,0.1883259415626526,3.6304244995117188,0.9120563864707947,0.1428462266921997,4.717578887939453,17.873430252075195,5,1
1025,0.1788884848356247,4.473730564117432,0.9745516777038574,0.1082482635974884,4.608081817626953,16.549135208129883,5,1
1026,0.3137374222278595,4.9305877685546875,0.8612985014915466,0.05714959278702736,4.769379615783691,13.766388893127441,5,1
1027,0.15288040041923523,7.18419075012207,0.9770045876502991,0.007068668957799673,4.649899005889893,14.60175609588623,5,1
1028,0.1177220493555069,4.760496139526367,0.9667068719863892,0.05549370124936104,4.520463466644287,18.2239933013916,5,1
1029,0.22987733781337738,3.4778995513916016,0.9140153527259827,0.13768328726291656,4.327016830444336,13.224416732788086,5,1
1030,0.14661535620689392,6.199972152709961,0.9225190877914429,0.034227967262268066,4.642000198364258,16.108745574951172,5,1
1031,0.16999825835227966,5.145824432373047,0.9450628757476807,0.06546766310930252,4.8346710205078125,18.556833267211914,5,1
1032,0.10325992107391357,5.530935764312744,0.9566518068313599,0.027893899008631706,5.071399211883545,16.660465240478516,5,1
1033,0.1482020616531372,4.802858352661133,0.9491591453552246,0.05679669603705406,4.555259704589844,15.261369705200195,5,1
1034,0.16959446668624878,5.846579551696777,0.9690155386924744,0.02512250654399395,4.395605564117432,12.665209770202637,5,1
1035,0.12483228743076324,4.9040021896362305,0.9448058605194092,0.06116652116179466,4.753440856933594,12.477076530456543,5,1
1036,0.08723282814025879,5.190611839294434,0.9562417268753052,0.025593070313334465,4.898369789123535,15.013808250427246,5,1
1037,0.07427508383989334,5.367343902587891,0.9814310669898987,0.04948914796113968,4.472847938537598,16.09518051147461,5,1
1038,0.11223120987415314,3.641042709350586,0.9401105642318726,0.10798165202140808,4.299047946929932,15.98784351348877,5,1
1039,0.1384812593460083,6.585017204284668,0.9657646417617798,0.013176731765270233,4.932884693145752,18.319040298461914,5,1
1040,0.10294526815414429,4.573667526245117,0.9682275652885437,0.07541009783744812,4.6004638671875,14.715413093566895,5,1
1041,0.1077282577753067,4.882713317871094,0.9451289176940918,0.05355327948927879,4.5435099601745605,12.58110237121582,5,1
1042,0.13278061151504517,6.817420959472656,0.9512460231781006,0.006253001280128956,4.796388149261475,15.105168342590332,5,1
1043,0.06713178753852844,5.356800079345703,0.9701286554336548,0.04329506307840347,4.484840393066406,14.032761573791504,5,1
1044,0.11370953917503357,4.689244747161865,0.9671425819396973,0.07306678593158722,4.8780927658081055,14.912800788879395,5,1
1045,0.13381370902061462,6.273104667663574,0.9604488611221313,0.01693006046116352,4.990876197814941,15.830365180969238,5,1
1046,0.09943295270204544,5.444058418273926,0.9531915187835693,0.04767918586730957,4.762146949768066,14.295432090759277,5,1
1047,0.13151536881923676,6.151824474334717,0.9765461683273315,0.03336026147007942,4.717113971710205,13.659775733947754,5,1
1048,0.07584399729967117,6.31675910949707,0.975793719291687,0.026739204302430153,4.630539894104004,12.126229286193848,5,1
1049,0.28034481406211853,8.981742858886719,0.9948909282684326,0.0008645545458421111,4.811233997344971,18.63063621520996,5,1
1050,0.08393516391515732,4.759274482727051,0.9700300693511963,0.05644180625677109,4.700979232788086,14.826470375061035,5,1
1051,0.18438534438610077,5.0718889236450195,0.9475317001342773,0.03844715654850006,4.823694229125977,15.113906860351562,5,1
1052,0.12043318152427673,4.812283515930176,0.9374644160270691,0.04865167289972305,4.611271858215332,14.0431547164917,5,1
1053,0.1937263309955597,4.530303001403809,0.9292997121810913,0.0636049211025238,4.7492570877075195,12.485605239868164,5,1
1054,0.14419503509998322,5.678577423095703,0.9215278625488281,0.035201024264097214,4.614260673522949,15.156046867370605,5,1
1055,0.0895126610994339,4.286290645599365,0.9664496779441833,0.05678708851337433,4.560102462768555,14.342885971069336,5,1
1056,0.21441549062728882,6.25233268737793,0.9130894541740417,0.02012757956981659,4.759765148162842,17.789310455322266,5,1
1057,0.0791526660323143,5.026748180389404,0.9814780354499817,0.05445931851863861,4.7979230880737305,13.294063568115234,5,1
1058,0.1175636276602745,4.230701923370361,0.9384623765945435,0.07494896650314331,4.514418125152588,10.94681167602539,5,1
1059,0.1906343251466751,5.192583084106445,0.9122838973999023,0.04086031764745712,5.010913848876953,14.502386093139648,5,1
1060,0.13651026785373688,5.070228576660156,0.9218869209289551,0.03948739171028137,4.6539764404296875,13.348483085632324,5,1
1061,0.09521587193012238,5.207738876342773,0.9550436735153198,0.04378585144877434,4.603118896484375,12.032781600952148,5,1
1062,0.24260075390338898,7.5113325119018555,0.9863902926445007,0.007614763453602791,4.808516979217529,13.979825973510742,5,1
1063,0.13395154476165771,5.136730194091797,0.9605662822723389,0.040538668632507324,4.9995012283325195,15.29931926727295,5,1
1064,0.13917092978954315,5.195929527282715,0.9540983438491821,0.0372982993721962,4.550261497497559,14.127610206604004,5,1
1065,0.09239710867404938,7.556342124938965,0.9828813076019287,0.004667150322347879,4.862466812133789,13.896453857421875,5,1
1066,0.26418113708496094,4.810846328735352,0.9745878577232361,0.04967271536588669,4.768396854400635,12.963756561279297,5,1
1067,0.14535096287727356,4.381796836853027,0.9495254755020142,0.08206073939800262,4.442415237426758,12.287086486816406,5,1
1068,0.08815757930278778,5.863237380981445,0.984304666519165,0.020884554833173752,4.90724515914917,13.669888496398926,5,1
1069,0.22910049557685852,6.901628494262695,0.9887946248054504,0.010747641324996948,5.040132999420166,13.926615715026855,5,1
1070,0.06638117134571075,6.3045549392700195,0.9817900657653809,0.022631285712122917,4.616843223571777,11.586908340454102,5,1
1071,0.13907790184020996,6.020816802978516,0.9629302024841309,0.017054792493581772,4.793454647064209,12.98581314086914,5,1
1072,0.07014599442481995,5.7209978103637695,0.9827373623847961,0.019733112305402756,4.673033714294434,12.282612800598145,5,1
1073,0.18153023719787598,4.636224746704102,0.9318904280662537,0.06940849870443344,4.726271629333496,15.645051956176758,5,1
1074,0.13010011613368988,4.9773406982421875,0.9675334692001343,0.04168947786092758,4.849612236022949,14.766606330871582,5,1
1075,0.18572776019573212,4.201030731201172,0.9358270168304443,0.0888466164469719,4.742671489715576,12.891818046569824,5,1
1076,0.12217561155557632,4.487316608428955,0.9401935338973999,0.07164552807807922,4.434653282165527,11.586224555969238,5,1
1077,0.13569003343582153,5.985629558563232,0.974887490272522,0.02148689329624176,4.711527347564697,14.077951431274414,5,1
1078,0.11447679996490479,4.949700832366943,0.9461632370948792,0.049345195293426514,4.803096771240234,12.527722358703613,5,1
1079,0.09801029413938522,6.346088409423828,0.9587178826332092,0.014758288860321045,5.023977756500244,12.500585556030273,5,1
1080,0.16965679824352264,8.17033576965332,0.9951777458190918,0.002485282253473997,5.130120277404785,15.495179176330566,5,1
1081,0.22424641251564026,7.703547477722168,0.9926918745040894,0.005980562884360552,4.983091354370117,15.487178802490234,5,1
1082,0.13577309250831604,4.210853576660156,0.9391689300537109,0.07538379728794098,4.42668342590332,13.058258056640625,5,1
1083,0.12442570179700851,4.684075832366943,0.9523309469223022,0.05873884633183479,4.527128219604492,12.788308143615723,5,1
1084,0.2093978077173233,4.4176154136657715,0.9130120277404785,0.07459771633148193,4.5347161293029785,11.84738826751709,5,1
1085,0.1491979956626892,4.018399238586426,0.9441865682601929,0.10634969919919968,4.614574909210205,11.95494556427002,5,1
1086,0.07054798305034637,6.482115268707275,0.9830198287963867,0.012406989932060242,4.729903697967529,15.995736122131348,5,1
1087,0.08331139385700226,4.4438557624816895,0.9681546688079834,0.07588294893503189,4.736894130706787,13.533642768859863,5,1
1088,0.19289825856685638,4.1801605224609375,0.9017704129219055,0.08960265666246414,4.605920314788818,13.165677070617676,5,1
1089,0.2515934705734253,4.993945121765137,0.8716055154800415,0.04972168058156967,4.524134159088135,12.80927848815918,5,1
1090,0.6953828930854797,12.996370315551758,0.9962968826293945,0.0001987701398320496,4.832491397857666,17.87453842163086,5,1
1091,0.3073124885559082,3.02955961227417,0.9214732646942139,0.329087495803833,3.973036766052246,18.15320587158203,5,1
1092,0.18834605813026428,6.273262977600098,0.9316330552101135,0.05164152383804321,4.874939918518066,18.16447639465332,5,1
1093,0.2180831879377365,5.932044982910156,0.9666236639022827,0.025012103840708733,4.918979167938232,13.881306648254395,5,1
1094,0.10927054286003113,5.147400379180908,0.9594875574111938,0.052317969501018524,4.992055416107178,13.108853340148926,5,1
1095,0.13330522179603577,4.776531219482422,0.9387197494506836,0.0732191652059555,4.624869346618652,15.374334335327148,5,1
1096,0.10049450397491455,6.699128150939941,0.9663032293319702,0.016396701335906982,4.9874982833862305,16.461763381958008,5,1
1097,0.08948991447687149,4.618441581726074,0.9664489030838013,0.07228011637926102,4.728241920471191,14.619942665100098,5,1
1098,0.09507343173027039,4.321608543395996,0.9505712389945984,0.08428939431905746,4.856708526611328,14.867901802062988,5,1
1099,0.10800640285015106,5.145431041717529,0.9492837190628052,0.05134180188179016,4.859893321990967,16.55565071105957,5,1
1100,0.0949430912733078,5.898626327514648,0.971911609172821,0.025519438087940216,4.993504524230957,12.994790077209473,5,1
1101,0.14371398091316223,7.085700035095215,0.9746144413948059,0.010473626665771008,5.051987648010254,12.589895248413086,5,1
1102,0.18615855276584625,4.031674385070801,0.9035751819610596,0.0812690258026123,4.701311111450195,14.070283889770508,5,1
1103,0.1898842751979828,5.380522727966309,0.9359490871429443,0.029392795637249947,4.75803279876709,16.522672653198242,5,1
1104,0.12498578429222107,4.112764358520508,0.9568367004394531,0.07908214628696442,4.677242755889893,13.910301208496094,5,1
1105,0.13518743216991425,4.1068925857543945,0.9324625730514526,0.07871875166893005,4.575444221496582,11.753035545349121,5,1
1106,0.16423547267913818,4.278769493103027,0.9373918175697327,0.07382562756538391,4.630577564239502,11.9573335647583,5,1
1107,0.1983676701784134,3.629201889038086,0.8963818550109863,0.12967389822006226,4.382822036743164,12.773015022277832,5,1
1108,0.1555105298757553,5.402592182159424,0.934493362903595,0.04162095859646797,4.782691478729248,14.256635665893555,5,1
1109,0.17679502069950104,4.547935485839844,0.938978910446167,0.05872970074415207,4.665078639984131,14.638232231140137,5,1
1110,0.22282856702804565,7.854519844055176,0.9916648864746094,0.0056011369451880455,4.77151346206665,13.000707626342773,5,1
1111,0.1280013471841812,3.044145107269287,0.9432623982429504,0.14853757619857788,4.331956386566162,10.979222297668457,5,1
1112,0.1506345570087433,5.235936641693115,0.9410742521286011,0.029237207025289536,4.862770080566406,13.240859031677246,5,1
1113,0.19643594324588776,5.540457725524902,0.986686646938324,0.03241478651762009,4.718760967254639,14.118216514587402,5,1
1114,0.11930766701698303,4.591615200042725,0.938691258430481,0.06394299864768982,4.67221736907959,12.902838706970215,5,1
1115,0.21337735652923584,6.107363700866699,0.9812695980072021,0.01722003147006035,5.001437187194824,15.545072555541992,5,1
1116,0.09087322652339935,4.988363265991211,0.9620788097381592,0.047872982919216156,4.597886562347412,12.826713562011719,5,1
1117,0.1423427164554596,6.185680866241455,0.9624683856964111,0.015550036914646626,4.798067569732666,12.71959114074707,5,1
1118,0.1765369176864624,4.8792338371276855,0.9406381249427795,0.0373065210878849,4.650424003601074,11.7191801071167,5,1
1119,0.14118465781211853,5.3395280838012695,0.9598020911216736,0.03742380067706108,5.0792646408081055,12.667593955993652,5,1
1120,0.12464195489883423,6.012571334838867,0.9545901417732239,0.014068607240915298,4.962045192718506,15.293710708618164,5,1
1121,0.1221168264746666,4.860807418823242,0.9557840824127197,0.06983871757984161,4.688408374786377,13.346044540405273,5,1
1122,0.1606495976448059,4.523292064666748,0.9286794662475586,0.07911752909421921,4.675385475158691,11.848095893859863,5,1
1123,0.06335575878620148,5.224571228027344,0.9707069396972656,0.04979646950960159,4.734357833862305,12.776062965393066,5,1
1124,0.13438540697097778,4.728261947631836,0.9216873049736023,0.06169978529214859,4.507002353668213,12.412406921386719,5,1
1125,0.13430656492710114,5.241903305053711,0.9635740518569946,0.031440477818250656,4.910250663757324,12.886747360229492,5,1
1126,0.19178521633148193,3.2668778896331787,0.9217255115509033,0.14896975457668304,4.447859287261963,11.553487777709961,5,1
1127,0.338550865650177,4.228161334991455,0.854327917098999,0.08594608306884766,4.625442981719971,13.73796558380127,5,1
1128,0.09858311712741852,4.47097110748291,0.9668536186218262,0.07650294899940491,4.77725076675415,12.971114158630371,5,1
1129,0.11134571582078934,5.559042930603027,0.9674639701843262,0.03545284643769264,4.643688678741455,13.176984786987305,5,1
1130,0.22866754233837128,4.119438171386719,0.8969444036483765,0.0828409194946289,4.568385601043701,12.580057144165039,5,1
1131,0.16176414489746094,5.499081611633301,0.9664902091026306,0.05097857117652893,4.847470760345459,15.12402629852295,5,1
1132,0.226570263504982,8.755638122558594,0.986719012260437,0.0014060125686228275,5.091159343719482,18.409595489501953,5,1
1133,0.0771857500076294,4.192519187927246,0.9734362363815308,0.08900817483663559,4.873287677764893,12.496870994567871,5,1
1134,0.12356720119714737,5.977295398712158,0.9490338563919067,0.02461809664964676,4.89581298828125,13.41237735748291,5,1
1135,0.07738249748945236,4.9008002281188965,0.9621517658233643,0.039924345910549164,4.729299545288086,14.106219291687012,5,1
1136,0.10376983880996704,5.3149614334106445,0.9450632333755493,0.034891027957201004,5.000006198883057,17.238786697387695,5,1
1137,0.08215180784463882,5.526383876800537,0.9691115021705627,0.03414487466216087,4.688348770141602,12.421238899230957,5,1
1138,0.16328352689743042,5.661136627197266,0.957283616065979,0.02608780562877655,4.822226047515869,13.26025390625,5,1
1139,0.09936846792697906,5.875319004058838,0.9789049029350281,0.023981330916285515,4.845516204833984,12.949782371520996,5,1
1140,0.11008231341838837,4.792981147766113,0.9839086532592773,0.04700877144932747,4.870238780975342,13.745949745178223,5,1
1141,0.13317075371742249,5.84948205947876,0.9446250200271606,0.02417038008570671,4.759242057800293,14.581764221191406,5,1
1142,0.13694420456886292,4.849241733551025,0.9479186534881592,0.04717356711626053,4.400926113128662,10.955887794494629,5,1
1143,0.3709516227245331,6.182416915893555,0.8670461177825928,0.02180645987391472,4.607704162597656,13.006963729858398,5,1
1144,0.12408323585987091,4.921321392059326,0.9389910101890564,0.051922813057899475,5.120158672332764,13.067244529724121,5,1
1145,0.2138366848230362,4.205949783325195,0.9042655825614929,0.08542636036872864,4.618231773376465,12.405073165893555,5,1
1146,0.09232516586780548,6.970810413360596,0.9368277192115784,0.014978749677538872,4.966250419616699,13.116493225097656,5,1
1147,0.15119892358779907,6.282791614532471,0.9325937032699585,0.024983763694763184,4.9211883544921875,13.07148551940918,5,1
1148,0.10241196304559708,5.853944301605225,0.9666938781738281,0.03913627564907074,4.776240348815918,11.101356506347656,5,1
1149,0.10621412843465805,5.110775470733643,0.9624983668327332,0.043719224631786346,4.816168308258057,12.836908340454102,5,1
1150,0.16448627412319183,3.975543260574341,0.9349265694618225,0.09718307852745056,4.687543869018555,13.344398498535156,5,1
1151,0.1909365952014923,5.401162624359131,0.9199180006980896,0.04160267114639282,4.933839797973633,13.556489944458008,5,1
1152,0.0943145900964737,5.195950508117676,0.9635196924209595,0.03916679322719574,4.715847492218018,11.87497615814209,5,1
1153,0.11889518797397614,6.230602264404297,0.9870699644088745,0.013297184370458126,4.9862961769104,12.079792022705078,5,1
1154,0.1179296225309372,5.621678352355957,0.9658749103546143,0.03084852732717991,4.794167995452881,11.447219848632812,5,1
1155,0.21017895638942719,6.732484340667725,0.9831368923187256,0.010115995071828365,4.929304122924805,12.397897720336914,5,1
1156,0.12516789138317108,5.235520839691162,0.9466349482536316,0.03180206939578056,4.990015506744385,11.499223709106445,5,1
1157,0.12619110941886902,5.8697309494018555,0.9665131568908691,0.020401690155267715,4.723958492279053,13.341443061828613,5,1
1158,0.16419456899166107,3.818835735321045,0.9077892303466797,0.11567863821983337,4.713650703430176,12.380375862121582,5,1
1159,0.18453730642795563,4.099695682525635,0.898583710193634,0.1066104918718338,4.457880020141602,12.212408065795898,5,1
1160,0.3109758198261261,4.292426109313965,0.8749186992645264,0.0980556458234787,4.603393077850342,14.44003963470459,5,1
1161,0.1690286248922348,3.1221446990966797,0.9319053888320923,0.17407485842704773,4.247464179992676,9.556939125061035,5,1
1162,0.20022088289260864,5.092345237731934,0.9194968938827515,0.033480849117040634,5.034274578094482,15.740362167358398,5,1
1163,0.13103029131889343,5.647883415222168,0.9735409021377563,0.02157064899802208,4.663968563079834,13.978878021240234,5,1
1164,0.17610491812229156,4.688587665557861,0.93858802318573,0.06295034289360046,4.823220252990723,12.257317543029785,5,1
1165,0.1169060617685318,4.784422397613525,0.9642248153686523,0.048174694180488586,4.876638412475586,12.52389907836914,5,1
1166,0.1595863401889801,5.062288284301758,0.9359561800956726,0.039938364177942276,4.936488628387451,13.857213020324707,5,1
1167,0.12768466770648956,5.541657447814941,0.9637684226036072,0.031129438430070877,4.760027885437012,12.445937156677246,5,1
1168,0.13323411345481873,4.717082977294922,0.9510564804077148,0.06149531155824661,4.896806716918945,13.303236961364746,5,1
1169,0.0912342220544815,5.278676986694336,0.9749429225921631,0.04061030223965645,4.867778778076172,13.574082374572754,5,1
1170,0.210923433303833,5.350054740905762,0.9271113872528076,0.036040328443050385,5.358394622802734,13.503662109375,5,1
1171,0.14928984642028809,6.242218017578125,0.940248429775238,0.025117982178926468,5.159652233123779,14.24751091003418,5,1
1172,0.10795341432094574,5.774379730224609,0.9838677644729614,0.03229130059480667,4.878467082977295,12.796526908874512,5,1
1173,0.6167885661125183,4.091222763061523,0.8074900507926941,0.09409071505069733,4.475065231323242,11.813499450683594,5,1
1174,0.10153843462467194,6.149567604064941,0.9839311838150024,0.038891296833753586,4.859189987182617,14.361235618591309,5,1
1175,0.1333184540271759,4.672422885894775,0.9703274965286255,0.08578114211559296,4.614762306213379,12.775710105895996,5,1
1176,0.12780389189720154,4.354450225830078,0.944483757019043,0.07912099361419678,4.732911109924316,12.886306762695312,5,1
1177,0.14218534529209137,5.7350358963012695,0.9528120756149292,0.023238301277160645,5.048242092132568,13.587458610534668,5,1
1178,0.1887243092060089,4.727351188659668,0.9228519201278687,0.06312461197376251,4.9990692138671875,13.159640312194824,5,1
1179,0.12630978226661682,4.1539459228515625,0.9472407102584839,0.07239997386932373,4.85277795791626,14.262765884399414,5,1
1180,0.1810961663722992,4.497254371643066,0.902240514755249,0.08000107109546661,4.838519096374512,15.493755340576172,5,1
1181,0.14287719130516052,4.8253984451293945,0.9478931427001953,0.03951922804117203,4.931480884552002,13.366273880004883,5,1
1182,0.09896320104598999,5.627513885498047,0.9706062078475952,0.031844254583120346,5.096194744110107,13.985283851623535,5,1
1183,0.15360945463180542,5.205265522003174,0.9444630742073059,0.04257405549287796,4.8646721839904785,13.605527877807617,5,1
1184,0.13749751448631287,5.6689252853393555,0.9593175053596497,0.032248832285404205,4.8664021492004395,14.725337028503418,5,1
1185,0.11531808972358704,4.42703914642334,0.9602395296096802,0.09139350801706314,4.813294410705566,12.996546745300293,5,1
1186,0.11876078695058823,7.259995937347412,0.9843540191650391,0.007945754565298557,5.488515853881836,19.496700286865234,5,1
1187,0.14862491190433502,4.066235542297363,0.9467045068740845,0.10447601974010468,4.854108810424805,17.517181396484375,5,1
1188,0.1471496969461441,4.892914772033691,0.927895188331604,0.045432716608047485,4.90371561050415,12.586796760559082,5,1
1189,0.16123315691947937,7.7827653884887695,0.984362006187439,0.002787588629871607,4.852100849151611,14.201894760131836,5,1
1190,0.11547031998634338,6.114552021026611,0.967612087726593,0.020685331895947456,4.865527629852295,17.077726364135742,5,1
1191,0.15272201597690582,5.108199119567871,0.9174869060516357,0.044320084154605865,4.785600662231445,16.575178146362305,5,1
1192,0.14020782709121704,6.789679527282715,0.9842448234558105,0.015254399739205837,4.9043803215026855,16.359703063964844,5,1
1193,0.1535344123840332,7.278873443603516,0.9902653694152832,0.005623358301818371,5.074604034423828,16.59735679626465,5,1
1194,0.21408332884311676,3.3098907470703125,0.8837310671806335,0.15237018465995789,4.569116592407227,15.926634788513184,5,1
1195,0.12167374789714813,5.484356880187988,0.9464246034622192,0.027011916041374207,4.931667327880859,14.71707534790039,5,1
1196,0.21360789239406586,4.099850654602051,0.9213793873786926,0.08747854828834534,4.750236511230469,15.448299407958984,5,1
1197,0.43430477380752563,4.856581687927246,0.8172178864479065,0.0541640967130661,4.65806770324707,15.883968353271484,5,1
1198,0.12422723323106766,6.430293560028076,0.9579046964645386,0.019641170278191566,4.993241310119629,15.431200981140137,5,1
1199,0.21830369532108307,4.095100402832031,0.9485204219818115,0.07558900117874146,4.784533977508545,13.571504592895508,5,1
1200,0.10510596632957458,5.161201477050781,0.9563915729522705,0.053922880440950394,5.012016773223877,14.613399505615234,5,1
1201,0.4273868799209595,9.272944450378418,0.9856457710266113,0.002101058140397072,4.916747093200684,14.409571647644043,5,1
1202,0.2210683524608612,2.1527762413024902,0.9012253284454346,0.33091482520103455,4.018283843994141,11.463968276977539,5,1
1203,1.171892523765564,4.788197994232178,0.7373158931732178,0.07877486944198608,5.196051120758057,20.729381561279297,5,1
1204,0.12981724739074707,6.518215179443359,0.987539529800415,0.024974344298243523,5.137385368347168,16.173450469970703,5,1
1205,0.24248212575912476,6.352847099304199,0.9659714102745056,0.016113249585032463,4.952739715576172,13.987351417541504,5,1
1206,0.16989517211914062,6.755451202392578,0.9674251079559326,0.013734690845012665,4.989987850189209,13.47434139251709,5,1
1207,0.274104505777359,6.496768951416016,0.8766108751296997,0.0245834793895483,4.908829212188721,18.07022476196289,5,1
1208,0.14231766760349274,7.075470447540283,0.9888116121292114,0.015650521963834763,5.2579474449157715,18.262832641601562,5,1
1209,0.1354050487279892,3.9477057456970215,0.9444424510002136,0.12530916929244995,4.724895000457764,16.827899932861328,5,1
1210,0.1231737732887268,5.970554351806641,0.96187824010849,0.02086995542049408,5.063877105712891,16.574949264526367,5,1
1211,0.18017402291297913,5.596650123596191,0.9736231565475464,0.04558626934885979,4.963636875152588,14.467986106872559,5,1
1212,0.07428532838821411,5.03497314453125,0.9634637236595154,0.05430452525615692,4.895694732666016,14.467309951782227,5,1
1213,0.16519737243652344,3.6035499572753906,0.9240508675575256,0.12105655670166016,4.949674129486084,15.798126220703125,5,1
1214,0.386456161737442,5.844807147979736,0.8655931949615479,0.023292176425457,5.0105085372924805,21.6097469329834,5,1
1215,0.18155726790428162,5.130370140075684,0.9328516721725464,0.05509968101978302,4.948103427886963,16.612756729125977,5,1
1216,0.07371673732995987,5.342108726501465,0.982212483882904,0.03571847453713417,4.842061996459961,18.312143325805664,5,1
1217,0.1646917760372162,4.975946426391602,0.9390833377838135,0.045276910066604614,5.1942949295043945,19.28516387939453,5,1
1218,0.10781728476285934,5.436234474182129,0.9496561884880066,0.030678406357765198,5.0958685874938965,16.94811248779297,5,1
1219,0.07067011296749115,5.218038558959961,0.9711104035377502,0.03341216221451759,4.946610927581787,14.554317474365234,5,1
1220,0.17987319827079773,4.9008965492248535,0.9205647706985474,0.048287004232406616,4.918601036071777,15.7041654586792,5,1
1221,0.20349110662937164,3.4002537727355957,0.909240186214447,0.16972456872463226,4.638139724731445,15.354474067687988,5,1
1222,0.21688197553157806,2.991138458251953,0.9295157790184021,0.1909847855567932,4.492912769317627,15.968362808227539,5,1
1223,0.1380540430545807,4.973586559295654,0.9391782283782959,0.05025915801525116,4.8219075202941895,14.53747272491455,5,1
1224,0.12335886806249619,5.647553443908691,0.9644054174423218,0.027059542015194893,4.839616775512695,14.75561809539795,5,1
1225,0.21650376915931702,3.5158658027648926,0.8980998396873474,0.12149357795715332,4.562264919281006,15.572795867919922,5,1
1226,0.7390299439430237,5.7921142578125,0.7737172842025757,0.03867634758353233,4.876683712005615,17.718505859375,5,1
1227,0.1367432028055191,4.052417755126953,0.9399053454399109,0.12672081589698792,4.5647101402282715,15.123372077941895,5,1
1228,0.25979283452033997,4.024871826171875,0.8992592692375183,0.09203357994556427,5.018086910247803,17.459821701049805,5,1
1229,0.16141429543495178,6.016697406768799,0.9356585741043091,0.023768432438373566,4.859020233154297,16.513072967529297,5,1
1230,0.1291375458240509,4.6770219802856445,0.973432183265686,0.07564854621887207,4.857097148895264,15.054133415222168,5,1
1231,0.1646030843257904,5.420654296875,0.9326797723770142,0.03903025761246681,4.827037334442139,16.25438690185547,5,1
1232,0.18499994277954102,7.297515869140625,0.9866304397583008,0.008481033146381378,4.909695148468018,16.84259605407715,5,1
1233,0.09936276823282242,5.13749885559082,0.9660264253616333,0.03853745013475418,5.0482497215271,14.782236099243164,5,1
1234,0.1796489953994751,5.293752670288086,0.9664241075515747,0.03519207239151001,5.152374267578125,15.891085624694824,5,1
1235,0.14740048348903656,5.1552886962890625,0.921533465385437,0.03970205783843994,5.223093032836914,16.417781829833984,5,1
1236,0.1348831206560135,5.131107330322266,0.9357998371124268,0.042200617492198944,5.035871982574463,13.805108070373535,5,1
1237,0.12395177036523819,6.0949602127075195,0.9338634014129639,0.021054577082395554,5.163719654083252,14.748246192932129,5,1
1238,0.2222277671098709,4.947908401489258,0.9191128015518188,0.04353071376681328,4.999264240264893,13.670012474060059,5,1
1239,0.20722118020057678,7.211605072021484,0.9918786287307739,0.005364730954170227,5.05328893661499,18.569454193115234,5,1
1240,0.13502606749534607,5.031412124633789,0.9422251582145691,0.03898707032203674,5.243991374969482,17.96218490600586,5,1
1241,0.15852461755275726,6.191762924194336,0.9756734371185303,0.014710655435919762,5.006338596343994,14.926056861877441,5,1
1242,0.11233477294445038,4.7583770751953125,0.9482131600379944,0.04150683432817459,5.108082294464111,18.649242401123047,5,1
1243,0.07809945195913315,5.413510322570801,0.9593034982681274,0.02413899078965187,4.9622673988342285,16.33787727355957,5,1
1244,0.07245397567749023,6.867381572723389,0.9682106375694275,0.019520726054906845,5.0055437088012695,14.568466186523438,5,1
1245,0.16076965630054474,3.5447635650634766,0.938338041305542,0.11807149648666382,4.5580925941467285,14.10193157196045,5,1
1246,0.1627444624900818,6.441163063049316,0.9799335598945618,0.016948647797107697,4.747030258178711,16.726985931396484,5,1
1247,0.1696121096611023,4.872092247009277,0.9605216979980469,0.0408703051507473,4.657824516296387,12.245048522949219,5,1
1248,0.16697174310684204,5.355467796325684,0.9115838408470154,0.027259163558483124,4.740177631378174,12.084548950195312,5,1
1249,0.14887546002864838,5.1528215408325195,0.9543828964233398,0.04081888496875763,5.056325435638428,14.663175582885742,5,1
1250,0.1494855433702469,5.103641986846924,0.9484179019927979,0.03624918311834335,5.353163719177246,15.953838348388672,5,1
1251,0.11762618273496628,5.931699275970459,0.9758294820785522,0.021525397896766663,5.003328323364258,13.710419654846191,5,1
1252,0.14006072282791138,5.6530961990356445,0.9389323592185974,0.03754483535885811,4.828375816345215,13.171160697937012,5,1
1253,0.10779412090778351,5.294395923614502,0.9572775363922119,0.04530036821961403,5.083855152130127,15.683897018432617,5,1
1254,0.12212300300598145,6.356557846069336,0.9580155611038208,0.01899704709649086,5.080158710479736,17.2210750579834,5,1
1255,0.13703489303588867,5.619920253753662,0.9827950596809387,0.041815560311079025,4.963444232940674,16.699983596801758,5,1
1256,0.1241810992360115,4.222731590270996,0.9718886613845825,0.07512521743774414,4.710715293884277,12.726789474487305,5,1
1257,0.1239950954914093,4.551488876342773,0.9660649299621582,0.08075930178165436,4.864179611206055,14.62801742553711,5,1
1258,0.4434930682182312,5.986971855163574,0.865567684173584,0.025669269263744354,5.025393962860107,17.383073806762695,5,1
1259,0.18388834595680237,5.924394607543945,0.9471332430839539,0.0268755704164505,5.201238632202148,15.309615135192871,5,1
1260,0.11879442632198334,5.194334506988525,0.9699961543083191,0.041304249316453934,4.778785705566406,16.52431297302246,5,1
1261,0.15051384270191193,4.31296443939209,0.9278483390808105,0.0797039270401001,5.04981803894043,14.801846504211426,5,1
1262,0.09793053567409515,4.8837690353393555,0.9490727186203003,0.06388575583696365,4.80025577545166,12.888494491577148,5,1
1263,0.10975147783756256,3.0283610820770264,0.9572984576225281,0.16210496425628662,4.227578163146973,12.954854965209961,5,1
1264,0.13992758095264435,5.904374599456787,0.975028932094574,0.0313728004693985,5.312608242034912,16.888639450073242,5,1
1265,0.1547793745994568,4.79218864440918,0.9643382430076599,0.03925293684005737,4.923566818237305,18.37603759765625,5,1
1266,0.19111427664756775,6.883149147033691,0.9904334545135498,0.012055758386850357,5.236008644104004,15.250024795532227,5,1
1267,0.2181520164012909,7.032567977905273,0.979914665222168,0.02018362656235695,5.098049640655518,14.907149314880371,5,1
1268,0.12813057005405426,4.7147321701049805,0.9536733627319336,0.05826445668935776,4.872292995452881,13.239283561706543,5,1
1269,0.1956496387720108,4.897703170776367,0.9163915514945984,0.051897600293159485,4.950504302978516,12.285587310791016,5,1
1270,0.11945048719644547,5.217939376831055,0.9413738250732422,0.03369270637631416,5.119649887084961,15.665661811828613,5,1
1271,0.32198670506477356,4.580111503601074,0.8516257405281067,0.07540079951286316,5.154162406921387,16.992006301879883,5,1
1272,0.1925182044506073,4.625021934509277,0.9348384141921997,0.05639472231268883,4.742929458618164,13.706610679626465,5,1
1273,0.1834360808134079,6.973269462585449,0.9773765802383423,0.022061605006456375,5.105207920074463,15.126717567443848,5,1
1274,0.2019573301076889,4.144404411315918,0.9035181999206543,0.0841902494430542,4.73777437210083,14.458373069763184,5,1
1275,0.36201512813568115,10.347549438476562,0.9939101338386536,0.0002625506022013724,5.012258052825928,18.87784767150879,5,1
1276,0.11646591871976852,4.701839447021484,0.9714661836624146,0.06977212429046631,5.258310794830322,17.67502212524414,5,1
1277,0.254657506942749,7.257406234741211,0.9850193858146667,0.008182989433407784,5.220813274383545,18.05320167541504,5,1
1278,0.11992651224136353,4.656572341918945,0.9604565501213074,0.060009561479091644,4.7730231285095215,15.434940338134766,5,1
1279,0.2862952649593353,3.438197374343872,0.8802310228347778,0.1509859412908554,4.917930603027344,14.383620262145996,5,1
1280,0.12859001755714417,5.980785369873047,0.949408769607544,0.028165942057967186,5.027037143707275,18.660985946655273,5,1
1281,0.17460879683494568,6.306424140930176,0.981964647769928,0.017018966376781464,5.456679344177246,18.87598991394043,5,1
1282,0.15044529736042023,3.9657387733459473,0.9415420293807983,0.08823667466640472,4.940454483032227,14.666744232177734,5,1
1283,0.07431413233280182,5.869912147521973,0.9732273817062378,0.01802678033709526,5.3259382247924805,16.171783447265625,5,1
1284,0.10971274971961975,4.992006778717041,0.9702438116073608,0.06051109731197357,5.210131645202637,19.544511795043945,5,1
1285,0.23749813437461853,3.1185426712036133,0.975532591342926,0.15633773803710938,4.587244510650635,13.791035652160645,5,1
1286,0.14420734345912933,5.587958335876465,0.9555447101593018,0.04854806512594223,5.102339267730713,17.858938217163086,5,1
1287,0.08425618708133698,5.655291557312012,0.9619579315185547,0.01821451261639595,4.948639392852783,18.166271209716797,5,1
1288,0.16175511479377747,4.402242660522461,0.9658776521682739,0.07542367279529572,4.797421932220459,14.897568702697754,5,1
1289,0.16573935747146606,4.611697196960449,0.917774498462677,0.07741840183734894,4.871049880981445,14.034171104431152,5,1
1290,0.10888127237558365,5.5351762771606445,0.9530166387557983,0.02646680921316147,5.183479309082031,17.958547592163086,5,1
1291,0.15644417703151703,6.405611038208008,0.9733052849769592,0.009209070354700089,5.143986225128174,17.297449111938477,5,1
1292,0.22686083614826202,5.097977638244629,0.9810739159584045,0.039067745208740234,4.876724720001221,18.53673553466797,5,1
1293,0.17104049026966095,6.201140403747559,0.9833489656448364,0.01748976856470108,4.886835098266602,15.36926555633545,5,1
1294,0.08683840930461884,6.302553653717041,0.987771213054657,0.022220484912395477,5.083526134490967,14.193938255310059,5,1
1295,0.1379137933254242,6.5559797286987305,0.9863929152488708,0.010206582024693489,5.429513454437256,15.42941665649414,5,1
1296,0.10030592978000641,5.647224426269531,0.98136305809021,0.031134914606809616,4.912974834442139,15.163287162780762,5,1
1297,0.08856402337551117,6.013570785522461,0.9474174976348877,0.023259269073605537,5.216718673706055,14.715799331665039,5,1
1298,0.1707155555486679,3.7912964820861816,0.9356553554534912,0.09807140380144119,4.630641460418701,13.322588920593262,5,1
1299,0.26048094034194946,5.897767543792725,0.9661684036254883,0.022436916828155518,5.223266124725342,16.864049911499023,5,1
1300,0.16920249164104462,3.5354299545288086,0.9276760220527649,0.11433166265487671,4.583071231842041,14.483295440673828,5,1
1301,0.28269100189208984,4.489411354064941,0.8744822144508362,0.06918586045503616,4.789549827575684,15.7697114944458,5,1
1302,0.19401861727237701,7.305545806884766,0.9865525960922241,0.014832924120128155,5.025186061859131,15.604969024658203,5,1
1303,0.18354472517967224,4.998856544494629,0.9562172293663025,0.06189771741628647,5.159769058227539,16.38583755493164,5,1
1304,0.40819522738456726,6.1580586433410645,0.8409647345542908,0.026671677827835083,5.263797760009766,16.038009643554688,5,1
1305,0.30172109603881836,8.238950729370117,0.9948747754096985,0.0036576255224645138,5.094827175140381,18.852005004882812,5,1
1306,0.12135258316993713,4.461594104766846,0.9588851928710938,0.055695585906505585,4.981130123138428,13.977031707763672,5,1
1307,0.15104705095291138,4.8608198165893555,0.9385643601417542,0.04878956824541092,4.784028053283691,12.122430801391602,5,1
1308,0.08729089051485062,5.81095552444458,0.9714236855506897,0.027045700699090958,4.910221099853516,16.564556121826172,5,1
1309,0.07880281656980515,5.671779632568359,0.962013840675354,0.017752492800354958,5.137336254119873,15.72226619720459,5,1
1310,0.13898521661758423,4.815082550048828,0.9344691038131714,0.04834973067045212,5.079352855682373,16.901042938232422,5,1
1311,0.24129892885684967,3.455122470855713,0.8904233574867249,0.121182382106781,4.499937057495117,12.784224510192871,5,1
1312,0.11204660683870316,4.868904113769531,0.9571298360824585,0.04722355306148529,5.040597438812256,15.417455673217773,5,1
1313,0.15033376216888428,6.502717018127441,0.980735182762146,0.015765007585287094,5.22604513168335,15.281963348388672,5,1
1314,0.13923069834709167,5.344313621520996,0.9915293455123901,0.0459195151925087,5.149179935455322,15.085508346557617,5,1
1315,0.10522149503231049,5.255243301391602,0.9772631525993347,0.045847393572330475,5.323381423950195,15.399543762207031,5,1
1316,0.11240113526582718,6.246389389038086,0.9759637713432312,0.02496609091758728,5.343444347381592,15.027362823486328,5,1
1317,0.21521811187267303,6.249217987060547,0.9924663305282593,0.03115043044090271,5.171844482421875,15.34355354309082,5,1
1318,0.12058703601360321,5.56919527053833,0.9590920209884644,0.0323224700987339,5.102818012237549,14.530126571655273,5,1
1319,0.13196095824241638,5.244272232055664,0.9529598951339722,0.037200793623924255,5.172268867492676,15.479445457458496,5,1
1320,0.2576608657836914,3.18548321723938,0.8718312978744507,0.17860500514507294,4.485476970672607,14.139036178588867,5,1
1321,0.15765231847763062,4.060859680175781,0.9328631162643433,0.09549377113580704,4.821948528289795,14.257298469543457,5,1
1322,0.2146889865398407,4.581145763397217,0.9322754740715027,0.06850370764732361,4.920571327209473,13.07681655883789,5,1
1323,0.156424880027771,5.867826461791992,0.9537692070007324,0.026626870036125183,5.1781840324401855,14.638646125793457,5,1
1324,0.20907466113567352,3.9158854484558105,0.9032406806945801,0.08616694808006287,4.875716686248779,13.629444122314453,5,1
1325,0.1214510053396225,6.371637344360352,0.9710419178009033,0.021973032504320145,5.099990367889404,12.955249786376953,5,1
1326,0.14135625958442688,5.725507736206055,0.9695430994033813,0.02558433637022972,4.8785905838012695,13.45360279083252,5,1
1327,0.23465955257415771,4.553896903991699,0.9872709512710571,0.07669928669929504,4.832250118255615,14.123318672180176,5,1
1328,2.080691337585449,4.005010604858398,0.6090394854545593,0.12299980223178864,4.782627582550049,13.304780006408691,5,1
1329,0.37839239835739136,6.839809417724609,0.9805117845535278,0.026415245607495308,5.0761237144470215,15.174586296081543,5,1
1330,0.16436585783958435,3.337059497833252,0.9427911043167114,0.15588213503360748,4.73418664932251,10.136397361755371,5,1
1331,0.15219639241695404,5.24342679977417,0.9400458335876465,0.029412895441055298,5.150388717651367,15.660528182983398,5,1
1332,0.1614309549331665,6.392779350280762,0.970078706741333,0.012879628688097,4.957452774047852,15.431528091430664,5,1
1333,0.09305478632450104,4.789628505706787,0.9534809589385986,0.060915831476449966,5.024930953979492,14.110406875610352,5,1
1334,0.11168704926967621,5.924229621887207,0.968762993812561,0.03413217142224312,4.889825820922852,15.104109764099121,5,1
1335,0.12218162417411804,4.7935380935668945,0.9436553120613098,0.048981864005327225,5.017758369445801,14.796843528747559,5,1
1336,0.11591723561286926,5.017663955688477,0.9553850293159485,0.03274952247738838,5.0300726890563965,16.233562469482422,5,1
1337,0.16275668144226074,5.511341571807861,0.9696749448776245,0.03706653043627739,4.959597110748291,15.169068336486816,5,1
1338,0.12430522590875626,3.781475782394409,0.9578897953033447,0.13469421863555908,4.494125843048096,13.33224105834961,5,1
1339,0.3335723876953125,6.325135231018066,0.8499199151992798,0.027515549212694168,5.228880405426025,16.881479263305664,5,1
1340,0.3703804314136505,8.916450500488281,0.9928765296936035,0.0024990737438201904,5.348337173461914,18.32400894165039,5,1
1341,0.1401890516281128,5.974316596984863,0.9493735432624817,0.02737310156226158,5.191748142242432,16.00166130065918,5,1
1342,0.15593022108078003,6.381082534790039,0.9574674367904663,0.02311769127845764,5.237853527069092,17.896804809570312,5,1
1343,0.1628584861755371,5.136146068572998,0.9828861951828003,0.047354333102703094,5.079848766326904,18.31682586669922,5,1
1344,0.11104781925678253,4.589406967163086,0.9633606672286987,0.06918718665838242,4.678134441375732,17.53594970703125,5,1
1345,0.12370876222848892,5.876668453216553,0.9557626247406006,0.023420393466949463,5.42479944229126,16.808040618896484,5,1
1346,0.2682497203350067,5.8495683670043945,0.8904105424880981,0.020301371812820435,5.277664661407471,20.211545944213867,5,1
1347,0.124002605676651,5.708165168762207,0.9596130847930908,0.03137487545609474,4.977728366851807,16.243711471557617,5,1
1348,0.11577267199754715,3.7053489685058594,0.9377119541168213,0.12861652672290802,4.6702561378479,13.988807678222656,5,1
1349,0.18497401475906372,5.419806480407715,0.9241591691970825,0.033654775470495224,4.953978061676025,18.532756805419922,5,1
1350,0.17028257250785828,5.975566864013672,0.9796245098114014,0.016497954726219177,4.9215803146362305,16.425642013549805,5,1
1351,0.11450037360191345,4.488313674926758,0.9455279111862183,0.0820225179195404,4.955951690673828,14.072169303894043,5,1
1352,0.11347122490406036,5.6310882568359375,0.9601695537567139,0.02437622845172882,5.159904479980469,14.724803924560547,5,1
1353,0.15768305957317352,5.245364189147949,0.9481112957000732,0.038150589913129807,4.882548809051514,14.914935111999512,5,1
1354,0.10692812502384186,4.159172058105469,0.9447972774505615,0.08557586371898651,4.798858165740967,13.064467430114746,5,1
1355,0.16812951862812042,4.439368724822998,0.92088782787323,0.06608495116233826,4.890380859375,14.575161933898926,5,1
1356,0.20891237258911133,5.545651912689209,0.9359790086746216,0.035215113312006,5.272181034088135,13.915083885192871,5,1
1357,0.1328788697719574,5.385978698730469,0.9750472903251648,0.044067636132240295,5.098418712615967,12.60355281829834,5,1
1358,0.12186827510595322,5.561370849609375,0.9747991561889648,0.036273546516895294,5.018051624298096,13.331854820251465,5,1
1359,0.09249170869588852,5.458985328674316,0.9538013935089111,0.029736045747995377,4.731083393096924,14.04121208190918,5,1
1360,0.16041547060012817,4.837299346923828,0.938774824142456,0.06096376106142998,4.979340076446533,12.549492835998535,5,1
1361,0.1633927822113037,6.0402326583862305,0.9780653715133667,0.016422022134065628,5.03109073638916,13.212637901306152,5,1
1362,0.3416445851325989,7.308779716491699,0.9924173951148987,0.013966891914606094,5.068046569824219,15.64220905303955,5,1
1363,0.08222180604934692,5.212670803070068,0.9643869996070862,0.044271454215049744,4.947049617767334,15.61551284790039,5,1
1364,0.19789525866508484,5.549314498901367,0.9028353095054626,0.021031564101576805,5.053306579589844,16.61745262145996,5,1
1365,0.13498881459236145,5.658625602722168,0.9744914174079895,0.02227596938610077,5.016751289367676,12.94755744934082,5,1
1366,0.15892614424228668,5.254363059997559,0.9454630613327026,0.04022146761417389,4.836759567260742,13.812928199768066,5,1
1367,0.1296044886112213,5.584176540374756,0.965070903301239,0.018172912299633026,4.920783996582031,14.812294960021973,5,1
1368,0.10353472828865051,7.014705181121826,0.9849417209625244,0.00904736015945673,5.095211029052734,16.14324378967285,5,1
1369,0.1478898823261261,3.676724910736084,0.9372348189353943,0.1382608711719513,4.727388381958008,14.979649543762207,5,1
1370,0.12174190580844879,5.698387145996094,0.9366714954376221,0.030146710574626923,5.142228126525879,12.955799102783203,5,1
1371,0.1282544583082199,5.627076148986816,0.9369324445724487,0.02520417422056198,5.057491302490234,12.489130020141602,5,1
1372,0.2157142013311386,7.056192398071289,0.976739764213562,0.010651679709553719,5.167330265045166,15.422423362731934,5,1
1373,0.15117913484573364,4.01179313659668,0.9263298511505127,0.0888623595237732,4.797049522399902,13.921777725219727,5,1
1374,0.32473111152648926,3.979182243347168,0.8476463556289673,0.11512859910726547,4.626433372497559,13.374737739562988,5,1
1375,0.14331644773483276,4.125950336456299,0.9287514090538025,0.06727619469165802,4.802543640136719,13.031499862670898,5,1
1376,0.15317662060260773,3.539635181427002,0.9269896745681763,0.15294629335403442,4.585899829864502,10.961256980895996,5,1
1377,0.12449631094932556,4.883649826049805,0.9409902691841125,0.049219436943531036,5.133609294891357,13.953317642211914,5,1
1378,0.2669271230697632,7.168460845947266,0.9622030258178711,0.008822344243526459,5.264862060546875,13.968749046325684,5,1
1379,0.19506919384002686,2.71860408782959,0.9439608454704285,0.21765436232089996,4.483229637145996,12.884543418884277,5,1
1380,0.1774437129497528,5.939905166625977,0.9370182752609253,0.03238176554441452,4.970986843109131,13.45731258392334,5,1
1381,0.15679028630256653,6.542076587677002,0.9684379696846008,0.019261928275227547,5.073748588562012,14.00946044921875,5,1
1382,0.14207443594932556,3.4336800575256348,0.9384357929229736,0.14306050539016724,4.712821960449219,12.45750904083252,5,1
1383,0.10142813622951508,5.797944068908691,0.9578481912612915,0.02766413614153862,4.998194694519043,15.88461685180664,5,1
1384,0.16603967547416687,5.390411376953125,0.9536981582641602,0.03554420918226242,5.016137599945068,16.2640380859375,5,1
1385,0.07172256708145142,6.123196125030518,0.9806019067764282,0.01777033880352974,5.247670650482178,16.02568817138672,5,1
1386,0.3243691623210907,5.994626522064209,0.8682160377502441,0.034352656453847885,5.180758953094482,16.778398513793945,5,1
1387,0.15892963111400604,5.87031364440918,0.9859483242034912,0.02768370881676674,5.177351474761963,19.356645584106445,5,1
1388,0.08502865582704544,5.583374977111816,0.9570523500442505,0.03240995109081268,5.384728908538818,21.384235382080078,5,1
1389,0.201258584856987,7.039056777954102,0.9785172343254089,0.009981758892536163,4.979283809661865,17.749788284301758,5,1
1390,0.13545958697795868,5.567564964294434,0.9640017151832581,0.03248819708824158,5.112551212310791,15.816428184509277,5,1
1391,0.12567490339279175,5.687402248382568,0.9553922414779663,0.026271777227520943,4.816633701324463,17.529417037963867,5,1
1392,0.1271657645702362,5.7613420486450195,0.9713670611381531,0.02953663468360901,5.201694965362549,19.980220794677734,5,1
1393,0.09560360014438629,5.728986740112305,0.9447648525238037,0.024328656494617462,5.155990123748779,17.804468154907227,5,1
1394,0.15953058004379272,7.015299320220947,0.9771714210510254,0.009571054950356483,5.027569770812988,16.877099990844727,5,1
1395,0.3762508034706116,8.660487174987793,0.989321231842041,0.007884535007178783,5.174790382385254,15.922228813171387,5,1
1396,0.22563791275024414,3.266664743423462,0.9451487064361572,0.15375365316867828,4.673778057098389,16.701587677001953,5,1
1397,0.2023807317018509,6.836270809173584,0.9829668402671814,0.01966589316725731,5.125010013580322,24.21484375,5,1
1398,0.15999522805213928,5.084850311279297,0.9333852529525757,0.05570490285754204,5.155041217803955,21.141658782958984,5,1
1399,0.12802360951900482,5.952469348907471,0.9778610467910767,0.01478821411728859,5.040322303771973,16.067880630493164,5,1
1400,0.10605646669864655,5.140615463256836,0.9606431126594543,0.06023659557104111,4.96439790725708,12.959017753601074,5,1
1401,0.08373750746250153,4.595955848693848,0.9699910879135132,0.05413314700126648,5.104118347167969,18.776809692382812,5,1
1402,0.13585864007472992,5.723706245422363,0.9282677173614502,0.028663795441389084,5.030559062957764,21.081907272338867,5,1
1403,0.15779678523540497,5.449155807495117,0.9235793352127075,0.02479209378361702,5.3312835693359375,20.99411964416504,5,1
1404,0.22084379196166992,6.240025520324707,0.9729551076889038,0.013765187934041023,4.982478141784668,17.49311637878418,5,1
1405,0.18149308860301971,4.755413055419922,0.9485965967178345,0.05856619402766228,5.0295729637146,16.270679473876953,5,1
1406,0.14445431530475616,5.1064887046813965,0.9716483354568481,0.0583617240190506,5.0453314781188965,15.440518379211426,5,1
1407,0.2152080237865448,5.335958957672119,0.9569344520568848,0.057114049792289734,5.0966362953186035,20.88391876220703,5,1
1408,0.16602039337158203,6.376099586486816,0.9370724558830261,0.012151822447776794,5.21663236618042,21.637195587158203,5,1
1409,0.1573524922132492,4.168910503387451,0.9106451272964478,0.09642969816923141,4.918020248413086,18.443262100219727,5,1
1410,0.2942400872707367,4.296869277954102,0.8723628520965576,0.06829528510570526,4.763828754425049,15.08308219909668,5,1
1411,0.20055614411830902,4.153639793395996,0.9038610458374023,0.07303197681903839,5.059899806976318,16.161130905151367,5,1
1412,0.0763569101691246,7.149690628051758,0.9869133830070496,0.010059625841677189,5.3414716720581055,19.373693466186523,5,1
1413,0.343841016292572,9.67821216583252,0.9831734895706177,0.0008543699514120817,5.154270648956299,23.0600643157959,5,1
1414,0.13054850697517395,5.86025857925415,0.9742811918258667,0.033899590373039246,5.2029876708984375,19.092771530151367,5,1
1415,0.18424946069717407,5.8807573318481445,0.9662004709243774,0.034183207899332047,4.94383430480957,17.165403366088867,5,1
1416,0.11295614391565323,4.614158630371094,0.9606590270996094,0.05840437486767769,4.936250686645508,16.620595932006836,5,1
1417,0.13623884320259094,5.079771041870117,0.9417746663093567,0.05197218060493469,4.932456016540527,19.50489616394043,5,1
1418,0.12273316830396652,5.509043216705322,0.9345877170562744,0.046310633420944214,5.115387439727783,21.475923538208008,5,1
1419,0.13217628002166748,5.656463623046875,0.9497427344322205,0.03316114842891693,4.9319963455200195,18.072999954223633,5,1
1420,0.229537233710289,4.46890926361084,0.8874573707580566,0.05784370377659798,5.0605292320251465,19.229846954345703,5,1
1421,0.20076382160186768,5.507706642150879,0.9221869707107544,0.028640978038311005,5.0091657638549805,18.209630966186523,5,1
1422,0.47533953189849854,10.034357070922852,0.9923326969146729,0.0010821809992194176,5.308290958404541,19.717466354370117,5,1
1423,0.12741096317768097,5.738497257232666,0.9872868061065674,0.0368349626660347,5.256772994995117,18.859113693237305,5,1
1424,0.0903291255235672,4.93737268447876,0.9746329188346863,0.04922619089484215,4.970991134643555,20.267648696899414,5,1
1425,0.2373366355895996,4.127427101135254,0.9055064916610718,0.09201905876398087,5.193864822387695,18.660594940185547,5,1
1426,0.11387036740779877,4.865035057067871,0.9552249908447266,0.04104415327310562,4.985300064086914,17.875900268554688,5,1
1427,0.11244199424982071,5.284953594207764,0.9357925653457642,0.02927815355360508,5.266546249389648,20.31968116760254,5,1
1428,0.0841066986322403,5.257744312286377,0.9690227508544922,0.04287485033273697,5.193521499633789,20.20050811767578,5,1
1429,0.13977846503257751,4.994886875152588,0.9285292625427246,0.049020200967788696,5.1061177253723145,16.408510208129883,5,1
1430,0.27622222900390625,7.747601509094238,0.9895864725112915,0.00641617551445961,5.156466007232666,21.772687911987305,5,1
1431,0.18120500445365906,4.317779064178467,0.9239197969436646,0.07573579251766205,4.766762733459473,15.054949760437012,5,1
1432,0.1015433743596077,5.195450305938721,0.9655861854553223,0.03780992329120636,5.224621772766113,17.044496536254883,5,1
1433,0.128106951713562,4.76915168762207,0.9567473530769348,0.057474903762340546,5.14923620223999,15.652820587158203,5,1
1434,0.15158195793628693,5.257875442504883,0.9168859720230103,0.036333117634058,4.933507919311523,20.076248168945312,5,1
1435,0.12015786021947861,4.667095184326172,0.9540252089500427,0.05563439428806305,4.837705612182617,16.237136840820312,5,1
1436,0.17049092054367065,4.598246097564697,0.9389341473579407,0.07147346436977386,4.9173736572265625,14.765558242797852,5,1
1437,0.2740972638130188,4.907723426818848,0.8662900924682617,0.0556659922003746,5.1507134437561035,20.69115447998047,5,1
1438,0.20316526293754578,6.13987922668457,0.976861834526062,0.021177809685468674,5.094061374664307,19.809799194335938,5,1
1439,0.1236984133720398,6.11214542388916,0.9416384696960449,0.0414164736866951,5.434410095214844,17.1009578704834,5,1
1440,0.19428256154060364,4.883472919464111,0.9294586181640625,0.057012058794498444,4.970884323120117,14.473188400268555,5,1
1441,0.3239307999610901,5.502897262573242,0.8442492485046387,0.060315050184726715,5.054985046386719,22.988744735717773,5,1
1442,0.20768292248249054,5.44715690612793,0.965766191482544,0.04054849594831467,5.398131847381592,23.981307983398438,5,1
1443,0.27952736616134644,4.687630653381348,0.8857746720314026,0.09995262324810028,4.8430070877075195,19.570650100708008,5,1
1444,0.3953436017036438,4.435934066772461,0.8209027051925659,0.1343499720096588,4.793392658233643,19.802438735961914,5,1
1445,0.2686738967895508,4.96366024017334,0.9653079509735107,0.03687123581767082,5.300867557525635,25.426597595214844,5,1
1446,0.14053484797477722,4.973231792449951,0.9585868120193481,0.0706833004951477,4.843402862548828,19.052366256713867,5,1
1447,0.11167315393686295,4.349853515625,0.9541051983833313,0.07888347655534744,4.928450584411621,21.504533767700195,5,1
1448,0.11441580951213837,5.98270320892334,0.9380505084991455,0.027794428169727325,4.945374965667725,24.389225006103516,5,1
1449,0.18570460379123688,6.550460338592529,0.9786168932914734,0.017348863184452057,5.047096252441406,16.644851684570312,5,1
1450,0.1327248215675354,3.8322625160217285,0.9214136600494385,0.1028791144490242,4.7394866943359375,17.274890899658203,5,1
1451,0.14204460382461548,4.954718589782715,0.9502347111701965,0.05730076879262924,5.358745574951172,22.276065826416016,5,1
1452,0.16923892498016357,4.12028169631958,0.9204797148704529,0.10400639474391937,5.007063865661621,17.347166061401367,5,1
1453,0.1376667022705078,6.094514846801758,0.9581526517868042,0.028701402246952057,5.038320064544678,14.699492454528809,5,1
1454,0.2312418520450592,7.5189032554626465,0.974925696849823,0.010129496455192566,5.522989749908447,19.39637565612793,5,1
1455,0.11289140582084656,5.52603816986084,0.9707023501396179,0.050861869007349014,4.995354652404785,18.918304443359375,5,1
1456,0.17833302915096283,4.359428405761719,0.9191511869430542,0.07922572642564774,4.921508312225342,15.789124488830566,5,1
1457,0.18390865623950958,4.553283214569092,0.9250227212905884,0.0802823156118393,5.017165184020996,14.958050727844238,5,1
1458,0.07993292808532715,5.791190147399902,0.9701130390167236,0.017710383981466293,5.0854058265686035,14.341646194458008,5,1
1459,0.21650782227516174,5.53279972076416,0.8977936506271362,0.03748079389333725,5.20501708984375,16.917030334472656,5,1
1460,0.7070784568786621,14.351290702819824,0.9985820055007935,0.0001675905368756503,5.503044128417969,26.110233306884766,5,1
1461,0.28846943378448486,3.463089942932129,0.8972213268280029,0.21432919800281525,4.689253807067871,17.700172424316406,5,1
1462,0.252197265625,6.082353115081787,0.8966874480247498,0.03657881170511246,5.426077365875244,17.972612380981445,5,1
1463,0.187718003988266,6.460300445556641,0.9647899866104126,0.029817836359143257,5.42538595199585,22.85228729248047,5,1
1464,0.1491568684577942,5.887541770935059,0.9631142616271973,0.034598466008901596,5.2873687744140625,18.239377975463867,5,1
1465,0.1497686207294464,4.194404125213623,0.9437339305877686,0.08666950464248657,4.957315444946289,14.080367088317871,5,1
1466,0.1727917641401291,4.320383071899414,0.9214296340942383,0.07075370103120804,4.878507137298584,16.76463508605957,5,1
1467,0.21636101603507996,3.970867872238159,0.8952732682228088,0.1027245968580246,4.872907638549805,16.42222023010254,5,1
1468,0.1197948306798935,6.732321262359619,0.950824499130249,0.012343007139861584,5.115139961242676,17.19783592224121,5,1
1469,0.11010779440402985,5.559665679931641,0.9610252380371094,0.04973761737346649,5.097415447235107,17.489551544189453,5,1
1470,0.15438312292099,5.944382667541504,0.9339072704315186,0.02728099934756756,4.975302696228027,13.804276466369629,5,1
1471,0.21243040263652802,7.166287899017334,0.9755640029907227,0.008594231680035591,4.966300010681152,15.392948150634766,5,1
1472,0.1001732274889946,5.055642127990723,0.969578206539154,0.05685150995850563,5.108901500701904,14.817853927612305,5,1
1473,0.1230744943022728,4.835517883300781,0.9508312940597534,0.052385926246643066,4.950181007385254,15.028460502624512,5,1
1474,0.11413370072841644,4.793068885803223,0.9563549757003784,0.04783548414707184,5.335730075836182,17.150541305541992,5,1
1475,0.26446428894996643,6.400874137878418,0.9864251613616943,0.01905405893921852,4.864730358123779,14.5940523147583,5,1
1476,0.27985528111457825,2.888430595397949,0.8781372308731079,0.2104538381099701,4.662984848022461,13.851202964782715,5,1
1477,0.14495541155338287,5.526294708251953,0.9791182279586792,0.04887028783559799,5.129121780395508,19.75160026550293,5,1
1478,0.16647221148014069,5.5589447021484375,0.9646561145782471,0.04320162534713745,5.121461391448975,17.07177734375,5,1
1479,0.096578449010849,3.909648895263672,0.9565967917442322,0.09688575565814972,4.7689690589904785,12.343926429748535,5,1
1480,0.16008077561855316,5.623797416687012,0.9543696045875549,0.0225874874740839,5.126013278961182,17.41216278076172,5,1
1481,0.30658504366874695,8.797443389892578,0.9959144592285156,0.0014251265674829483,5.036602973937988,19.709400177001953,5,1
1482,0.22706060111522675,5.396862983703613,0.9676498770713806,0.040191397070884705,4.9938883781433105,16.861927032470703,5,1
1483,0.18943023681640625,4.064308166503906,0.9112052917480469,0.10228999704122543,4.870521068572998,18.3352108001709,5,1
1484,0.18375645577907562,5.2210693359375,0.9198486804962158,0.04408372938632965,5.263091564178467,18.789505004882812,5,1
1485,0.15908360481262207,4.823298454284668,0.9516018629074097,0.07056336104869843,5.092463493347168,16.713674545288086,5,1
1486,0.14990675449371338,4.124634742736816,0.9635927677154541,0.08538834750652313,4.803983211517334,17.54254722595215,5,1
1487,0.12018885463476181,6.164119720458984,0.9437821507453918,0.019987475126981735,5.353409290313721,25.154870986938477,5,1
1488,0.1991395503282547,4.133989334106445,0.9283763766288757,0.0880279392004013,5.346226692199707,13.989703178405762,5,1
1489,0.14165017008781433,5.220727920532227,0.9364136457443237,0.04511779919266701,5.030745983123779,15.820045471191406,5,1
1490,0.264935165643692,4.441943168640137,0.8782869577407837,0.0781862884759903,5.187724590301514,18.434938430786133,5,1
1491,0.180880606174469,4.472914695739746,0.9019484519958496,0.05746687203645706,5.100217819213867,18.1976375579834,5,1
1492,0.20006608963012695,5.171145439147949,0.9073138236999512,0.04058763384819031,5.099621295928955,15.238677978515625,5,1
1493,0.17635174095630646,4.118710041046143,0.9507323503494263,0.0881534069776535,4.76296329498291,14.263139724731445,5,1
1494,0.09384489059448242,5.352203369140625,0.9595773220062256,0.04610803723335266,5.071655750274658,17.812698364257812,5,1
1495,0.13161516189575195,4.541059970855713,0.9246625900268555,0.05344485491514206,5.083858489990234,17.54680061340332,5,1
1496,0.1770879477262497,6.261066436767578,0.961120069026947,0.017567144706845284,5.333606719970703,17.21734619140625,5,1
1497,0.12203636765480042,5.010281562805176,0.9362189173698425,0.045629143714904785,5.349611282348633,18.079912185668945,5,1
1498,0.23078975081443787,3.874652862548828,0.8871559500694275,0.10188418626785278,4.975668430328369,12.263230323791504,5,1
1499,0.78014075756073,5.70343017578125,0.7662699222564697,0.05421045422554016,4.900033950805664,16.793224334716797,5,1
1500,0.40485337376594543,7.676486968994141,0.9825048446655273,0.003034415189176798,5.459169864654541,22.537717819213867,5,1
1501,0.1527295559644699,6.158456802368164,0.9703822731971741,0.02697364054620266,5.4653425216674805,18.855571746826172,5,1
1502,0.2711021602153778,5.47464656829834,0.9746742844581604,0.04999145492911339,5.186946392059326,15.890422821044922,5,1
1503,0.1457369327545166,4.531110763549805,0.9389300346374512,0.07811647653579712,5.164443016052246,22.589452743530273,5,1
1504,0.23978100717067719,5.077568531036377,0.9249338507652283,0.04226512461900711,5.284732341766357,18.893280029296875,5,1
1505,0.15745648741722107,5.389198303222656,0.9306199550628662,0.042866144329309464,5.119318008422852,16.31764793395996,5,1
1506,0.1280129998922348,6.0745038986206055,0.981631875038147,0.023776691406965256,5.159683704376221,21.114643096923828,5,1
1507,0.18163691461086273,3.9678289890289307,0.9283517599105835,0.0931951254606247,4.874087333679199,16.738525390625,5,1
1508,0.1676836609840393,4.643853187561035,0.9345749616622925,0.06622856855392456,4.891117572784424,14.55280876159668,5,1
1509,0.11131809651851654,5.059605598449707,0.9645691514015198,0.03988131135702133,5.179730415344238,15.81015682220459,5,1
1510,0.19465461373329163,4.273664474487305,0.9425013065338135,0.05857586860656738,5.173573017120361,15.555503845214844,5,1
1511,0.17018583416938782,3.1395554542541504,0.9203119874000549,0.16240118443965912,4.473715782165527,14.103580474853516,5,1
1512,0.2381746768951416,5.335807800292969,0.8862389326095581,0.04027710482478142,4.959661483764648,14.155122756958008,5,1
1513,0.22289550304412842,5.913139343261719,0.9569447636604309,0.019738027825951576,4.7626237869262695,13.367548942565918,5,1
1514,0.1840425729751587,3.3615834712982178,0.9189845323562622,0.16312135756015778,4.687298774719238,11.962272644042969,5,1
1515,0.4217204749584198,4.515903472900391,0.8458422422409058,0.0623769536614418,5.177119255065918,14.320006370544434,5,1
1516,0.1695340871810913,6.97400426864624,0.9213545322418213,0.011049088090658188,5.070993900299072,20.416095733642578,5,1
1517,0.13096599280834198,6.3602824211120605,0.992048978805542,0.01941293105483055,4.973252773284912,15.730789184570312,5,1
1518,0.13539016246795654,5.295679092407227,0.9719170928001404,0.0352938175201416,5.170194625854492,16.95180892944336,5,1
1519,0.16412542760372162,5.747206211090088,0.9504193663597107,0.03105776384472847,5.052541255950928,15.874360084533691,5,1
1520,0.09371715784072876,5.565080642700195,0.9661990404129028,0.05120093375444412,5.217358112335205,17.848587036132812,5,1
1521,0.14080370962619781,4.671110153198242,0.9376710653305054,0.05126884579658508,4.924495697021484,17.15223503112793,5,1
1522,0.16829393804073334,6.1065778732299805,0.9647951126098633,0.014744047075510025,4.944982528686523,18.71330451965332,5,1
1523,0.18849655985832214,6.687256813049316,0.9814635515213013,0.012149877846240997,5.521568775177002,17.589672088623047,5,1
1524,0.15829218924045563,3.8065478801727295,0.9137707352638245,0.1064886674284935,4.935352325439453,14.110198020935059,5,1
1525,0.12956824898719788,4.858553886413574,0.9239394664764404,0.055825021117925644,5.049147605895996,14.601186752319336,5,1
1526,0.14004816114902496,5.758432865142822,0.9691159725189209,0.0349416509270668,5.006550312042236,17.400558471679688,5,1
1527,0.1580008566379547,5.689233779907227,0.9564457535743713,0.03726567327976227,4.96778678894043,15.56563663482666,5,1
1528,0.15458154678344727,5.03154182434082,0.9624453783035278,0.03741220012307167,5.1477370262146,14.653410911560059,5,1
1529,0.13195832073688507,3.9592509269714355,0.9309163689613342,0.09404709935188293,4.918370723724365,15.584991455078125,5,1
1530,0.18813927471637726,6.663402557373047,0.9048912525177002,0.006988209206610918,5.309649467468262,16.94441032409668,5,1
1531,0.1850908100605011,6.7430524826049805,0.983089804649353,0.027082212269306183,5.557116508483887,15.42471694946289,5,1
1532,0.1122821494936943,5.592804908752441,0.9873961210250854,0.028299950063228607,5.031431198120117,16.291200637817383,5,1
1533,0.2681853175163269,6.431563377380371,0.9789254665374756,0.009606793522834778,5.257691383361816,15.183215141296387,5,1
1534,0.24814575910568237,3.9323863983154297,0.9169378280639648,0.1137043684720993,4.539224624633789,12.801430702209473,5,1
1535,0.17014512419700623,3.877490520477295,0.9239988327026367,0.09676335752010345,4.919291019439697,16.613555908203125,5,1
1536,0.14647895097732544,5.354226112365723,0.9241167306900024,0.04378076270222664,5.275088310241699,15.346132278442383,5,1
1537,0.22859379649162292,6.957184791564941,0.9877806901931763,0.00744413398206234,5.211193084716797,14.157423973083496,5,1
1538,0.18692483007907867,5.132501125335693,0.9358523488044739,0.04249498248100281,4.986737251281738,16.306001663208008,5,1
1539,0.14846061170101166,4.280132293701172,0.941851794719696,0.06638172268867493,5.107730865478516,16.3081111907959,5,1
1540,0.1802094280719757,5.630237579345703,0.9718546867370605,0.033695437014102936,5.3133625984191895,15.852733612060547,5,1
1541,0.13761213421821594,4.828592300415039,0.9439504146575928,0.06676898896694183,5.164487838745117,12.871536254882812,5,1
1542,0.1921675056219101,5.687196731567383,0.9518975615501404,0.026233701035380363,5.275393009185791,15.89267349243164,5,1
1543,0.23319211602210999,6.619968414306641,0.952436089515686,0.021415553987026215,5.559884071350098,17.77703857421875,5,1
1544,0.2964349389076233,6.548340797424316,0.960683286190033,0.020279962569475174,5.1107258796691895,15.57133674621582,5,1
1545,0.14205490052700043,4.7706451416015625,0.9437950849533081,0.0501786433160305,5.121101379394531,14.897435188293457,5,1
1546,0.24261657893657684,5.161990165710449,0.8849900960922241,0.05116879940032959,5.1080498695373535,17.983640670776367,5,1
1547,0.18711018562316895,6.1531476974487305,0.9706527590751648,0.03017847239971161,5.290589332580566,17.437049865722656,5,1
1548,0.17129206657409668,4.1381611824035645,0.9127601385116577,0.06945620477199554,4.778233528137207,15.598989486694336,5,1
1549,0.19873718917369843,3.809572219848633,0.893224835395813,0.09772364795207977,4.887563228607178,12.980403900146484,5,1
1550,0.1886632889509201,5.386445999145508,0.9332531690597534,0.03151543438434601,5.374632358551025,18.596647262573242,5,1
1551,0.1378934681415558,5.069039344787598,0.9315348863601685,0.053666964173316956,5.201356887817383,17.055622100830078,5,1
1552,0.16170677542686462,6.07509183883667,0.9662378430366516,0.0173078253865242,5.248780250549316,18.906352996826172,5,1
1553,0.10643919557332993,5.831352233886719,0.9426478147506714,0.036354370415210724,5.252834320068359,15.462369918823242,5,1
1554,0.12779851257801056,6.113596439361572,0.9786630868911743,0.021811261773109436,5.1470208168029785,16.09066390991211,5,1
1555,0.17195147275924683,5.669066905975342,0.9369847774505615,0.026383694261312485,5.605511665344238,20.47031021118164,5,1
1556,0.1969543695449829,4.690563201904297,0.954624593257904,0.0523337721824646,5.429011821746826,16.786367416381836,5,1
1557,0.1759333610534668,2.917344093322754,0.9040377736091614,0.1876772940158844,4.719069957733154,13.117074012756348,5,1
1558,0.24620328843593597,5.034576892852783,0.9259651899337769,0.049653321504592896,5.142689228057861,13.282856941223145,5,1
1559,0.11914342641830444,5.849509239196777,0.968788743019104,0.02870107814669609,4.998083114624023,15.401535987854004,5,1
1560,0.17908985912799835,3.432065486907959,0.9200267195701599,0.1201058179140091,4.7184038162231445,12.465263366699219,5,1
1561,0.1187104806303978,5.328572750091553,0.953567624092102,0.0405733659863472,5.167037010192871,11.674379348754883,5,1
1562,0.15509480237960815,4.345268726348877,0.9298936724662781,0.06746937334537506,5.112218379974365,15.100205421447754,5,1
1563,0.12935638427734375,5.976511001586914,0.9639596343040466,0.018343381583690643,5.055992126464844,13.129918098449707,5,1
1564,0.16490329802036285,6.100734233856201,0.9886273741722107,0.015866000205278397,5.058210849761963,16.294652938842773,5,1
1565,0.2644472122192383,7.863974571228027,0.9620079398155212,0.004127916879951954,5.5328593254089355,17.324054718017578,5,1
1566,0.26665645837783813,4.172982692718506,0.9589554667472839,0.07680326700210571,4.837843418121338,13.239480972290039,5,1
1567,0.22113995254039764,4.271048545837402,0.8931952714920044,0.08628707379102707,5.132053852081299,13.932613372802734,5,1
1568,0.13971643149852753,3.920954704284668,0.9455378651618958,0.11209158599376678,5.08261775970459,14.997270584106445,5,1
1569,0.1393556147813797,6.486059188842773,0.9801120758056641,0.018105387687683105,5.456754207611084,13.026725769042969,5,1
1570,0.12965159118175507,5.954315185546875,0.964358389377594,0.020931728184223175,5.087775230407715,15.184844970703125,5,1
1571,0.17946398258209229,4.543174743652344,0.9293678998947144,0.061514921486377716,4.898314952850342,13.982630729675293,5,1
1572,0.159454807639122,4.209240913391113,0.9251421689987183,0.08877839148044586,5.062089443206787,12.306567192077637,5,1
1573,0.1891988217830658,5.254112243652344,0.9090461730957031,0.04919598251581192,4.766420364379883,14.136451721191406,5,1
1574,0.24745987355709076,5.718392372131348,0.8984487056732178,0.039629943668842316,5.073137283325195,14.317622184753418,5,1
1575,0.13976715505123138,5.08657169342041,0.9523060321807861,0.047582946717739105,5.173659324645996,15.282271385192871,5,1
1576,0.2688688039779663,5.550903797149658,0.9719067811965942,0.031026968732476234,4.98093843460083,14.468342781066895,5,1
1577,0.13838645815849304,5.1109938621521,0.9477201700210571,0.0567069910466671,5.130810260772705,14.01996898651123,5,1
1578,0.15335938334465027,3.5821213722229004,0.9329922199249268,0.13998207449913025,4.8318867683410645,15.390168190002441,5,1
1579,0.16362115740776062,5.69809627532959,0.9277100563049316,0.03627471998333931,5.307462692260742,16.921117782592773,5,1
1580,0.16314013302326202,4.815372943878174,0.9491665959358215,0.05614178627729416,5.22842264175415,17.018035888671875,5,1
1581,0.147415429353714,4.902881622314453,0.9291291832923889,0.06088809669017792,5.040805816650391,15.015995025634766,5,1
1582,0.15207701921463013,5.191880226135254,0.9585257768630981,0.046652182936668396,5.228757858276367,14.113563537597656,5,1
1583,0.1770995557308197,5.176302909851074,0.9578510522842407,0.036454565823078156,5.032808780670166,16.574403762817383,5,1
1584,0.1278761625289917,6.395742416381836,0.9743069410324097,0.01663072593510151,5.321394920349121,16.674909591674805,5,1
1585,0.2887454628944397,4.636127471923828,0.887231707572937,0.04503422975540161,4.872899532318115,15.148846626281738,5,1
1586,0.19542628526687622,4.973160743713379,0.9430160522460938,0.04665147140622139,4.993220329284668,14.14923095703125,5,1
1587,0.14244040846824646,5.65287971496582,0.9508661031723022,0.03798900917172432,4.7487969398498535,14.25037670135498,5,1
1588,0.1761874258518219,4.794857978820801,0.9365307092666626,0.05022192373871803,4.992997646331787,16.11832046508789,5,1
1589,0.26787877082824707,4.697599411010742,0.8807439208030701,0.04325602948665619,5.369256973266602,16.440292358398438,5,1
1590,0.22778569161891937,6.5316972732543945,0.987804114818573,0.01692057028412819,5.473445415496826,17.323345184326172,5,1
1591,0.12139405310153961,4.743204593658447,0.9574058651924133,0.06514757126569748,5.011791706085205,15.79269790649414,5,1
1592,0.18048135936260223,5.3823347091674805,0.9152707457542419,0.03708901256322861,5.242100715637207,13.79491138458252,5,1
1593,0.19902093708515167,4.584144115447998,0.9553220868110657,0.05277223885059357,5.031222820281982,13.672951698303223,5,1
1594,0.12109020352363586,4.578351020812988,0.9393628835678101,0.06838272511959076,5.024602890014648,16.023962020874023,5,1
1595,0.16948875784873962,4.5991926193237305,0.9400932788848877,0.06341297924518585,5.203427791595459,16.819673538208008,5,1
1596,0.2522684931755066,3.9779512882232666,0.8870320320129395,0.10663500428199768,4.914906024932861,14.958467483520508,5,1
1597,0.3741498589515686,3.84429931640625,0.84787517786026,0.11074181646108627,4.9290032386779785,14.797035217285156,5,1
1598,0.08682331442832947,5.950789451599121,0.9727048873901367,0.019681844860315323,5.3911919593811035,15.850565910339355,5,1
1599,0.15375666320323944,4.7480082511901855,0.9470092058181763,0.05628405138850212,5.1831560134887695,15.25632095336914,5,1
1600,0.25189828872680664,6.518493175506592,0.979062557220459,0.011934211477637291,5.250563621520996,15.510618209838867,5,1
1601,0.3182208240032196,3.7872936725616455,0.8571071624755859,0.09812143445014954,5.136917591094971,13.745316505432129,5,1
1602,0.5384330153465271,2.7938902378082275,0.7927342057228088,0.17052769660949707,4.6296491622924805,15.271016120910645,5,1
1603,0.15442711114883423,5.706656455993652,0.9500110149383545,0.020516343414783478,5.28289794921875,17.844083786010742,5,1
1604,0.3494613766670227,4.690228462219238,0.8636045455932617,0.05666133016347885,4.9915361404418945,16.115177154541016,5,1
1605,0.23305752873420715,4.6675944328308105,0.9336085319519043,0.05657106637954712,5.274281024932861,14.546058654785156,5,1
1606,0.12098601460456848,4.162716865539551,0.9645473957061768,0.08224235475063324,5.101500511169434,15.574684143066406,5,1
1607,0.25983574986457825,4.412370204925537,0.8708978891372681,0.09219920635223389,5.19391393661499,15.877448081970215,5,1
1608,0.21940571069717407,6.832707405090332,0.9725496768951416,0.006512785796076059,5.2858099937438965,17.140527725219727,5,1
1609,0.14256131649017334,5.199261665344238,0.9668563008308411,0.0434214323759079,5.130507469177246,16.49773597717285,5,1
1610,0.18325573205947876,5.4460906982421875,0.9618828892707825,0.03604613244533539,5.619673728942871,18.312482833862305,5,1
1611,0.20837196707725525,4.231980800628662,0.932837188243866,0.08413293212652206,5.157712936401367,18.98269271850586,5,1
1612,0.1830189824104309,4.71552038192749,0.9226617217063904,0.05776464194059372,5.334436416625977,13.649791717529297,5,1
1613,0.17579415440559387,5.992735862731934,0.9505820274353027,0.014252519235014915,5.440548896789551,14.577110290527344,5,1
1614,0.14791008830070496,5.96469259262085,0.9614006280899048,0.02570139430463314,5.137789726257324,15.41946029663086,5,1
1615,0.5688889622688293,5.4029340744018555,0.8101820945739746,0.04042227566242218,5.108397006988525,15.55595588684082,5,1
1616,1.528387188911438,13.798643112182617,0.9978365898132324,4.685874955612235e-05,5.8605852127075195,27.926294326782227,5,1
1617,0.39897796511650085,9.005502700805664,0.8910514116287231,0.006117639597505331,5.3825812339782715,20.101360321044922,5,1
1618,0.2740493416786194,4.626177787780762,0.9096230268478394,0.0910743698477745,5.064790725708008,18.595956802368164,5,1
1619,0.18017861247062683,4.722360610961914,0.9387592077255249,0.048570938408374786,4.98623514175415,21.269119262695312,5,1
1620,0.18712110817432404,6.248128414154053,0.9630064964294434,0.027707554399967194,5.216431617736816,21.00448989868164,5,1
1621,0.18056808412075043,5.379900932312012,0.9414777755737305,0.03446827456355095,4.970211982727051,19.20244789123535,5,1
1622,0.21514573693275452,5.897294998168945,0.9725006818771362,0.020026635378599167,5.25496244430542,17.960783004760742,5,1
1623,0.1829157918691635,3.9872946739196777,0.9752402901649475,0.10650911182165146,4.859705924987793,19.50458335876465,5,1
1624,0.21250379085540771,4.825895309448242,0.9083038568496704,0.06841273605823517,5.06121826171875,19.827701568603516,5,1
1625,0.10367242991924286,4.492937088012695,0.9412522315979004,0.05470504239201546,4.944062232971191,16.841115951538086,5,1
1626,0.21066243946552277,6.614709854125977,0.9772258996963501,0.011737899854779243,5.233718395233154,17.807817459106445,5,1
1627,0.16810543835163116,4.27419376373291,0.9467691779136658,0.08186584711074829,4.641997337341309,12.536901473999023,5,1
1628,0.15656419098377228,4.1725335121154785,0.9332086443901062,0.06664083898067474,4.900448799133301,14.884081840515137,5,1
1629,0.14329369366168976,5.552816390991211,0.9766543507575989,0.033262185752391815,5.2076826095581055,22.1822566986084,5,1
1630,0.11591346561908722,5.424261093139648,0.9781843423843384,0.020046615973114967,5.278533935546875,19.707626342773438,5,1
1631,0.1084355041384697,4.772612571716309,0.9387677311897278,0.048126280307769775,5.145856857299805,15.021435737609863,5,1
1632,0.1424303650856018,4.879879951477051,0.938441812992096,0.05070682242512703,4.846071720123291,15.676926612854004,5,1
1633,0.15018069744110107,6.26457405090332,0.9701762199401855,0.013315387070178986,4.9629597663879395,16.003604888916016,5,1
1634,0.1735110729932785,4.025479316711426,0.9178569912910461,0.09344194829463959,4.953094959259033,14.639477729797363,5,1
1635,0.15858745574951172,5.750772953033447,0.9446769952774048,0.03126160427927971,5.220904350280762,15.455977439880371,5,1
1636,0.19916506111621857,5.9872541427612305,0.966961145401001,0.02029038593173027,5.452725887298584,15.819082260131836,5,1
1637,0.13534408807754517,4.349915981292725,0.969976544380188,0.06451651453971863,4.837031841278076,13.048633575439453,5,1
1638,0.1858317255973816,4.72664737701416,0.9106127619743347,0.06414812058210373,4.858481407165527,14.166817665100098,5,1
1639,0.2051691859960556,5.367836952209473,0.9362970590591431,0.022815242409706116,4.958059787750244,14.822195053100586,5,1
1640,0.1343432068824768,5.122748374938965,0.9617797136306763,0.03718777000904083,5.028182029724121,13.28900146484375,5,1
1641,0.18089070916175842,5.244906902313232,0.9297101497650146,0.0322355292737484,5.215723037719727,14.33787727355957,5,1
1642,0.15509621798992157,6.1982927322387695,0.9889143705368042,0.03426877409219742,5.394418239593506,12.899530410766602,5,1
1643,0.16339993476867676,4.931740760803223,0.938550591468811,0.04599042236804962,4.889861106872559,14.30280876159668,5,1
1644,0.4048250913619995,4.281882286071777,0.8461999893188477,0.08179124444723129,4.814759731292725,12.258551597595215,5,1
1645,0.09774625301361084,5.311891555786133,0.9722102880477905,0.02398252673447132,5.224953651428223,12.459830284118652,5,1
1646,0.1213795393705368,4.366204261779785,0.9436903595924377,0.05391530320048332,4.677120685577393,12.281363487243652,5,1
1647,0.17412054538726807,4.957760810852051,0.9373682141304016,0.044467195868492126,5.211390495300293,15.790569305419922,5,1
1648,0.18181265890598297,5.035183906555176,0.9537948369979858,0.028436636552214622,5.143904685974121,12.454421997070312,5,1
1649,0.123799629509449,5.098237991333008,0.958266019821167,0.039998069405555725,4.930535793304443,14.17703628540039,5,1
1650,0.14170390367507935,4.595145225524902,0.9354724884033203,0.06017940863966942,4.818648338317871,11.553085327148438,5,1
1651,0.1814458668231964,4.605513095855713,0.9160239696502686,0.04833909869194031,4.920380115509033,15.855669975280762,5,1
1652,0.1472049355506897,5.5163373947143555,0.9652156829833984,0.019904429093003273,4.937775135040283,15.02583122253418,5,1
1653,0.21205823123455048,5.327716827392578,0.957038402557373,0.033731453120708466,5.169685363769531,13.62002944946289,5,1
1654,0.15906891226768494,5.582208633422852,0.9672502279281616,0.02342943474650383,5.0653581619262695,13.589127540588379,5,1
1655,0.12209799140691757,4.866790771484375,0.9672310948371887,0.03697845712304115,5.191118240356445,13.682453155517578,5,1
1656,0.1685098111629486,3.7589995861053467,0.944287121295929,0.10248425602912903,4.823141098022461,12.715741157531738,5,1
1657,0.11726988852024078,5.830989837646484,0.9592409729957581,0.0167380440980196,5.319272041320801,13.39968490600586,5,1
1658,0.3649469017982483,9.166777610778809,0.9910027980804443,0.001821029232814908,5.631101608276367,15.096612930297852,5,1
1659,0.13888755440711975,4.330936431884766,0.9447367191314697,0.08052636682987213,5.077223777770996,16.375625610351562,5,1
1660,0.2509905695915222,4.714588165283203,0.918982744216919,0.07195203751325607,5.074974536895752,12.134456634521484,5,1
1661,0.1358664333820343,4.983579635620117,0.928429126739502,0.03534327447414398,5.101268768310547,14.485479354858398,5,1
1662,0.3174586296081543,7.2499003410339355,0.9808060526847839,0.005509149748831987,5.121849536895752,18.072425842285156,5,1
1663,0.15064296126365662,5.221802711486816,0.9725348949432373,0.03685484081506729,5.1611199378967285,13.773733139038086,5,1
1664,0.1524665206670761,4.926908493041992,0.9596844911575317,0.04361183941364288,5.310497283935547,16.026926040649414,5,1
1665,0.18217654526233673,3.570631980895996,0.9354557394981384,0.1176336407661438,4.739992141723633,14.439494132995605,5,1
1666,0.3480049669742584,2.7979795932769775,0.8597701191902161,0.21478521823883057,4.581389904022217,15.314279556274414,5,1
1667,0.18330176174640656,5.176884174346924,0.9217513799667358,0.03979139029979706,5.514413356781006,19.397907257080078,5,1
1668,0.1735447347164154,4.965500354766846,0.9618591666221619,0.05011442303657532,4.804460048675537,12.654802322387695,5,1
1669,0.115090511739254,4.185405731201172,0.9523530006408691,0.0677788183093071,4.5670976638793945,14.280430793762207,5,1
1670,0.1695203334093094,5.754390716552734,0.955172061920166,0.02866634540259838,5.070996284484863,14.878449440002441,5,1
1671,0.22549764811992645,6.872213363647461,0.9829731583595276,0.006826561875641346,5.0819525718688965,16.656234741210938,5,1
1672,0.14085888862609863,5.348966598510742,0.9791691303253174,0.03486780822277069,5.157276153564453,18.60809326171875,5,1
1673,0.21968156099319458,6.635926246643066,0.9713202118873596,0.0166194885969162,5.228239059448242,13.153647422790527,5,1
1674,0.11446641385555267,4.708136081695557,0.9706776738166809,0.06568063050508499,5.204777240753174,13.240331649780273,5,1
1675,0.18975070118904114,5.414361000061035,0.9073296785354614,0.0252681877464056,5.358671188354492,16.292285919189453,5,1
1676,0.3039190173149109,7.908329010009766,0.975792646408081,0.007599379867315292,5.348688125610352,15.963997840881348,5,1
1677,0.2698942720890045,5.475423336029053,0.9679952263832092,0.030102815479040146,5.251672744750977,17.209840774536133,5,1
1678,0.3328363299369812,3.415095806121826,0.8717705011367798,0.14397408068180084,4.681365966796875,15.051421165466309,5,1
1679,0.1350782811641693,3.8776395320892334,0.929984986782074,0.10808134078979492,4.813911437988281,14.027124404907227,5,1
1680,0.13755014538764954,4.747844696044922,0.9629520177841187,0.0621693916618824,5.115852355957031,17.104358673095703,5,1
1681,0.21496255695819855,4.7313690185546875,0.9486774206161499,0.056105535477399826,5.022006034851074,16.450157165527344,5,1
1682,0.12841671705245972,4.462168216705322,0.947665810585022,0.06712782382965088,4.804140090942383,13.481887817382812,5,1
1683,0.16852611303329468,4.1584014892578125,0.9449138641357422,0.08419378101825714,4.99809455871582,16.621858596801758,5,1
1684,0.20375607907772064,4.818660736083984,0.9458513259887695,0.060379330068826675,4.9462714195251465,13.633584976196289,5,1
1685,0.12138286232948303,5.82167911529541,0.9537220001220703,0.019905924797058105,5.086594581604004,13.422782897949219,5,1
1686,0.17822302877902985,5.789165496826172,0.9707515835762024,0.025086259469389915,5.396875858306885,16.86687469482422,5,1
1687,0.10979273170232773,4.727077484130859,0.9530277848243713,0.03905206173658371,5.134101390838623,17.173906326293945,5,1
1688,0.10955601930618286,5.834356784820557,0.9692138433456421,0.028954891487956047,5.076267719268799,13.785715103149414,5,1
1689,0.31813129782676697,5.572167873382568,0.8899975419044495,0.022264715284109116,5.1696977615356445,15.839929580688477,5,1
1690,0.13769495487213135,4.2188262939453125,0.9413256645202637,0.0658503919839859,5.10994291305542,13.847814559936523,5,1
1691,0.13834825158119202,5.084346294403076,0.9535793662071228,0.029283858835697174,5.140294551849365,16.032381057739258,5,1
1692,0.3672991693019867,1.8563978672027588,0.8677814602851868,0.3363930583000183,4.159022808074951,12.197425842285156,5,1
1693,0.6389358043670654,5.388689041137695,0.8089390993118286,0.03841526061296463,5.30293083190918,21.894763946533203,5,1
1694,0.1882604956626892,5.482295036315918,0.9339324235916138,0.03787172958254814,4.858267307281494,14.316450119018555,5,1
1695,0.09733783453702927,5.008564472198486,0.9656622409820557,0.04336060583591461,5.199904441833496,13.635526657104492,5,1
1696,0.21856576204299927,4.035248756408691,0.9228097200393677,0.09982283413410187,5.105102062225342,15.033212661743164,5,1
1697,0.1240597516298294,4.373068809509277,0.9534655809402466,0.08672147244215012,4.797694206237793,16.965694427490234,5,1
1698,0.18997372686862946,5.1754889488220215,0.9439859390258789,0.037017498165369034,5.287601470947266,15.539307594299316,5,1
1699,0.11356078088283539,4.816581726074219,0.9665775895118713,0.04740414395928383,4.912919521331787,13.342766761779785,5,1
1700,0.13386046886444092,5.401185512542725,0.954854428768158,0.02906334027647972,5.018650054931641,14.3792085647583,5,1
1701,0.2104368954896927,5.149850845336914,0.9212964773178101,0.04511179402470589,5.19661808013916,18.492830276489258,5,1
1702,0.19207918643951416,5.7866339683532715,0.9799269437789917,0.02314618043601513,5.062500953674316,15.034910202026367,5,1
1703,0.19031602144241333,4.932771682739258,0.9649877548217773,0.04088635370135307,4.989283084869385,14.408805847167969,5,1
1704,0.1690373569726944,3.3955178260803223,0.9208444356918335,0.125621497631073,4.784130573272705,13.672443389892578,5,1
1705,0.27135154604911804,5.528136730194092,0.9501004219055176,0.03069794550538063,5.397161483764648,17.871646881103516,5,1
1706,0.10230276733636856,5.2261128425598145,0.9685332775115967,0.033949241042137146,4.832957744598389,12.767096519470215,5,1
1707,0.21158038079738617,3.7167134284973145,0.9061685800552368,0.1174837052822113,5.1708903312683105,15.585186004638672,5,1
1708,0.16018295288085938,4.547121524810791,0.9178735017776489,0.053174398839473724,4.884771347045898,15.523184776306152,5,1
1709,0.14949283003807068,4.220537185668945,0.9411458373069763,0.075077123939991,4.894264221191406,14.43498420715332,5,1
1710,0.1733051836490631,5.146676063537598,0.9620544910430908,0.03299092873930931,5.358230113983154,15.647517204284668,5,1
1711,0.14100569486618042,4.515942573547363,0.9403571486473083,0.05288038030266762,4.966769218444824,13.935980796813965,5,1
1712,0.11702800542116165,5.335187911987305,0.9558101296424866,0.03403423726558685,5.19998025894165,14.0971040725708,5,1
1713,0.13195763528347015,4.8370513916015625,0.9534139037132263,0.040040139108896255,5.040960311889648,12.711028099060059,5,1
1714,0.16006474196910858,5.439130783081055,0.9783214330673218,0.03667339310050011,5.066274642944336,15.28626537322998,5,1
1715,0.16669240593910217,5.01524019241333,0.9387370347976685,0.046182289719581604,5.059327602386475,13.11924934387207,5,1
1716,0.21691769361495972,7.36027717590332,0.982927680015564,0.0048864735290408134,5.186105728149414,17.96400260925293,5,1
1717,0.17741161584854126,4.024608612060547,0.9509132504463196,0.07918696105480194,4.730910778045654,14.865862846374512,5,1
1718,0.201954185962677,6.0626678466796875,0.9609747529029846,0.0211651511490345,5.04554557800293,13.999115943908691,5,1
1719,0.1490345597267151,4.379621982574463,0.9583262205123901,0.08446019142866135,4.764461994171143,13.36469841003418,5,1
1720,0.12244411557912827,4.589164733886719,0.9515657424926758,0.05913934111595154,5.205894947052002,13.48669719696045,5,1
1721,0.15274158120155334,4.507554531097412,0.9327576160430908,0.07009941339492798,5.2152791023254395,14.380485534667969,5,1
1722,0.3004114329814911,3.3083314895629883,0.8818376660346985,0.13329951465129852,4.654799938201904,13.558810234069824,5,1
1723,0.10351218283176422,5.798710823059082,0.9531835317611694,0.02384796366095543,5.106573104858398,13.569817543029785,5,1
1724,0.17452478408813477,5.65974235534668,0.9320684671401978,0.015095376409590244,5.412360668182373,14.820303916931152,5,1
1725,0.19866973161697388,4.909720420837402,0.9447141289710999,0.044098861515522,5.003424644470215,15.512956619262695,5,1
1726,0.14535529911518097,4.516251564025879,0.94657963514328,0.07931040227413177,4.9983038902282715,14.170577049255371,5,1
1727,0.3154510259628296,4.480862617492676,0.94343101978302,0.058043647557497025,4.924043655395508,17.414947509765625,5,1
1728,0.20514126121997833,5.615736484527588,0.9056006669998169,0.03430725634098053,5.0100507736206055,16.177682876586914,5,1
1729,0.16196560859680176,5.458320140838623,0.9626413583755493,0.0394749753177166,5.139491558074951,17.605764389038086,5,1
1730,0.13827918469905853,5.023793697357178,0.9661311507225037,0.04933065548539162,5.11981201171875,13.240800857543945,5,1
1731,0.1132723018527031,5.469979763031006,0.9679244756698608,0.027580156922340393,5.137942314147949,14.356769561767578,5,1
1732,0.1535295695066452,5.357990741729736,0.9529319405555725,0.02793700061738491,5.323757171630859,16.932884216308594,5,1
1733,0.19536516070365906,3.8035383224487305,0.9470577239990234,0.1040528267621994,4.850179672241211,13.837984085083008,5,1
1734,0.17456728219985962,4.195093154907227,0.9239470958709717,0.06811675429344177,4.760316371917725,15.683366775512695,5,1
1735,0.5199021697044373,3.459613084793091,0.819198727607727,0.14795494079589844,4.74060583114624,16.584369659423828,5,1
1736,0.12290157377719879,4.430364608764648,0.9403818845748901,0.06396663188934326,4.882566452026367,13.244866371154785,5,1
1737,0.24253574013710022,4.154036045074463,0.8932462334632874,0.0867852121591568,4.708237171173096,13.661181449890137,5,1
1738,0.23540043830871582,6.53584623336792,0.9654311537742615,0.01844060979783535,4.918214321136475,16.192737579345703,5,1
1739,0.19664190709590912,6.713459014892578,0.976577639579773,0.007375218439847231,5.239638805389404,17.837024688720703,5,1
1740,0.14995692670345306,4.882572174072266,0.9740278720855713,0.04074139893054962,5.041486740112305,14.452669143676758,5,1
1741,0.135856032371521,4.407538890838623,0.9451892375946045,0.055711422115564346,5.000874996185303,14.093661308288574,5,1
1742,0.15507394075393677,3.0046677589416504,0.9387650489807129,0.18835118412971497,4.549263000488281,12.724212646484375,5,1
1743,0.1539088785648346,5.868222713470459,0.9212316274642944,0.02542050927877426,4.9349284172058105,15.423190116882324,5,1
1744,0.4987495541572571,8.751651763916016,0.9793624877929688,0.007483774330466986,5.434810638427734,19.498125076293945,5,1
1745,0.2653766870498657,2.1500682830810547,0.9069966673851013,0.3189728260040283,4.217092037200928,12.381664276123047,5,1
1746,0.8180655241012573,7.320733070373535,0.8105635046958923,0.014391309581696987,5.035624980926514,18.023963928222656,5,1
1747,0.25461605191230774,4.831654071807861,0.95481276512146,0.08283581584692001,5.147079944610596,19.568950653076172,5,1
1748,0.16021612286567688,3.9024248123168945,0.9452276229858398,0.11492873728275299,4.811618328094482,14.842506408691406,5,1
1749,0.18515102565288544,4.456831932067871,0.9282622337341309,0.06931750476360321,5.0387396812438965,15.564684867858887,5,1
1750,0.11682313680648804,5.678704261779785,0.9610543251037598,0.035349272191524506,5.044612407684326,17.26839828491211,5,1
1751,0.39359453320503235,8.509069442749023,0.9771884679794312,0.0015457244589924812,5.303599834442139,16.30112648010254,5,1
1752,0.09230554103851318,4.857571601867676,0.9657961130142212,0.04402738809585571,4.862097263336182,17.831058502197266,5,1
1753,0.1552344709634781,5.909336090087891,0.9630136489868164,0.014640087261795998,5.145995140075684,14.999417304992676,5,1
1754,0.16166189312934875,4.576201438903809,0.9697981476783752,0.08331693708896637,5.245227813720703,18.13592529296875,5,1
1755,0.1363086998462677,5.247185707092285,0.9651245474815369,0.035661108791828156,5.340167999267578,19.603397369384766,5,1
1756,0.19244180619716644,2.115211009979248,0.9111639261245728,0.315667986869812,4.027137756347656,13.405749320983887,5,1
1757,0.591452419757843,7.608277320861816,0.8232203125953674,0.018413249403238297,5.4615044593811035,20.536653518676758,5,1
1758,0.2899390459060669,6.826262950897217,0.9669123888015747,0.017380060628056526,5.105096340179443,15.40988540649414,5,1
1759,0.1462942659854889,5.464150428771973,0.9708296060562134,0.032233044505119324,5.092708587646484,15.717037200927734,5,1
1760,0.1438812017440796,5.38054084777832,0.9367316961288452,0.025021959096193314,5.165156364440918,18.007572174072266,5,1
1761,0.15444223582744598,4.86412239074707,0.9573613405227661,0.04248775541782379,4.7677531242370605,15.304813385009766,5,1
1762,0.15400947630405426,4.771717548370361,0.9383425712585449,0.047878608107566833,4.942284107208252,15.983175277709961,5,1
1763,0.1679985076189041,5.258877754211426,0.924903392791748,0.03933456167578697,4.878372669219971,14.065835952758789,5,1
1764,0.16016586124897003,5.302871227264404,0.9749303460121155,0.03833601623773575,5.020522117614746,13.418798446655273,5,1
1765,0.14597727358341217,3.239320755004883,0.9344285726547241,0.12240705639123917,4.785979270935059,15.155179023742676,5,1
1766,0.3752531409263611,4.915162086486816,0.8532834649085999,0.04467358812689781,5.178616523742676,16.44691276550293,5,1
1767,0.145165354013443,4.906503677368164,0.9442211389541626,0.04119875282049179,4.7490315437316895,14.305318832397461,5,1
1768,0.2573632597923279,6.894378662109375,0.9890300035476685,0.006559767760336399,5.2308478355407715,15.612195014953613,5,1
1769,0.14043521881103516,3.817941665649414,0.9350889921188354,0.07612469792366028,4.8475341796875,14.48123550415039,5,1
1770,0.10703298449516296,6.152761936187744,0.9608579277992249,0.015445329248905182,5.165826797485352,16.496021270751953,5,1
1771,0.14497196674346924,4.239229202270508,0.9591070413589478,0.06667336076498032,4.865276336669922,16.298852920532227,5,1
1772,0.15110020339488983,5.4047017097473145,0.9196051359176636,0.039178863167762756,5.1609063148498535,16.536462783813477,5,1
1773,0.1721573770046234,6.00160026550293,0.9812533855438232,0.0148903988301754,4.9170355796813965,13.348686218261719,5,1
1774,0.21925541758537292,4.311494827270508,0.9270508289337158,0.06124567240476608,5.307992935180664,14.755874633789062,5,1
1775,0.20762312412261963,5.340803146362305,0.9061539173126221,0.030417654663324356,5.1434550285339355,16.44452476501465,5,1
1776,0.17282003164291382,3.6841371059417725,0.9197019338607788,0.10378457605838776,4.860187530517578,16.13447380065918,5,1
1777,0.11525250971317291,5.3290019035339355,0.957724928855896,0.026728317141532898,5.073482513427734,12.513887405395508,5,1
1778,0.15619128942489624,4.991209030151367,0.951516330242157,0.04040242359042168,4.7462968826293945,13.846626281738281,5,1
1779,0.14529740810394287,4.868287086486816,0.9360442161560059,0.03882378712296486,4.94022274017334,16.27446746826172,5,1
1780,0.2654399275779724,5.176326751708984,0.9011098146438599,0.03794774040579796,5.095353126525879,15.55647087097168,5,1
1781,0.15835806727409363,6.0699543952941895,0.9849109649658203,0.03035510890185833,5.050775051116943,15.179179191589355,5,1
1782,0.21534463763237,4.442827224731445,0.8889503479003906,0.06721992045640945,4.965936183929443,15.765738487243652,5,1
1783,0.21231067180633545,6.737621307373047,0.9761343002319336,0.011460904031991959,5.068475246429443,15.377922058105469,5,1
1784,0.19264236092567444,4.266263961791992,0.9203354716300964,0.05967246741056442,4.831441879272461,13.273301124572754,5,1
1785,0.22680915892124176,4.390146255493164,0.9285023212432861,0.0853687971830368,4.554629802703857,12.724738121032715,5,1
1786,0.18142181634902954,5.178537368774414,0.9618933200836182,0.036152154207229614,5.007989406585693,18.202138900756836,5,1
1787,0.15573088824748993,4.540214538574219,0.9666053056716919,0.0411444827914238,4.770965576171875,14.508459091186523,5,1
1788,0.5467120409011841,9.506091117858887,0.9922052621841431,0.0009199988562613726,5.141931533813477,18.63092803955078,5,1
1789,0.15212132036685944,4.325309753417969,0.9421606063842773,0.08017131686210632,4.8107008934021,17.670255661010742,5,1
1790,0.09497195482254028,5.505949020385742,0.9794220924377441,0.022232934832572937,5.140122413635254,16.728961944580078,5,1
1791,0.12065882235765457,4.622324466705322,0.9366430640220642,0.06982877850532532,5.1158881187438965,18.09699058532715,5,1
1792,0.19687515497207642,4.216955184936523,0.9552097320556641,0.08129658550024033,4.682331085205078,14.46506404876709,5,1
1793,0.1290745884180069,4.626499176025391,0.9437679052352905,0.04953888803720474,5.156914710998535,15.207771301269531,5,1
1794,0.34012094140052795,4.059555530548096,0.8642444014549255,0.09191897511482239,4.684170722961426,14.100951194763184,5,1
1795,0.26063787937164307,7.0189690589904785,0.9746534824371338,0.005694925785064697,5.052448749542236,16.40825843811035,5,1
1796,0.11661408841609955,2.387129783630371,0.9441912174224854,0.2579754889011383,4.18868350982666,12.150251388549805,5,1
1797,0.7437853813171387,7.118227958679199,0.7949500679969788,0.010354962199926376,5.215826511383057,16.032529830932617,5,1
1798,0.4413321614265442,6.905135631561279,0.9756930470466614,0.01628059148788452,5.0637993812561035,17.889129638671875,5,1
1799,0.21224987506866455,4.013587951660156,0.9098086953163147,0.08984843641519547,4.8740129470825195,16.67650032043457,5,1
1800,0.17818889021873474,5.022623062133789,0.954101026058197,0.044866032898426056,4.8329901695251465,14.020347595214844,5,1
1801,0.10297422111034393,5.967288970947266,0.9609458446502686,0.014361957088112831,4.797560214996338,13.845524787902832,5,1
1802,0.1802075207233429,4.419562339782715,0.9533512592315674,0.046457286924123764,5.223275184631348,18.01559066772461,5,1
1803,0.12792165577411652,4.614931583404541,0.9627095460891724,0.044210489839315414,4.960324764251709,13.617504119873047,5,1
1804,0.1417498141527176,3.8993258476257324,0.9549820423126221,0.08548663556575775,4.975841045379639,16.252391815185547,5,1
1805,0.2975638508796692,4.685367584228516,0.885922908782959,0.04825694113969803,4.966257095336914,18.0268611907959,5,1
1806,0.19904810190200806,6.526613235473633,0.9834005832672119,0.010608427226543427,5.1438727378845215,12.997044563293457,5,1
1807,0.13143855333328247,3.935250759124756,0.9429752826690674,0.0938861221075058,4.87493896484375,15.892744064331055,5,1
1808,0.18654868006706238,4.1929473876953125,0.9005013108253479,0.07928303629159927,5.239468574523926,15.29178524017334,5,1
1809,0.13500113785266876,4.625633716583252,0.9338400363922119,0.03564305603504181,4.874499320983887,15.450648307800293,5,1
1810,0.21964900195598602,6.7802653312683105,0.9859086871147156,0.006657964549958706,5.315856456756592,13.672354698181152,5,1
1811,0.1764059066772461,4.488025665283203,0.9143224954605103,0.04712618887424469,4.833154201507568,13.56704044342041,5,1
1812,0.20456206798553467,5.450750350952148,0.9600042104721069,0.0238670464605093,5.05083703994751,16.39568328857422,5,1
1813,0.1231577917933464,3.8896236419677734,0.9668298959732056,0.08428032696247101,4.644859790802002,16.535005569458008,5,1
1814,0.2873185873031616,4.803370475769043,0.8584914207458496,0.04497748613357544,4.890478610992432,12.461164474487305,5,1
1815,0.12752440571784973,4.883171081542969,0.9679666757583618,0.0428868792951107,4.810378551483154,14.95533561706543,5,1
1816,0.1331198513507843,4.641512870788574,0.9417670965194702,0.06238575652241707,4.902246952056885,16.101184844970703,5,1
1817,0.23906490206718445,5.847163200378418,0.9684110879898071,0.011738816276192665,4.901758193969727,14.184097290039062,5,1
1818,0.1536935269832611,3.7413692474365234,0.9331717491149902,0.10724834352731705,4.80625057220459,11.677388191223145,5,1
1819,0.15293371677398682,4.433802127838135,0.9386656284332275,0.05052546411752701,4.815152645111084,15.837656021118164,5,1
1820,0.09502957761287689,4.779342174530029,0.9690885543823242,0.05207649618387222,4.965212345123291,12.4306058883667,5,1
1821,0.1900552213191986,4.335288047790527,0.9352010488510132,0.053861528635025024,4.870607376098633,12.310285568237305,5,1
1822,0.13816139101982117,5.241916656494141,0.955994725227356,0.029260512441396713,5.041614055633545,14.116968154907227,5,1
1823,0.32208478450775146,7.932173728942871,0.9891945123672485,0.0018247405532747507,5.282769203186035,14.107341766357422,5,1
1824,0.19922980666160583,3.7935585975646973,0.9254720211029053,0.09248243272304535,4.75992488861084,11.0914306640625,5,1
1825,0.16394761204719543,4.30217170715332,0.9429905414581299,0.06077234447002411,4.675656795501709,12.868202209472656,5,1
1826,0.14311212301254272,5.784522533416748,0.9757998585700989,0.024923129007220268,4.992885112762451,13.465376853942871,5,1
1827,0.4610084891319275,8.546188354492188,0.9889626502990723,0.002719565760344267,4.9859619140625,17.07413101196289,5,1
1828,0.27510857582092285,2.8035874366760254,0.9043741226196289,0.2406879961490631,4.505563259124756,13.546828269958496,5,1
1829,0.28864312171936035,3.2596142292022705,0.8839237093925476,0.14205370843410492,4.642631530761719,13.34720230102539,5,1
1830,0.18357521295547485,4.443830490112305,0.921441912651062,0.06280425190925598,4.796694278717041,15.916668891906738,5,1
1831,0.21176336705684662,4.3145904541015625,0.926603376865387,0.0717412456870079,4.912522315979004,15.323369979858398,5,1
1832,0.20045943558216095,5.980952262878418,0.9181983470916748,0.01843074895441532,5.118735313415527,14.14714527130127,5,1
1833,0.1933131366968155,2.9255659580230713,0.9040130972862244,0.18772312998771667,4.731766700744629,11.508008003234863,5,1
1834,0.15424594283103943,5.210073471069336,0.9481139779090881,0.03531990945339203,5.016402721405029,15.992009162902832,5,1
1835,0.0948575884103775,6.456844329833984,0.9714973568916321,0.008215227164328098,4.9801025390625,13.800904273986816,5,1
1836,0.18425634503364563,3.840425491333008,0.940207839012146,0.09899604320526123,4.915971279144287,14.260845184326172,5,1
1837,0.44047975540161133,6.046228885650635,0.8299716114997864,0.025293337181210518,5.272922515869141,14.049906730651855,5,1
1838,0.2213573157787323,5.891835689544678,0.9771431684494019,0.021820172667503357,5.257120132446289,14.705766677856445,5,1
1839,0.1464683711528778,3.7708590030670166,0.9362504482269287,0.10541947185993195,4.679928779602051,15.47458267211914,5,1
1840,0.167228102684021,4.927137851715088,0.9492286443710327,0.03781186789274216,4.833602428436279,13.952654838562012,5,1
1841,0.20660090446472168,3.5928497314453125,0.9054722785949707,0.10368233174085617,4.795673847198486,13.019559860229492,5,1
1842,0.20128962397575378,4.741066932678223,0.9358541965484619,0.06333008408546448,5.092677116394043,17.212841033935547,5,1
1843,0.16946014761924744,5.964017868041992,0.9866909384727478,0.021008647978305817,5.118427276611328,13.978639602661133,5,1
1844,0.1121320128440857,3.9147045612335205,0.968127965927124,0.10423911362886429,4.895896911621094,13.229837417602539,5,1
1845,0.17600543797016144,4.185420036315918,0.9232345819473267,0.07228173315525055,4.792449951171875,13.21108627319336,5,1
1846,0.20925301313400269,6.275557518005371,0.9813277125358582,0.013245735317468643,4.929989337921143,14.130873680114746,5,1
1847,0.19449375569820404,4.011455059051514,0.9339412450790405,0.08551186323165894,4.780402660369873,12.618903160095215,5,1
1848,0.18590421974658966,4.48715353012085,0.9688003659248352,0.054303355515003204,4.840335845947266,12.834112167358398,5,1
1849,0.20771601796150208,5.0373711585998535,0.9598934650421143,0.03291148692369461,4.851480484008789,14.1724853515625,5,1
1850,0.1884298324584961,3.899498224258423,0.9025726318359375,0.08257429301738739,4.946346759796143,12.982895851135254,5,1
1851,0.31226733326911926,4.300239086151123,0.8649779558181763,0.0711146891117096,4.890127182006836,14.029290199279785,5,1
1852,0.3785152733325958,7.683592796325684,0.9777859449386597,0.003615549299865961,5.0768656730651855,15.144037246704102,5,1
1853,0.10239364951848984,4.026565074920654,0.9720144271850586,0.09028930962085724,4.877562999725342,13.727328300476074,5,1
1854,0.15670183300971985,3.325223922729492,0.9307609796524048,0.1171172633767128,4.438455581665039,13.173824310302734,5,1
1855,0.14168114960193634,4.567234992980957,0.9522985219955444,0.047649361193180084,4.774221420288086,14.85094928741455,5,1
1856,0.14881713688373566,4.11985445022583,0.9505585432052612,0.061194706708192825,4.716724395751953,13.551878929138184,5,1
1857,0.1323498785495758,4.679468154907227,0.9502913951873779,0.051855992525815964,4.869180679321289,15.723645210266113,5,1
1858,0.17551106214523315,4.918421745300293,0.9333100318908691,0.04924707114696503,4.868472576141357,15.916399002075195,5,1
1859,0.12866824865341187,5.968386173248291,0.9364273548126221,0.016171688213944435,4.953578472137451,15.634678840637207,5,1
1860,0.22666862607002258,5.803859233856201,0.9630420207977295,0.016695911064743996,5.037498950958252,13.91523265838623,5,1
1861,0.3399556279182434,3.2985761165618896,0.8589327335357666,0.13427969813346863,4.610256195068359,13.571660041809082,5,1
1862,0.15630879998207092,3.8605637550354004,0.931625247001648,0.09847909212112427,4.485804080963135,16.355775833129883,5,1
1863,0.12415151298046112,4.526882171630859,0.9488722085952759,0.05136355012655258,4.798474311828613,17.371042251586914,5,1
1864,0.2529025673866272,3.8416554927825928,0.8823091983795166,0.09282196313142776,4.820390224456787,12.307090759277344,5,1
1865,0.25907421112060547,3.224407434463501,0.8780431747436523,0.15537942945957184,4.38807487487793,11.89476490020752,5,1
1866,0.18377240002155304,5.277756690979004,0.9388116598129272,0.04046664014458656,5.117918968200684,21.92996597290039,5,1
1867,0.5281326174736023,10.926809310913086,0.993670642375946,0.00027008040342479944,5.159824848175049,18.55551528930664,5,1
1868,0.1705286204814911,4.167257308959961,0.9550479054450989,0.0748605951666832,4.526601791381836,16.119991302490234,5,1
1869,0.18854212760925293,3.8937926292419434,0.9154050350189209,0.09876108169555664,4.5475873947143555,18.383289337158203,5,1
1870,0.18761278688907623,3.254237174987793,0.9019715785980225,0.14561696350574493,4.823679447174072,16.016435623168945,5,1
1871,0.4507085084915161,6.649714469909668,0.8520126342773438,0.020337503403425217,4.801375389099121,22.156267166137695,5,1
1872,0.2212124913930893,4.089274883270264,0.9196763038635254,0.07311373203992844,4.788934230804443,18.541961669921875,5,1
1873,0.5862479209899902,1.9524427652359009,0.8404310941696167,0.3153192102909088,4.060800552368164,12.779648780822754,5,1
1874,0.16254466772079468,5.486490726470947,0.9660412073135376,0.05462464690208435,4.671624660491943,21.597196578979492,5,1
1875,0.2617691159248352,4.4764814376831055,0.9057055711746216,0.061417266726493835,4.969307899475098,17.634431838989258,5,1
1876,0.15401619672775269,4.0847883224487305,0.9501837491989136,0.09115096926689148,4.920711517333984,15.609557151794434,5,1
1877,0.23570476472377777,6.059412002563477,0.9649112224578857,0.009807552210986614,5.413137435913086,23.521465301513672,5,1
1878,0.12340429425239563,5.185362815856934,0.9501689672470093,0.02624479867517948,4.893740177154541,18.85338592529297,5,1
1879,0.13293708860874176,4.9319915771484375,0.963513195514679,0.04434771463274956,5.0942206382751465,13.97463321685791,5,1
1880,0.1391124278306961,4.238365650177002,0.9315799474716187,0.0758109763264656,5.003863334655762,18.049104690551758,5,1
1881,0.10168101638555527,4.175185680389404,0.9506409168243408,0.06847994774580002,4.641454219818115,16.76409912109375,5,1
1882,0.15214498341083527,5.240417957305908,0.963133692741394,0.048172250390052795,4.990489959716797,15.828360557556152,5,1
1883,0.1428944319486618,5.053797721862793,0.9595621824264526,0.04814089834690094,4.74581241607666,14.183817863464355,5,1
1884,0.24341709911823273,4.532201290130615,0.9037882089614868,0.051064908504486084,4.884526252746582,15.416872024536133,5,1
1885,0.17777101695537567,3.8127260208129883,0.928128719329834,0.09855231642723083,4.62437629699707,12.25296688079834,5,1
1886,0.10931409895420074,4.007627487182617,0.948012113571167,0.07559183239936829,4.848910808563232,13.993131637573242,5,1
1887,0.16691206395626068,4.44951057434082,0.9391387701034546,0.055346496403217316,4.855844974517822,14.508868217468262,5,1
1888,0.17319133877754211,6.190801620483398,0.9849603176116943,0.01262054406106472,4.914913654327393,15.811851501464844,5,1
1889,0.11357887089252472,3.9499664306640625,0.9561619162559509,0.08422454446554184,4.520327091217041,12.870390892028809,5,1
1890,0.10712257027626038,5.494927406311035,0.9752329587936401,0.023948168382048607,4.763138294219971,14.900727272033691,5,1
1891,0.12991385161876678,5.960323333740234,0.960857093334198,0.01677663065493107,5.181078910827637,17.1516170501709,5,1
1892,0.16283565759658813,3.5426573753356934,0.9578551650047302,0.1018136739730835,4.561120510101318,13.402461051940918,5,1
1893,0.22098548710346222,3.8702354431152344,0.9027652740478516,0.08247554302215576,4.86699914932251,14.995393753051758,5,1
1894,0.11147794127464294,4.681981086730957,0.9556684494018555,0.05544209107756615,4.827785015106201,12.75344467163086,5,1
1895,0.14832326769828796,5.181410789489746,0.9664435386657715,0.037111297249794006,4.835994243621826,12.527610778808594,5,1
1896,0.14752298593521118,3.9633140563964844,0.9274613261222839,0.0883147269487381,4.6350178718566895,11.622504234313965,5,1
1897,0.3353208601474762,7.267751216888428,0.9707227945327759,0.005433037411421537,5.3538432121276855,15.381135940551758,5,1
1898,0.18316853046417236,3.771450996398926,0.9180120229721069,0.09246855229139328,4.831039905548096,12.08598518371582,5,1
1899,0.15150712430477142,4.581075191497803,0.9233614206314087,0.044206902384757996,4.838445663452148,13.214816093444824,5,1
1900,0.22041110694408417,6.196638107299805,0.9756044149398804,0.011409977450966835,5.2422332763671875,11.840079307556152,5,1
1901,0.21787109971046448,4.611839294433594,0.9288800954818726,0.043017514050006866,5.104588985443115,13.043098449707031,5,1
1902,0.42034342885017395,7.776943206787109,0.9801363945007324,0.002386626787483692,5.327826023101807,13.91799259185791,5,1
1903,0.20215478539466858,3.5140717029571533,0.9399226903915405,0.13820356130599976,4.651728630065918,12.078472137451172,5,1
1904,0.11090975254774094,4.807015419006348,0.944599449634552,0.058968886733055115,4.900872707366943,12.099120140075684,5,1
1905,0.20073357224464417,4.264609336853027,0.9126531481742859,0.056706152856349945,5.0196967124938965,13.970052719116211,5,1
1906,0.14884063601493835,4.836788654327393,0.9565831422805786,0.0426023006439209,4.827692031860352,14.450892448425293,5,1
1907,0.11769435554742813,4.2810821533203125,0.9580267071723938,0.07741719484329224,4.825085163116455,13.178369522094727,5,1
1908,0.08839665353298187,5.619375228881836,0.9681406021118164,0.024431588128209114,4.708248615264893,12.598111152648926,5,1
1909,0.20838768780231476,2.6469168663024902,0.9138611555099487,0.2016473114490509,4.524044513702393,11.689597129821777,5,1
1910,0.5794553756713867,6.2301764488220215,0.8345059156417847,0.029931005090475082,4.786327362060547,15.620478630065918,5,1
1911,0.8959665298461914,8.289847373962402,0.9910975098609924,0.011365097016096115,4.928082466125488,14.368022918701172,5,1
1912,0.23471206426620483,5.195517539978027,0.9294005632400513,0.027039648965001106,4.851635456085205,13.66934585571289,5,1
1913,0.16002672910690308,4.520052909851074,0.9331985712051392,0.053433798253536224,4.890800476074219,16.188392639160156,5,1
1914,0.19649070501327515,5.255504608154297,0.9273546934127808,0.04240328073501587,5.011468887329102,16.6807804107666,5,1
1915,0.1305653154850006,4.152749061584473,0.9515374302864075,0.07156407833099365,4.715979099273682,13.621891021728516,5,1
1916,0.11103668063879013,4.917497634887695,0.9509460926055908,0.033941853791475296,4.755138397216797,12.936123847961426,5,1
1917,0.1678832471370697,4.125706672668457,0.9414516687393188,0.045684635639190674,5.128303050994873,14.104208946228027,5,1
1918,0.14282777905464172,4.866612434387207,0.9485737681388855,0.036550603806972504,4.885474681854248,15.771151542663574,5,1
1919,0.13755176961421967,5.805990695953369,0.9839232563972473,0.01971341297030449,5.137869358062744,13.25487995147705,5,1
1920,0.19629447162151337,3.7491562366485596,0.9201555848121643,0.10518558323383331,4.426657676696777,13.858907699584961,5,1
1921,0.20014141499996185,4.623683929443359,0.921812891960144,0.038148969411849976,4.927957534790039,13.447467803955078,5,1
1922,0.13650305569171906,4.459636688232422,0.9472997784614563,0.04781306907534599,4.787059783935547,13.247445106506348,5,1
1923,0.1427481323480606,4.3315839767456055,0.9551354646682739,0.06760136783123016,4.826370716094971,12.528806686401367,5,1
1924,0.14100542664527893,4.850500106811523,0.9436109066009521,0.043338626623153687,5.016973495483398,13.400036811828613,5,1
1925,0.17219404876232147,4.715240478515625,0.949510931968689,0.05104783549904823,4.8346662521362305,14.380594253540039,5,1
1926,0.12617209553718567,4.714471817016602,0.9518811702728271,0.043388813734054565,4.758767604827881,13.265195846557617,5,1
1927,0.3147767186164856,6.098400592803955,0.9457760453224182,0.02486058697104454,5.355465888977051,14.276269912719727,5,1
1928,0.17554247379302979,3.521289348602295,0.9432939291000366,0.1230732798576355,4.771883487701416,12.447011947631836,5,1
1929,0.17993101477622986,3.7749671936035156,0.9185121655464172,0.07876966893672943,4.737295627593994,13.418118476867676,5,1
1930,0.1452731192111969,4.9581828117370605,0.9310305714607239,0.03842004016041756,5.021503925323486,14.457928657531738,5,1
1931,0.12307470291852951,5.53751277923584,0.9662668704986572,0.01781451888382435,4.921684265136719,12.358015060424805,5,1
1932,0.1989799588918686,4.285113334655762,0.9630262851715088,0.058551445603370667,4.5062737464904785,12.52490520477295,5,1
1933,0.14999276399612427,4.563066005706787,0.9291016459465027,0.06074558198451996,4.5301032066345215,13.577106475830078,5,1
1934,0.13724926114082336,4.557009220123291,0.9748290777206421,0.05294448882341385,4.616211414337158,12.836935043334961,5,1
1935,0.20344525575637817,4.00293493270874,0.9373822212219238,0.07809831202030182,4.574259281158447,12.626971244812012,5,1
1936,0.12265440076589584,4.226710319519043,0.9631078243255615,0.06875690072774887,4.6468329429626465,12.165611267089844,5,1
1937,0.3837161958217621,2.959947347640991,0.831592321395874,0.1924636960029602,4.317807197570801,11.749032020568848,5,1
1938,0.22497683763504028,4.354584693908691,0.8952503204345703,0.07662731409072876,4.603852272033691,13.412047386169434,5,1
1939,0.13120973110198975,4.877119541168213,0.961463987827301,0.04760097712278366,4.672094821929932,12.61873722076416,5,1
1940,0.20857064425945282,6.252601623535156,0.9574375152587891,0.013425249606370926,5.05485200881958,13.294849395751953,5,1
1941,0.2973553240299225,6.710813045501709,0.9760234355926514,0.006549600511789322,4.980148792266846,13.200822830200195,5,1
1942,0.1600981056690216,4.295169830322266,0.9501530528068542,0.05969876050949097,4.77451753616333,13.744829177856445,5,1
1943,0.1109931692481041,4.139796257019043,0.9543581008911133,0.07872907817363739,4.898196697235107,14.5488862991333,5,1
1944,0.17216719686985016,3.3056657314300537,0.9084649682044983,0.12590241432189941,4.650259971618652,13.423103332519531,5,1
1945,0.2791556119918823,4.699352264404297,0.8818342685699463,0.04764426127076149,4.893955707550049,13.51410961151123,5,1
1946,0.24218535423278809,4.732566833496094,0.9599491357803345,0.04397371783852577,4.933313846588135,14.137089729309082,5,1
1947,0.15753613412380219,3.788508892059326,0.9478746056556702,0.1057950109243393,4.606052398681641,14.273392677307129,5,1
1948,0.300711065530777,3.4346771240234375,0.8988054990768433,0.11699281632900238,4.615921974182129,16.092269897460938,5,1
1949,0.31403225660324097,3.946897506713867,0.851695716381073,0.0911896824836731,4.811546325683594,16.171112060546875,5,1
1950,0.178143709897995,4.335638046264648,0.9455850720405579,0.06483983248472214,4.63511848449707,12.725561141967773,5,1
1951,0.16372032463550568,5.074268817901611,0.9548035264015198,0.02828885428607464,4.927206993103027,15.15744400024414,5,1
1952,0.14141298830509186,4.483028411865234,0.9520165920257568,0.0639757513999939,5.048315048217773,16.764162063598633,5,1
1953,0.2990573048591614,4.897111415863037,0.8796569108963013,0.04312203824520111,4.752068519592285,14.96575927734375,5,1
1954,0.42361849546432495,8.227645874023438,0.9693743586540222,0.0018650495912879705,5.073927402496338,14.766040802001953,5,1
1955,0.15850073099136353,4.310606956481934,0.9446771740913391,0.06067638099193573,5.045008659362793,13.625092506408691,5,1
1956,0.5298364758491516,4.882291793823242,0.8351672291755676,0.03173176944255829,5.084263324737549,15.339807510375977,5,1
1957,0.3278977572917938,7.502767562866211,0.9909682273864746,0.005600259639322758,4.9106621742248535,17.80397605895996,5,1
1958,0.3458038568496704,1.9281593561172485,0.8658004999160767,0.31423306465148926,3.9072465896606445,12.694953918457031,5,1
1959,0.23918581008911133,6.591657638549805,0.9132930040359497,0.01995202526450157,5.226524829864502,17.84882926940918,5,1
1960,0.18893712759017944,3.719804286956787,0.9228819608688354,0.11179369688034058,4.767025470733643,15.420247077941895,5,1
1961,0.22677627205848694,4.871511459350586,0.9272124767303467,0.05027874559164047,4.885557651519775,15.258995056152344,5,1
1962,0.140109121799469,4.600526332855225,0.9516282081604004,0.050589971244335175,4.6907219886779785,15.140729904174805,5,1
1963,0.18194004893302917,4.554459571838379,0.9654578566551208,0.04140064865350723,4.657366752624512,17.526344299316406,5,1
1964,0.20074206590652466,4.199974060058594,0.9174824357032776,0.06066272407770157,5.033486366271973,16.303232192993164,5,1
1965,0.15328547358512878,4.370957374572754,0.9411450624465942,0.0694141834974289,4.969486713409424,16.145532608032227,5,1
1966,0.12561319768428802,4.664072513580322,0.9594705104827881,0.036864928901195526,5.002796173095703,13.975735664367676,5,1
1967,0.28307563066482544,7.061164855957031,0.9870899319648743,0.008021748624742031,4.947962760925293,17.669971466064453,5,1
1968,0.1591360718011856,3.012014150619507,0.9324768781661987,0.14460252225399017,4.563994884490967,17.905824661254883,5,1
1969,0.31989938020706177,4.157500743865967,0.8814817667007446,0.05742915719747543,4.796106815338135,16.292783737182617,5,1
1970,0.2515844702720642,4.146160125732422,0.9219123125076294,0.06611555814743042,4.890702724456787,13.97331428527832,5,1
1971,0.18820267915725708,4.730656147003174,0.9492300748825073,0.047757264226675034,4.626976013183594,13.238957405090332,5,1
1972,0.18079376220703125,3.4337525367736816,0.9196821451187134,0.09733512997627258,4.475196361541748,13.94505786895752,5,1
1973,0.18387310206890106,4.0003509521484375,0.9284447431564331,0.07939239591360092,4.750423431396484,18.39793586730957,5,1
1974,0.2967214286327362,3.1649866104125977,0.855549156665802,0.143480584025383,4.5864481925964355,16.601810455322266,5,1
1975,0.19569090008735657,3.4611902236938477,0.9106276631355286,0.102674201130867,4.519911289215088,12.198782920837402,5,1
1976,0.14313116669654846,4.366342544555664,0.9395890235900879,0.06984242796897888,4.688696384429932,14.504523277282715,5,1
1977,0.1130204126238823,4.80647087097168,0.9768901467323303,0.030458085238933563,4.883342266082764,15.516213417053223,5,1
1978,0.13508301973342896,3.9312119483947754,0.936635434627533,0.09083671867847443,4.477987289428711,16.717260360717773,5,1
1979,0.22002220153808594,4.115975379943848,0.8997424840927124,0.07667596638202667,4.783139228820801,18.332014083862305,5,1
1980,0.20603573322296143,4.44485330581665,0.9117343425750732,0.05169013887643814,4.767119407653809,16.092975616455078,5,1
1981,0.18863415718078613,3.778550386428833,0.9217348098754883,0.08271971344947815,4.552802085876465,13.542622566223145,5,1
1982,0.2566276788711548,3.658846378326416,0.8910647034645081,0.08975213766098022,4.591522693634033,14.148715019226074,5,1
1983,0.09834375232458115,5.056859016418457,0.9564335346221924,0.04127588868141174,4.709975719451904,13.790130615234375,5,1
1984,0.27344000339508057,6.777634620666504,0.9730840921401978,0.006159105803817511,5.036269664764404,17.50083351135254,5,1
1985,0.24726450443267822,2.7923009395599365,0.9147729873657227,0.15060171484947205,4.438324451446533,12.562005043029785,5,1
1986,0.11600036919116974,5.568419456481934,0.9520772695541382,0.024098936468362808,4.877129077911377,14.177387237548828,5,1
1987,0.11439021676778793,4.728218078613281,0.9604528546333313,0.0531437024474144,4.96436071395874,14.841681480407715,5,1
1988,0.13073548674583435,5.275111198425293,0.966216504573822,0.026630304753780365,5.0567755699157715,14.789509773254395,5,1
1989,0.1712663620710373,3.400599479675293,0.9390226602554321,0.10411591082811356,4.613954067230225,10.826861381530762,5,1
1990,0.7456047534942627,6.846240997314453,0.8063398003578186,0.012407658621668816,5.176966667175293,15.268290519714355,5,1
1991,0.3260253369808197,6.010749340057373,0.9644016623497009,0.03670589253306389,5.129968643188477,19.778072357177734,5,1
1992,0.1819656789302826,5.024445533752441,0.9225608110427856,0.03529525175690651,5.070425033569336,14.982404708862305,5,1
1993,0.129189595580101,3.3896615505218506,0.935863196849823,0.11109159886837006,4.7718892097473145,13.8106050491333,5,1
1994,0.1319667547941208,4.73219108581543,0.9470685124397278,0.05445319041609764,5.535691261291504,16.535167694091797,5,1
1995,0.16341286897659302,4.7205610275268555,0.9411709308624268,0.0357433557510376,4.853272914886475,17.450645446777344,5,1
1996,0.21104827523231506,4.532293796539307,0.9621882438659668,0.0525626614689827,4.935689926147461,17.772687911987305,5,1
1997,0.1673705130815506,4.051819801330566,0.9468978047370911,0.08127053081989288,4.700230598449707,14.805939674377441,5,1
1998,0.27003687620162964,3.785987377166748,0.882635235786438,0.07877751439809799,4.466322898864746,15.897446632385254,5,1
1999,0.22981035709381104,4.736358165740967,0.8953020572662354,0.04207397252321243,4.965085506439209,15.91749382019043,5,1
2000,0.13925912976264954,4.425891399383545,0.9485774040222168,0.05661475285887718,4.503589630126953,16.1628360748291,5,1
2001,0.2249281108379364,3.923492193222046,0.9186239242553711,0.09664132446050644,4.327029705047607,16.13011932373047,5,1
2002,0.1715882271528244,4.58398962020874,0.9503499269485474,0.04815099760890007,4.653456687927246,16.72869873046875,5,1
2003,0.12771858274936676,4.588569641113281,0.9594152569770813,0.04561737924814224,4.662843704223633,13.52524185180664,5,1
2004,0.25107407569885254,3.818243980407715,0.9106443524360657,0.08627156913280487,4.587368488311768,13.145109176635742,5,1
2005,0.10010338574647903,4.391735553741455,0.9567331671714783,0.0540882870554924,4.738861083984375,14.176552772521973,5,1
2006,0.19042357802391052,3.881288766860962,0.9539021849632263,0.08678051829338074,4.561328887939453,17.392005920410156,5,1
2007,0.10302077978849411,4.945243835449219,0.9612798690795898,0.02952500432729721,4.777657985687256,19.284818649291992,5,1
2008,0.23895546793937683,3.0083017349243164,0.8925279378890991,0.15148794651031494,4.423861026763916,15.298280715942383,5,1
2009,0.18193748593330383,4.833687782287598,0.9236993789672852,0.03345779329538345,4.891336917877197,14.634709358215332,5,1
2010,0.14930559694766998,4.2450947761535645,0.9443050026893616,0.06560632586479187,5.061171054840088,12.765791893005371,5,1
2011,0.13607095181941986,5.155282974243164,0.9377293586730957,0.04394541680812836,4.5832414627075195,17.179317474365234,5,1
2012,0.19855043292045593,4.880195617675781,0.9692360758781433,0.037433624267578125,4.731286525726318,19.372020721435547,5,1
2013,0.16063427925109863,3.74306058883667,0.9443008899688721,0.07610627263784409,4.674903869628906,17.83452033996582,5,1
2014,1.76835298538208,7.927363395690918,0.6919175386428833,0.01109362207353115,5.200728416442871,16.93934440612793,5,1
2015,0.29737770557403564,4.176413536071777,0.9513968825340271,0.11810624599456787,4.590530872344971,15.228209495544434,5,1
2016,0.4970521330833435,5.880380630493164,0.8494470119476318,0.017117369920015335,4.974308013916016,21.031639099121094,5,1
2017,0.20634977519512177,5.4997100830078125,0.9777258634567261,0.024336179718375206,4.721179008483887,21.025074005126953,5,1
2018,0.21615034341812134,4.580975532531738,0.926007091999054,0.053987838327884674,5.112761497497559,20.61661720275879,5,1
2019,0.2707141637802124,4.954631805419922,0.9164533615112305,0.03820548951625824,4.797661781311035,12.975881576538086,5,1
2020,0.12492785602807999,4.9511637687683105,0.9622828364372253,0.02608589082956314,4.477579116821289,16.852983474731445,5,1
2021,0.10904887318611145,4.609761714935303,0.9607898592948914,0.04647096246480942,4.5898566246032715,21.240585327148438,5,1
2022,0.1358797699213028,4.786128044128418,0.9410008192062378,0.04008014500141144,4.991837501525879,18.387109756469727,5,1
2023,0.15226291120052338,4.796267986297607,0.9287779927253723,0.04402486979961395,4.743494033813477,18.770381927490234,5,1
2024,0.15438717603683472,5.049371719360352,0.9589768648147583,0.027531994506716728,4.71207332611084,18.38707733154297,5,1
2025,0.15731696784496307,4.016633987426758,0.9398133754730225,0.0743577629327774,4.646175861358643,15.646520614624023,5,1
2026,0.27790045738220215,6.520369529724121,0.9585317969322205,0.009729618206620216,4.751420974731445,13.580562591552734,5,1
2027,0.17239895462989807,4.108752250671387,0.9293627738952637,0.07032614946365356,4.711978912353516,17.184646606445312,5,1
2028,0.14574085175991058,5.2664337158203125,0.9799398183822632,0.029726412147283554,4.638721942901611,19.792057037353516,5,1
2029,0.1865362823009491,4.296041965484619,0.9238613843917847,0.06018102541565895,4.792400360107422,17.42780876159668,5,1
2030,0.13751575350761414,4.331381797790527,0.9507690668106079,0.044765591621398926,4.565140247344971,13.9535551071167,5,1
2031,0.2053484320640564,4.511087417602539,0.9576808214187622,0.06079154461622238,4.659469127655029,13.143035888671875,5,1
2032,0.1544603407382965,3.42521333694458,0.9577696919441223,0.10577245056629181,4.363997936248779,17.630861282348633,5,1
2033,0.21151210367679596,4.8508100509643555,0.9179782867431641,0.02763155847787857,4.844789981842041,19.75069236755371,5,1
2034,0.1654888242483139,4.1531877517700195,0.9600549340248108,0.06273306906223297,4.821206092834473,17.823150634765625,5,1
2035,0.17906339466571808,4.483241081237793,0.9556549191474915,0.055853310972452164,4.4705986976623535,16.31769561767578,5,1
2036,0.15854322910308838,4.3739013671875,0.965407133102417,0.06390903145074844,4.692407608032227,16.17973518371582,5,1
2037,0.2382209599018097,3.7760086059570312,0.8962095975875854,0.0845647007226944,5.021417140960693,15.731168746948242,5,1
2038,0.34796977043151855,7.918210983276367,0.9853852987289429,0.0023560088593512774,5.086406707763672,23.9481143951416,5,1
2039,0.16195127367973328,5.057962894439697,0.961884617805481,0.026632927358150482,4.9389448165893555,20.14592742919922,5,1
2040,0.17134003341197968,4.663957595825195,0.9376389980316162,0.05283374339342117,5.207377910614014,18.854402542114258,5,1
2041,0.1603788435459137,4.7455244064331055,0.9257503151893616,0.045553527772426605,4.898359298706055,17.555423736572266,5,1
2042,0.24921467900276184,5.342313766479492,0.9198735356330872,0.017932606860995293,4.649367809295654,15.369728088378906,5,1
2043,0.1676105260848999,3.84186053276062,0.9639593362808228,0.08413337916135788,4.6656904220581055,15.20196533203125,5,1
2044,0.14267763495445251,4.679255962371826,0.9330532550811768,0.041549548506736755,4.900718688964844,20.210378646850586,5,1
2045,0.2932577133178711,6.444891452789307,0.9813542366027832,0.010420981794595718,4.794102668762207,21.24161148071289,5,1
2046,0.1593266725540161,4.336931228637695,0.9291967153549194,0.06057904660701752,4.805221080780029,19.122966766357422,5,1
2047,0.29139912128448486,5.126588821411133,0.9518167972564697,0.030783241614699364,4.952404975891113,17.957935333251953,5,1
2048,0.20471809804439545,3.60671329498291,0.9330768585205078,0.1173354834318161,4.436369895935059,15.062963485717773,5,1
2049,0.1706538200378418,4.224640846252441,0.9482758045196533,0.0717296451330185,4.790618896484375,18.392780303955078,5,1
2050,0.13914735615253448,4.387725830078125,0.9336275458335876,0.05628829449415207,4.837954998016357,20.174861907958984,5,1
2051,0.21630841493606567,6.9234938621521,0.9819572567939758,0.010122832842171192,5.454392433166504,22.314369201660156,5,1
2052,0.2127356231212616,4.844061851501465,0.9561594724655151,0.045340314507484436,4.6696953773498535,16.3945255279541,5,1
2053,0.18348373472690582,4.150297164916992,0.9230099320411682,0.07486334443092346,4.619579792022705,12.254220962524414,5,1
2054,0.1680377721786499,3.642052173614502,0.9406337141990662,0.08693382889032364,4.590836048126221,16.65369415283203,5,1
2055,0.1916942000389099,4.403984546661377,0.9284123182296753,0.048182688653469086,4.872364521026611,20.25040626525879,5,1
2056,0.2866441309452057,4.950194358825684,0.897132158279419,0.051093414425849915,5.049989223480225,22.260967254638672,5,1
2057,0.21132874488830566,6.496777057647705,0.9645966291427612,0.010142710991203785,5.032357692718506,18.906208038330078,5,1
2058,0.15407925844192505,5.3117780685424805,0.9786636829376221,0.022351637482643127,5.040465354919434,13.915197372436523,5,1
2059,0.173784077167511,3.0162947177886963,0.9186004400253296,0.13966859877109528,4.295298099517822,11.545608520507812,5,1
2060,0.24765527248382568,3.212038516998291,0.9003775119781494,0.11099954694509506,4.426973819732666,18.556053161621094,5,1
2061,0.36060819029808044,6.833369731903076,0.8757864236831665,0.011162912473082542,4.81440544128418,23.378543853759766,5,1
2062,0.1715528666973114,3.018543243408203,0.942490816116333,0.13087254762649536,4.649314880371094,20.337291717529297,5,1
2063,0.41223660111427307,5.315099239349365,0.8547676801681519,0.02946273423731327,5.2091240882873535,18.367446899414062,5,1
2064,0.20327657461166382,4.973800182342529,0.9426220059394836,0.03442452847957611,5.097324848175049,14.7252197265625,5,1
2065,0.17581875622272491,4.629985809326172,0.9249905347824097,0.044269345700740814,4.858382225036621,18.245731353759766,5,1
2066,0.3219313621520996,3.9817280769348145,0.8731797337532043,0.09506510198116302,4.496824264526367,17.93170928955078,5,1
2067,0.14740796387195587,5.008500099182129,0.9459934830665588,0.04324384033679962,4.784204959869385,18.679826736450195,5,1
2068,0.13813748955726624,3.9035727977752686,0.9530364871025085,0.07955298572778702,4.482215881347656,17.527299880981445,5,1
2069,0.2621641159057617,4.246558666229248,0.8822306394577026,0.05671706050634384,4.80881404876709,16.521482467651367,5,1
2070,0.1336630880832672,4.56718635559082,0.9509803056716919,0.049838386476039886,4.763619422912598,15.59622859954834,5,1
2071,0.17551730573177338,4.907793045043945,0.9528716802597046,0.04189564287662506,4.65039587020874,16.278079986572266,5,1
2072,0.16024082899093628,4.778584003448486,0.9635300040245056,0.04207899421453476,4.782344341278076,21.600025177001953,5,1
2073,0.1593286693096161,4.502030849456787,0.9545383453369141,0.05003475397825241,4.732693672180176,16.887292861938477,5,1
2074,0.19984613358974457,3.5695414543151855,0.9258129596710205,0.11315080523490906,4.490476131439209,15.129802703857422,5,1
2075,0.16053231060504913,3.5145263671875,0.9245386123657227,0.11429138481616974,4.550456523895264,15.751570701599121,5,1
2076,0.17001499235630035,3.6622676849365234,0.9406424760818481,0.09735856205224991,4.620457172393799,15.13998031616211,5,1
2077,0.42211371660232544,5.1790056228637695,0.8413398861885071,0.04435630887746811,4.806004524230957,17.493635177612305,5,1
2078,0.19465294480323792,5.783254146575928,0.9785871505737305,0.014652548357844353,4.982051849365234,16.19560432434082,5,1
2079,0.12355296313762665,3.862169027328491,0.9562170505523682,0.07759034633636475,4.623552322387695,15.064374923706055,5,1
2080,0.17070019245147705,4.661193370819092,0.9337497353553772,0.04383127763867378,4.7283148765563965,13.418743133544922,5,1
2081,0.2132391333580017,4.343625545501709,0.9191712737083435,0.05886787176132202,4.907935619354248,18.558656692504883,5,1
2082,0.178618922829628,3.675510883331299,0.9190936088562012,0.1140948235988617,4.666148662567139,16.401710510253906,5,1
2083,0.19982574880123138,3.6283156871795654,0.9092370271682739,0.09579653292894363,4.813690662384033,15.951223373413086,5,1
2084,0.30157631635665894,3.2831296920776367,0.8763682246208191,0.1240212619304657,4.658857345581055,13.474685668945312,5,1
2085,0.11976449191570282,3.8750813007354736,0.9516723155975342,0.09740157425403595,4.623320579528809,15.400819778442383,5,1
2086,0.1554870903491974,3.6423587799072266,0.940356969833374,0.09161774069070816,4.624732971191406,14.139633178710938,5,1
2087,0.14007385075092316,3.2668817043304443,0.9438259601593018,0.12024123966693878,4.623458385467529,13.745614051818848,5,1
2088,0.12894085049629211,5.270467758178711,0.9515547752380371,0.027497218921780586,4.913252830505371,16.42937660217285,5,1
2089,0.6830504536628723,10.609809875488281,0.9961584806442261,0.00028194088372401893,5.042041778564453,18.113916397094727,5,1
2090,0.3304102122783661,3.5823535919189453,0.8820421695709229,0.14227671921253204,4.52409029006958,13.224724769592285,5,1
2091,0.19680120050907135,5.972171783447266,0.9575989842414856,0.021325737237930298,5.131568431854248,18.331554412841797,5,1
2092,0.16957497596740723,4.839146614074707,0.9462242722511292,0.04503745585680008,4.765146732330322,14.846138000488281,5,1
2093,0.20544478297233582,5.380727767944336,0.9585987329483032,0.018962746486067772,4.9554266929626465,14.558148384094238,5,1
2094,0.16957567632198334,4.4801740646362305,0.9197552800178528,0.057755548506975174,4.498359203338623,12.996699333190918,5,1
2095,0.24633023142814636,3.9732961654663086,0.9331653714179993,0.06921732425689697,4.611244201660156,14.446001052856445,5,1
2096,0.14629024267196655,5.471354007720947,0.9501937627792358,0.024299949407577515,4.7265400886535645,16.14019012451172,5,1
2097,0.19906076788902283,3.9536540508270264,0.9355700612068176,0.07246296107769012,4.8124895095825195,14.014134407043457,5,1
2098,0.1887843757867813,5.1860809326171875,0.9456156492233276,0.030371572822332382,5.0550537109375,15.053322792053223,5,1
2099,0.14543896913528442,4.146729946136475,0.928856372833252,0.0663771778345108,4.55247688293457,13.967924118041992,5,1
2100,0.19554775953292847,6.216351509094238,0.9582321047782898,0.011864223517477512,5.137846946716309,15.720964431762695,5,1
2101,0.37472882866859436,7.831115245819092,0.9898209571838379,0.004605397582054138,5.093021869659424,18.680540084838867,5,1
2102,0.28232163190841675,2.4808149337768555,0.8663303852081299,0.19620835781097412,4.262221813201904,12.766642570495605,5,1
2103,0.14495442807674408,3.8065855503082275,0.9478484392166138,0.10450877249240875,4.7823710441589355,13.261689186096191,5,1
2104,0.26329052448272705,3.9904067516326904,0.8862971067428589,0.06698223948478699,4.644343376159668,16.783218383789062,5,1
2105,0.27566275000572205,5.700160026550293,0.975511908531189,0.016565978527069092,4.692683696746826,15.593005180358887,5,1
2106,0.17034968733787537,3.0835678577423096,0.9225150346755981,0.13933348655700684,4.452850341796875,13.120967864990234,5,1
2107,0.3768884837627411,3.339482307434082,0.8731959462165833,0.12238068133592606,4.62772274017334,15.777877807617188,5,1
2108,0.26493433117866516,3.1812081336975098,0.8818007111549377,0.13598626852035522,4.439140319824219,14.69910717010498,5,1
2109,0.16961167752742767,3.8154382705688477,0.9169712066650391,0.0809083878993988,4.762513160705566,14.547798156738281,5,1
2110,0.14731141924858093,4.794308662414551,0.955782949924469,0.027374323457479477,4.704715251922607,15.101089477539062,5,1
2111,0.1535414159297943,4.523458480834961,0.9434396028518677,0.0445430651307106,4.704012870788574,14.818784713745117,5,1
2112,0.15649475157260895,5.956217288970947,0.9588361978530884,0.013106204569339752,4.887596130371094,14.616752624511719,5,1
2113,0.21144145727157593,4.063178539276123,0.9332236051559448,0.08241395652294159,4.630649089813232,16.766490936279297,5,1
2114,0.6480200290679932,4.40363883972168,0.7954554557800293,0.060959592461586,4.729587078094482,15.444756507873535,5,1
2115,0.1873067319393158,4.132879257202148,0.9247989654541016,0.06485345214605331,4.6645827293396,12.114940643310547,5,1
2116,0.18219467997550964,4.470642566680908,0.9360394477844238,0.044739387929439545,4.870977401733398,14.06568717956543,5,1
2117,0.19539618492126465,4.88568639755249,0.9619548320770264,0.04986804723739624,4.911317348480225,14.09555721282959,5,1
2118,0.21095481514930725,3.4860830307006836,0.924110472202301,0.09645721316337585,4.842124938964844,13.85366153717041,5,1
2119,0.18775948882102966,5.336127758026123,0.9567567706108093,0.026453301310539246,4.877500057220459,13.990652084350586,5,1
2120,0.16312669217586517,3.9595375061035156,0.932188093662262,0.0778239443898201,4.5804643630981445,14.556713104248047,5,1
2121,0.22238865494728088,5.207178592681885,0.9590836763381958,0.027225902304053307,4.9980974197387695,13.328685760498047,5,1
2122,0.10627451539039612,3.5310873985290527,0.9485886693000793,0.07774973660707474,4.758971214294434,11.902822494506836,5,1
2123,0.139592707157135,3.322157382965088,0.9400616884231567,0.11239506304264069,4.681929111480713,11.605504989624023,5,1
2124,0.21925891935825348,4.59887170791626,0.9134908318519592,0.0427163727581501,4.840502738952637,15.372384071350098,5,1
2125,0.1919185221195221,4.225076675415039,0.9487818479537964,0.06451171636581421,4.407466411590576,12.950265884399414,5,1
2126,0.23151683807373047,3.7653212547302246,0.9061758518218994,0.08040354400873184,4.477785587310791,13.922858238220215,5,1
2127,0.15581482648849487,3.4449315071105957,0.9472150802612305,0.09285727143287659,4.249178409576416,12.316122055053711,5,1
2128,0.1677732765674591,4.48779296875,0.9497268199920654,0.04426458477973938,4.562353610992432,14.605531692504883,5,1
2129,0.21328724920749664,6.796465873718262,0.9744052886962891,0.006376521661877632,4.844388961791992,14.960542678833008,5,1
2130,0.19081616401672363,4.459371566772461,0.9514825344085693,0.052452586591243744,4.810706615447998,13.343768119812012,5,1
2131,0.2254353165626526,4.702080249786377,0.948861837387085,0.03839646652340889,5.015043258666992,14.323391914367676,5,1
2132,0.310945987701416,7.4219441413879395,0.9793267846107483,0.00460620503872633,4.9380693435668945,16.139997482299805,5,1
2133,0.17355754971504211,3.005899429321289,0.9576946496963501,0.16374605894088745,4.328996181488037,13.873096466064453,5,1
2134,1.0337132215499878,6.936140060424805,0.7792346477508545,0.01922466605901718,4.980191707611084,18.574867248535156,5,1
2135,0.365195631980896,6.6891584396362305,0.9852672219276428,0.010384753346443176,5.143292427062988,21.103796005249023,5,1
2136,0.15576773881912231,5.1473798751831055,0.943449854850769,0.04342788830399513,4.5948100090026855,17.69342803955078,5,1
2137,0.17327454686164856,4.42664098739624,0.9423205256462097,0.05089510232210159,4.693101406097412,14.045600891113281,5,1
2138,0.3361980617046356,1.6708900928497314,0.8481717109680176,0.41365286707878113,3.4547994136810303,11.300240516662598,5,1
2139,0.35170507431030273,8.364082336425781,0.897130012512207,0.011029334738850594,5.341108798980713,27.31394386291504,5,1
2140,0.20053249597549438,2.897495746612549,0.9393579959869385,0.19859570264816284,4.207190990447998,18.922401428222656,5,1
2141,0.2012028843164444,5.590432167053223,0.9430415630340576,0.03421679139137268,4.731468677520752,18.144258499145508,5,1
2142,0.30046164989471436,2.833737850189209,0.8725957274436951,0.17243371903896332,4.295592784881592,19.055021286010742,5,1
2143,0.23079760372638702,4.3466949462890625,0.9158914685249329,0.06798175722360611,4.806604862213135,21.15099334716797,5,1
2144,0.1286197304725647,6.047529697418213,0.9603443741798401,0.01596854068338871,4.848574638366699,21.585689544677734,5,1
2145,0.2535320520401001,4.942965507507324,0.9125049114227295,0.037511132657527924,4.752806186676025,16.559444427490234,5,1
2146,0.2645126283168793,5.928138732910156,0.9808211922645569,0.01841713674366474,4.918228626251221,17.39333152770996,5,1
2147,0.13677015900611877,3.7034242153167725,0.9345449209213257,0.07969240844249725,4.554487228393555,15.779821395874023,5,1
2148,0.18398919701576233,3.577803611755371,0.9402244091033936,0.09377225488424301,4.579165935516357,17.155179977416992,5,1
2149,0.24177658557891846,3.764305591583252,0.901799738407135,0.08542315661907196,4.4274702072143555,15.369701385498047,5,1
2150,0.20611020922660828,3.242654323577881,0.9248402714729309,0.10532508790493011,4.374057769775391,14.636890411376953,5,1
2151,0.24401864409446716,2.4314539432525635,0.8906092047691345,0.19654422998428345,4.26607608795166,13.226547241210938,5,1
2152,0.2004730999469757,5.052661418914795,0.9522120952606201,0.0370594747364521,4.413241386413574,16.513751983642578,5,1
2153,0.14744599163532257,4.1386213302612305,0.9565935134887695,0.0640411302447319,4.6884636878967285,14.32724666595459,5,1
2154,0.19739070534706116,5.1888837814331055,0.9665768146514893,0.03370329737663269,4.654895782470703,14.99576187133789,5,1
2155,0.1564694344997406,4.356104373931885,0.9479703307151794,0.06466023623943329,4.6275811195373535,15.746725082397461,5,1
2156,0.10666432976722717,4.245909690856934,0.9714937210083008,0.05361821874976158,4.665946006774902,13.427574157714844,5,1
2157,0.15749958157539368,4.070842742919922,0.9469799995422363,0.07928511500358582,4.790026664733887,15.085798263549805,5,1
2158,0.13712893426418304,4.830621242523193,0.9320881366729736,0.03629578277468681,4.97643518447876,14.95544719696045,5,1
2159,0.12746500968933105,4.094408988952637,0.9419136643409729,0.05903742462396622,4.547582626342773,12.81013011932373,5,1
2160,0.169333815574646,5.125845432281494,0.9671026468276978,0.03689208999276161,5.019068241119385,16.580190658569336,5,1
2161,0.185358464717865,5.443472862243652,0.9713204503059387,0.022487835958600044,4.906551837921143,15.62454605102539,5,1
2162,0.1577952653169632,5.852535247802734,0.9676331877708435,0.020042696967720985,4.81723165512085,13.403030395507812,5,1
2163,0.15994355082511902,4.241212844848633,0.9485447406768799,0.05428922548890114,4.701968669891357,12.709341049194336,5,1
2164,0.10990650951862335,4.557578086853027,0.9735883474349976,0.04997895285487175,4.745683193206787,15.164840698242188,5,1
2165,0.2644846737384796,4.3988261222839355,0.9174915552139282,0.04570974037051201,4.568374156951904,15.014557838439941,5,1
2166,0.1553269773721695,4.073026180267334,0.946775496006012,0.07600649446249008,4.525533676147461,15.100380897521973,5,1
2167,0.4426105320453644,7.330129623413086,0.9720941781997681,0.01216991525143385,4.983553409576416,17.44015884399414,5,1
2168,0.20241734385490417,4.034206867218018,0.9299077391624451,0.05602574720978737,4.628671169281006,13.779879570007324,5,1
2169,0.3206288814544678,3.682262420654297,0.8779171705245972,0.09621724486351013,4.533263683319092,14.37603759765625,5,1
2170,0.1161845251917839,4.806519985198975,0.9650391340255737,0.027897700667381287,4.695069789886475,13.33940601348877,5,1
2171,0.14403700828552246,3.995162010192871,0.9467419385910034,0.06540420651435852,4.603949069976807,14.735648155212402,5,1
2172,0.14220833778381348,4.3005900382995605,0.9451523423194885,0.05080796033143997,4.621405601501465,14.070222854614258,5,1
2173,0.1657865047454834,4.770711898803711,0.9518404006958008,0.03873690962791443,4.6204423904418945,12.723220825195312,5,1
2174,0.1936018168926239,5.051891326904297,0.9515806436538696,0.031799301505088806,4.8243865966796875,14.927017211914062,5,1
2175,0.16637757420539856,4.029580116271973,0.9245147705078125,0.06632870435714722,4.623389720916748,12.997275352478027,5,1
2176,0.15925230085849762,5.492631912231445,0.951590359210968,0.020248491317033768,4.874505043029785,15.432921409606934,5,1
2177,0.17582854628562927,4.891092300415039,0.9201127290725708,0.031024035066366196,4.694975852966309,13.338668823242188,5,1
2178,0.13616420328617096,4.091216087341309,0.976423442363739,0.05134398490190506,4.582596302032471,16.029542922973633,5,1
2179,0.27630144357681274,6.488952159881592,0.9598668217658997,0.009589320048689842,4.817922592163086,15.794818878173828,5,1
2180,0.1827818751335144,2.8807809352874756,0.9293686151504517,0.1605423092842102,4.413277626037598,11.518290519714355,5,1
2181,0.35765230655670166,4.1809797286987305,0.8506702780723572,0.06789485365152359,4.6817121505737305,18.549169540405273,5,1
2182,0.19782546162605286,5.988264083862305,0.9765878319740295,0.016354437917470932,4.949599266052246,15.850761413574219,5,1
2183,0.2631663680076599,3.3484439849853516,0.9121537208557129,0.12428155541419983,4.497744083404541,11.647947311401367,5,1
2184,0.10592561215162277,4.0088629722595215,0.9707837700843811,0.07801267504692078,4.546787261962891,12.891050338745117,5,1
2185,0.13593196868896484,4.435871124267578,0.968674898147583,0.037870556116104126,4.806060791015625,15.770867347717285,5,1
2186,0.23019035160541534,2.8378496170043945,0.9137418270111084,0.16041399538516998,4.2766828536987305,13.215688705444336,5,1
2187,0.1593235582113266,4.522953033447266,0.9491041898727417,0.04411527141928673,4.8768839836120605,16.730863571166992,5,1
2188,0.31353968381881714,3.2713680267333984,0.8775534629821777,0.10920080542564392,4.52146053314209,15.146184921264648,5,1
2189,0.16986772418022156,4.204989910125732,0.9396095871925354,0.05824209749698639,4.739241123199463,15.055241584777832,5,1
2190,0.1675131916999817,4.3215484619140625,0.9392414093017578,0.05686882138252258,4.525989055633545,13.389467239379883,5,1
2191,0.18524596095085144,4.1257734298706055,0.9417664408683777,0.055392056703567505,4.666727066040039,14.648436546325684,5,1
2192,0.14240798354148865,4.712148666381836,0.9652354717254639,0.03899423032999039,4.491065502166748,13.295660972595215,5,1
2193,0.264007031917572,5.060466766357422,0.9295940399169922,0.031554967164993286,4.895956993103027,13.177519798278809,5,1
2194,0.18646548688411713,4.849684238433838,0.9729444980621338,0.04057290405035019,4.769239902496338,15.128618240356445,5,1
2195,0.17861375212669373,4.572519779205322,0.9432590007781982,0.04852043464779854,5.029697895050049,14.107514381408691,5,1
2196,0.19098803400993347,4.734799385070801,0.9380329847335815,0.04195309430360794,4.5970635414123535,16.146411895751953,5,1
2197,0.3751540184020996,5.701143264770508,0.8773594498634338,0.030469391494989395,4.879500865936279,14.770179748535156,5,1
2198,0.44352954626083374,6.579835891723633,0.9599547386169434,0.018234772607684135,4.613418102264404,16.85175132751465,5,1
2199,0.1542511284351349,4.339240074157715,0.9500739574432373,0.057357676327228546,4.592863082885742,14.669156074523926,5,1
2200,0.27634793519973755,3.788947105407715,0.9287294149398804,0.08901525288820267,4.892186641693115,14.546774864196777,5,1
2201,0.2307603657245636,4.012029647827148,0.9422048330307007,0.07700267434120178,4.602230072021484,13.766754150390625,5,1
2202,0.24702072143554688,3.3268346786499023,0.8803170919418335,0.10802575200796127,4.463943004608154,11.855744361877441,5,1
2203,0.1774595081806183,3.4219319820404053,0.9209649562835693,0.11203978955745697,4.308413982391357,13.344330787658691,5,1
2204,0.1906583607196808,3.6160073280334473,0.9309782981872559,0.0876193642616272,4.406601428985596,14.064794540405273,5,1
2205,0.17358197271823883,3.507737398147583,0.9550813436508179,0.10481052100658417,4.404048919677734,15.211231231689453,5,1
2206,0.18090876936912537,3.871408224105835,0.9528888463973999,0.07464823126792908,5.065593242645264,16.77389907836914,5,1
2207,0.3742418885231018,2.471996545791626,0.85520339012146,0.1896689087152481,4.274862766265869,12.390363693237305,5,1
2208,0.157476544380188,5.376605987548828,0.9360781311988831,0.020267503336071968,4.8287858963012695,16.26219367980957,5,1
2209,0.1046210452914238,3.742926597595215,0.9552127122879028,0.08260207623243332,4.582990646362305,13.678954124450684,5,1
2210,0.18702489137649536,3.8236184120178223,0.9352318644523621,0.07392493635416031,4.490626335144043,14.280818939208984,5,1
2211,0.26271262764930725,4.870043754577637,0.9428338408470154,0.03194516897201538,4.616347312927246,15.051190376281738,5,1
2212,0.44444769620895386,6.276309490203857,0.8832330703735352,0.011362439021468163,4.886013031005859,15.025992393493652,5,1
2213,0.19057026505470276,4.450893402099609,0.9683198928833008,0.06145692244172096,4.654196262359619,18.06220245361328,5,1
2214,0.2804318368434906,2.8053460121154785,0.9003617763519287,0.17532038688659668,4.385591983795166,14.982038497924805,5,1
2215,0.1892501413822174,3.834745407104492,0.9109891653060913,0.0872371643781662,4.471008777618408,16.22000503540039,5,1
2216,0.14078333973884583,4.110953330993652,0.9497080445289612,0.06641201674938202,4.702772617340088,15.696797370910645,5,1
2217,0.1802992820739746,4.351103782653809,0.9477308988571167,0.051961541175842285,4.715944766998291,15.427389144897461,5,1
2218,0.3202838897705078,1.767073154449463,0.8756563067436218,0.3403812050819397,3.681312322616577,11.301880836486816,5,1
2219,1.1335195302963257,8.669136047363281,0.7587698698043823,0.047203898429870605,5.323278903961182,31.220909118652344,5,1
2220,0.4964218735694885,5.661380767822266,0.9781637787818909,0.038225919008255005,4.581760883331299,18.502315521240234,5,1
2221,0.2941139042377472,5.098154544830322,0.8789389133453369,0.031203830614686012,4.929999351501465,18.35321617126465,5,1
2222,0.21390417218208313,4.4492340087890625,0.9494786262512207,0.04945617541670799,4.5608367919921875,19.41082763671875,5,1
2223,0.33879971504211426,3.269145965576172,0.8721967935562134,0.1385035663843155,4.213484764099121,16.67451286315918,5,1
2224,0.339553564786911,3.070427417755127,0.8583306670188904,0.14159637689590454,4.379370212554932,15.521626472473145,5,1
2225,0.1615907847881317,4.627737998962402,0.9585921764373779,0.041999805718660355,4.563551902770996,17.187923431396484,5,1
2226,0.10610853135585785,4.591626167297363,0.9603729844093323,0.053933948278427124,4.670370578765869,15.593071937561035,5,1
2227,0.17182175815105438,3.6457812786102295,0.9275894165039062,0.09190727770328522,4.697214126586914,13.72304916381836,5,1
2228,0.2576751708984375,3.542346239089966,0.8850732445716858,0.08563874661922455,4.387482643127441,13.766202926635742,5,1
2229,0.20627734065055847,4.674924373626709,0.9150082468986511,0.03888717293739319,4.7211012840271,14.857861518859863,5,1
2230,0.14635109901428223,4.141414642333984,0.9627684950828552,0.05616936832666397,4.53695011138916,17.800769805908203,5,1
2231,0.10723024606704712,4.869476318359375,0.954877495765686,0.03229006752371788,4.730836391448975,18.047821044921875,5,1
2232,0.16921588778495789,4.710482597351074,0.9370208978652954,0.04227650165557861,4.623650550842285,16.659940719604492,5,1
2233,0.18437141180038452,4.108489990234375,0.9396243095397949,0.07421588152647018,4.66646671295166,13.642881393432617,5,1
2234,0.15153956413269043,3.953474283218384,0.9271155595779419,0.0622144415974617,4.675118923187256,18.113245010375977,5,1
2235,0.29576435685157776,6.08216667175293,0.978030800819397,0.009758159518241882,4.732336044311523,14.052643775939941,5,1
2236,0.14856448769569397,4.170419216156006,0.9726204872131348,0.06316368281841278,4.297969818115234,13.516847610473633,5,1
2237,0.0953979343175888,5.367881774902344,0.9612875580787659,0.0291807409375906,4.616833209991455,15.157894134521484,5,1
2238,0.17322638630867004,4.238040447235107,0.9534796476364136,0.05025525391101837,4.5604705810546875,14.52803897857666,5,1
2239,0.14601460099220276,3.7529282569885254,0.9515131711959839,0.10314253717660904,4.655936241149902,14.898947715759277,5,1
2240,0.2516690194606781,4.342247009277344,0.9098936915397644,0.06620500981807709,4.826196670532227,14.936713218688965,5,1
2241,0.2245972454547882,3.0856287479400635,0.902667224407196,0.11899730563163757,4.5825090408325195,12.712418556213379,5,1
2242,0.23478560149669647,4.084159851074219,0.9108903408050537,0.0555758997797966,4.644880294799805,15.368086814880371,5,1
2243,0.24381981790065765,4.710561275482178,0.9453133344650269,0.04036828875541687,4.636330604553223,13.20829963684082,5,1
2244,0.22718781232833862,3.8198084831237793,0.903333306312561,0.07366573065519333,4.528178691864014,12.332637786865234,5,1
2245,0.1653328388929367,5.097916126251221,0.9541728496551514,0.024164872244000435,4.6407060623168945,15.867177963256836,5,1
2246,0.19280578196048737,3.068106174468994,0.9215094447135925,0.12393645942211151,4.293924808502197,13.141453742980957,5,1
2247,0.18544353544712067,3.862699508666992,0.9315705895423889,0.07855003327131271,4.722501754760742,14.87463092803955,5,1
2248,0.15938624739646912,3.8854596614837646,0.954919695854187,0.06907333433628082,4.454227447509766,13.672247886657715,5,1
2249,0.2949618101119995,3.276306629180908,0.883898138999939,0.12115360051393509,4.218042373657227,13.72712230682373,5,1
2250,0.2796770930290222,7.491151809692383,0.8953567743301392,0.0047082980163395405,4.734991073608398,17.445701599121094,5,1
2251,0.2520214319229126,3.769327163696289,0.9348059892654419,0.07934364676475525,4.789122581481934,13.51295280456543,5,1
2252,0.1498241126537323,4.958274841308594,0.9515389204025269,0.03881191462278366,4.894546985626221,13.839943885803223,5,1
2253,0.2554471492767334,3.7205426692962646,0.903974175453186,0.0902973860502243,4.7341389656066895,13.362959861755371,5,1
2254,0.20601621270179749,4.938718795776367,0.9666950702667236,0.028916824609041214,4.56918478012085,14.068949699401855,5,1
2255,0.1694105863571167,4.016998291015625,0.9290919303894043,0.05952411890029907,4.657094955444336,15.031532287597656,5,1
2256,0.1294526308774948,4.464448928833008,0.9597473740577698,0.05566033348441124,4.563644886016846,11.50102710723877,5,1
2257,0.1944454461336136,4.618114471435547,0.9369724988937378,0.04264853894710541,4.756670951843262,13.71074390411377,5,1
2258,0.17954596877098083,2.933121681213379,0.9132697582244873,0.1334679275751114,4.261441707611084,13.422502517700195,5,1
2259,0.21051941812038422,3.8569211959838867,0.917224645614624,0.07264240831136703,4.473397254943848,12.80331802368164,5,1
2260,0.16537430882453918,4.353094577789307,0.9589120149612427,0.05674496293067932,4.809026718139648,14.215359687805176,5,1
2261,0.28478288650512695,3.1093661785125732,0.9143697023391724,0.10902867466211319,4.4115753173828125,12.551722526550293,5,1
2262,0.13719861209392548,4.604872703552246,0.9517624974250793,0.04739224910736084,4.782132625579834,15.762937545776367,5,1
2263,0.14635410904884338,4.879646301269531,0.9772459268569946,0.043496258556842804,4.691298007965088,12.89023208618164,5,1
2264,0.17859533429145813,5.08722448348999,0.9594038724899292,0.026342330500483513,4.905265808105469,14.60446548461914,5,1
2265,0.11499609798192978,4.331242561340332,0.9434909224510193,0.06813296675682068,4.464766979217529,13.219443321228027,5,1
2266,0.1773918867111206,3.2538108825683594,0.943625807762146,0.11419229209423065,4.489470481872559,12.910539627075195,5,1
2267,0.15326213836669922,4.9485602378845215,0.9881151914596558,0.03513778746128082,4.6533308029174805,12.328678131103516,5,1
2268,0.22590577602386475,4.654600620269775,0.9486876726150513,0.03789771720767021,4.772814750671387,12.842485427856445,5,1
2269,0.2032226324081421,5.246987342834473,0.9788415431976318,0.022410057485103607,4.714768886566162,14.41356372833252,5,1
2270,0.17392323911190033,2.8834681510925293,0.9285236597061157,0.15751776099205017,4.292872905731201,12.400559425354004,5,1
2271,0.16623947024345398,5.03219747543335,0.9453816413879395,0.04171818122267723,4.88950777053833,13.072670936584473,5,1
2272,0.12062892317771912,4.550774097442627,0.9613009691238403,0.04105808585882187,4.789300441741943,14.020442008972168,5,1
2273,0.2421550303697586,3.265470027923584,0.9022350907325745,0.15935571491718292,4.250778675079346,12.472779273986816,5,1
2274,0.3065633475780487,3.423877239227295,0.8998115658760071,0.09426255524158478,4.351550102233887,13.675506591796875,5,1
2275,0.11805309355258942,4.822935104370117,0.961581826210022,0.03881671652197838,4.717883586883545,17.585376739501953,5,1
2276,0.22742387652397156,5.7868804931640625,0.9631571769714355,0.01799987256526947,4.470555782318115,13.965059280395508,5,1
2277,0.14314350485801697,5.92397403717041,0.9661130905151367,0.010830874554812908,4.671370983123779,13.036653518676758,5,1
2278,0.19594234228134155,5.515903472900391,0.961704432964325,0.01968490704894066,4.6978044509887695,14.867079734802246,5,1
2279,0.126654252409935,5.04171085357666,0.9614042639732361,0.028001274913549423,4.961697101593018,11.78134536743164,5,1
2280,0.5242419242858887,10.161642074584961,0.9954867362976074,0.00018540842575021088,4.674710750579834,14.082715034484863,5,1
2281,0.15589886903762817,3.712480306625366,0.9306859970092773,0.10609200596809387,4.382601737976074,13.649182319641113,5,1
2282,0.21509161591529846,3.7275476455688477,0.9174847602844238,0.0885649099946022,4.633409023284912,14.824616432189941,5,1
2283,0.42601850628852844,3.3635239601135254,0.8421252965927124,0.1077522486448288,4.556719779968262,14.518294334411621,5,1
2284,0.1603136509656906,4.9854841232299805,0.9672497510910034,0.033206257969141006,4.61369514465332,12.777802467346191,5,1
2285,0.1771392822265625,3.5463521480560303,0.9403649568557739,0.09366403520107269,4.634427547454834,17.918834686279297,5,1
2286,0.21151265501976013,4.218742370605469,0.9119549989700317,0.0671231746673584,4.743183612823486,13.371121406555176,5,1
2287,0.1255526840686798,5.052570343017578,0.9595628976821899,0.03272957354784012,4.798121452331543,13.502998352050781,5,1
2288,0.17240895330905914,4.9975996017456055,0.959083616733551,0.030411161482334137,4.612772464752197,14.095531463623047,5,1
2289,0.1251811981201172,4.650106430053711,0.9551968574523926,0.046070389449596405,4.753910064697266,14.313879013061523,5,1
2290,0.19100792706012726,4.339791297912598,0.9410284757614136,0.04794187843799591,4.8425116539001465,14.999515533447266,5,1
2291,0.15513668954372406,4.294229507446289,0.9422978758811951,0.037770457565784454,4.555536270141602,15.276571273803711,5,1
2292,0.2071959227323532,4.795403957366943,0.9033857583999634,0.035630203783512115,4.696783542633057,15.99066162109375,5,1
2293,0.23450034856796265,3.834834575653076,0.9255861639976501,0.09096686542034149,4.641767978668213,13.762310028076172,5,1
2294,0.1943461298942566,5.599004745483398,0.9561333060264587,0.011168992146849632,4.815410614013672,15.921424865722656,5,1
2295,0.2798112630844116,5.428773403167725,0.9515724778175354,0.014220227487385273,4.72907829284668,16.44934844970703,5,1
2296,0.1626994013786316,5.0333251953125,0.9531905651092529,0.029186468571424484,4.805260181427002,16.30841827392578,5,1
2297,0.2314322590827942,5.27608060836792,0.9639618396759033,0.017468299716711044,4.767642021179199,15.192157745361328,5,1
2298,0.18555717170238495,3.6569392681121826,0.9220353960990906,0.09417673945426941,4.426435947418213,13.456873893737793,5,1
2299,0.1668376922607422,4.567864418029785,0.9436885714530945,0.04442689195275307,4.728449821472168,13.825451850891113,5,1
2300,0.1686423420906067,4.1875715255737305,0.936702311038971,0.07501550018787384,4.717039108276367,16.202838897705078,5,1
2301,0.18641144037246704,3.729271411895752,0.9288841485977173,0.08912308514118195,4.389595985412598,16.35471534729004,5,1
2302,0.12924674153327942,4.6684064865112305,0.960095226764679,0.043401457369327545,4.618297576904297,15.754475593566895,5,1
2303,0.12868623435497284,5.424752235412598,0.9586953520774841,0.020524688065052032,4.7771687507629395,18.6254825592041,5,1
2304,0.4893617033958435,10.14206314086914,0.9875923991203308,0.0003005852922797203,5.023849010467529,16.833942413330078,5,1
2305,0.19624026119709015,2.71746826171875,0.9283009767532349,0.21418580412864685,4.176286220550537,13.768632888793945,5,1
2306,0.23904570937156677,4.745447158813477,0.9077323079109192,0.03873559087514877,4.6225738525390625,20.002653121948242,5,1
2307,0.13807427883148193,4.694868087768555,0.9638330936431885,0.03883226215839386,4.762639045715332,18.537385940551758,5,1
2308,0.1600905805826187,4.619441032409668,0.9496555328369141,0.04615439474582672,4.6710615158081055,17.019840240478516,5,1
2309,0.08733755350112915,3.5606138706207275,0.9698805809020996,0.12619033455848694,4.212979316711426,15.717122077941895,5,1
2310,0.15455520153045654,4.683845520019531,0.9407950639724731,0.041071027517318726,4.499469757080078,15.047842025756836,5,1
2311,0.34275999665260315,6.440333843231201,0.9812507033348083,0.009708506986498833,4.645650863647461,15.403228759765625,5,1
2312,0.1922367811203003,2.6274406909942627,0.9143552780151367,0.16490083932876587,4.064472198486328,16.514379501342773,5,1
2313,0.10522835701704025,7.323701858520508,0.9521209001541138,0.007065511308610439,4.852342128753662,17.384044647216797,5,1
2314,0.20585837960243225,4.515918731689453,0.94746994972229,0.05910273641347885,4.717890739440918,14.28197956085205,5,1
2315,0.2841704487800598,4.259741306304932,0.8929675817489624,0.062219586223363876,4.371814727783203,12.876863479614258,5,1
2316,0.1576312780380249,4.986159324645996,0.9393928050994873,0.03594280779361725,4.765192985534668,15.9407377243042,5,1
2317,0.2501053512096405,3.530061721801758,0.906647264957428,0.10171526670455933,4.544403076171875,16.42093276977539,5,1
2318,0.13190898299217224,4.80889892578125,0.9619882106781006,0.030584173277020454,4.529539108276367,16.64655113220215,5,1
2319,0.11883890628814697,5.2619781494140625,0.9659060835838318,0.024312153458595276,4.662135124206543,16.143779754638672,5,1
2320,0.1926342397928238,4.129663944244385,0.9491633176803589,0.06476005911827087,4.774670600891113,13.163859367370605,5,1
2321,0.1671956181526184,4.9072346687316895,0.9616003036499023,0.029923439025878906,4.5804829597473145,15.720589637756348,5,1
2322,0.45433592796325684,8.874443054199219,0.9897304773330688,0.0012293506879359484,4.668198108673096,20.40085792541504,5,1
2323,0.20051874220371246,3.738339900970459,0.930537760257721,0.09246022254228592,4.720254421234131,21.484989166259766,5,1
2324,0.24627739191055298,4.133833885192871,0.9140932559967041,0.05445832759141922,4.718465328216553,18.252225875854492,5,1
2325,0.4968547224998474,3.1793551445007324,0.8243850469589233,0.12251407653093338,4.266605854034424,15.100350379943848,5,1
2326,0.17585191130638123,4.595060348510742,0.9263523817062378,0.05114256963133812,4.624317646026611,17.1737117767334,5,1
2327,0.12860064208507538,3.435265064239502,0.9698659181594849,0.09620912373065948,4.665830135345459,18.546630859375,5,1
2328,0.21180158853530884,3.928969383239746,0.922441303730011,0.06811350584030151,4.546798229217529,20.696651458740234,5,1
2329,0.17028485238552094,3.9618353843688965,0.9438238739967346,0.06939861178398132,4.574131011962891,18.077375411987305,5,1
2330,0.1672922968864441,4.281394958496094,0.9332666397094727,0.05708378553390503,4.557271480560303,14.976356506347656,5,1
2331,0.1581549346446991,4.475950241088867,0.9519789814949036,0.03819590061903,4.571593761444092,14.811010360717773,5,1
2332,0.13304433226585388,4.418416976928711,0.9524914622306824,0.05147417634725571,4.72876501083374,20.090805053710938,5,1
2333,0.16936881840229034,4.238152503967285,0.9253486394882202,0.05349457263946533,4.5421319007873535,21.005233764648438,5,1
2334,0.13243961334228516,4.69678258895874,0.9566538333892822,0.030786950141191483,4.75082540512085,22.084529876708984,5,1
2335,0.10546094924211502,4.979672431945801,0.9662558436393738,0.03112974762916565,4.692075252532959,17.94679069519043,5,1
2336,0.2710074782371521,6.812227249145508,0.9694119691848755,0.010491916909813881,4.680039882659912,16.121126174926758,5,1
2337,0.17241467535495758,4.610334396362305,0.9367976784706116,0.0383317694067955,4.681234836578369,24.240140914916992,5,1
2338,0.2011711597442627,5.918828010559082,0.9700976014137268,0.01477682776749134,5.0691118240356445,24.095653533935547,5,1
2339,0.5271013379096985,6.390888214111328,0.8455233573913574,0.018023820593953133,4.788458824157715,21.12843132019043,5,1
2340,0.48303380608558655,8.120712280273438,0.9765473008155823,0.0014122901484370232,5.0175042152404785,22.507049560546875,5,1
2341,0.12857086956501007,4.2134246826171875,0.9572727680206299,0.07444755733013153,4.7409515380859375,20.145544052124023,5,1
2342,0.19731974601745605,4.412549018859863,0.9625697135925293,0.05157589167356491,4.738098621368408,19.286413192749023,5,1
2343,0.19010712206363678,4.261220932006836,0.9200580716133118,0.043044716119766235,4.460789203643799,22.142780303955078,5,1
2344,0.19491040706634521,4.539222717285156,0.9415302276611328,0.04549401253461838,4.676126003265381,20.29603385925293,5,1
2345,0.22249320149421692,4.075167179107666,0.9333281517028809,0.07139003276824951,4.493262767791748,18.493682861328125,5,1
2346,0.298238068819046,5.718376159667969,0.8746349811553955,0.03312354162335396,4.807410717010498,18.060033798217773,5,1
2347,0.2567691504955292,5.639471054077148,0.9591290354728699,0.022149333730340004,4.724705219268799,18.787006378173828,5,1
2348,0.19258831441402435,2.3157544136047363,0.9118599891662598,0.22119709849357605,4.080591678619385,15.423480987548828,5,1
2349,0.36117759346961975,5.759697914123535,0.8764954805374146,0.0320095457136631,4.663967132568359,22.931087493896484,5,1
2350,0.1626599133014679,3.95900821685791,0.9393367767333984,0.0712914988398552,4.949338912963867,18.6331844329834,5,1
2351,0.20244859158992767,4.918569087982178,0.9522653818130493,0.027386564761400223,4.6875319480896,16.971946716308594,5,1
2352,0.24791602790355682,3.5217013359069824,0.8880460262298584,0.08286845684051514,4.473343849182129,19.56243896484375,5,1
2353,0.14462816715240479,4.403294563293457,0.9543912410736084,0.06191568076610565,4.587035179138184,21.2923641204834,5,1
2354,0.20484645664691925,4.426796913146973,0.9404944181442261,0.05247567594051361,4.65005350112915,19.501195907592773,5,1
2355,0.1697673350572586,4.284497261047363,0.9274150133132935,0.04167838767170906,4.758212566375732,17.948394775390625,5,1
2356,0.1842471957206726,3.8702569007873535,0.9402640461921692,0.06551793217658997,4.599928855895996,16.366886138916016,5,1
2357,0.20975203812122345,3.268042802810669,0.908196747303009,0.11049366742372513,4.4986066818237305,14.957850456237793,5,1
2358,0.08631113916635513,6.269936561584473,0.9701160192489624,0.024889212101697922,4.664829730987549,19.422500610351562,5,1
2359,0.19425831735134125,4.096980094909668,0.9395663142204285,0.06768050044775009,4.409728050231934,15.997018814086914,5,1
2360,0.1903708577156067,4.452832221984863,0.9526092410087585,0.03796464949846268,4.718209743499756,16.733043670654297,5,1
2361,0.3944917619228363,4.302228927612305,0.8670153617858887,0.04913908243179321,4.39684534072876,15.801107406616211,5,1
2362,0.24170616269111633,3.222609043121338,0.9055407047271729,0.11895144730806351,4.498537540435791,15.811066627502441,5,1
2363,0.18354585766792297,5.237189292907715,0.9314812421798706,0.04528641700744629,4.9085516929626465,17.764362335205078,5,1
2364,0.19339141249656677,4.764008522033691,0.949316680431366,0.03317327797412872,4.811429977416992,15.429465293884277,5,1
2365,0.39558178186416626,2.895049571990967,0.8541844487190247,0.16665032505989075,4.303341865539551,14.744359970092773,5,1
2366,0.19495227932929993,6.075884819030762,0.9226824641227722,0.014617014676332474,4.9552154541015625,17.69289779663086,5,1
2367,0.17757762968540192,5.603538513183594,0.9646528363227844,0.01479310542345047,4.738523483276367,16.76306915283203,5,1
2368,0.16724446415901184,4.645321846008301,0.9620177745819092,0.036755211651325226,4.428267955780029,14.079822540283203,5,1
2369,0.1620127111673355,2.931680202484131,0.9483687877655029,0.15212899446487427,4.036900997161865,12.601768493652344,5,1
2370,0.1373290717601776,3.951598882675171,0.9420236349105835,0.09161029756069183,4.759428977966309,19.109893798828125,5,1
2371,0.14632487297058105,4.987965106964111,0.9384399652481079,0.028921032324433327,4.582101821899414,12.523383140563965,5,1
2372,0.09651315212249756,5.456178665161133,0.981255054473877,0.02105824463069439,4.730417251586914,15.23175048828125,5,1
2373,0.22160708904266357,3.500058650970459,0.9231899380683899,0.07705557346343994,4.610898971557617,15.691082000732422,5,1
2374,0.3154641389846802,6.670402526855469,0.8975319266319275,0.01640878990292549,4.742212295532227,16.829078674316406,5,1
2375,0.14599460363388062,2.9300193786621094,0.946810781955719,0.15414999425411224,4.160494327545166,13.824729919433594,5,1
2376,0.1482069194316864,5.114188194274902,0.9497418403625488,0.02468109503388405,4.782556056976318,18.344064712524414,5,1
2377,0.10996616631746292,3.9042577743530273,0.9602817296981812,0.06936545670032501,4.444737911224365,13.039575576782227,5,1
2378,0.3425193130970001,1.869321584701538,0.8590548038482666,0.3194368779659271,3.5789215564727783,10.696807861328125,5,1
2379,0.29405564069747925,5.124738693237305,0.9272032380104065,0.042149223387241364,4.615938186645508,16.942773818969727,5,1
2380,0.1472722738981247,4.439878463745117,0.949883222579956,0.04342550039291382,4.77725887298584,16.769672393798828,5,1
2381,0.13911916315555573,5.429001808166504,0.9760329127311707,0.014573497697710991,4.518746376037598,13.571638107299805,5,1
2382,0.18053163588047028,3.164675712585449,0.934051513671875,0.12980228662490845,4.411940097808838,15.169678688049316,5,1
2383,0.4061657190322876,5.921616554260254,0.8717246055603027,0.014226038008928299,4.8394060134887695,18.829139709472656,5,1
2384,0.5268815159797668,6.006165027618408,0.9633047580718994,0.015752099454402924,4.442412376403809,13.40871524810791,5,1
2385,0.2806425094604492,3.1766538619995117,0.8900970220565796,0.14217528700828552,4.025356769561768,12.097871780395508,5,1
2386,0.17791062593460083,4.674239635467529,0.9342301487922668,0.042593494057655334,4.469458103179932,14.488082885742188,5,1
2387,0.18746758997440338,3.8233284950256348,0.9168914556503296,0.08139528334140778,4.23655891418457,13.589465141296387,5,1
2388,0.16082826256752014,4.062643051147461,0.9336742758750916,0.0650426596403122,4.674944877624512,13.47659683227539,5,1
2389,0.18113921582698822,3.5726373195648193,0.9382352232933044,0.06980566680431366,4.4229607582092285,12.779317855834961,5,1
2390,0.35962462425231934,2.788041114807129,0.8701468706130981,0.16303730010986328,4.431009769439697,12.381172180175781,5,1
2391,0.256280779838562,5.3394389152526855,0.9078453779220581,0.02556013874709606,4.647578239440918,14.64365005493164,5,1
2392,0.1819290816783905,4.034701824188232,0.945423424243927,0.0870358943939209,4.443103790283203,14.1472806930542,5,1
2393,0.17193850874900818,3.9709296226501465,0.9273470640182495,0.06564521044492722,4.280800819396973,14.889562606811523,5,1
2394,0.159209743142128,3.405557870864868,0.9333758354187012,0.11691386997699738,4.361949443817139,12.240939140319824,5,1
2395,0.18315835297107697,5.2321367263793945,0.9598463177680969,0.01885863021016121,4.73081111907959,14.472963333129883,5,1
2396,0.14334800839424133,3.8954684734344482,0.9585105776786804,0.06440964341163635,4.588080883026123,14.05008316040039,5,1
2397,0.19254212081432343,3.6280951499938965,0.929023265838623,0.10242059826850891,4.402002334594727,12.72765827178955,5,1
2398,0.7152059674263,10.737873077392578,0.8482113480567932,0.0007337491842918098,4.884316921234131,18.949140548706055,5,1
2399,0.763468861579895,3.8568763732910156,0.8279645442962646,0.12045928835868835,4.239587783813477,15.407883644104004,5,1
2400,0.22795043885707855,3.952915668487549,0.9371886253356934,0.06910847127437592,4.4073166847229,13.322490692138672,5,1
2401,0.1959308534860611,3.965543508529663,0.927196204662323,0.072713702917099,4.650587558746338,14.76170825958252,5,1
2402,0.7200841903686523,10.310914039611816,0.9818364381790161,0.001630770624615252,4.865506172180176,23.560714721679688,5,1
2403,0.13604635000228882,4.533710479736328,0.9560937285423279,0.05075870081782341,4.402072429656982,13.878703117370605,5,1
2404,0.2452479898929596,3.2455036640167236,0.903148353099823,0.12183912843465805,4.464764595031738,15.031503677368164,5,1
2405,0.14435061812400818,5.0571699142456055,0.9449280500411987,0.017658542841672897,4.681778907775879,18.391590118408203,5,1
2406,0.18410594761371613,4.32681941986084,0.9350528717041016,0.05152060091495514,4.5664238929748535,16.98773193359375,5,1
2407,0.1633349359035492,4.581653594970703,0.9327551126480103,0.04225932061672211,4.638168811798096,12.811281204223633,5,1
2408,0.1302303969860077,3.8531596660614014,0.9612752199172974,0.07012462615966797,4.306431770324707,16.400907516479492,5,1
2409,0.18069933354854584,4.935400009155273,0.9523539543151855,0.02761087939143181,4.718783378601074,16.37788963317871,5,1
2410,0.19831284880638123,4.984866142272949,0.9712973833084106,0.029535073786973953,4.501992702484131,13.27249813079834,5,1
2411,0.3852151930332184,3.669097900390625,0.8468725085258484,0.08242451399564743,4.256351470947266,14.496715545654297,5,1
2412,0.1767427623271942,4.6721110343933105,0.9475815892219543,0.04235720634460449,4.339593887329102,14.127110481262207,5,1
2413,0.3405906856060028,2.3742756843566895,0.8648143410682678,0.23812487721443176,3.609222173690796,10.6481294631958,5,1
2414,0.21848639845848083,5.578893661499023,0.965897798538208,0.017981398850679398,4.573455810546875,15.858853340148926,5,1
2415,0.10904504358768463,4.176732063293457,0.9572205543518066,0.057834770530462265,4.7355475425720215,15.614851951599121,5,1
2416,0.1000555157661438,4.938663482666016,0.9666593074798584,0.02456478774547577,4.876234531402588,15.690510749816895,5,1
2417,0.1703837662935257,3.8873016834259033,0.9512343406677246,0.07225263118743896,4.549479961395264,13.746186256408691,5,1
2418,0.23483021557331085,5.496581077575684,0.9740790724754333,0.01586364023387432,4.6624274253845215,13.959504127502441,5,1
2419,0.27195656299591064,2.618838310241699,0.8926652669906616,0.16355717182159424,4.168191432952881,10.352462768554688,5,1
2420,0.28941553831100464,3.0616068840026855,0.8773292899131775,0.1314590573310852,4.313670635223389,11.37116813659668,5,1
2421,0.1820775866508484,4.348911762237549,0.9587594270706177,0.05812600255012512,4.713372707366943,13.717567443847656,5,1
2422,0.19256238639354706,4.965712070465088,0.9196932315826416,0.025380708277225494,4.916621208190918,14.767066955566406,5,1
2423,0.19663943350315094,3.824672222137451,0.9264753460884094,0.06547803431749344,4.471127986907959,12.465766906738281,5,1
2424,0.5946089029312134,6.083320617675781,0.8408632874488831,0.02413247339427471,4.687351703643799,12.815547943115234,5,1
2425,0.12843111157417297,4.451831340789795,0.9683165550231934,0.04838128015398979,4.525822162628174,14.383729934692383,5,1
2426,0.20222195982933044,3.5892086029052734,0.9283716678619385,0.0940975621342659,4.291598320007324,15.425989151000977,5,1
2427,0.15406137704849243,3.969219446182251,0.93571937084198,0.0718831717967987,4.623034477233887,14.085800170898438,5,1
2428,0.1441809982061386,4.687602996826172,0.9370633363723755,0.03245602548122406,4.671329975128174,13.961681365966797,5,1
2429,0.2989698350429535,3.704724073410034,0.9272091388702393,0.08757197111845016,4.318802833557129,12.504234313964844,5,1
2430,0.20298157632350922,5.738617897033691,0.9615342617034912,0.017146926373243332,4.678788185119629,13.070712089538574,5,1
2431,0.19184249639511108,3.2226901054382324,0.9250437021255493,0.12264291942119598,4.276082992553711,14.48974609375,5,1
2432,0.24448883533477783,3.390660047531128,0.9063688516616821,0.09754147380590439,4.458791255950928,14.592573165893555,5,1
2433,0.19928555190563202,4.197257041931152,0.9491636753082275,0.05328882113099098,4.444223403930664,13.282171249389648,5,1
2434,0.24864667654037476,3.6340105533599854,0.9036351442337036,0.0747305378317833,4.470920085906982,13.18814754486084,5,1
2435,0.23267708718776703,4.556605815887451,0.9353694915771484,0.032284852117300034,4.515364170074463,15.447322845458984,5,1
2436,0.15449018776416779,4.844638824462891,0.9799948930740356,0.03363260626792908,4.501595973968506,13.586443901062012,5,1
2437,0.1674022674560547,3.7720911502838135,0.92598557472229,0.07743056118488312,4.420546054840088,11.592907905578613,5,1
2438,0.1293047070503235,5.048277854919434,0.9533560276031494,0.023378832265734673,4.537671089172363,13.608491897583008,5,1
2439,0.22189852595329285,3.990415334701538,0.9233564138412476,0.05412697419524193,4.222944736480713,14.357332229614258,5,1
2440,0.18427178263664246,4.203976631164551,0.9469334483146667,0.05825263634324074,4.448179721832275,13.116636276245117,5,1
2441,0.2217593491077423,3.0269198417663574,0.8994318246841431,0.119890958070755,4.144357204437256,12.37969970703125,5,1
2442,0.20213212072849274,4.326543807983398,0.9301619529724121,0.03761348873376846,4.399740219116211,12.767821311950684,5,1
2443,0.13280262053012848,4.152399063110352,0.9615291953086853,0.05145787447690964,4.531363010406494,12.452445983886719,5,1
2444,0.23551562428474426,3.872392177581787,0.9177128672599792,0.06677568703889847,4.449965476989746,13.859418869018555,5,1
2445,0.16299715638160706,3.3763537406921387,0.9433972835540771,0.08785933256149292,4.294736862182617,14.142112731933594,5,1
2446,0.22956006228923798,4.63970947265625,0.9198622107505798,0.03694076091051102,4.54310417175293,13.653525352478027,5,1
2447,0.3433365225791931,8.551375389099121,0.9811124801635742,0.0008389330469071865,4.5667948722839355,13.653115272521973,5,1
2448,0.14652268588542938,4.436932563781738,0.9324342608451843,0.07148396223783493,4.586538791656494,17.379901885986328,5,1
2449,0.14543364942073822,4.400835990905762,0.9471355676651001,0.05414942279458046,4.494678020477295,16.122726440429688,5,1
2450,0.1304548680782318,4.443963050842285,0.9555571675300598,0.03528185188770294,4.7421722412109375,16.040319442749023,5,1
2451,0.18218472599983215,3.263092041015625,0.9374447464942932,0.09940479695796967,4.2843732833862305,13.3231201171875,5,1
2452,0.1771872341632843,3.8498682975769043,0.9574065208435059,0.06535250693559647,4.424144268035889,15.548277854919434,5,1
2453,0.15269523859024048,4.339190483093262,0.9409037828445435,0.05731912702322006,4.389501571655273,17.185672760009766,5,1
2454,0.29067376255989075,4.132898330688477,0.8818462491035461,0.06003759428858757,4.642434120178223,18.635889053344727,5,1
2455,0.3692351281642914,7.367118835449219,0.9786607027053833,0.0034651875030249357,4.8595757484436035,15.183943748474121,5,1
2456,0.3224015533924103,3.7451705932617188,0.8982652425765991,0.09118384122848511,4.40484094619751,14.792928695678711,5,1
2457,0.20613205432891846,3.71120023727417,0.932062566280365,0.08226849138736725,4.502815246582031,19.006444931030273,5,1
2458,0.15836012363433838,4.028225898742676,0.9310922026634216,0.060438815504312515,4.564530849456787,18.066919326782227,5,1
2459,0.13286365568637848,4.699028015136719,0.9431284666061401,0.04660990461707115,4.58318567276001,16.699411392211914,5,1
2460,0.34119653701782227,2.3697826862335205,0.863381028175354,0.22188512980937958,3.907562732696533,11.646246910095215,5,1
2461,0.22980579733848572,5.570314884185791,0.9127697944641113,0.02262568473815918,4.614126205444336,20.810379028320312,5,1
2462,0.16825371980667114,3.6387343406677246,0.9315049052238464,0.08503846824169159,4.7804341316223145,19.78285789489746,5,1
2463,0.09263776242733002,4.411620140075684,0.9634597897529602,0.05749291554093361,4.220925331115723,14.67666244506836,5,1
2464,0.11107587814331055,4.5307722091674805,0.9724278450012207,0.043178196996450424,4.383396625518799,16.30215072631836,5,1
2465,0.1914684772491455,3.80430269241333,0.9493345022201538,0.068204864859581,4.493879318237305,14.495083808898926,5,1
2466,0.23681794106960297,4.198181629180908,0.9084957838058472,0.04285358637571335,4.57000207901001,16.23114776611328,5,1
2467,0.243105947971344,3.9052252769470215,0.9233015179634094,0.06414678692817688,4.523672103881836,14.998495101928711,5,1
2468,0.15378308296203613,4.064939498901367,0.9557618498802185,0.05166643485426903,4.486957550048828,17.849048614501953,5,1
2469,0.1330200880765915,5.301678657531738,0.9815268516540527,0.021022852510213852,4.508102893829346,15.725259780883789,5,1
2470,0.16707101464271545,3.0250332355499268,0.9260130524635315,0.14057192206382751,4.313839912414551,13.762456893920898,5,1
2471,0.19216707348823547,4.24086332321167,0.9308828115463257,0.04748371243476868,4.595422744750977,15.73256778717041,5,1
2472,0.2762965261936188,3.6813502311706543,0.9006929993629456,0.07849843055009842,4.536637783050537,13.772689819335938,5,1
2473,0.17861256003379822,5.112016677856445,0.947704017162323,0.03064611740410328,4.722122669219971,16.160892486572266,5,1
2474,0.14144167304039001,3.9537363052368164,0.9306502342224121,0.05814255028963089,4.518189430236816,14.322501182556152,5,1
2475,0.1793157011270523,6.579907417297363,0.9327187538146973,0.005079065449535847,4.918367385864258,19.317493438720703,5,1
2476,0.17851008474826813,5.080071926116943,0.9542160034179688,0.03121817857027054,4.696305274963379,17.768918991088867,5,1
2477,0.20524519681930542,3.9630286693573,0.9505001902580261,0.07180537283420563,4.683535575866699,14.088951110839844,5,1
2478,0.1552724987268448,4.110466957092285,0.9451802372932434,0.06128498911857605,4.285559177398682,17.71030616760254,5,1
2479,0.24120855331420898,2.776360273361206,0.8878334760665894,0.15592770278453827,4.313434600830078,14.758432388305664,5,1
2480,0.19265799224376678,3.7749221324920654,0.9011291861534119,0.08849784731864929,4.326262474060059,15.575114250183105,5,1
2481,0.24994531273841858,5.761902809143066,0.9684293866157532,0.013488922268152237,4.875112533569336,17.453826904296875,5,1
2482,0.2072908729314804,3.5158848762512207,0.9234672784805298,0.10342690348625183,4.082859516143799,15.250981330871582,5,1
2483,0.14731907844543457,4.663451194763184,0.9475985169410706,0.03829997777938843,4.728466987609863,17.19055938720703,5,1
2484,0.16575145721435547,5.1907243728637695,0.9773634076118469,0.02259012497961521,4.774382591247559,18.59309196472168,5,1
2485,0.16722369194030762,3.519103765487671,0.9330275058746338,0.10194933414459229,4.360237121582031,16.69881248474121,5,1
2486,0.1589113473892212,4.533773899078369,0.914934515953064,0.05578135699033737,4.680326461791992,19.90067481994629,5,1
2487,0.15469205379486084,4.156107425689697,0.9335495829582214,0.053670190274715424,4.849411487579346,18.7269229888916,5,1
2488,0.17920354008674622,4.815367221832275,0.9656529426574707,0.032662395387887955,4.745904922485352,15.133316993713379,5,1
2489,0.2712678611278534,4.232645511627197,0.9124836921691895,0.08757344633340836,4.3520050048828125,18.558622360229492,5,1
2490,0.2072819471359253,4.536769866943359,0.9570940732955933,0.038725346326828,4.842079162597656,17.71685218811035,5,1
2491,0.22776511311531067,3.9914841651916504,0.9167008399963379,0.05956311151385307,4.269259929656982,15.87334156036377,5,1
2492,0.17023111879825592,4.501982688903809,0.9483202695846558,0.05224189907312393,4.636634349822998,14.795377731323242,5,1
2493,0.18392416834831238,4.492037296295166,0.9567674398422241,0.05306269973516464,4.698394298553467,14.52016830444336,5,1
2494,0.14510676264762878,4.116674423217773,0.9537544250488281,0.04487263411283493,4.372673511505127,16.406002044677734,5,1
2495,0.14642618596553802,5.770053386688232,0.9851229190826416,0.009582478553056717,4.824796676635742,15.242568969726562,5,1
2496,0.2816566228866577,2.5765299797058105,0.8852308988571167,0.2340882122516632,3.9571781158447266,14.877483367919922,5,1
2497,0.17362196743488312,4.808053970336914,0.9452024102210999,0.042576611042022705,4.354132652282715,16.5497989654541,5,1
2498,0.20176662504673004,4.089993953704834,0.9322453737258911,0.06976321339607239,4.481471061706543,13.375727653503418,5,1
2499,0.20175863802433014,5.108242034912109,0.9621845483779907,0.02331896312534809,4.8575897216796875,12.949931144714355,5,1
2500,0.13379478454589844,3.185781955718994,0.9471242427825928,0.11434526741504669,4.422789573669434,14.022950172424316,5,1
2501,0.19979539513587952,3.6335272789001465,0.9281908273696899,0.09501180797815323,4.448214054107666,14.459001541137695,5,1
2502,0.13317559659481049,3.4737155437469482,0.9374240636825562,0.08860141038894653,4.533218860626221,13.867015838623047,5,1
2503,0.1730634570121765,3.6067214012145996,0.9356997013092041,0.07876534014940262,4.472577095031738,14.199967384338379,5,1
2504,0.23724399507045746,3.995253801345825,0.9024196267127991,0.0626709908246994,4.558046340942383,13.500846862792969,5,1
2505,0.20270869135856628,3.043848991394043,0.9076999425888062,0.119130939245224,4.273087978363037,13.867973327636719,5,1
2506,0.1774224042892456,4.5391950607299805,0.9357693195343018,0.05670240893959999,4.770235061645508,16.95758819580078,5,1
2507,0.12945090234279633,3.857090473175049,0.960545003414154,0.07028069347143173,4.490822792053223,15.174827575683594,5,1
2508,0.1756955236196518,3.263094425201416,0.9465539455413818,0.10221061110496521,4.378774166107178,13.665179252624512,5,1
2509,0.15241362154483795,3.915558338165283,0.9370856881141663,0.07838226854801178,4.513079643249512,14.577533721923828,5,1
2510,0.21408472955226898,5.581839561462402,0.9638973474502563,0.013903949409723282,4.788548469543457,17.10373306274414,5,1
2511,0.20008453726768494,3.9775514602661133,0.9384630918502808,0.06796353310346603,4.4445953369140625,15.069539070129395,5,1
2512,0.2064252495765686,3.435256242752075,0.9191204905509949,0.11816500127315521,4.2556281089782715,12.003594398498535,5,1
2513,0.12234246730804443,5.137214660644531,0.9546277523040771,0.024530062451958656,4.524022579193115,12.81967544555664,5,1
2514,0.1856086403131485,5.029844760894775,0.928921103477478,0.03649459034204483,4.58198881149292,14.584712028503418,5,1
2515,0.15196776390075684,4.15950870513916,0.9303378462791443,0.06613287329673767,4.519590377807617,14.21455192565918,5,1
2516,0.13647525012493134,4.760549545288086,0.9603930711746216,0.028403425589203835,4.851434230804443,15.87507438659668,5,1
2517,0.3274097442626953,6.167107582092285,0.9415701627731323,0.005458232015371323,4.75568962097168,15.11306095123291,5,1
2518,0.17531754076480865,3.472308397293091,0.9370347261428833,0.08713006973266602,4.587399482727051,14.862786293029785,5,1
2519,0.17332994937896729,3.878589630126953,0.938877284526825,0.07148654758930206,4.281280517578125,14.178608894348145,5,1
2520,0.3319101333618164,5.0526123046875,0.8909289836883545,0.0225888229906559,4.703938961029053,14.119553565979004,5,1
2521,0.19958916306495667,3.1561994552612305,0.9290276765823364,0.10629750788211823,4.24683141708374,12.811148643493652,5,1
2522,0.1840520203113556,4.114393711090088,0.9360162019729614,0.05979665741324425,4.337458610534668,13.671280860900879,5,1
2523,0.13495495915412903,4.379680633544922,0.9650263786315918,0.043489012867212296,4.635042190551758,14.031468391418457,5,1
2524,0.37522903084754944,4.912426948547363,0.8771709203720093,0.022992659360170364,4.375793933868408,14.599287986755371,5,1
2525,0.22361703217029572,3.275195598602295,0.9192842245101929,0.1124483123421669,4.370676517486572,16.827129364013672,5,1
2526,0.281919926404953,5.041128158569336,0.9075421094894409,0.03252376616001129,4.594376564025879,14.846522331237793,5,1
2527,0.24215325713157654,3.382394552230835,0.897421658039093,0.10496677458286285,4.296353816986084,13.164618492126465,5,1
2528,0.13244721293449402,4.540017127990723,0.9579952955245972,0.04202858358621597,4.690382480621338,16.514373779296875,5,1
2529,0.1171833798289299,4.547606945037842,0.9452528357505798,0.040797069668769836,4.835718631744385,14.995978355407715,5,1
2530,0.28751903772354126,6.860432147979736,0.9752533435821533,0.007777777034789324,4.919010639190674,17.807424545288086,5,1
2531,0.1370653659105301,3.3949971199035645,0.9531435966491699,0.09728895872831345,4.526489734649658,14.374215126037598,5,1
2532,0.20153972506523132,3.605774402618408,0.9303404092788696,0.09778627753257751,4.39699649810791,12.82289981842041,5,1
2533,0.1660788357257843,4.500533580780029,0.9549741148948669,0.03838673233985901,4.766843795776367,18.75200843811035,5,1
2534,0.22786831855773926,4.444382667541504,0.9299745559692383,0.04130908101797104,4.723079681396484,15.680313110351562,5,1
2535,0.11156299710273743,3.5666942596435547,0.9642611742019653,0.08255672454833984,4.566093444824219,13.733879089355469,5,1
2536,0.28207194805145264,3.9835081100463867,0.8884679079055786,0.057343337684869766,4.429117202758789,14.213871955871582,5,1
2537,0.24770133197307587,3.6407155990600586,0.9130568504333496,0.0911274403333664,4.33138370513916,14.38534164428711,5,1
2538,0.2574019432067871,4.6086812019348145,0.901179313659668,0.03819723427295685,4.658390522003174,16.122533798217773,5,1
2539,0.1560567021369934,3.648477792739868,0.9415128827095032,0.07550027966499329,4.508957862854004,12.248093605041504,5,1
2540,0.11761582642793655,5.000736713409424,0.9735273122787476,0.02035350352525711,4.863220691680908,16.686349868774414,5,1
2541,0.09190014004707336,3.8419370651245117,0.9685823917388916,0.0779799148440361,4.484436511993408,13.61890697479248,5,1
2542,0.1928260326385498,4.311654090881348,0.9387221336364746,0.05587981641292572,4.512731552124023,15.21435832977295,5,1
2543,0.15215106308460236,3.0545692443847656,0.9412596821784973,0.11741475760936737,4.366124629974365,11.785924911499023,5,1
2544,0.28690385818481445,3.7131409645080566,0.8885695934295654,0.08731508255004883,4.724074363708496,12.834181785583496,5,1
2545,0.15931592881679535,4.074099540710449,0.9405747652053833,0.051818713545799255,4.485728740692139,17.255767822265625,5,1
2546,0.17835736274719238,5.029726982116699,0.9587270021438599,0.03417561948299408,4.600780487060547,16.678556442260742,5,1
2547,0.14335206151008606,4.428863048553467,0.942370593547821,0.04335943982005119,4.56579065322876,16.274368286132812,5,1
2548,0.3357025980949402,7.112008094787598,0.9676093459129333,0.003866099053993821,4.830278396606445,15.881232261657715,5,1
2549,0.19374233484268188,5.628059387207031,0.9620522260665894,0.011936401948332787,4.618187427520752,16.715782165527344,5,1
2550,0.1631544530391693,3.6480865478515625,0.9532196521759033,0.07491248846054077,4.3961920738220215,14.946993827819824,5,1
2551,0.14938458800315857,4.574363708496094,0.9375056028366089,0.04770796000957489,4.473482131958008,17.15559196472168,5,1
2552,0.45430800318717957,7.0221099853515625,0.8694714307785034,0.010773382149636745,4.865444660186768,18.010448455810547,5,1
2553,0.18412360548973083,2.6213302612304688,0.9275376796722412,0.1968131959438324,3.979499340057373,11.975253105163574,5,1
2554,0.15617045760154724,5.811710357666016,0.9391950368881226,0.013638515025377274,4.427215576171875,16.217052459716797,5,1
2555,0.13243356347084045,5.921953201293945,0.9745324850082397,0.017142336815595627,4.775367736816406,13.982219696044922,5,1
2556,0.33070939779281616,5.819426536560059,0.9559204578399658,0.01393011212348938,4.630748748779297,14.878719329833984,5,1
2557,0.2161763310432434,5.256833076477051,0.9246871471405029,0.025854885578155518,4.691183090209961,15.73689079284668,5,1
2558,0.15865930914878845,3.103534698486328,0.9266509413719177,0.1255938708782196,4.092257976531982,13.693516731262207,5,1
2559,0.26785215735435486,6.2541728019714355,0.9602282047271729,0.0076615409925580025,4.652821063995361,16.046998977661133,5,1
2560,0.13857311010360718,3.1472537517547607,0.9501923322677612,0.13830944895744324,4.218376159667969,13.45140552520752,5,1
2561,0.29438671469688416,4.862937927246094,0.8972611427307129,0.03132116422057152,4.686047077178955,17.61157989501953,5,1
2562,0.23521865904331207,6.035088062286377,0.9601656198501587,0.01181207038462162,4.7948384284973145,16.49947166442871,5,1
2563,0.14334692060947418,3.6810696125030518,0.9473532438278198,0.08743463456630707,4.245970726013184,12.055876731872559,5,1
2564,0.1542235165834427,5.471317291259766,0.9686688780784607,0.018586236983537674,4.759175777435303,15.480802536010742,5,1
2565,0.2449636459350586,3.2637462615966797,0.8916271328926086,0.13770049810409546,4.44524621963501,14.218219757080078,5,1
2566,0.17051786184310913,4.029780387878418,0.9472223520278931,0.07262968271970749,4.570000648498535,17.364877700805664,5,1
2567,0.16967400908470154,4.627281188964844,0.9487192630767822,0.029077773913741112,4.856555938720703,16.38229751586914,5,1
2568,0.1303786188364029,3.7004547119140625,0.9522353410720825,0.07728250324726105,4.1776123046875,14.19424057006836,5,1
2569,0.10611966252326965,5.014351844787598,0.9728859663009644,0.025007735937833786,4.759025573730469,17.549448013305664,5,1
2570,0.20918090641498566,3.9121737480163574,0.9383465647697449,0.06984227895736694,4.427134037017822,15.406968116760254,5,1
2571,0.10999611765146255,3.9562535285949707,0.9500953555107117,0.05971767380833626,4.351689338684082,16.192174911499023,5,1
2572,0.3532060980796814,3.1643195152282715,0.8572859764099121,0.13274073600769043,4.164852619171143,15.550446510314941,5,1
2573,0.27357053756713867,6.360800266265869,0.9699293971061707,0.012065417133271694,4.7144927978515625,15.213643074035645,5,1
2574,0.3784535825252533,8.452274322509766,0.9893337488174438,0.0010750307701528072,4.590487480163574,19.506635665893555,5,1
2575,0.18266135454177856,5.120012283325195,0.9431719183921814,0.05787578970193863,4.676540374755859,18.779165267944336,5,1
2576,0.15870535373687744,2.927565574645996,0.937497079372406,0.14253085851669312,4.282557010650635,11.956765174865723,5,1
2577,0.25943508744239807,3.2907164096832275,0.9051692485809326,0.09135061502456665,4.312093734741211,13.905107498168945,5,1
2578,0.3115946054458618,6.185171604156494,0.8946753740310669,0.01077798567712307,4.887178421020508,17.677288055419922,5,1
2579,0.5376328825950623,9.279206275939941,0.974846363067627,0.004082891624420881,4.9374308586120605,19.69972801208496,5,1
2580,0.19066192209720612,4.377432823181152,0.9196916818618774,0.03996289148926735,4.530120372772217,19.770872116088867,5,1
2581,0.22495537996292114,4.787751197814941,0.9314643144607544,0.04159127548336983,4.675630569458008,14.390140533447266,5,1
2582,0.1300739049911499,5.09316349029541,0.9741213917732239,0.03665107116103172,4.632711410522461,16.152870178222656,5,1
2583,0.20581486821174622,4.678713798522949,0.9192215800285339,0.033981241285800934,4.676987648010254,18.420026779174805,5,1
2584,0.30158424377441406,5.673634052276611,0.9638059139251709,0.021778440102934837,4.528919696807861,18.918922424316406,5,1
2585,0.24306879937648773,4.582276344299316,0.9327012300491333,0.037385936826467514,4.529855251312256,18.645578384399414,5,1
2586,0.16246432065963745,4.851027488708496,0.9583743810653687,0.0376899316906929,4.693740367889404,17.466190338134766,5,1
2587,0.15429653227329254,4.872858047485352,0.9671902656555176,0.034243956208229065,4.826058864593506,14.932860374450684,5,1
2588,0.18696647882461548,4.699004173278809,0.9292815923690796,0.03793463110923767,4.746418476104736,17.035690307617188,5,1
2589,0.1619988977909088,3.8514528274536133,0.9267088770866394,0.06851284950971603,4.609903335571289,21.899263381958008,5,1
2590,0.2717178761959076,6.75253963470459,0.9620229005813599,0.005548119079321623,4.712380886077881,23.630849838256836,5,1
2591,0.12601427733898163,4.146862030029297,0.9593898057937622,0.055311501026153564,4.482234477996826,17.895530700683594,5,1
2592,0.293849915266037,5.835111141204834,0.8863285183906555,0.014906534925103188,4.839712142944336,16.3703556060791,5,1
2593,0.23108820617198944,4.7485880851745605,0.9686029553413391,0.03290797770023346,4.693198204040527,15.271651268005371,5,1
2594,0.11429411172866821,4.434519290924072,0.9496766328811646,0.03662073612213135,4.723153114318848,24.6719913482666,5,1
2595,0.22308006882667542,2.7938742637634277,0.888569712638855,0.14469195902347565,4.138393878936768,22.153579711914062,5,1
2596,0.20150774717330933,3.3793067932128906,0.926214873790741,0.11673322319984436,4.393017768859863,20.772302627563477,5,1
2597,0.12295913696289062,4.689522743225098,0.9590460658073425,0.035228580236434937,4.5577569007873535,15.535486221313477,5,1
2598,0.22907623648643494,3.0495786666870117,0.9072739481925964,0.12857753038406372,4.189616680145264,15.901230812072754,5,1
2599,0.14432910084724426,4.319711685180664,0.9364433288574219,0.03993626683950424,4.752173900604248,21.62794303894043,5,1
2600,0.13991406559944153,4.735152244567871,0.9553062915802002,0.038097821176052094,4.675722599029541,20.57828140258789,5,1
2601,0.2386549860239029,4.783576488494873,0.9198224544525146,0.04112834855914116,4.758016109466553,20.98872184753418,5,1
2602,0.15732812881469727,3.3263278007507324,0.9343284368515015,0.11681395769119263,4.3412628173828125,16.61635398864746,5,1
2603,0.1429315060377121,6.202836036682129,0.9417376518249512,0.009239880368113518,4.855165004730225,16.645082473754883,5,1
2604,0.11197154223918915,4.997875213623047,0.9804679155349731,0.03499918058514595,4.5359930992126465,17.695905685424805,5,1
2605,0.6784332990646362,5.452716827392578,0.8111262321472168,0.021470623090863228,4.693138599395752,23.164039611816406,5,1
2606,0.12036439776420593,3.574098587036133,0.9503635764122009,0.08329477161169052,4.264837741851807,19.113622665405273,5,1
2607,0.49368059635162354,6.423671722412109,0.85445237159729,0.019513027742505074,5.02656364440918,19.753808975219727,5,1
2608,0.187910258769989,4.019289970397949,0.9342299103736877,0.08037377893924713,4.5501203536987305,17.66034507751465,5,1
2609,0.24218648672103882,2.574843406677246,0.913159966468811,0.18044081330299377,4.01414680480957,17.299972534179688,5,1
2610,0.6685300469398499,8.280174255371094,0.8299328088760376,0.0017632702365517616,4.821281433105469,25.057968139648438,5,1
2611,0.1381409466266632,3.8030476570129395,0.9382373094558716,0.09445346891880035,4.16912841796875,23.25482940673828,5,1
2612,0.1334896683692932,4.101933002471924,0.956017017364502,0.051841720938682556,4.308821678161621,19.46692657470703,5,1
2613,0.29269272089004517,4.682428359985352,0.9470134973526001,0.035637225955724716,4.720450401306152,20.621824264526367,5,1
2614,0.1620541214942932,4.700310707092285,0.9546156525611877,0.033728841692209244,4.550102710723877,16.849382400512695,5,1
2615,0.26607611775398254,5.836788654327393,0.8928588032722473,0.011157089844346046,4.84152364730835,23.638442993164062,5,1
2616,0.2204005867242813,3.6170105934143066,0.9297587275505066,0.10030443966388702,4.469122886657715,22.871477127075195,5,1
2617,0.3151291608810425,3.8386402130126953,0.9134527444839478,0.08404775708913803,4.20490837097168,20.068084716796875,5,1
2618,0.2433275282382965,4.017793655395508,0.9157295227050781,0.05553441122174263,4.3813323974609375,17.441938400268555,5,1
2619,0.2417033463716507,3.421772003173828,0.9264745712280273,0.0907299667596817,4.64285945892334,14.868282318115234,5,1
2620,0.3916362226009369,5.974078178405762,0.8818536996841431,0.012693174183368683,4.538363456726074,22.59629249572754,5,1
2621,0.5209812521934509,6.387946605682373,0.9607412815093994,0.024797488003969193,4.680995941162109,29.098066329956055,5,1
2622,0.2075825035572052,4.972701549530029,0.9713365435600281,0.030677292495965958,4.566105365753174,25.33518409729004,5,1
2623,0.2157488912343979,2.905578851699829,0.9061785936355591,0.15017305314540863,4.244490146636963,17.784345626831055,5,1
2624,0.3821919858455658,4.562160491943359,0.8560038805007935,0.05229460448026657,4.596547603607178,19.928098678588867,5,1
2625,0.16592378914356232,4.935397624969482,0.9739192724227905,0.044783636927604675,4.5652971267700195,25.872373580932617,5,1
2626,0.11749166250228882,5.062342166900635,0.9588444232940674,0.039845649152994156,4.833697319030762,28.80864906311035,5,1
2627,0.1485479176044464,4.1046223640441895,0.9423796534538269,0.06571471691131592,4.728326797485352,30.352401733398438,5,1
2628,0.23967917263507843,4.04024600982666,0.915141761302948,0.07084985077381134,4.6616106033325195,22.03696060180664,5,1
2629,0.16950011253356934,4.705069065093994,0.9357478022575378,0.04092581570148468,4.5407490730285645,16.22054672241211,5,1
2630,0.15176208317279816,5.298756122589111,0.949884295463562,0.016706863418221474,4.791175842285156,21.059186935424805,5,1
2631,0.12978148460388184,4.069085121154785,0.9391363859176636,0.054512396454811096,4.437565326690674,25.04092788696289,5,1
2632,0.11505106836557388,4.985163688659668,0.968356728553772,0.03788887709379196,4.729226112365723,27.175275802612305,5,1
2633,0.19518089294433594,5.239629745483398,0.9647781848907471,0.024112720042467117,4.832647323608398,23.164823532104492,5,1
2634,0.257844477891922,3.040576934814453,0.8999104499816895,0.14497697353363037,4.26924467086792,18.308528900146484,5,1
2635,0.2329528033733368,4.90263032913208,0.8948119282722473,0.025392577052116394,4.737483978271484,18.276796340942383,5,1
2636,0.12224629521369934,4.237692832946777,0.9677759408950806,0.05203424021601677,4.736095905303955,19.572006225585938,5,1
2637,0.28317931294441223,4.211570739746094,0.8946516513824463,0.04740279167890549,4.814880847930908,23.076553344726562,5,1
2638,0.2592393457889557,4.077226638793945,0.8811725974082947,0.04772002995014191,4.624532222747803,19.83193588256836,5,1
2639,0.18748575448989868,4.40117883682251,0.9383615255355835,0.057395461946725845,4.639894485473633,16.088119506835938,5,1
2640,0.27455490827560425,2.7770867347717285,0.8960537910461426,0.1737944781780243,4.213288307189941,13.620894432067871,5,1
2641,0.11079704016447067,6.528770923614502,0.9574521780014038,0.006501554511487484,4.823423862457275,17.673269271850586,5,1
2642,0.3186514973640442,6.940218925476074,0.9829620122909546,0.006496862042695284,4.636737823486328,21.808156967163086,5,1
2643,0.2942376732826233,3.1803994178771973,0.887464165687561,0.13016736507415771,4.491430282592773,21.1633243560791,5,1
2644,0.4276464879512787,5.767335891723633,0.8694498538970947,0.01670599915087223,5.008965492248535,18.063749313354492,5,1
2645,0.36985254287719727,6.3050103187561035,0.9865884780883789,0.013477050699293613,4.678377628326416,20.23518943786621,5,1
2646,0.23027412593364716,5.36297082901001,0.9197279214859009,0.029173729941248894,4.460297584533691,18.47403335571289,5,1
2647,0.24918656051158905,5.564023971557617,0.9666520357131958,0.022174766287207603,4.522782325744629,21.473037719726562,5,1
2648,0.14403437077999115,4.881636619567871,0.9673388004302979,0.045620858669281006,4.445762634277344,22.751832962036133,5,1
2649,0.22137479484081268,3.5407493114471436,0.9179922342300415,0.09983250498771667,4.613674163818359,16.54576301574707,5,1
2650,0.18326379358768463,6.279363632202148,0.9849758744239807,0.012096904218196869,4.8060526847839355,17.180097579956055,5,1
2651,0.1805700659751892,3.6045069694519043,0.9397689700126648,0.09783092141151428,4.372208595275879,18.34393882751465,5,1
2652,0.17833314836025238,5.797239780426025,0.9252001047134399,0.015027094632387161,4.778203010559082,20.42949867248535,5,1
2653,0.12479528784751892,3.283090353012085,0.9496201276779175,0.11990785598754883,4.375482082366943,18.30484390258789,5,1
2654,0.23915575444698334,4.167444705963135,0.9165157079696655,0.04846689850091934,4.581025123596191,19.348169326782227,5,1
2655,0.2099703997373581,4.398399353027344,0.9387662410736084,0.03952694684267044,4.672628402709961,16.976274490356445,5,1
2656,0.2670786678791046,3.4642343521118164,0.8973711133003235,0.08922068029642105,4.430694580078125,17.076711654663086,5,1
2657,0.13971614837646484,4.282695293426514,0.93989098072052,0.04794487729668617,4.753539085388184,20.667619705200195,5,1
2658,0.15699578821659088,5.227523326873779,0.9624310731887817,0.02160198986530304,4.77440071105957,18.916175842285156,5,1
2659,0.2171708196401596,4.299266338348389,0.9452257752418518,0.04284944012761116,4.447559356689453,15.717169761657715,5,1
2660,0.19341140985488892,2.4937081336975098,0.9225672483444214,0.20288363099098206,3.7115139961242676,14.351776123046875,5,1
2661,0.3868304491043091,4.867354393005371,0.8829820156097412,0.04363972693681717,4.888584136962891,23.80063819885254,5,1
2662,0.162931889295578,4.3776960372924805,0.9459490180015564,0.041480258107185364,4.3676629066467285,18.616973876953125,5,1
2663,0.3048208951950073,4.7410430908203125,0.8917261958122253,0.032389722764492035,4.56598424911499,16.319866180419922,5,1
2664,0.16469617187976837,4.57289981842041,0.9610463380813599,0.057362958788871765,4.644678115844727,19.590818405151367,5,1
2665,0.21405799686908722,6.294677734375,0.9795436859130859,0.009085046127438545,4.921772480010986,21.552934646606445,5,1
2666,0.11987714469432831,3.2344167232513428,0.9468187093734741,0.10325813293457031,4.1688995361328125,18.45450210571289,5,1
2667,0.16846275329589844,4.896817207336426,0.9510206580162048,0.029008563607931137,4.674802303314209,24.10931968688965,5,1
2668,0.1613258570432663,3.3877601623535156,0.9278275966644287,0.09321977198123932,4.6633172035217285,18.33645248413086,5,1
2669,0.20666693150997162,3.339791774749756,0.9183562397956848,0.08689581602811813,4.313244819641113,19.91180992126465,5,1
2670,0.11955246329307556,4.611576080322266,0.9530839920043945,0.04369264841079712,4.859488010406494,21.606563568115234,5,1
2671,0.1697230041027069,3.8027639389038086,0.9399886131286621,0.07272449880838394,4.3200602531433105,18.563854217529297,5,1
2672,0.20702114701271057,5.082359313964844,0.9527602195739746,0.031966254115104675,4.624118804931641,14.365050315856934,5,1
2673,0.17210859060287476,4.487843990325928,0.9538196325302124,0.035565368831157684,4.454331398010254,18.183311462402344,5,1
2674,0.18120570480823517,4.01343297958374,0.930106520652771,0.0573267862200737,4.880353927612305,20.505220413208008,5,1
2675,0.10507360845804214,4.308445930480957,0.9633855819702148,0.038922496140003204,4.68632698059082,20.812883377075195,5,1
2676,0.18833935260772705,4.2816996574401855,0.954149067401886,0.04396092891693115,4.702268600463867,17.34455108642578,5,1
2677,0.14129991829395294,3.8668570518493652,0.9435869455337524,0.06571060419082642,4.622384071350098,15.694153785705566,5,1
2678,0.17146319150924683,3.663477659225464,0.9499730467796326,0.07737068831920624,4.306862831115723,20.96209716796875,5,1
2679,0.17484727501869202,3.892488718032837,0.9313119053840637,0.061572857201099396,4.729455947875977,19.791748046875,5,1
2680,0.27199655771255493,5.016006946563721,0.9674142599105835,0.02704082429409027,4.672685146331787,15.785642623901367,5,1
2681,0.1417483389377594,3.8947834968566895,0.9576908946037292,0.056011877954006195,4.717274188995361,17.805683135986328,5,1
2682,0.14216306805610657,4.909038066864014,0.9398678541183472,0.02922961115837097,4.79660177230835,22.819581985473633,5,1
2683,0.2359228879213333,4.433612823486328,0.9292474985122681,0.041956041008234024,4.655627727508545,19.086633682250977,5,1
2684,0.2496519386768341,5.638469219207764,0.9640984535217285,0.013377954252064228,4.4338812828063965,18.837560653686523,5,1
2685,0.2374364137649536,3.6455798149108887,0.9181327819824219,0.09415978193283081,4.353135108947754,15.461159706115723,5,1
2686,0.14877140522003174,5.0864667892456055,0.9333796501159668,0.031045256182551384,4.8406453132629395,17.326114654541016,5,1
2687,0.28705862164497375,2.586235523223877,0.9016597867012024,0.171595498919487,4.166413307189941,15.102496147155762,5,1
2688,0.11350077390670776,4.779176712036133,0.9435717463493347,0.0529148206114769,4.479278564453125,16.97004508972168,5,1
2689,0.17523148655891418,4.491543769836426,0.9449355602264404,0.05640611797571182,4.243236541748047,14.065866470336914,5,1
2690,0.12362945079803467,3.1200156211853027,0.9688629508018494,0.13343669474124908,4.488558292388916,14.42232608795166,5,1
2691,0.1474817991256714,4.733729839324951,0.9512253999710083,0.05240971967577934,4.709666728973389,17.36048698425293,5,1
2692,0.39798668026924133,3.2248029708862305,0.8359034061431885,0.11920541524887085,4.05964994430542,14.60782527923584,5,1
2693,0.12874722480773926,4.386480808258057,0.9601397514343262,0.05442172288894653,4.837407112121582,14.291213989257812,5,1
2694,0.2817288041114807,6.284663200378418,0.9620468616485596,0.006810643710196018,4.5468597412109375,14.168853759765625,5,1
2695,0.1699034422636032,2.6522645950317383,0.9143673181533813,0.17090725898742676,4.147669792175293,13.344460487365723,5,1
2696,0.11007159948348999,5.150816917419434,0.9586745500564575,0.030897803604602814,4.5089921951293945,14.624703407287598,5,1
2697,0.21584993600845337,3.0201783180236816,0.9368231296539307,0.1106947585940361,4.295274257659912,13.48010540008545,5,1
2698,0.19735342264175415,4.949624061584473,0.9284533858299255,0.034070007503032684,4.426580429077148,16.281505584716797,5,1
2699,0.1844301074743271,3.854525089263916,0.9355416297912598,0.07368345558643341,4.736236095428467,14.343949317932129,5,1
2700,0.1044347882270813,5.292710781097412,0.9696364402770996,0.02090487629175186,4.597790241241455,13.67673397064209,5,1
2701,0.31837019324302673,5.552177429199219,0.9599580764770508,0.015813862904906273,5.033639430999756,15.988840103149414,5,1
2702,0.19251205027103424,2.588367462158203,0.9187285900115967,0.1801401674747467,4.085479259490967,14.8420991897583,5,1
2703,0.18460078537464142,5.176464557647705,0.9398279190063477,0.029826875776052475,4.628098964691162,13.726823806762695,5,1
2704,0.1619451344013214,4.341064453125,0.9583964943885803,0.0547550730407238,4.812808990478516,15.93843936920166,5,1
2705,0.2359139770269394,3.072890281677246,0.9369878172874451,0.1359427273273468,4.052671909332275,12.043434143066406,5,1
2706,0.2205321192741394,4.161871910095215,0.9227705597877502,0.05456818640232086,4.448437690734863,16.584775924682617,5,1
2707,0.16391521692276,3.186565637588501,0.9308385848999023,0.12884217500686646,4.3118062019348145,11.776664733886719,5,1
2708,0.1272735297679901,4.721513748168945,0.9493649005889893,0.04898931831121445,4.5766167640686035,15.42110824584961,5,1
2709,0.1670604944229126,5.038673400878906,0.9706653356552124,0.02418723702430725,4.862049102783203,17.46038246154785,5,1
2710,0.24108585715293884,5.548797130584717,0.9632836580276489,0.010992590337991714,4.648045063018799,15.090092658996582,5,1
2711,0.15855109691619873,3.618867874145508,0.9380582571029663,0.08885292708873749,4.498931407928467,13.711277961730957,5,1
2712,0.24834169447422028,4.373473167419434,0.907260537147522,0.049626585096120834,4.4890642166137695,15.921253204345703,5,1
2713,0.19722171127796173,6.137977123260498,0.9794806241989136,0.011850935406982899,4.613236427307129,17.030132293701172,5,1
2714,0.2746064066886902,3.4471240043640137,0.9233546257019043,0.09429126977920532,4.252115726470947,13.184066772460938,5,1
2715,0.21473664045333862,4.397176742553711,0.9171714782714844,0.049209289252758026,4.633635520935059,16.080883026123047,5,1
2716,0.3780363202095032,6.328133583068848,0.9767051935195923,0.008772168308496475,4.449452877044678,17.747209548950195,5,1
2717,0.16056938469409943,3.958897113800049,0.9544776082038879,0.08748529851436615,4.435914516448975,15.497620582580566,5,1
2718,0.16770735383033752,4.018733978271484,0.9434770345687866,0.072029709815979,4.4351277351379395,14.626691818237305,5,1
2719,0.19748440384864807,3.9681949615478516,0.9408887624740601,0.05566125363111496,4.441112518310547,15.098161697387695,5,1
2720,0.15834325551986694,3.519989490509033,0.935316801071167,0.08773349970579147,4.407061576843262,16.140533447265625,5,1
2721,0.11210373044013977,4.40252685546875,0.9558601379394531,0.039018865674734116,4.484874725341797,16.03870964050293,5,1
2722,0.14711438119411469,5.851602077484131,0.9746049642562866,0.008254211395978928,4.887948513031006,16.080354690551758,5,1
2723,0.18676050007343292,4.441317558288574,0.9535540342330933,0.03233327716588974,4.526949882507324,14.129982948303223,5,1
2724,0.24195674061775208,5.574230194091797,0.946032702922821,0.017508486285805702,4.759007453918457,13.040846824645996,5,1
2725,0.23070313036441803,4.93125057220459,0.9781844615936279,0.027491949498653412,4.611536979675293,17.169626235961914,5,1
2726,0.16836640238761902,4.811373233795166,0.946498692035675,0.027814676985144615,4.516875743865967,16.13759994506836,5,1
2727,0.3064720034599304,1.9094102382659912,0.8747394680976868,0.2957555055618286,3.676349401473999,13.06334114074707,5,1
2728,0.25466156005859375,6.424169540405273,0.9755449891090393,0.013738088309764862,4.417436122894287,21.02627944946289,5,1
2729,0.2534867823123932,2.8814432621002197,0.9031047821044922,0.13860082626342773,4.631341457366943,18.765974044799805,5,1
2730,0.17620933055877686,4.976012229919434,0.9257643222808838,0.03873005509376526,4.2619709968566895,15.684879302978516,5,1
2731,0.11248847842216492,3.374218463897705,0.9579610824584961,0.10677709430456161,4.192895889282227,16.223594665527344,5,1
2732,0.2631184458732605,5.011700630187988,0.8971124291419983,0.024426471441984177,4.495659351348877,19.548784255981445,5,1
2733,0.1420195996761322,3.429779052734375,0.9442849159240723,0.09278978407382965,4.330749988555908,18.10172462463379,5,1
2734,0.1420135796070099,4.147282600402832,0.9546747207641602,0.04501675069332123,4.523123741149902,14.006038665771484,5,1
2735,0.16218556463718414,4.929949760437012,0.9618152379989624,0.026339247822761536,4.688765525817871,15.480582237243652,5,1
2736,0.16853927075862885,3.4327774047851562,0.9352050423622131,0.10193575918674469,4.191481113433838,17.28359603881836,5,1
2737,0.1789523810148239,4.3962507247924805,0.9357306361198425,0.06852401793003082,4.681927680969238,18.044300079345703,5,1
2738,0.19539661705493927,4.506087303161621,0.9327620267868042,0.037445057183504105,4.789351940155029,18.78271484375,5,1
2739,0.1862318515777588,3.5791163444519043,0.9229252338409424,0.08397822082042694,4.099033832550049,13.255287170410156,5,1
2740,0.2124517261981964,3.449403762817383,0.915913462638855,0.09260964393615723,4.251021385192871,18.1049747467041,5,1
2741,0.2721607983112335,5.526571273803711,0.9054537415504456,0.0216604582965374,4.902677059173584,20.26638412475586,5,1
2742,0.3080815374851227,7.737845420837402,0.9919095635414124,0.003073587082326412,4.96768045425415,17.886817932128906,5,1
2743,0.11959969997406006,5.201540946960449,0.9534383416175842,0.02596960961818695,4.619836330413818,16.24885368347168,5,1
2744,0.20729173719882965,3.39107084274292,0.9421605467796326,0.10439690947532654,4.2210001945495605,13.62838363647461,5,1
2745,0.18736417591571808,2.853909730911255,0.9145050644874573,0.15492364764213562,4.1960625648498535,15.995925903320312,5,1
2746,0.6139609217643738,2.625190258026123,0.8046259880065918,0.17359516024589539,4.146965503692627,19.516809463500977,5,1
2747,0.3485015332698822,5.518491744995117,0.8749955892562866,0.02107633650302887,4.743829250335693,18.21855354309082,5,1
2748,0.2690291702747345,4.539812088012695,0.9583541750907898,0.06128425896167755,4.3355278968811035,13.946625709533691,5,1
2749,0.1949263960123062,4.014894962310791,0.9289436340332031,0.0741739571094513,4.541862487792969,16.24693489074707,5,1
2750,0.21428751945495605,3.904392719268799,0.927108645439148,0.07462538778781891,4.537226676940918,15.712262153625488,5,1
2751,0.20003242790699005,2.8661906719207764,0.9194818139076233,0.1777241826057434,4.20828914642334,15.210521697998047,5,1
2752,0.27262192964553833,5.26397705078125,0.9109152555465698,0.028051527217030525,4.847641944885254,20.277591705322266,5,1
2753,0.31636714935302734,5.948493003845215,0.949911892414093,0.010122942738234997,4.6381330490112305,17.104660034179688,5,1
2754,0.13620884716510773,4.346084117889404,0.9501594305038452,0.04718200862407684,4.576268672943115,20.862628936767578,5,1
2755,0.17069146037101746,4.071545600891113,0.9428948760032654,0.0495603084564209,4.6239333152771,16.242704391479492,5,1
2756,0.5131857991218567,10.38710880279541,0.987932562828064,0.0002503024588804692,4.704690933227539,16.50006103515625,5,1
2757,0.3414972424507141,4.4507036209106445,0.8792037963867188,0.03761220723390579,4.645498275756836,20.550321578979492,5,1
2758,0.2463151067495346,3.1232552528381348,0.9005688428878784,0.12774346768856049,4.029787540435791,15.85856819152832,5,1
2759,0.38743576407432556,4.745121955871582,0.871497631072998,0.03511428460478783,4.43269157409668,15.495406150817871,5,1
2760,0.1136462539434433,5.052670955657959,0.9539697170257568,0.03559429198503494,4.674388408660889,17.943147659301758,5,1
2761,0.14240741729736328,3.777832269668579,0.9493789076805115,0.11112424731254578,4.100699424743652,17.659244537353516,5,1
2762,0.0878957137465477,4.979312419891357,0.9649689197540283,0.030713316053152084,4.399108409881592,17.27153968811035,5,1
2763,0.18961095809936523,4.23640775680542,0.9308176040649414,0.056161366403102875,4.636067867279053,17.112333297729492,5,1
2764,0.16229814291000366,4.522007942199707,0.9572755098342896,0.03160358965396881,4.626761436462402,16.758384704589844,5,1
2765,0.20084431767463684,4.956545829772949,0.9649578928947449,0.02343384549021721,4.608258247375488,18.02935028076172,5,1
2766,0.16760802268981934,4.759300231933594,0.9606096744537354,0.03530648723244667,4.6361308097839355,17.199148178100586,5,1
2767,0.26212191581726074,3.667628288269043,0.89854896068573,0.07562828063964844,4.278007984161377,14.292049407958984,5,1
2768,0.17461144924163818,4.8591179847717285,0.9569408297538757,0.02771344594657421,4.770015716552734,16.934772491455078,5,1
2769,0.23473873734474182,3.262826919555664,0.9190452694892883,0.09322294592857361,4.155630111694336,14.62490463256836,5,1
2770,0.14059539139270782,4.4762773513793945,0.9651553630828857,0.04221603274345398,4.751668453216553,15.35031795501709,5,1
2771,0.24265041947364807,4.8100128173828125,0.8878791332244873,0.03207499161362648,4.6270952224731445,14.121688842773438,5,1
2772,0.1961500346660614,3.296254873275757,0.9327859878540039,0.11147326976060867,4.080671787261963,15.602840423583984,5,1
2773,0.1985396444797516,3.9487991333007812,0.9133511781692505,0.06375692784786224,4.438727855682373,15.735380172729492,5,1
2774,0.14754511415958405,3.2407116889953613,0.9458482265472412,0.11810319870710373,4.342907905578613,13.506267547607422,5,1
2775,0.41990938782691956,4.398321628570557,0.8586958646774292,0.05953354388475418,4.579893112182617,16.09279441833496,5,1
2776,0.29592227935791016,2.9257421493530273,0.9161261320114136,0.14880023896694183,4.079322814941406,12.66203498840332,5,1
2777,0.34444546699523926,4.682613849639893,0.8701236248016357,0.0385713204741478,4.585665225982666,15.361804008483887,5,1
2778,0.21242818236351013,4.361526012420654,0.9583728313446045,0.05867413431406021,4.384947299957275,14.116323471069336,5,1
2779,0.1255447417497635,5.23426628112793,0.9653940200805664,0.021819034591317177,4.777222156524658,16.369470596313477,5,1
2780,0.3077394366264343,5.8617401123046875,0.9600253105163574,0.015546271577477455,4.546854019165039,18.498199462890625,5,1
2781,0.35536694526672363,4.649919509887695,0.8757882118225098,0.032771218568086624,4.483566761016846,11.800525665283203,5,1
2782,0.24496795237064362,4.100015640258789,0.9250495433807373,0.05724917724728584,4.751516819000244,14.14617919921875,5,1
2783,0.16296643018722534,5.3611860275268555,0.9760202169418335,0.014689095318317413,4.592282772064209,16.90432357788086,5,1
2784,0.41966742277145386,2.1404685974121094,0.8556605577468872,0.23608417809009552,3.7846057415008545,14.105620384216309,5,1
2785,0.2127516269683838,5.787350654602051,0.934514582157135,0.027141932398080826,4.60201358795166,17.90469741821289,5,1
2786,0.1860371232032776,4.035072326660156,0.946943461894989,0.06403923034667969,4.4168829917907715,12.41841983795166,5,1
2787,0.137985497713089,4.998344898223877,0.9635343551635742,0.030619440600275993,4.777179718017578,14.54753303527832,5,1
2788,0.21062183380126953,3.6503193378448486,0.9421312808990479,0.07702921330928802,4.2917985916137695,13.235345840454102,5,1
2789,0.27683696150779724,3.9495415687561035,0.9056025147438049,0.07093316316604614,4.767993927001953,16.44814109802246,5,1
2790,0.13021472096443176,4.199605941772461,0.9553470611572266,0.06172274053096771,4.408358097076416,18.48193359375,5,1
2791,0.2525199055671692,3.8763492107391357,0.8981750011444092,0.07886143773794174,4.240562438964844,13.372356414794922,5,1
2792,0.20800897479057312,3.5879857540130615,0.9120084643363953,0.08521923422813416,4.510554313659668,12.899768829345703,5,1
2793,0.14074255526065826,5.8711957931518555,0.9786727428436279,0.011995562352240086,4.590629577636719,16.830833435058594,5,1
2794,0.15587106347084045,3.781805992126465,0.9439287781715393,0.08966772258281708,4.3537211418151855,17.254192352294922,5,1
2795,0.18431627750396729,4.084644317626953,0.9472401142120361,0.057750798761844635,4.317230701446533,16.227195739746094,5,1
2796,0.22827927768230438,5.37390661239624,0.9738220572471619,0.02146191895008087,4.861234188079834,15.809340476989746,5,1
2797,0.16532307863235474,4.093991279602051,0.9354655742645264,0.06584616750478745,4.535402297973633,14.359586715698242,5,1
2798,0.21116185188293457,4.723040580749512,0.9629210233688354,0.03166414424777031,4.7605061531066895,14.25409984588623,5,1
2799,0.2004435956478119,3.902894973754883,0.9339020252227783,0.06190190836787224,4.4920454025268555,13.187023162841797,5,1
2800,0.1595560759305954,4.252876281738281,0.9335814714431763,0.0445391871035099,4.634109020233154,16.440319061279297,5,1
2801,0.2577034831047058,3.0096287727355957,0.9005837440490723,0.12879666686058044,4.134781360626221,15.96709156036377,5,1
2802,0.2920079827308655,3.5160131454467773,0.8788697123527527,0.10061603784561157,4.268537998199463,12.538830757141113,5,1
2803,0.2853439748287201,3.5534069538116455,0.9040100574493408,0.10379958152770996,4.441637992858887,11.58163070678711,5,1
2804,0.1518341302871704,3.773120880126953,0.9441861510276794,0.0710340067744255,4.367639541625977,14.38902759552002,5,1
2805,0.18577156960964203,3.3764538764953613,0.9356527924537659,0.10238957405090332,4.004500389099121,14.277278900146484,5,1
2806,0.19179192185401917,5.483303546905518,0.9777051210403442,0.01905461773276329,4.54263973236084,16.619279861450195,5,1
2807,0.20215925574302673,3.029618501663208,0.9038245677947998,0.11919009685516357,4.10742712020874,12.626656532287598,5,1
2808,0.3986162543296814,8.834419250488281,0.980040431022644,0.0005816639750264585,4.872636795043945,13.860268592834473,5,1
2809,0.13868126273155212,4.1941094398498535,0.9564668536186218,0.04049529880285263,4.341445446014404,14.176950454711914,5,1
2810,0.18027547001838684,5.438970565795898,0.9686712026596069,0.02542172372341156,4.719306945800781,16.855300903320312,5,1
2811,0.21936693787574768,5.4069366455078125,0.9354082345962524,0.017441820353269577,4.534389495849609,18.031402587890625,5,1
2812,0.19486722350120544,3.2377591133117676,0.9190083146095276,0.09627627581357956,4.299321174621582,14.6972017288208,5,1
2813,0.4524572193622589,2.6515426635742188,0.8288941979408264,0.18186171352863312,3.8793892860412598,12.471319198608398,5,1
2814,0.2280595302581787,2.8602423667907715,0.9166772365570068,0.1469384729862213,4.273420810699463,14.817747116088867,5,1
2815,0.21804659068584442,6.719758987426758,0.9219878911972046,0.005702213384211063,4.6589741706848145,22.319244384765625,5,1
2816,0.36731481552124023,3.257542610168457,0.9453819394111633,0.14245951175689697,4.158663272857666,17.778039932250977,5,1
2817,0.28216031193733215,3.8418118953704834,0.904715895652771,0.08849146217107773,4.278320789337158,14.217164039611816,5,1
2818,0.16322562098503113,4.930010795593262,0.9527764320373535,0.02375023439526558,4.743292808532715,14.567633628845215,5,1
2819,0.1709539145231247,5.1361894607543945,0.9852285385131836,0.026174385100603104,4.264342308044434,18.135784149169922,5,1
2820,0.21963289380073547,4.826683044433594,0.9469639658927917,0.028345845639705658,4.516419887542725,18.307104110717773,5,1
2821,0.16686174273490906,3.461197853088379,0.9363863468170166,0.09360578656196594,4.3853325843811035,17.389408111572266,5,1
2822,0.13840240240097046,5.086169242858887,0.9403963685035706,0.023711472749710083,4.674041271209717,17.61776351928711,5,1
2823,0.1513071358203888,3.9083707332611084,0.9424484968185425,0.059433091431856155,4.5150885581970215,17.335229873657227,5,1
2824,0.6425096988677979,4.7729172706604,0.8190833926200867,0.035471417009830475,4.543025970458984,17.225154876708984,5,1
2825,0.1806706190109253,4.253246307373047,0.9628655314445496,0.049601368606090546,4.390164375305176,19.314180374145508,5,1
2826,0.13082388043403625,3.8841891288757324,0.9424954652786255,0.0565342977643013,4.521681785583496,21.29649543762207,5,1
2827,0.2053411602973938,4.719594478607178,0.9493887424468994,0.03181185573339462,4.710325717926025,15.911409378051758,5,1
2828,0.14122483134269714,2.9887356758117676,0.9393134117126465,0.11375324428081512,4.193953037261963,13.994879722595215,5,1
2829,0.17203082144260406,4.045592784881592,0.9322380423545837,0.06309324502944946,4.536761283874512,15.988636016845703,5,1
2830,0.23595556616783142,3.160897731781006,0.9003390073776245,0.11221560835838318,4.143180847167969,17.216819763183594,5,1
2831,0.18948626518249512,3.962425470352173,0.9148843884468079,0.0597672313451767,4.594171047210693,20.042783737182617,5,1
2832,0.19984908401966095,3.9311981201171875,0.9466626048088074,0.07863661646842957,4.423530578613281,17.657272338867188,5,1
2833,0.20273728668689728,4.297947406768799,0.9494459629058838,0.05531764775514603,4.866973876953125,15.75094223022461,5,1
2834,0.2731117010116577,4.070040702819824,0.8932980298995972,0.06839767098426819,4.492773056030273,15.085132598876953,5,1
2835,0.2930140793323517,7.57106876373291,0.9849404692649841,0.0021985843777656555,4.772651672363281,21.206594467163086,5,1
2836,0.24047672748565674,4.640551567077637,0.9198136925697327,0.041856445372104645,4.7330098152160645,20.32305145263672,5,1
2837,0.13233137130737305,4.842743873596191,0.9619390964508057,0.031249187886714935,4.255544185638428,18.240535736083984,5,1
2838,0.41291067004203796,5.889307022094727,0.865248441696167,0.017611976712942123,4.75176477432251,16.59197235107422,5,1
2839,0.2878291606903076,2.014068126678467,0.9203655123710632,0.32153844833374023,3.7329776287078857,14.97920036315918,5,1
2840,0.4372248947620392,6.577925205230713,0.9800949096679688,0.010837689973413944,4.916622161865234,27.74237632751465,5,1
2841,0.17874448001384735,4.827235698699951,0.959784746170044,0.04901151359081268,4.500906944274902,27.0240478515625,5,1
2842,0.2724190354347229,4.165732383728027,0.9023086428642273,0.06237797066569328,4.474546909332275,20.762428283691406,5,1
2843,0.20165354013442993,3.8015339374542236,0.9735444784164429,0.07347697019577026,4.387213230133057,17.114904403686523,5,1
2844,0.0966997966170311,4.646869659423828,0.975022554397583,0.04848476126790047,4.4502272605896,25.284385681152344,5,1
2845,0.16534951329231262,4.110892295837402,0.9448450803756714,0.06361155211925507,4.403963088989258,27.505178451538086,5,1
2846,0.15269039571285248,4.267509460449219,0.9369048476219177,0.04528271034359932,4.488336086273193,23.520713806152344,5,1
2847,0.19215162098407745,4.491765022277832,0.9626630544662476,0.04682283103466034,4.746302604675293,17.334653854370117,5,1
2848,0.188571497797966,3.6385741233825684,0.9351736307144165,0.07684577256441116,4.391748428344727,15.246665954589844,5,1
2849,0.1785576194524765,4.950228691101074,0.9589675664901733,0.024319862946867943,4.662204265594482,20.129865646362305,5,1
2850,0.10368744283914566,4.40335750579834,0.9669142961502075,0.04681698977947235,4.458530426025391,22.955589294433594,5,1
2851,0.18224778771400452,3.805421829223633,0.9431625604629517,0.06959861516952515,4.538249969482422,22.317066192626953,5,1
2852,0.20412999391555786,3.8813729286193848,0.9296193718910217,0.06774130463600159,4.2917094230651855,20.08013343811035,5,1
2853,0.18809185922145844,4.900600433349609,0.9480156898498535,0.03998219221830368,4.48098611831665,18.005199432373047,5,1
2854,0.5570546984672546,1.8110867738723755,0.8303428292274475,0.3082616329193115,3.517287254333496,13.758940696716309,5,1
2855,0.26821133494377136,6.041470527648926,0.9682925939559937,0.010233242064714432,4.888125419616699,30.652355194091797,5,1
2856,0.15202756226062775,4.384339332580566,0.9575483202934265,0.04566744714975357,4.853682041168213,27.43494987487793,5,1
2857,0.17164942622184753,4.617373466491699,0.9282404184341431,0.04965198040008545,4.759860038757324,23.516691207885742,5,1
2858,0.19452407956123352,5.009820938110352,0.938283383846283,0.02735906094312668,4.489825248718262,19.57159996032715,5,1
2859,0.20620086789131165,3.465198516845703,0.920424222946167,0.10277696698904037,4.169401168823242,18.43738555908203,5,1
2860,0.16260847449302673,4.626162528991699,0.9291927814483643,0.037616878747940063,4.449179649353027,26.2668399810791,5,1
2861,0.23702099919319153,4.011951446533203,0.9279085993766785,0.06184261292219162,4.547675132751465,25.669273376464844,5,1
2862,0.28640300035476685,7.391877174377441,0.9825178384780884,0.002593875862658024,4.767072677612305,22.09955406188965,5,1
2863,0.41331472992897034,2.8912734985351562,0.862265408039093,0.13575834035873413,4.556044578552246,15.93746566772461,5,1
2864,0.23146706819534302,4.053595542907715,0.9120728969573975,0.061862651258707047,4.324415683746338,15.681721687316895,5,1
2865,0.16470147669315338,4.274877548217773,0.957809567451477,0.058092620223760605,4.3288774490356445,20.702104568481445,5,1
2866,0.1425730288028717,3.787057399749756,0.9462147951126099,0.06195073947310448,4.551990032196045,23.93071174621582,5,1
2867,0.1595655381679535,4.958878517150879,0.9719419479370117,0.02552950754761696,4.655666828155518,24.41942596435547,5,1
2868,0.22120077908039093,3.5097105503082275,0.9026528000831604,0.08214128762483597,4.289077281951904,19.100852966308594,5,1
2869,0.18718776106834412,3.2411091327667236,0.9265148639678955,0.12911103665828705,4.161093235015869,13.799015998840332,5,1
2870,0.11604738235473633,5.162453651428223,0.9538617134094238,0.02464091032743454,4.610502243041992,22.150928497314453,5,1
2871,0.22082452476024628,5.019576072692871,0.951907753944397,0.023811882361769676,4.6497955322265625,22.852169036865234,5,1
2872,0.15135523676872253,5.451294422149658,0.9661428928375244,0.022998634725809097,4.698394298553467,24.1033878326416,5,1
2873,0.19686201214790344,3.900263786315918,0.9519426822662354,0.06747434288263321,4.4865593910217285,18.36882972717285,5,1
2874,0.19399090111255646,3.7674388885498047,0.9265835285186768,0.06807248294353485,4.5188398361206055,13.640100479125977,5,1
2875,0.16475209593772888,3.4494118690490723,0.9212875366210938,0.0857488214969635,4.224401950836182,13.817420959472656,5,1
2876,0.15508335828781128,4.249025344848633,0.9541105031967163,0.053168706595897675,4.567116737365723,21.587448120117188,5,1
2877,0.10322107374668121,5.720619201660156,0.9462061524391174,0.018130965530872345,4.599239826202393,24.96918296813965,5,1
2878,0.3127099871635437,1.7670915126800537,0.8918179869651794,0.29156821966171265,3.8678975105285645,16.54691505432129,5,1
2879,0.41239428520202637,7.735451698303223,0.9759557247161865,0.0035240715369582176,4.522855281829834,17.390960693359375,5,1
2880,0.12214107811450958,5.199135780334473,0.9572495222091675,0.025926250964403152,4.575567245483398,17.708887100219727,5,1
2881,0.15998779237270355,5.971046447753906,0.9685402512550354,0.013141832314431667,4.554154396057129,19.581680297851562,5,1
2882,0.3318386673927307,5.606687545776367,0.9364452958106995,0.01675266958773136,4.589116096496582,24.285659790039062,5,1
2883,0.18670162558555603,4.50947380065918,0.9187549352645874,0.05094439908862114,4.698737144470215,20.937097549438477,5,1
2884,0.1925288885831833,3.3788857460021973,0.9194290041923523,0.08939435333013535,4.179149627685547,18.870223999023438,5,1
2885,0.18070334196090698,2.95524263381958,0.9336912631988525,0.11194249987602234,4.136830806732178,14.154052734375,5,1
2886,0.17504391074180603,5.276041030883789,0.9427891969680786,0.021260634064674377,4.635184288024902,23.15424346923828,5,1
2887,0.13432782888412476,3.9159977436065674,0.9603727459907532,0.08420664072036743,4.436089515686035,21.4290771484375,5,1
2888,0.1253783255815506,3.514301061630249,0.9563588500022888,0.08844690024852753,4.161618232727051,21.191387176513672,5,1
2889,0.24790017306804657,4.648105621337891,0.9496831893920898,0.0461551770567894,4.531749725341797,20.99379539489746,5,1
2890,0.1093115359544754,4.939423561096191,0.9697280526161194,0.02600623294711113,4.601814270019531,18.33796501159668,5,1
2891,0.12372993677854538,4.746628284454346,0.9522783756256104,0.026446059346199036,4.525693416595459,16.102291107177734,5,1
2892,0.11806593835353851,3.945323944091797,0.963636040687561,0.0598287507891655,4.495452880859375,18.617530822753906,5,1
2893,0.1573452204465866,3.9782440662384033,0.9359303712844849,0.05749589949846268,4.416876792907715,18.74076271057129,5,1
2894,0.22627025842666626,4.985815048217773,0.909798264503479,0.03186634182929993,4.647672176361084,22.05203628540039,5,1
2895,0.19295910000801086,4.594418525695801,0.9621661901473999,0.039582833647727966,4.287838459014893,19.857105255126953,5,1
2896,0.18774178624153137,4.912237644195557,0.9284070730209351,0.0261288583278656,4.33393669128418,17.101604461669922,5,1
2897,0.1583586037158966,4.387845039367676,0.9544909000396729,0.06527890264987946,4.452145576477051,16.342588424682617,5,1
2898,0.8878712058067322,12.548233032226562,0.9906788468360901,3.268402360845357e-05,4.681057453155518,24.8825740814209,5,1
2899,0.43062934279441833,7.165422439575195,0.8833372592926025,0.016530008986592293,4.6422553062438965,28.323902130126953,5,1
2900,0.1393187791109085,3.9619569778442383,0.9637452363967896,0.09579576551914215,4.220381736755371,19.100040435791016,5,1
2901,0.2040717750787735,4.140886306762695,0.9079900979995728,0.04734648019075394,4.384232044219971,14.495062828063965,5,1
2902,0.23163703083992004,5.110898971557617,0.9788169860839844,0.030851148068904877,4.5273590087890625,19.674938201904297,5,1
2903,0.28580203652381897,5.446437835693359,0.9511844515800476,0.01426950003951788,4.454759120941162,24.58871841430664,5,1
2904,0.174146369099617,4.0718770027160645,0.9649287462234497,0.06056080013513565,4.308163642883301,23.882600784301758,5,1
2905,0.21912094950675964,4.297971248626709,0.9152649641036987,0.04654613137245178,4.400112628936768,24.261268615722656,5,1
2906,0.15799111127853394,3.895627498626709,0.9459027051925659,0.06506834179162979,4.3616485595703125,20.863309860229492,5,1
2907,0.18179303407669067,4.281761169433594,0.9279704093933105,0.041797809302806854,4.520735263824463,22.997392654418945,5,1
2908,0.15815691649913788,4.326291084289551,0.9585521221160889,0.05098917335271835,4.451713562011719,19.093706130981445,5,1
2909,0.14786820113658905,3.983560562133789,0.964668869972229,0.06349141150712967,4.166431427001953,21.555274963378906,5,1
2910,0.22377470135688782,5.077587127685547,0.9641096591949463,0.020887773483991623,4.616781711578369,26.014699935913086,5,1
2911,0.22275762259960175,3.954076051712036,0.922731876373291,0.08597536385059357,4.47706937789917,25.82237434387207,5,1
2912,0.2281557023525238,4.016541957855225,0.9361798167228699,0.06465250253677368,4.670592308044434,21.949016571044922,5,1
2913,0.2189304381608963,4.807717323303223,0.9605825543403625,0.026477599516510963,4.45837926864624,15.712663650512695,5,1
2914,0.15750731527805328,3.583232879638672,0.9380311965942383,0.07704136520624161,4.236355304718018,19.01129722595215,5,1
2915,0.1623091697692871,5.663130760192871,0.9712607860565186,0.015225824899971485,4.826937675476074,29.198965072631836,5,1
2916,0.1583777666091919,4.00252628326416,0.9305988550186157,0.05067351460456848,4.456474781036377,23.824481964111328,5,1
2917,0.33661574125289917,4.008721351623535,0.8764926195144653,0.06639305502176285,4.263436317443848,20.533994674682617,5,1
2918,0.20160454511642456,3.985464572906494,0.9417750239372253,0.05024782940745354,4.333503246307373,13.752379417419434,5,1
2919,0.1873949021100998,3.2672855854034424,0.9284089803695679,0.09302971512079239,4.391834735870361,15.950352668762207,5,1
2920,0.20097357034683228,3.2654290199279785,0.9336508512496948,0.11454073339700699,4.222034454345703,23.006725311279297,5,1
2921,0.09418275207281113,4.3022379875183105,0.9666150808334351,0.04954184591770172,4.327153205871582,24.333412170410156,5,1
2922,0.3111872971057892,2.142180919647217,0.8939308524131775,0.2415170669555664,3.760606527328491,17.3493709564209,5,1
2923,0.23706704378128052,3.5076942443847656,0.905493974685669,0.0888836532831192,4.443498611450195,17.692203521728516,5,1
2924,0.1613733023405075,3.913726806640625,0.9584140777587891,0.0619610920548439,4.247598648071289,14.418073654174805,5,1
2925,0.19244429469108582,4.345203876495361,0.9328433275222778,0.05346433445811272,4.411806106567383,16.515153884887695,5,1
2926,0.20022858679294586,4.791354179382324,0.9613456726074219,0.030744630843400955,4.616611957550049,21.761701583862305,5,1
2927,0.21215607225894928,3.7275002002716064,0.9327797293663025,0.07526765763759613,4.502751350402832,23.189008712768555,5,1
2928,0.1738329529762268,5.2516679763793945,0.9653593301773071,0.03039802610874176,4.627400875091553,24.56491470336914,5,1
2929,0.17733395099639893,3.67626953125,0.9296767711639404,0.08630197495222092,4.402736186981201,17.19036293029785,5,1
2930,0.7411487102508545,11.008031845092773,0.8461522459983826,0.0005429678130894899,4.522493362426758,19.534696578979492,5,1
2931,0.3316859304904938,3.145643472671509,0.8907065391540527,0.19706520438194275,4.1413960456848145,23.325057983398438,5,1
2932,0.3025962710380554,4.908041954040527,0.8930954337120056,0.03771068900823593,4.519132614135742,30.925678253173828,5,1
2933,0.2246720939874649,3.456773042678833,0.9301442503929138,0.0995652824640274,4.358588695526123,26.810625076293945,5,1
2934,0.1882842630147934,4.592823028564453,0.9423030018806458,0.03228116035461426,4.3536176681518555,18.519927978515625,5,1
2935,0.33373570442199707,2.7328689098358154,0.8845665454864502,0.16620469093322754,4.090255260467529,13.773737907409668,5,1
2936,0.23703010380268097,6.365457534790039,0.97991544008255,0.008272223174571991,4.733680248260498,26.884830474853516,5,1
2937,0.2660554349422455,4.218863487243652,0.9121788144111633,0.05414370447397232,4.334003448486328,27.031015396118164,5,1
2938,0.1425822377204895,3.6237192153930664,0.9479808807373047,0.08341842889785767,4.366846084594727,23.465845108032227,5,1
2939,0.2307492196559906,4.6621246337890625,0.9019089937210083,0.04225209355354309,4.232293128967285,20.820192337036133,5,1
2940,0.23182997107505798,4.312808036804199,0.949816882610321,0.03818792849779129,4.335090637207031,17.34427833557129,5,1
2941,0.20472142100334167,3.2151455879211426,0.9280813336372375,0.1030610054731369,4.292944431304932,19.389970779418945,5,1
2942,0.3326527774333954,4.542238235473633,0.8963096141815186,0.05911145359277725,4.466131210327148,26.376129150390625,5,1
2943,0.1779939830303192,3.567159652709961,0.9406152963638306,0.08815030753612518,4.39809513092041,25.3266544342041,5,1
2944,0.19937238097190857,4.382012367248535,0.9276117086410522,0.053993649780750275,4.62279748916626,23.96967887878418,5,1
2945,0.15652590990066528,4.684630393981934,0.9533870220184326,0.03130076825618744,4.37084436416626,18.23872947692871,5,1
2946,0.23421256244182587,2.7460269927978516,0.9139697551727295,0.16797155141830444,3.79640531539917,13.655438423156738,5,1
2947,0.2483692616224289,4.860342502593994,0.9464119672775269,0.038334112614393234,4.799652576446533,18.059680938720703,5,1
2948,0.16542869806289673,3.2929062843322754,0.9493261575698853,0.11636364459991455,4.598211288452148,22.20839500427246,5,1
2949,0.2321358174085617,3.0834670066833496,0.9131125807762146,0.12013102322816849,3.9830477237701416,24.11052894592285,5,1
2950,0.227377250790596,4.943932056427002,0.9090515375137329,0.0348394438624382,4.707650661468506,23.267377853393555,5,1
2951,0.19616740942001343,4.124750137329102,0.9611309766769409,0.056623607873916626,4.717531204223633,17.823274612426758,5,1
2952,0.16223768889904022,4.169937610626221,0.947434663772583,0.046937279403209686,4.4335737228393555,14.031402587890625,5,1
2953,0.25836631655693054,4.208769798278809,0.9096274375915527,0.05565722659230232,4.671110153198242,17.60615348815918,5,1
2954,0.14019469916820526,3.62494158744812,0.9406086802482605,0.0793026015162468,4.411457538604736,20.838895797729492,5,1
2955,0.2511295974254608,6.104754447937012,0.9778697490692139,0.0102685010060668,4.810572624206543,25.120330810546875,5,1
2956,0.2063705027103424,4.036703109741211,0.9365247488021851,0.06748905777931213,4.519672870635986,20.775230407714844,5,1
2957,0.14197631180286407,5.118685245513916,0.9553410410881042,0.022269047796726227,4.612105846405029,19.598318099975586,5,1
2958,0.2057252675294876,3.5536506175994873,0.9174404144287109,0.08458395302295685,4.425236701965332,17.033733367919922,5,1
2959,0.24891425669193268,4.559383392333984,0.9078539609909058,0.03835846483707428,4.546794414520264,20.119009017944336,5,1
2960,0.2293948382139206,4.378568172454834,0.9482434988021851,0.04763264209032059,4.6396002769470215,23.641878128051758,5,1
2961,0.23170147836208344,4.686091423034668,0.9079104661941528,0.05186399072408676,4.710446357727051,26.11810302734375,5,1
2962,0.19477903842926025,4.022826194763184,0.9538936614990234,0.049477845430374146,4.422365188598633,22.929887771606445,5,1
2963,0.14361919462680817,4.396661758422852,0.9312947988510132,0.04228980466723442,4.473015308380127,14.50175666809082,5,1
2964,0.22502145171165466,4.405703544616699,0.9686223268508911,0.052851222455501556,4.268765926361084,15.725020408630371,5,1
2965,0.24651503562927246,5.38328218460083,0.9727761745452881,0.018058637157082558,4.831593036651611,21.967824935913086,5,1
2966,0.24608327448368073,3.0400896072387695,0.9062780141830444,0.11843471229076385,4.264822959899902,21.756488800048828,5,1
2967,0.21971583366394043,6.160843849182129,0.9291130304336548,0.012734400108456612,4.797969818115234,23.16292381286621,5,1
2968,0.18947243690490723,5.239755630493164,0.973745584487915,0.016451215371489525,4.496070384979248,18.13625144958496,5,1
2969,0.1145910769701004,4.663857460021973,0.9720636606216431,0.036043956875801086,4.456084728240967,15.870576858520508,5,1
2970,0.18883347511291504,4.4116082191467285,0.9769257307052612,0.044904571026563644,4.7600884437561035,18.29507827758789,5,1
2971,0.19784626364707947,2.659985303878784,0.9115901589393616,0.1571003794670105,3.907165288925171,16.883222579956055,5,1
2972,0.26429182291030884,6.187286376953125,0.9096827507019043,0.013154646381735802,4.529074192047119,23.391006469726562,5,1
2973,0.19339169561862946,5.700278282165527,0.9588112831115723,0.012454107403755188,4.8189215660095215,22.758834838867188,5,1
2974,0.18936040997505188,2.930939197540283,0.9256478548049927,0.14130888879299164,4.386361122131348,14.173154830932617,5,1
2975,0.06779816001653671,5.566910743713379,0.9780824780464172,0.02028457634150982,4.854572772979736,17.48387908935547,5,1
2976,0.1682816743850708,5.350793838500977,0.9363591074943542,0.01849757879972458,4.57335090637207,19.752582550048828,5,1
2977,0.13542914390563965,4.087024688720703,0.9689880013465881,0.05285140126943588,4.412314414978027,21.017070770263672,5,1
2978,0.23261010646820068,3.3805325031280518,0.9080387949943542,0.09709490090608597,4.148824691772461,18.936809539794922,5,1
2979,0.09761730581521988,5.18009090423584,0.9861150979995728,0.01984628662467003,4.672154903411865,17.988008499145508,5,1
2980,0.13503803312778473,3.737539768218994,0.9650602340698242,0.10962085425853729,4.171633243560791,15.018706321716309,5,1
2981,0.1868813931941986,3.8713431358337402,0.9405508041381836,0.057613544166088104,4.2916669845581055,16.957855224609375,5,1
2982,0.1806783527135849,4.003074645996094,0.9417538642883301,0.04842366278171539,4.218258380889893,16.32771873474121,5,1
2983,0.1975272297859192,4.605139255523682,0.9705308079719543,0.04052376747131348,4.473710536956787,19.333208084106445,5,1
2984,0.17996525764465332,5.062226295471191,0.9616108536720276,0.017947308719158173,4.593003273010254,21.09774398803711,5,1
2985,0.22920095920562744,5.805039882659912,0.9681847095489502,0.020296365022659302,4.824843883514404,19.144306182861328,5,1
2986,0.08528734743595123,5.267277240753174,0.9584440588951111,0.018398135900497437,4.59735631942749,17.008893966674805,5,1
2987,0.260707288980484,5.996095180511475,0.9758106470108032,0.012839303351938725,4.606631755828857,19.614212036132812,5,1
2988,0.19520319998264313,3.937635898590088,0.9207431077957153,0.0700010359287262,4.424962520599365,21.397912979125977,5,1
2989,0.11969411373138428,4.4149980545043945,0.9644033908843994,0.03522184491157532,4.751267433166504,15.920927047729492,5,1
2990,0.16753365099430084,3.8757333755493164,0.932695746421814,0.05351909250020981,4.3544793128967285,14.02714729309082,5,1
2991,0.29041510820388794,4.771362781524658,0.882732629776001,0.02849535271525383,4.375387191772461,17.327802658081055,5,1
2992,0.15052595734596252,4.386235237121582,0.965208888053894,0.04681774228811264,4.413776874542236,16.446565628051758,5,1
2993,0.3225564658641815,3.801525115966797,0.895632266998291,0.06182565540075302,4.496143341064453,15.133231163024902,5,1
2994,0.23086029291152954,3.291395425796509,0.9289522171020508,0.10826071351766586,4.128177642822266,12.59940242767334,5,1
2995,0.11411537975072861,5.103921890258789,0.9638884663581848,0.023545652627944946,4.421760082244873,16.112377166748047,5,1
2996,0.22528038918972015,6.4590606689453125,0.9830725193023682,0.004621724598109722,4.828902721405029,16.782888412475586,5,1
2997,0.1389666050672531,4.17009973526001,0.9578547477722168,0.06132805347442627,4.210475921630859,14.694324493408203,5,1
2998,0.14110517501831055,4.146709442138672,0.9632922410964966,0.044681377708911896,4.567852020263672,14.400923728942871,5,1
2999,0.29330119490623474,5.884275436401367,0.9756858348846436,0.009136082604527473,4.64151668548584,14.16191291809082,5,1
3000,0.17013919353485107,3.7414486408233643,0.9342590570449829,0.06880111992359161,4.256970405578613,15.366613388061523,5,1
