iter,d_loss,g_loss,D_x,D_G_z,g_grad_norm,g_full_grad_norm,d_steps,g_steps
1,1.4270439147949219,0.4309003949165344,0.47169724106788635,0.6499563455581665,0.00434999680146575,0.3201437294483185,1,5
2,1.7046747207641602,0.34050464630126953,0.5327811241149902,0.7114428877830505,0.004825721960514784,0.28267455101013184,1,5
3,1.9052882194519043,0.3206642270088196,0.569130003452301,0.7257251739501953,0.00486142048612237,0.35076266527175903,1,5
4,1.8913562297821045,0.3023543357849121,0.5901795029640198,0.7390826940536499,0.0026943704579025507,0.09281465411186218,1,5
5,1.8780041933059692,0.3385624885559082,0.5982393026351929,0.7127991914749146,0.002806448144838214,0.08112260699272156,1,5
6,1.7647113800048828,0.38319018483161926,0.6025282144546509,0.6817002296447754,0.0030637551099061966,0.05831587314605713,1,5
7,1.6615755558013916,0.42012643814086914,0.6051196455955505,0.6569751501083374,0.003588094376027584,0.09611658751964569,1,5
8,1.591327428817749,0.43653643131256104,0.6044191718101501,0.6462831497192383,0.00303145800717175,0.08995579183101654,1,5
9,1.5696003437042236,0.4562632441520691,0.5998125076293945,0.633664608001709,0.0026483992114663124,0.06478329747915268,1,5
10,1.5433578491210938,0.4964398443698883,0.5903538465499878,0.6087055206298828,0.0028809013310819864,0.07493088394403458,1,5
11,1.5017435550689697,0.544092059135437,0.5752112865447998,0.58037269115448,0.002517057815566659,0.03968829661607742,1,5
12,1.452736258506775,0.5776543021202087,0.5622643232345581,0.56121826171875,0.003556164912879467,0.05525767058134079,1,5
13,1.4368162155151367,0.5737643241882324,0.5497928261756897,0.5634171962738037,0.004320724867284298,0.07383599877357483,1,5
14,1.46780526638031,0.5655598640441895,0.5394251942634583,0.5680570602416992,0.0033210895489901304,0.06078916788101196,1,5
15,1.4793643951416016,0.5844342112541199,0.5342334508895874,0.5574312806129456,0.003905444173142314,0.061431314796209335,1,5
16,1.4585702419281006,0.60219806432724,0.5306234359741211,0.5476291179656982,0.003969515208154917,0.06769076734781265,1,5
17,1.4445159435272217,0.6113119125366211,0.5285677909851074,0.5426759123802185,0.0037935334257781506,0.0764911025762558,1,5
18,1.4347739219665527,0.6009959578514099,0.5297117233276367,0.5483013987541199,0.004480346105992794,0.07336126267910004,1,5
19,1.4499850273132324,0.6026841402053833,0.5276677012443542,0.5473499298095703,0.00497478386387229,0.08717542886734009,1,5
20,1.4614157676696777,0.6129891872406006,0.5203036069869995,0.5417464971542358,0.0037381581496447325,0.05612702667713165,1,5
21,1.455751657485962,0.6212351322174072,0.5160262584686279,0.5372836589813232,0.004584443289786577,0.1438928097486496,1,5
22,1.445175290107727,0.6370482444763184,0.514922022819519,0.5288653373718262,0.004497726913541555,0.062126901000738144,1,5
23,1.426029920578003,0.6532189846038818,0.5151193141937256,0.5203851461410522,0.0034410557709634304,0.04704565182328224,1,5
24,1.418700933456421,0.6190755367279053,0.5090749859809875,0.5384542942047119,0.0048906998708844185,0.1356068104505539,1,5
25,1.4972970485687256,0.5723870396614075,0.501399040222168,0.5642074346542358,0.006064129993319511,0.10520138591527939,1,5
26,1.547649621963501,0.5556703209877014,0.5035860538482666,0.5736997127532959,0.004017656669020653,0.04759733006358147,1,5
27,1.561273455619812,0.606009840965271,0.4973137676715851,0.5455508232116699,0.0031491839326918125,0.03918544575572014,1,5
28,1.5071572065353394,0.6539907455444336,0.49059808254241943,0.5199869275093079,0.0033888525795191526,0.03973585367202759,1,5
29,1.4656480550765991,0.6830774545669556,0.4847138524055481,0.5051015615463257,0.004060265142470598,0.056218232959508896,1,5
30,1.4461852312088013,0.6797637343406677,0.4809783101081848,0.5067639350891113,0.004301120061427355,0.05257329344749451,1,5
31,1.447401762008667,0.678016722202301,0.4815708100795746,0.5076414346694946,0.0034354771487414837,0.041633687913417816,1,5
32,1.4548139572143555,0.6932382583618164,0.47859421372413635,0.4999622702598572,0.002844554139301181,0.036663830280303955,1,5
33,1.4338667392730713,0.714518666267395,0.4792483448982239,0.48943519592285156,0.0024181916378438473,0.04025696963071823,1,5
34,1.420278549194336,0.7263472676277161,0.4757019877433777,0.48368602991104126,0.0027373889461159706,0.0388205386698246,1,5
35,1.4146552085876465,0.7359863519668579,0.47339296340942383,0.4790497422218323,0.0027232952415943146,0.045390550047159195,1,5
36,1.4047152996063232,0.7193579077720642,0.47483235597610474,0.48707085847854614,0.004414587747305632,0.05341150984168053,1,5
37,1.410711407661438,0.6516115665435791,0.4816519021987915,0.5212266445159912,0.006853808183223009,0.11455080658197403,1,5
38,1.4915568828582764,0.5343610048294067,0.4861818552017212,0.5862241983413696,0.007467462681233883,0.13409516215324402,1,5
39,1.6111276149749756,0.5281760692596436,0.4989308714866638,0.5897577404975891,0.004519615788012743,0.050472427159547806,1,5
40,1.573143720626831,0.5641937255859375,0.5155307650566101,0.5689247846603394,0.004734243731945753,0.05423640087246895,1,5
41,1.4933979511260986,0.5628323554992676,0.5289985537528992,0.5697330832481384,0.00542184105142951,0.06696085631847382,1,5
42,1.4851852655410767,0.5486461520195007,0.5353399515151978,0.5777685046195984,0.0035487418062984943,0.046741414815187454,1,5
43,1.514505386352539,0.5760593414306641,0.527069091796875,0.5621261596679688,0.0024638534523546696,0.030599815770983696,1,5
44,1.5015743970870972,0.628211259841919,0.5101956129074097,0.5335571765899658,0.0017099234974011779,0.02566455490887165,1,5
45,1.4642462730407715,0.6794332265853882,0.49666112661361694,0.5069133043289185,0.001705447561107576,0.025324644520878792,1,5
46,1.4348013401031494,0.7132833003997803,0.48446184396743774,0.49003487825393677,0.002085732063278556,0.030062464997172356,1,5
47,1.4165277481079102,0.7319526672363281,0.477520614862442,0.4809736907482147,0.0019802351016551256,0.026027705520391464,1,5
48,1.4013581275939941,0.741814911365509,0.475986123085022,0.47625601291656494,0.002233340637758374,0.025450367480516434,1,5
49,1.3863933086395264,0.7349237203598022,0.4788379967212677,0.4795529246330261,0.0026257187128067017,0.03496421501040459,1,5
50,1.3844844102859497,0.7158275246620178,0.4836468994617462,0.488794207572937,0.0030273140873759985,0.0566815510392189,1,5
51,1.3991889953613281,0.6982678174972534,0.48671454191207886,0.4974552392959595,0.004963096231222153,0.08302479982376099,1,5
52,1.4252651929855347,0.6524828672409058,0.4874182641506195,0.5207772254943848,0.004333626013249159,0.06437177211046219,1,5
53,1.466908574104309,0.6253054141998291,0.4890667796134949,0.5351284742355347,0.0053163752891123295,0.0820307508111,1,5
54,1.5023894309997559,0.6341552734375,0.4868735074996948,0.530386745929718,0.0028293835930526257,0.038041990250349045,1,5
55,1.484904170036316,0.6681463718414307,0.485533744096756,0.5126746892929077,0.003626435063779354,0.03442683443427086,1,5
56,1.4447035789489746,0.6829750537872314,0.48595309257507324,0.5051393508911133,0.0031983526423573494,0.04430855065584183,1,5
57,1.42245352268219,0.665756344795227,0.4909001886844635,0.5139174461364746,0.0033897196408361197,0.038437485694885254,1,5
58,1.4443199634552002,0.6670792102813721,0.4900101125240326,0.5132132172584534,0.0022679977118968964,0.03469057008624077,1,5
59,1.4466813802719116,0.6899549961090088,0.48578938841819763,0.5016032457351685,0.0014579265844076872,0.01921609602868557,1,5
60,1.4336721897125244,0.7207677364349365,0.47897446155548096,0.486380934715271,0.0013321178266778588,0.017837200313806534,1,5
61,1.408177375793457,0.7524063587188721,0.4770490527153015,0.471232146024704,0.0015534135745838284,0.014390519820153713,1,5
62,1.3872880935668945,0.7759681344032288,0.4727589190006256,0.4602586627006531,0.0013062931830063462,0.015071485191583633,1,5
63,1.3587052822113037,0.7887036800384521,0.47676193714141846,0.45443397760391235,0.0012951148673892021,0.017607050016522408,1,5
64,1.3470737934112549,0.793132483959198,0.47737449407577515,0.45242661237716675,0.0012776139192283154,0.019127018749713898,1,5
65,1.324843406677246,0.7992011308670044,0.4865075647830963,0.4496884047985077,0.0011478170054033399,0.012281310744583607,1,5
66,1.3052550554275513,0.8094912767410278,0.49347472190856934,0.4450848698616028,0.0006070614908821881,0.008829152211546898,1,5
67,1.2898542881011963,0.8180817365646362,0.4968324899673462,0.44127750396728516,0.0006044692127034068,0.013061908073723316,1,5
68,1.263746738433838,0.8248167634010315,0.5067623853683472,0.4383159875869751,0.0013546275440603495,0.028454331681132317,1,5
69,1.237804889678955,0.7844409942626953,0.5183229446411133,0.4563828706741333,0.005163969937711954,0.0925287976861,1,5
70,1.2789671421051025,0.6326316595077515,0.5232678651809692,0.531199038028717,0.007169641088694334,0.2286461740732193,1,5
71,1.5066663026809692,0.4095650911331177,0.5350040793418884,0.6639471650123596,0.005519704427570105,0.06512276828289032,1,5
72,1.7310384511947632,0.4699949324131012,0.5417731404304504,0.6250338554382324,0.004539341665804386,0.04687328264117241,1,5
73,1.6021664142608643,0.5326291918754578,0.5482397675514221,0.5870756506919861,0.004740586970001459,0.05839415639638901,1,5
74,1.5129460096359253,0.5505251884460449,0.5420309901237488,0.5766535997390747,0.004251750651746988,0.05401899665594101,1,5
75,1.509430170059204,0.596717119216919,0.5294594168663025,0.550625741481781,0.002785270567983389,0.033654119819402695,1,5
76,1.4834598302841187,0.6575440168380737,0.5078698396682739,0.5181291103363037,0.0035862023942172527,0.034012407064437866,1,5
77,1.4510544538497925,0.7043600678443909,0.4887094497680664,0.49442774057388306,0.0026432564482092857,0.03253963217139244,1,5
78,1.4372862577438354,0.7300306558609009,0.4717198610305786,0.4818999171257019,0.0028651650063693523,0.028790514916181564,1,5
79,1.4246668815612793,0.7577152252197266,0.4661392569541931,0.4687410891056061,0.0014641970628872514,0.023585516959428787,1,5
80,1.4027917385101318,0.7837215662002563,0.46374624967575073,0.45670509338378906,0.0024262424558401108,0.02904469333589077,1,5
81,1.3854621648788452,0.7988035082817078,0.46158063411712646,0.44986844062805176,0.0019775235559791327,0.02026297338306904,1,5
82,1.362792730331421,0.8037967085838318,0.46625596284866333,0.4476308226585388,0.002785359974950552,0.039281297475099564,1,5
83,1.352563500404358,0.7888398766517639,0.4705680012702942,0.45437419414520264,0.0034836537670344114,0.04981277510523796,1,5
84,1.3539295196533203,0.750605583190918,0.4771965444087982,0.47208911180496216,0.004070385824888945,0.05807453393936157,1,5
85,1.3729344606399536,0.6966363191604614,0.48497438430786133,0.4982662498950958,0.005854746326804161,0.07480058819055557,1,5
86,1.426347017288208,0.657923698425293,0.48817867040634155,0.5179344415664673,0.0056576235219836235,0.0685047134757042,1,5
87,1.440734624862671,0.691590428352356,0.4979294538497925,0.5007836818695068,0.0037706841249018908,0.04279949888586998,1,5
88,1.3787736892700195,0.657380223274231,0.5081925392150879,0.5182158946990967,0.005942667834460735,0.09686755388975143,1,5
89,1.4161275625228882,0.6002124547958374,0.5189998149871826,0.5487074851989746,0.004459903575479984,0.05636335164308548,1,5
90,1.4690179824829102,0.6327216625213623,0.5180349349975586,0.531170129776001,0.0035413687583059072,0.06589484214782715,1,5
91,1.443587064743042,0.6869250535964966,0.5102829933166504,0.5031285881996155,0.0032487213611602783,0.04780977591872215,1,5
92,1.400289535522461,0.6957233548164368,0.5005104541778564,0.49872079491615295,0.004711211193352938,0.09685487300157547,1,5
93,1.4004671573638916,0.6992756128311157,0.4983183443546295,0.49695444107055664,0.003701606998220086,0.06575092673301697,1,5
94,1.4012587070465088,0.6878453493118286,0.49528419971466064,0.5026710629463196,0.004783215466886759,0.05926017835736275,1,5
95,1.4159457683563232,0.6913125514984131,0.4938834309577942,0.50093674659729,0.004021800123155117,0.07873319089412689,1,5
96,1.4229710102081299,0.6475780606269836,0.49177035689353943,0.5233159065246582,0.0036440014373511076,0.06319096684455872,1,5
97,1.4623470306396484,0.6802085638046265,0.49075567722320557,0.5065196752548218,0.0027106981724500656,0.037403639405965805,1,5
98,1.4095501899719238,0.6948119401931763,0.49812668561935425,0.4991874694824219,0.004176301881670952,0.06496995687484741,1,5
99,1.393239140510559,0.6801151037216187,0.5037021040916443,0.506571888923645,0.0027824307326227427,0.04666970297694206,1,5
100,1.3800196647644043,0.692898690700531,0.5153284072875977,0.5001256465911865,0.0021751821041107178,0.03205579146742821,1,5
101,1.360172986984253,0.7007550597190857,0.5157554149627686,0.4962156414985657,0.00347428978420794,0.11525313556194305,1,5
102,1.3716554641723633,0.6901288032531738,0.5127438306808472,0.5015161037445068,0.002766447374597192,0.03970222920179367,1,5
103,1.3760125637054443,0.6932019591331482,0.510158896446228,0.49997544288635254,0.0035251923836767673,0.060114018619060516,1,5
104,1.3936326503753662,0.7081557512283325,0.5022108554840088,0.49255478382110596,0.002439312869682908,0.03725432604551315,1,5
105,1.387863278388977,0.7064081430435181,0.4957088828086853,0.4934154748916626,0.004260839428752661,0.06589672714471817,1,5
106,1.4023869037628174,0.6789194941520691,0.4931997060775757,0.5071743130683899,0.0037271096371114254,0.06449075043201447,1,5
107,1.421051025390625,0.6236538290977478,0.5003154277801514,0.535987138748169,0.003980778157711029,0.0734582170844078,1,5
108,1.4825361967086792,0.6160733103752136,0.4981733560562134,0.5400844216346741,0.004681543447077274,0.052779536694288254,1,5
109,1.4832444190979004,0.6263462901115417,0.5020479559898376,0.5345452427864075,0.0035451697185635567,0.04962647333741188,1,5
110,1.4687696695327759,0.6314595341682434,0.5007556080818176,0.5318182706832886,0.0038521348033100367,0.04986873269081116,1,5
111,1.4556806087493896,0.6034711599349976,0.5053859949111938,0.5469132661819458,0.003247547661885619,0.061185434460639954,1,5
112,1.4880170822143555,0.6207585334777832,0.5052776336669922,0.537539005279541,0.0024287430569529533,0.03460738807916641,1,5
113,1.476143717765808,0.6675723791122437,0.4973754584789276,0.5129532814025879,0.0018242566147819161,0.026061436161398888,1,5
114,1.439327597618103,0.7092150449752808,0.48875707387924194,0.49203264713287354,0.0024109913501888514,0.0399090014398098,1,5
115,1.4131799936294556,0.7380449771881104,0.4819384217262268,0.4780541658401489,0.0022903443314135075,0.029373999685049057,1,5
116,1.3887577056884766,0.7483437061309814,0.4793948531150818,0.47315651178359985,0.0028281325940042734,0.04704729840159416,1,5
117,1.3884897232055664,0.7141351699829102,0.47829845547676086,0.4896473288536072,0.004373530391603708,0.058763209730386734,1,5
118,1.4150514602661133,0.675855815410614,0.48300111293792725,0.5087317228317261,0.003936207853257656,0.05037752538919449,1,5
119,1.4335761070251465,0.6715819239616394,0.49071961641311646,0.5109044909477234,0.00437537208199501,0.05686475709080696,1,5
120,1.4392597675323486,0.6613363027572632,0.4913019835948944,0.5161665678024292,0.005076432600617409,0.06351564824581146,1,5
121,1.441103458404541,0.6434903740882874,0.4972212314605713,0.5254679322242737,0.004750811494886875,0.047932811081409454,1,5
122,1.4482301473617554,0.6379772424697876,0.5012186765670776,0.5283690690994263,0.003406160743907094,0.04392057657241821,1,5
123,1.4458446502685547,0.6447924971580505,0.5044103860855103,0.5247752666473389,0.003174716141074896,0.04564172774553299,1,5
124,1.4232492446899414,0.6334044337272644,0.5118488073348999,0.5307860374450684,0.00293217645958066,0.046048205345869064,1,5
125,1.43941068649292,0.6354009509086609,0.5102388858795166,0.5297284126281738,0.0025152163580060005,0.034903157502412796,1,5
126,1.4412648677825928,0.6816901564598083,0.5063126087188721,0.5057625770568848,0.0010438237804919481,0.016761712729930878,1,5
127,1.4092233180999756,0.7364441156387329,0.49511653184890747,0.47881409525871277,0.000756723340600729,0.01452526543289423,1,5
128,1.3778095245361328,0.7784172892570496,0.48436665534973145,0.45913395285606384,0.0014543808065354824,0.029756922274827957,1,5
129,1.3461370468139648,0.7953091859817505,0.48273324966430664,0.45144274830818176,0.0015665091341361403,0.024441638961434364,1,5
130,1.3360759019851685,0.7906104922294617,0.4804796278476715,0.4535689949989319,0.002227991819381714,0.03541724383831024,1,5
131,1.3206655979156494,0.7617301344871521,0.4914824366569519,0.4668651223182678,0.0037088526878505945,0.07065984606742859,1,5
132,1.3445990085601807,0.6624845266342163,0.49706822633743286,0.5155837535858154,0.00545559823513031,0.07972970604896545,1,5
133,1.4280476570129395,0.6193302273750305,0.5081861019134521,0.5383087992668152,0.002912630094215274,0.042611014097929,1,5
134,1.4379374980926514,0.6461933851242065,0.5185683965682983,0.5240424871444702,0.003381537739187479,0.04575739800930023,1,5
135,1.413421392440796,0.6464323401451111,0.5169485807418823,0.5239200592041016,0.004387719091027975,0.06565602123737335,1,5
136,1.4190847873687744,0.6088433861732483,0.5174399614334106,0.5439873933792114,0.0029244134202599525,0.04329279065132141,1,5
137,1.469275712966919,0.6222258806228638,0.5102348327636719,0.5367501974105835,0.0040285177528858185,0.05967321991920471,1,5
138,1.4925590753555298,0.6635467410087585,0.4903901219367981,0.5150285363197327,0.0022109311539679766,0.03951773792505264,1,5
139,1.4744443893432617,0.6973556280136108,0.47545260190963745,0.49790287017822266,0.003026148770004511,0.04419529810547829,1,5
140,1.4500012397766113,0.7223523259162903,0.46982496976852417,0.4856094419956207,0.0022526190150529146,0.031203728169202805,1,5
141,1.4405426979064941,0.7392303943634033,0.4623889625072479,0.47748464345932007,0.002202216535806656,0.03352262079715729,1,5
142,1.4238536357879639,0.7451738119125366,0.4629508852958679,0.4746561348438263,0.002999808406457305,0.040766581892967224,1,5
143,1.4142465591430664,0.7396705150604248,0.4657454490661621,0.47727566957473755,0.0024865467566996813,0.033017124980688095,1,5
144,1.4112675189971924,0.7416145205497742,0.46879827976226807,0.4763474762439728,0.0025192906614392996,0.03407794609665871,1,5
145,1.3962867259979248,0.7390227317810059,0.47510236501693726,0.4775850474834442,0.0032540319953113794,0.05043219029903412,1,5
146,1.4017395973205566,0.7291158437728882,0.47454673051834106,0.4823603928089142,0.003242560662329197,0.042469218373298645,1,5
147,1.393280267715454,0.6946889162063599,0.4829227030277252,0.4992838501930237,0.005694791208952665,0.076894111931324,1,5
148,1.432720422744751,0.6435403823852539,0.48701077699661255,0.5254389643669128,0.0041331946849823,0.05288131535053253,1,5
149,1.4748876094818115,0.6306438446044922,0.4882468581199646,0.5322550535202026,0.004092128481715918,0.048006635159254074,1,5
150,1.4716269969940186,0.6338753700256348,0.4971969425678253,0.5305450558662415,0.004122324287891388,0.055438555777072906,1,5
151,1.4499964714050293,0.62999427318573,0.5073297023773193,0.5326178073883057,0.0034375113900750875,0.06847052276134491,1,5
152,1.440145492553711,0.6018184423446655,0.5144345760345459,0.5478691458702087,0.004640356637537479,0.07998772710561752,1,5
153,1.4636940956115723,0.5882672071456909,0.5240014791488647,0.5552965402603149,0.0019437314476817846,0.03311143442988396,1,5
154,1.4722651243209839,0.637741208076477,0.5189692378044128,0.5284897089004517,0.0015263508539646864,0.02376776747405529,1,5
155,1.4352816343307495,0.6940058469772339,0.5061960220336914,0.4995741844177246,0.0017402044031769037,0.02689915895462036,1,5
156,1.402686357498169,0.7338241338729858,0.493196964263916,0.4800703823566437,0.0016559554496780038,0.02686699852347374,1,5
157,1.3805519342422485,0.764011025428772,0.485243022441864,0.46579477190971375,0.0014204570325091481,0.0219916682690382,1,5
158,1.3597774505615234,0.7756493091583252,0.48178139328956604,0.4604056477546692,0.002193346619606018,0.031824301928281784,1,5
159,1.3400232791900635,0.7665624618530273,0.48713669180870056,0.4646117091178894,0.002945906249806285,0.04600493982434273,1,5
160,1.3511219024658203,0.7425137758255005,0.48707467317581177,0.47592341899871826,0.0042929924093186855,0.08225541561841965,1,5
161,1.3548743724822998,0.6782583594322205,0.49769243597984314,0.5075091123580933,0.006069483235478401,0.11892073601484299,1,5
162,1.417926549911499,0.5874611139297485,0.5079119205474854,0.5557447671890259,0.004355595447123051,0.0741904154419899,1,5
163,1.489131212234497,0.5721296072006226,0.5170661807060242,0.5643476843833923,0.004662075079977512,0.07466313987970352,1,5
164,1.516965389251709,0.5737504363059998,0.5142597556114197,0.5634129047393799,0.002862353343516588,0.03606522083282471,1,5
165,1.5222548246383667,0.6266306638717651,0.502555251121521,0.534390926361084,0.002038106555119157,0.025389106944203377,1,5
166,1.4818997383117676,0.6760969161987305,0.4895380735397339,0.5086010694503784,0.001770324888639152,0.02560044825077057,1,5
167,1.4396913051605225,0.7033059597015381,0.48383772373199463,0.49494796991348267,0.003983218688517809,0.03659411519765854,1,5
168,1.4152836799621582,0.6918832659721375,0.4838358163833618,0.5006332397460938,0.003100797301158309,0.03965035453438759,1,5
169,1.4210842847824097,0.6980417370796204,0.48615071177482605,0.49756184220314026,0.0018555613933131099,0.029680704697966576,1,5
170,1.4189919233322144,0.709473729133606,0.48322129249572754,0.49190568923950195,0.0019062121864408255,0.022570354864001274,1,5
171,1.4065814018249512,0.7240244150161743,0.4830111265182495,0.4847990870475769,0.0020437834318727255,0.026775259524583817,1,5
172,1.3957406282424927,0.7337034344673157,0.48239219188690186,0.4801301658153534,0.001980170141905546,0.023778606206178665,1,5
173,1.384482741355896,0.7435859441757202,0.48303353786468506,0.47540712356567383,0.0014788878615945578,0.026354428380727768,1,5
174,1.371018648147583,0.7537379264831543,0.48483800888061523,0.4706113636493683,0.0025511286221444607,0.030414072796702385,1,5
175,1.3575952053070068,0.7502056360244751,0.4875972270965576,0.4723253548145294,0.0024757939390838146,0.03387418016791344,1,5
176,1.3635292053222656,0.7370482683181763,0.4874514639377594,0.4785703718662262,0.0029703883919864893,0.03684980422258377,1,5
177,1.363723635673523,0.719751238822937,0.49365735054016113,0.48689424991607666,0.003128123003989458,0.03988109156489372,1,5
178,1.3769017457962036,0.7087211608886719,0.4955032765865326,0.49229001998901367,0.0033284423407167196,0.04549622908234596,1,5
179,1.3930948972702026,0.6837511658668518,0.4930918216705322,0.504731297492981,0.0035725957714021206,0.05298815295100212,1,5
180,1.4126394987106323,0.6527339220046997,0.49705761671066284,0.520635724067688,0.003985370509326458,0.06546222418546677,1,5
181,1.4581897258758545,0.6267344951629639,0.494337260723114,0.534355640411377,0.004305779468268156,0.06110607460141182,1,5
182,1.478354811668396,0.6128402948379517,0.49785125255584717,0.5418349504470825,0.004007838666439056,0.057753171771764755,1,5
183,1.4944674968719482,0.615615963935852,0.49699801206588745,0.5403314828872681,0.003969918005168438,0.06364478170871735,1,5
184,1.493971586227417,0.6210271120071411,0.49550336599349976,0.5374025106430054,0.002601422369480133,0.03836315497756004,1,5
185,1.486881971359253,0.6479388475418091,0.49213775992393494,0.523125171661377,0.002174472901970148,0.026639888063073158,1,5
186,1.4551929235458374,0.6708785891532898,0.491224467754364,0.5112636685371399,0.002712610876187682,0.04054247960448265,1,5
187,1.4353429079055786,0.6666375994682312,0.49050089716911316,0.5134339332580566,0.001818250515498221,0.027558188885450363,1,5
188,1.4391591548919678,0.6944236755371094,0.488852858543396,0.4993633031845093,0.0013341772137209773,0.016761446371674538,1,5
189,1.4162193536758423,0.7204174995422363,0.485528826713562,0.4865497946739197,0.0013575127813965082,0.020630083978176117,1,5
190,1.394463300704956,0.7356876134872437,0.4839093089103699,0.47917747497558594,0.0016311677172780037,0.023035597056150436,1,5
191,1.3767997026443481,0.7418590784072876,0.48587706685066223,0.4762297570705414,0.0017038125079125166,0.024825146421790123,1,5
192,1.3643567562103271,0.7405072450637817,0.4892067313194275,0.47687411308288574,0.0019724059384316206,0.03536362200975418,1,5
193,1.3524563312530518,0.7255907654762268,0.49677976965904236,0.48404091596603394,0.002419358352199197,0.04256680980324745,1,5
194,1.3544249534606934,0.7093526721000671,0.5041339993476868,0.491971492767334,0.0030430639162659645,0.048322755843400955,1,5
195,1.3588024377822876,0.6639622449874878,0.5107492208480835,0.5148115158081055,0.0035101037938147783,0.06066206097602844,1,5
196,1.3918335437774658,0.6412280797958374,0.5181642770767212,0.5266662836074829,0.004103525076061487,0.06235446035861969,1,5
197,1.4233665466308594,0.5980654358863831,0.5171923637390137,0.5499098300933838,0.004733135923743248,0.08321148157119751,1,5
198,1.4798424243927002,0.5876785516738892,0.5189353227615356,0.5556216239929199,0.0026679181028157473,0.04113198071718216,1,5
199,1.4853551387786865,0.6084218621253967,0.51318359375,0.5442184209823608,0.003326709382236004,0.06108982861042023,1,5
200,1.4825491905212402,0.6296834349632263,0.503517746925354,0.5327707529067993,0.0032279938459396362,0.05535004287958145,1,5
201,1.4745259284973145,0.6568191647529602,0.49408024549484253,0.518505334854126,0.0027043626178056,0.040131986141204834,1,5
202,1.4577171802520752,0.6796740293502808,0.48574110865592957,0.50678551197052,0.0027473820373415947,0.03471055626869202,1,5
203,1.43932044506073,0.6953621506690979,0.48302707076072693,0.49889621138572693,0.0023484567645937204,0.042726993560791016,1,5
204,1.4321026802062988,0.7085869908332825,0.477963924407959,0.4923415780067444,0.002630276372656226,0.03153206780552864,1,5
205,1.4228564500808716,0.7141506671905518,0.47646424174308777,0.4896083474159241,0.0013211058685556054,0.021401256322860718,1,5
206,1.4162406921386719,0.7282352447509766,0.47586917877197266,0.4827609956264496,0.0015412673819810152,0.019599463790655136,1,5
207,1.406739354133606,0.7437072992324829,0.4742036461830139,0.47534996271133423,0.0015506356721743941,0.025293176993727684,1,5
208,1.3924565315246582,0.7503846287727356,0.4741021394729614,0.4721860885620117,0.002143623074516654,0.033331695944070816,1,5
209,1.3839086294174194,0.7306636571884155,0.47621116042137146,0.4815916419029236,0.0028196501079946756,0.05330708622932434,1,5
210,1.4009259939193726,0.7038081884384155,0.4787628650665283,0.4946986436843872,0.0025609389413148165,0.050442200154066086,1,5
211,1.4173388481140137,0.6995445489883423,0.48261088132858276,0.4968143105506897,0.0032693056855350733,0.05145454779267311,1,5
212,1.4273571968078613,0.6776432991027832,0.4815550446510315,0.5078153610229492,0.0035240566357970238,0.04256686195731163,1,5
213,1.4402239322662354,0.6821963787078857,0.48454898595809937,0.5055084228515625,0.0029292202088981867,0.03837313503026962,1,5
214,1.4386646747589111,0.6825519800186157,0.4831281900405884,0.5053290128707886,0.002545831026509404,0.031968072056770325,1,5
215,1.4335843324661255,0.7060077786445618,0.48362237215042114,0.49361443519592285,0.002144735772162676,0.028346585109829903,1,5
216,1.4085142612457275,0.7148061990737915,0.4843664765357971,0.48929154872894287,0.0030975299887359142,0.039770595729351044,1,5
217,1.3964728116989136,0.7014825940132141,0.4883213937282562,0.49585509300231934,0.0028678346425294876,0.043090853840112686,1,5
218,1.3962337970733643,0.69786536693573,0.49443674087524414,0.49765142798423767,0.0025494599249213934,0.0353814959526062,1,5
219,1.397022008895874,0.694159746170044,0.4948933720588684,0.4995005130767822,0.0023775738663971424,0.048382584005594254,1,5
220,1.4014272689819336,0.6987804770469666,0.49500730633735657,0.49719536304473877,0.001904066652059555,0.0377190038561821,1,5
221,1.4010396003723145,0.7162174582481384,0.4921552538871765,0.48859769105911255,0.0015196969034150243,0.020300382748246193,1,5
222,1.3837482929229736,0.7342752814292908,0.4908568859100342,0.47985464334487915,0.0019028827082365751,0.024933109059929848,1,5
223,1.3673644065856934,0.7283397912979126,0.49186694622039795,0.4827187657356262,0.0025677578523755074,0.03546134755015373,1,5
224,1.3664326667785645,0.6919442415237427,0.4963168501853943,0.5006288886070251,0.004759673029184341,0.06444040685892105,1,5
225,1.4081077575683594,0.6482079029083252,0.5001196265220642,0.5229830741882324,0.0028014511335641146,0.05490494519472122,1,5
226,1.4346227645874023,0.6575648784637451,0.5048890113830566,0.5181140899658203,0.002716509159654379,0.04044097661972046,1,5
227,1.4179308414459229,0.6967133283615112,0.5065150260925293,0.49822038412094116,0.0014485104475170374,0.017837679013609886,1,5
228,1.3781884908676147,0.7456443309783936,0.5033756494522095,0.4744289517402649,0.0015161552000790834,0.02601630613207817,1,5
229,1.3454012870788574,0.7459352612495422,0.4969797730445862,0.47429555654525757,0.0034487072844058275,0.07578159868717194,1,5
230,1.3571979999542236,0.6899091601371765,0.4961825907230377,0.5016281604766846,0.004335083533078432,0.12035632133483887,1,5
231,1.4273110628128052,0.6059633493423462,0.4953325390815735,0.5455547571182251,0.0038505985867232084,0.0655173808336258,1,5
232,1.5007898807525635,0.6110802888870239,0.499009370803833,0.542766809463501,0.0028677848167717457,0.03521484509110451,1,5
233,1.4779510498046875,0.6269736289978027,0.5026156306266785,0.5342153906822205,0.0034695586655288935,0.050119202584028244,1,5
234,1.458772897720337,0.6463562250137329,0.5033726096153259,0.5239531993865967,0.0027278719935566187,0.041363298892974854,1,5
235,1.4414100646972656,0.6503773331642151,0.500826358795166,0.5218507051467896,0.0027379414532333612,0.05306349694728851,1,5
236,1.4372609853744507,0.6605831980705261,0.5010406970977783,0.5165526866912842,0.0020405855029821396,0.026978645473718643,1,5
237,1.434666633605957,0.6743220090866089,0.49464720487594604,0.5095030069351196,0.002146864775568247,0.03776289150118828,1,5
238,1.4270353317260742,0.6941573619842529,0.49145597219467163,0.49949976801872253,0.0020448919385671616,0.02925233356654644,1,5
239,1.4185152053833008,0.7180838584899902,0.4846271872520447,0.4876902103424072,0.001684070099145174,0.02953891083598137,1,5
240,1.404015064239502,0.7281157374382019,0.48088663816452026,0.48282039165496826,0.0023733589332550764,0.03119325079023838,1,5
241,1.4039649963378906,0.7209288477897644,0.47678297758102417,0.48630163073539734,0.0034090650733560324,0.043792691081762314,1,5
242,1.4096050262451172,0.7041141986846924,0.4792913794517517,0.4945484399795532,0.0022426070645451546,0.028137389570474625,1,5
243,1.4164297580718994,0.7003499269485474,0.4818786382675171,0.4964122176170349,0.003298157127574086,0.04488364979624748,1,5
244,1.4023611545562744,0.6995420455932617,0.4907703399658203,0.49681466817855835,0.002270112745463848,0.029925385490059853,1,5
245,1.408475637435913,0.6900360584259033,0.4881106913089752,0.5015683174133301,0.0026063011027872562,0.0363968163728714,1,5
246,1.4148296117782593,0.6740657091140747,0.49083247780799866,0.5096331834793091,0.002931593218818307,0.04104556143283844,1,5
247,1.4293479919433594,0.6771534085273743,0.4922751784324646,0.5080626010894775,0.001674295635893941,0.02991333045065403,1,5
248,1.4227371215820312,0.6934278011322021,0.49191179871559143,0.49986106157302856,0.0018925386248156428,0.028571590781211853,1,5
249,1.421795129776001,0.710648775100708,0.484140008687973,0.4913307726383209,0.002270204946398735,0.03724844008684158,1,5
250,1.4104505777359009,0.7275196313858032,0.4818239212036133,0.48310762643814087,0.0022642037365585566,0.03673785179853439,1,5
251,1.396822214126587,0.7062345743179321,0.48103246092796326,0.4935215711593628,0.003073686733841896,0.0700652152299881,1,5
252,1.4221596717834473,0.681765079498291,0.4830804467201233,0.5057358741760254,0.0032376323360949755,0.05607835575938225,1,5
253,1.432802438735962,0.6772160530090332,0.48734012246131897,0.5080315470695496,0.0031438665464520454,0.05664999783039093,1,5
254,1.4223341941833496,0.682241678237915,0.49311208724975586,0.5054851770401001,0.002776784123852849,0.037576064467430115,1,5
255,1.402888298034668,0.6765738725662231,0.5004757642745972,0.5083596706390381,0.0027129624504595995,0.04096025973558426,1,5
256,1.3999981880187988,0.6681203842163086,0.5051025748252869,0.5126729011535645,0.0022167484275996685,0.04076046869158745,1,5
257,1.409414291381836,0.6638519167900085,0.5050822496414185,0.5148647427558899,0.0019482203060761094,0.03999222069978714,1,5
258,1.4184083938598633,0.671671450138092,0.5024163126945496,0.510854959487915,0.0015355140203610063,0.03029550239443779,1,5
259,1.4264709949493408,0.6919294595718384,0.4929364323616028,0.5006108283996582,0.001582569908350706,0.025518888607621193,1,5
260,1.4185845851898193,0.7043222188949585,0.48641693592071533,0.49444591999053955,0.0018727496499195695,0.027627024799585342,1,5
261,1.406919002532959,0.7132570743560791,0.48615652322769165,0.4900459051132202,0.002019652631133795,0.024864627048373222,1,5
262,1.4014750719070435,0.7211982011795044,0.48426079750061035,0.4861708879470825,0.0018090292578563094,0.030811574310064316,1,5
263,1.3877627849578857,0.717343807220459,0.48775890469551086,0.4880477488040924,0.0018362211994826794,0.026999982073903084,1,5
264,1.3741110563278198,0.708045482635498,0.49630504846572876,0.49260956048965454,0.0023919562809169292,0.03695579618215561,1,5
265,1.3741202354431152,0.6848723888397217,0.501822829246521,0.5041619539260864,0.0025543186347931623,0.03811299800872803,1,5
266,1.392255187034607,0.6612105965614319,0.504737138748169,0.5162392258644104,0.002633400959894061,0.037268370389938354,1,5
267,1.4144682884216309,0.6591910123825073,0.50663161277771,0.5172763466835022,0.002053864998742938,0.03339363634586334,1,5
268,1.42121422290802,0.6686016321182251,0.5034877061843872,0.5124287605285645,0.0019295820966362953,0.03797535598278046,1,5
269,1.4149394035339355,0.6656445264816284,0.501404345035553,0.5139437317848206,0.002386911539360881,0.0374450646340847,1,5
270,1.4241210222244263,0.6652342081069946,0.4981954097747803,0.5141674280166626,0.0025101113133132458,0.04012436047196388,1,5
271,1.4339964389801025,0.6321962475776672,0.4962962865829468,0.5314273834228516,0.0032090642489492893,0.05752765014767647,1,5
272,1.4728847742080688,0.6303671598434448,0.4953230321407318,0.5323978662490845,0.002080936450511217,0.038275789469480515,1,5
273,1.4765310287475586,0.6484191417694092,0.4914051294326782,0.5228723883628845,0.0017363425577059388,0.0333218090236187,1,5
274,1.4633694887161255,0.6660478711128235,0.4870520830154419,0.5137350559234619,0.0017838191706687212,0.031730856746435165,1,5
275,1.449010968208313,0.6925687789916992,0.4845130741596222,0.5002899765968323,0.0013378995936363935,0.025533992797136307,1,5
276,1.426872968673706,0.7087509632110596,0.4813976287841797,0.49225881695747375,0.0013197158696129918,0.022586453706026077,1,5
277,1.4106038808822632,0.704723596572876,0.48157641291618347,0.4942472577095032,0.001978473737835884,0.0321996696293354,1,5
278,1.414824366569519,0.7047845125198364,0.4821198582649231,0.4942153990268707,0.001853068359196186,0.023376472294330597,1,5
279,1.4113774299621582,0.7137352824211121,0.4832475781440735,0.4898112714290619,0.0008384180837310851,0.01751965843141079,1,5
280,1.399944543838501,0.7204142808914185,0.4839423894882202,0.48655134439468384,0.001197831821627915,0.024958010762929916,1,5
281,1.3919700384140015,0.7203055620193481,0.4852958619594574,0.4866049885749817,0.0018593182321637869,0.020890356972813606,1,5
282,1.3902175426483154,0.7209593057632446,0.48620766401290894,0.48628711700439453,0.001970263896510005,0.028861965984106064,1,5
283,1.3857120275497437,0.7196701765060425,0.4887806177139282,0.486913800239563,0.001342189614661038,0.02681518718600273,1,5
284,1.3806631565093994,0.7235549092292786,0.4913639426231384,0.4850258231163025,0.0014912631595507264,0.027137374505400658,1,5
285,1.374711275100708,0.7174128293991089,0.49247869849205017,0.4880167245864868,0.0015370635082945228,0.028660418465733528,1,5
286,1.3763461112976074,0.7172690033912659,0.4949522614479065,0.4880863428115845,0.0018324138363823295,0.02708101086318493,1,5
287,1.3739118576049805,0.7150826454162598,0.49653756618499756,0.48915255069732666,0.0017282513435930014,0.040290482342243195,1,5
288,1.3735363483428955,0.7166347503662109,0.49807122349739075,0.48839348554611206,0.0016617999644950032,0.027219854295253754,1,5
289,1.369257926940918,0.7017884254455566,0.4988289475440979,0.4956984221935272,0.0026085281278938055,0.04708288609981537,1,5
290,1.384666919708252,0.66335129737854,0.5015048980712891,0.5151243805885315,0.004013553727418184,0.07936796545982361,1,5
291,1.4330523014068604,0.6077069044113159,0.5017499327659607,0.5446020364761353,0.004172906279563904,0.06705798953771591,1,5
292,1.4763507843017578,0.6152719259262085,0.5084950923919678,0.5405013561248779,0.002608922775834799,0.03508983552455902,1,5
293,1.4633145332336426,0.6265426874160767,0.5068498253822327,0.534442663192749,0.0032047624699771404,0.04418492689728737,1,5
294,1.4563267230987549,0.6405426263809204,0.5050237774848938,0.527009129524231,0.0018593257991597056,0.029668286442756653,1,5
295,1.4404358863830566,0.6666814684867859,0.5032010674476624,0.5134106278419495,0.001989058218896389,0.02415427379310131,1,5
296,1.4189741611480713,0.6875848770141602,0.4990229606628418,0.5027908086776733,0.0020791247952729464,0.0263435710221529,1,5
297,1.4029688835144043,0.6777514219284058,0.4965263903141022,0.5077608823776245,0.002605410758405924,0.04703572764992714,1,5
298,1.4103994369506836,0.6717432737350464,0.5011464357376099,0.5108212828636169,0.0020478088408708572,0.027454597875475883,1,5
299,1.4140057563781738,0.6914829015731812,0.49935901165008545,0.5008392333984375,0.0019140653312206268,0.022079866379499435,1,5
300,1.4006831645965576,0.7158222198486328,0.4945959746837616,0.48879942297935486,0.0015910584479570389,0.016838913783431053,1,5
301,1.3821802139282227,0.7323505878448486,0.49202442169189453,0.48078763484954834,0.0017338440520688891,0.020683271810412407,1,5
302,1.3653149604797363,0.7348170280456543,0.4928840398788452,0.4796050190925598,0.0016564411344006658,0.02460288628935814,1,5
303,1.3601646423339844,0.7316332459449768,0.4952281713485718,0.48113077878952026,0.002026311354711652,0.022239774465560913,1,5
304,1.3578987121582031,0.7166136503219604,0.497474730014801,0.48840564489364624,0.002183848526328802,0.03696058318018913,1,5
305,1.3689137697219849,0.6631834506988525,0.5011154413223267,0.515247106552124,0.003045074176043272,0.059571437537670135,1,5
306,1.4232617616653442,0.6122840642929077,0.5060847997665405,0.542122483253479,0.0030265352688729763,0.05074572190642357,1,5
307,1.4788302183151245,0.6047056913375854,0.5044759511947632,0.5462391376495361,0.001902479212731123,0.030515646561980247,1,5
308,1.480622410774231,0.6283099055290222,0.503950834274292,0.5334939956665039,0.0019136419286951423,0.023807387799024582,1,5
309,1.4635717868804932,0.6560349464416504,0.49773937463760376,0.5189120769500732,0.0018250143621116877,0.022059347480535507,1,5
310,1.4448316097259521,0.6744377017021179,0.4922291040420532,0.5094591379165649,0.002238118788227439,0.02607489563524723,1,5
311,1.4299050569534302,0.6806352138519287,0.4896572232246399,0.5062968730926514,0.001581221236847341,0.022610578685998917,1,5
312,1.4165029525756836,0.6865902543067932,0.492634654045105,0.5032902956008911,0.0016420704778283834,0.024553025141358376,1,5
313,1.4165340662002563,0.683525562286377,0.49001508951187134,0.504836916923523,0.0018706271657720208,0.029493583366274834,1,5
314,1.4199059009552002,0.6835342049598694,0.4899192452430725,0.5048338770866394,0.002044802764430642,0.026574132964015007,1,5
315,1.4267773628234863,0.6824866533279419,0.4867831766605377,0.5053601264953613,0.00202233181335032,0.03556649759411812,1,5
316,1.431309700012207,0.6901001930236816,0.4851338267326355,0.5015261173248291,0.0012419498525559902,0.02272718958556652,1,5
317,1.4220407009124756,0.7038116455078125,0.4849527180194855,0.49469661712646484,0.0011430374579504132,0.018886426463723183,1,5
318,1.4074267148971558,0.7125071287155151,0.4853162169456482,0.49041348695755005,0.0015047856140881777,0.020370252430438995,1,5
319,1.3983638286590576,0.7082344889640808,0.48587483167648315,0.492514431476593,0.001953280996531248,0.03084862045943737,1,5
320,1.3979597091674805,0.7048299312591553,0.48892849683761597,0.4941931366920471,0.001414803322404623,0.02584037370979786,1,5
321,1.4030811786651611,0.70455002784729,0.4871087074279785,0.4943312406539917,0.0016455944860354066,0.02350175939500332,1,5
322,1.395514965057373,0.7022860050201416,0.49124085903167725,0.49545201659202576,0.001927457400597632,0.036597754806280136,1,5
323,1.4020326137542725,0.68630450963974,0.49000418186187744,0.503433883190155,0.002340445527806878,0.044360656291246414,1,5
324,1.419079303741455,0.6765890717506409,0.49079638719558716,0.5083490014076233,0.0017906267894431949,0.0331229642033577,1,5
325,1.4292423725128174,0.6833872199058533,0.48901814222335815,0.5049068927764893,0.0016431021504104137,0.022564861923456192,1,5
326,1.4230539798736572,0.6943857669830322,0.48822131752967834,0.4993864595890045,0.0014333141734823585,0.02258242480456829,1,5
327,1.4129523038864136,0.7034746408462524,0.4874969720840454,0.49486619234085083,0.0014553614892065525,0.021328505128622055,1,5
328,1.4011778831481934,0.7033564448356628,0.48870086669921875,0.4949268698692322,0.001787656918168068,0.02874740958213806,1,5
329,1.3978636264801025,0.6970780491828918,0.49141624569892883,0.4980418086051941,0.0015404036967083812,0.029038701206445694,1,5
330,1.3964650630950928,0.686856746673584,0.4950254261493683,0.5031558275222778,0.0019393091788515449,0.03472238779067993,1,5
331,1.4006959199905396,0.6792764067649841,0.49905312061309814,0.5069844722747803,0.002099390374496579,0.04013395681977272,1,5
332,1.4107484817504883,0.6824235916137695,0.4978610873222351,0.5053915977478027,0.0014621972804889083,0.024333883076906204,1,5
333,1.4008700847625732,0.6913264989852905,0.4996206760406494,0.5009136199951172,0.001871009822934866,0.034948691725730896,1,5
334,1.3972904682159424,0.6906139254570007,0.4980509579181671,0.5012693405151367,0.001819293713197112,0.026484964415431023,1,5
335,1.3909660577774048,0.6934218406677246,0.5008671879768372,0.4998641610145569,0.0015917461132630706,0.02332187443971634,1,5
336,1.383105754852295,0.689314603805542,0.5031278729438782,0.5019213557243347,0.002481125993654132,0.036758776754140854,1,5
337,1.381380319595337,0.679595410823822,0.5078781843185425,0.5068272352218628,0.0018468160415068269,0.02813510224223137,1,5
338,1.3929619789123535,0.6914982795715332,0.5062052011489868,0.5008262395858765,0.0014921061228960752,0.024097707122564316,1,5
339,1.385350227355957,0.704679548740387,0.5029746294021606,0.49426713585853577,0.001882110838778317,0.025044772773981094,1,5
340,1.3842506408691406,0.6995432376861572,0.4972361922264099,0.4968203902244568,0.0036232436541467905,0.0594581663608551,1,5
341,1.4124798774719238,0.6528199911117554,0.4916042685508728,0.5205795764923096,0.0027488882187753916,0.050674378871917725,1,5
342,1.4624704122543335,0.651028037071228,0.48836228251457214,0.5215163230895996,0.0020583602599799633,0.028625624254345894,1,5
343,1.4587008953094482,0.6627395153045654,0.48855000734329224,0.5154521465301514,0.001719543244689703,0.02809160389006138,1,5
344,1.4412027597427368,0.6761142015457153,0.4905431270599365,0.508597731590271,0.0015590914990752935,0.02818452939391136,1,5
345,1.4249975681304932,0.678065299987793,0.4911743700504303,0.5076034069061279,0.0019507237011566758,0.03123338893055916,1,5
346,1.4185895919799805,0.6689079999923706,0.4933045506477356,0.512269139289856,0.0021390363108366728,0.03631371632218361,1,5
347,1.4260303974151611,0.6795512437820435,0.49513259530067444,0.5068466663360596,0.0011135238455608487,0.01829107664525509,1,5
348,1.4221975803375244,0.7044416666030884,0.48997747898101807,0.49438774585723877,0.0010172976180911064,0.01607232727110386,1,5
349,1.4098063707351685,0.7260730266571045,0.4836033582687378,0.48380550742149353,0.0013533163582906127,0.01845591701567173,1,5
350,1.3969783782958984,0.7342245578765869,0.4799984097480774,0.4798778295516968,0.0013413478154689074,0.019575640559196472,1,5
351,1.3865175247192383,0.735135555267334,0.48116129636764526,0.4794408082962036,0.000918893376365304,0.01789006218314171,1,5
352,1.3802114725112915,0.732149064540863,0.48371005058288574,0.4808763563632965,0.001356329070404172,0.022005818784236908,1,5
353,1.3722448348999023,0.728378415107727,0.48929280042648315,0.4826940894126892,0.001015463494695723,0.018379809334874153,1,5
354,1.3665672540664673,0.7295153737068176,0.49328213930130005,0.4821489751338959,0.0015335254138335586,0.026484593749046326,1,5
355,1.3604354858398438,0.7195018529891968,0.4969220757484436,0.4870036840438843,0.002178622642531991,0.0396103709936142,1,5
356,1.3639822006225586,0.7054250836372375,0.5005649924278259,0.49389979243278503,0.0018338244408369064,0.03229498118162155,1,5
357,1.374706745147705,0.6870019435882568,0.5020989179611206,0.5030847787857056,0.0027287639677524567,0.04221011698246002,1,5
358,1.3910778760910034,0.6647530794143677,0.503803551197052,0.5144062042236328,0.0028281626291573048,0.05171319842338562,1,5
359,1.4188084602355957,0.657946765422821,0.5024354457855225,0.517916202545166,0.003283751429989934,0.036146655678749084,1,5
360,1.4301342964172363,0.6511193513870239,0.5000410079956055,0.5214630961418152,0.0028105219826102257,0.04233600199222565,1,5
361,1.4387664794921875,0.6435971260070801,0.5008120536804199,0.5254024267196655,0.0021177458111196756,0.037275850772857666,1,5
362,1.4392058849334717,0.6577221155166626,0.5025839805603027,0.5180313587188721,0.0016554936300963163,0.028368661180138588,1,5
363,1.4168319702148438,0.6621164083480835,0.5049642324447632,0.5157590508460999,0.0020323190838098526,0.033516429364681244,1,5
364,1.4035903215408325,0.66615891456604,0.5098201036453247,0.5136781334877014,0.002186605939641595,0.03190062195062637,1,5
365,1.3982086181640625,0.6701340079307556,0.5104615092277527,0.5116422176361084,0.00220929691568017,0.032149430364370346,1,5
366,1.399393081665039,0.6745086908340454,0.5083918571472168,0.5094094276428223,0.0019773480016738176,0.029323210939764977,1,5
367,1.4079225063323975,0.6885640621185303,0.5006265640258789,0.5022983551025391,0.0017801776994019747,0.02493879199028015,1,5
368,1.408360481262207,0.708666980266571,0.49296754598617554,0.49230068922042847,0.0011642376193776727,0.020342670381069183,1,5
369,1.4052071571350098,0.7249022722244263,0.484051913022995,0.484372615814209,0.0013732204679399729,0.019869202747941017,1,5
370,1.3973039388656616,0.7307335138320923,0.48065730929374695,0.4815566837787628,0.0018468891503289342,0.030811376869678497,1,5
371,1.394450306892395,0.70984947681427,0.48013442754745483,0.49172019958496094,0.002452660584822297,0.03752979263663292,1,5
372,1.4101841449737549,0.6928848624229431,0.4836445450782776,0.5001324415206909,0.0014648676151409745,0.028642913326621056,1,5
373,1.4138813018798828,0.6942075490951538,0.48845750093460083,0.4994719326496124,0.001562762656249106,0.02397700771689415,1,5
374,1.39933180809021,0.7043490409851074,0.4945378005504608,0.4944313168525696,0.0013520261272788048,0.019200153648853302,1,5
375,1.3812133073806763,0.7099459171295166,0.49766814708709717,0.4916728138923645,0.0013924712548032403,0.023342184722423553,1,5
376,1.3671324253082275,0.7091015577316284,0.502511739730835,0.4920874238014221,0.0015134753193706274,0.02561703696846962,1,5
377,1.3577486276626587,0.701900064945221,0.5083404779434204,0.4956430494785309,0.001740610459819436,0.027656318619847298,1,5
378,1.353609561920166,0.6929429173469543,0.5141743421554565,0.5001034140586853,0.0016551384469494224,0.031031057238578796,1,5
379,1.3647505044937134,0.6921985745429993,0.5131770372390747,0.5004756450653076,0.002012980170547962,0.034761056303977966,1,5
380,1.3748185634613037,0.6798422336578369,0.5094599723815918,0.5066972970962524,0.001780767343007028,0.03177462890744209,1,5
381,1.390678882598877,0.6852116584777832,0.5068036317825317,0.5039847493171692,0.002070916350930929,0.030290020629763603,1,5
382,1.395959496498108,0.69278883934021,0.5018426179885864,0.500184178352356,0.0014064650749787688,0.02481326274573803,1,5
383,1.3934528827667236,0.6980202198028564,0.49831315875053406,0.4975803792476654,0.0029320099856704473,0.03411621227860451,1,5
384,1.398511528968811,0.6808595657348633,0.4953513741493225,0.5062168836593628,0.0031011321116238832,0.03816261142492294,1,5
385,1.4289278984069824,0.6659995317459106,0.4890586733818054,0.5138205885887146,0.002959546633064747,0.042364899069070816,1,5
386,1.4331088066101074,0.6558987498283386,0.49538499116897583,0.5189892649650574,0.00272650015540421,0.0336884967982769,1,5
387,1.4460889101028442,0.6659395694732666,0.49186182022094727,0.513798713684082,0.0021690716966986656,0.03714478388428688,1,5
388,1.4341763257980347,0.6745729446411133,0.4932963252067566,0.5093773007392883,0.002424957463517785,0.03458691015839577,1,5
389,1.42631196975708,0.681716799736023,0.4919506013393402,0.5057494044303894,0.002294003963470459,0.03804636374115944,1,5
390,1.4134290218353271,0.6719875335693359,0.49524641036987305,0.5107104778289795,0.002266103634610772,0.044426605105400085,1,5
391,1.415975570678711,0.6680024862289429,0.499244749546051,0.5127401947975159,0.002416709205135703,0.03896831348538399,1,5
392,1.4246222972869873,0.6621100306510925,0.4966956079006195,0.5157668590545654,0.0027807322330772877,0.03493496775627136,1,5
393,1.4277904033660889,0.6669958829879761,0.4986785650253296,0.5132490396499634,0.0022494099102914333,0.033202603459358215,1,5
394,1.4249660968780518,0.6809518337249756,0.49649500846862793,0.5061360597610474,0.0019280064152553678,0.029734326526522636,1,5
395,1.413170576095581,0.7007614374160767,0.4945288896560669,0.49620887637138367,0.0019042666535824537,0.035461727529764175,1,5
396,1.4020090103149414,0.7148034572601318,0.4907069206237793,0.4892890155315399,0.00165101932361722,0.02576383203268051,1,5
397,1.3895578384399414,0.7263725996017456,0.4890560507774353,0.4836605191230774,0.0014365421375259757,0.023569930344820023,1,5
398,1.3800578117370605,0.7356967329978943,0.48838141560554504,0.4791721701622009,0.0016666261944919825,0.027427149936556816,1,5
399,1.3721768856048584,0.728476345539093,0.48853132128715515,0.48264530301094055,0.002056501340121031,0.04364851117134094,1,5
400,1.3770999908447266,0.7118483185768127,0.4906516373157501,0.4907369613647461,0.0016407148214057088,0.04354105144739151,1,5
401,1.382775902748108,0.6875096559524536,0.4959198534488678,0.5028284788131714,0.002029678551480174,0.04372658208012581,1,5
402,1.4034602642059326,0.6979964971542358,0.4965849816799164,0.4975818991661072,0.0015553570119664073,0.03389168158173561,1,5
403,1.3888301849365234,0.6926961541175842,0.49882596731185913,0.5002297163009644,0.0030172604601830244,0.04072175174951553,1,5
404,1.3986878395080566,0.6691116094589233,0.4992050528526306,0.5121681094169617,0.002917933277785778,0.04493652656674385,1,5
405,1.4115395545959473,0.6390349268913269,0.5055651664733887,0.5278041362762451,0.004000569228082895,0.0690167248249054,1,5
406,1.4402940273284912,0.6278067827224731,0.5099642276763916,0.5337667465209961,0.0029241323936730623,0.04563514515757561,1,5
407,1.4475831985473633,0.6328574419021606,0.5087555646896362,0.5310749411582947,0.0024906941689550877,0.029344385489821434,1,5
408,1.4462368488311768,0.6666173338890076,0.5046451091766357,0.5134429931640625,0.001260884921066463,0.0185906570404768,1,5
409,1.4175384044647217,0.6974387168884277,0.49885493516921997,0.49786004424095154,0.0011721752816811204,0.019353002309799194,1,5
410,1.4068721532821655,0.7196427583694458,0.48872196674346924,0.48692989349365234,0.001199317746795714,0.021183161064982414,1,5
411,1.3919718265533447,0.7318814992904663,0.4851130247116089,0.48100659251213074,0.0013935337774455547,0.020610230043530464,1,5
412,1.3829641342163086,0.7384501695632935,0.48381462693214417,0.4778546094894409,0.0014368387637659907,0.02231554314494133,1,5
413,1.3746685981750488,0.7321771383285522,0.485426664352417,0.4808616042137146,0.0014594992389902472,0.028652360662817955,1,5
414,1.3741177320480347,0.7273104190826416,0.48861467838287354,0.4832087755203247,0.00286118290387094,0.04463618993759155,1,5
415,1.3789865970611572,0.7073650360107422,0.4903522729873657,0.49294227361679077,0.0021896474063396454,0.03704787790775299,1,5
416,1.3827192783355713,0.6812582015991211,0.49811530113220215,0.5059918165206909,0.005300109274685383,0.05144878849387169,1,5
417,1.4211399555206299,0.65399569272995,0.4960842728614807,0.5199968814849854,0.004411250818520784,0.037463802844285965,1,5
418,1.4382531642913818,0.6613110899925232,0.4987059533596039,0.5161746740341187,0.0021790163591504097,0.03029460646212101,1,5
419,1.4211390018463135,0.6787380576133728,0.5013105869293213,0.5072574615478516,0.001986250514164567,0.028274251148104668,1,5
420,1.3957725763320923,0.6920572519302368,0.5047529935836792,0.5005459785461426,0.001837960327975452,0.03902365639805794,1,5
421,1.3706395626068115,0.6935113668441772,0.5106692910194397,0.4998190402984619,0.0022019189782440662,0.0446745865046978,1,5
422,1.3565151691436768,0.646051287651062,0.5183335542678833,0.5241167545318604,0.003233939176425338,0.051430221647024155,1,5
423,1.4074745178222656,0.6576512455940247,0.5204544067382812,0.5180677175521851,0.0014802608639001846,0.02260841429233551,1,5
424,1.4082434177398682,0.6950048208236694,0.5087842345237732,0.49907273054122925,0.001248993445187807,0.02238018997013569,1,5
425,1.3910270929336548,0.7313281297683716,0.49787628650665283,0.48127010464668274,0.0011043662670999765,0.01533455215394497,1,5
426,1.3761405944824219,0.75848388671875,0.4873727262020111,0.46837660670280457,0.000685193866956979,0.017295727506279945,1,5
427,1.3627302646636963,0.7630371451377869,0.48208826780319214,0.4662500023841858,0.001775645767338574,0.03041289933025837,1,5
428,1.3572406768798828,0.7208722829818726,0.4845433533191681,0.4863383173942566,0.0051842848770320415,0.10837700963020325,1,5
429,1.4100029468536377,0.62606281042099,0.4893617033958435,0.5346952676773071,0.003539359662681818,0.044109150767326355,1,5
430,1.4734241962432861,0.6315736770629883,0.4974479675292969,0.5317642688751221,0.0026955092325806618,0.03938332572579384,1,5
431,1.4603748321533203,0.643913745880127,0.49945271015167236,0.5252376198768616,0.0029923238325864077,0.03884688392281532,1,5
432,1.4324822425842285,0.6578091979026794,0.5065692663192749,0.5179914236068726,0.0029783439822494984,0.0353446900844574,1,5
433,1.417318344116211,0.6654755473136902,0.5060936212539673,0.5140388607978821,0.003264231374487281,0.04381148889660835,1,5
434,1.4113714694976807,0.6678177118301392,0.5061542987823486,0.5128514766693115,0.002827887423336506,0.03449413552880287,1,5
435,1.4156455993652344,0.6842276453971863,0.5013466477394104,0.5045062303543091,0.0025430291425436735,0.03119029849767685,1,5
436,1.4130778312683105,0.6912839412689209,0.4934983551502228,0.5009765625,0.0024619849864393473,0.024600043892860413,1,5
437,1.4155550003051758,0.7096766829490662,0.4881667494773865,0.491843581199646,0.002104101935401559,0.022969087585806847,1,5
438,1.4063358306884766,0.7219053506851196,0.48311540484428406,0.4858393371105194,0.0026059544179588556,0.025350917130708694,1,5
439,1.4054980278015137,0.7297142744064331,0.47838181257247925,0.48204895853996277,0.001940243411809206,0.027132630348205566,1,5
440,1.3946287631988525,0.7287641763687134,0.47983840107917786,0.48250749707221985,0.0021367943845689297,0.02599772810935974,1,5
441,1.3928027153015137,0.7271203398704529,0.48181626200675964,0.48330241441726685,0.002155269030481577,0.028094355016946793,1,5
442,1.3834419250488281,0.7174591422080994,0.4871125817298889,0.4879964590072632,0.002132525434717536,0.031551457941532135,1,5
443,1.3881341218948364,0.7071510553359985,0.4895876348018646,0.49305209517478943,0.00244780071079731,0.029536571353673935,1,5
444,1.3936456441879272,0.7011251449584961,0.4921114444732666,0.49602875113487244,0.0022323871962726116,0.029025431722402573,1,5
445,1.3942492008209229,0.704903244972229,0.49376028776168823,0.49415892362594604,0.0016408946830779314,0.025245552882552147,1,5
446,1.3886737823486328,0.6974887251853943,0.4948880970478058,0.49784842133522034,0.002668421482667327,0.036235466599464417,1,5
447,1.397495150566101,0.6859273910522461,0.49575698375701904,0.5036436915397644,0.0027793338522315025,0.04193321242928505,1,5
448,1.4044922590255737,0.668449878692627,0.49787458777427673,0.5125049948692322,0.0036602637264877558,0.05375475063920021,1,5
449,1.433046817779541,0.6454178690910339,0.4957558810710907,0.5244479775428772,0.002270875731483102,0.03379269689321518,1,5
450,1.4519128799438477,0.6535736322402954,0.49484407901763916,0.5201869010925293,0.0020850885193794966,0.034194234758615494,1,5
451,1.445422649383545,0.6663933992385864,0.4929924011230469,0.5135593414306641,0.0017901884857565165,0.027558062225580215,1,5
452,1.4347293376922607,0.6783134937286377,0.4911511242389679,0.5074771642684937,0.0014398545026779175,0.01928449422121048,1,5
453,1.4233043193817139,0.6893846988677979,0.4901917576789856,0.5018994808197021,0.001341446302831173,0.019369440153241158,1,5
454,1.409071922302246,0.6945930123329163,0.49071601033210754,0.49929317831993103,0.0018799147801473737,0.02964858151972294,1,5
455,1.4041407108306885,0.6880327463150024,0.49201500415802,0.5025671720504761,0.0020000727381557226,0.026359356939792633,1,5
456,1.4105966091156006,0.6876109838485718,0.49205780029296875,0.5027810335159302,0.0017054916825145483,0.02591262012720108,1,5
457,1.4096928834915161,0.6862739324569702,0.49223262071609497,0.5034618377685547,0.001721185864880681,0.02934764325618744,1,5
458,1.4127633571624756,0.6855462193489075,0.49111905694007874,0.5038363933563232,0.0017298251623287797,0.02848535031080246,1,5
459,1.413991928100586,0.6806764602661133,0.49208298325538635,0.5062876343727112,0.001963845919817686,0.027516018599271774,1,5
460,1.4147272109985352,0.679984450340271,0.49453407526016235,0.5066313743591309,0.001663947245106101,0.020861024037003517,1,5
461,1.4146456718444824,0.688614547252655,0.4935009479522705,0.5022754669189453,0.0016358644934371114,0.020169468596577644,1,5
462,1.4093737602233887,0.691726565361023,0.492242693901062,0.5007121562957764,0.0018865828169509768,0.026705505326390266,1,5
463,1.4049804210662842,0.6940639615058899,0.4933086931705475,0.49954521656036377,0.002301926491782069,0.025807378813624382,1,5
464,1.4049478769302368,0.6910633444786072,0.49159911274909973,0.501056969165802,0.002053137868642807,0.028427744284272194,1,5
465,1.4021904468536377,0.6817363500595093,0.4949641823768616,0.5057427883148193,0.002479748334735632,0.03173071891069412,1,5
466,1.4096945524215698,0.672420859336853,0.4965658187866211,0.5104736089706421,0.001731913536787033,0.02799750678241253,1,5
467,1.416802167892456,0.678817868232727,0.4968539774417877,0.5072184801101685,0.0013787277275696397,0.01800440438091755,1,5
468,1.4130760431289673,0.6879682540893555,0.4945802688598633,0.5026006698608398,0.0017681679455563426,0.021579425781965256,1,5
469,1.408263087272644,0.689045786857605,0.49264252185821533,0.5020602941513062,0.0020137992687523365,0.022072894498705864,1,5
470,1.4105114936828613,0.6818696856498718,0.492195188999176,0.5056730508804321,0.0016942622605711222,0.024400684982538223,1,5
471,1.4182956218719482,0.6834053993225098,0.49142134189605713,0.5048956274986267,0.0014949813485145569,0.018708083778619766,1,5
472,1.4172759056091309,0.6914050579071045,0.49064451456069946,0.5008804798126221,0.0012618462787941098,0.0147200096398592,1,5
473,1.409052848815918,0.7020736932754517,0.4899476170539856,0.495572030544281,0.0012748895678669214,0.017984190955758095,1,5
474,1.3988027572631836,0.7032557725906372,0.490233838558197,0.49499592185020447,0.0015236573526635766,0.02119356580078602,1,5
475,1.3967188596725464,0.6913639307022095,0.4916246831417084,0.5009175539016724,0.0025740289129316807,0.04899396002292633,1,5
476,1.4032301902770996,0.6770909428596497,0.4952430725097656,0.5081069469451904,0.001996348612010479,0.043460696935653687,1,5
477,1.4144039154052734,0.6757687926292419,0.49656975269317627,0.5087741017341614,0.001979429740458727,0.03137253224849701,1,5
478,1.4090113639831543,0.6807354688644409,0.49928992986679077,0.506252646446228,0.0016879161121323705,0.02953372709453106,1,5
479,1.396026849746704,0.679245114326477,0.5021407604217529,0.5070095658302307,0.001875207293778658,0.0314394012093544,1,5
480,1.39949369430542,0.6776735782623291,0.5025440454483032,0.5078094005584717,0.0017276726430281997,0.023418670520186424,1,5
481,1.402882695198059,0.6784812211990356,0.5017430782318115,0.5073913335800171,0.002162368968129158,0.030243922024965286,1,5
482,1.4066290855407715,0.6738925576210022,0.5000344514846802,0.5097247958183289,0.0017198716523125768,0.02544333040714264,1,5
483,1.4146960973739624,0.6789897680282593,0.49743059277534485,0.507131040096283,0.0014905995922163129,0.023587586358189583,1,5
484,1.4144365787506104,0.6764012575149536,0.49458545446395874,0.508449912071228,0.0020989987533539534,0.031268227845430374,1,5
485,1.4270093441009521,0.685660183429718,0.4906335771083832,0.5037586092948914,0.0011636269045993686,0.019819313660264015,1,5
486,1.425832986831665,0.7018863558769226,0.4850996136665344,0.49565058946609497,0.001221517683006823,0.01570761576294899,1,5
487,1.4103567600250244,0.7165001034736633,0.4845737814903259,0.48845988512039185,0.0008218741859309375,0.01286178920418024,1,5
488,1.3994451761245728,0.7263319492340088,0.482660174369812,0.48368051648139954,0.0008865924901328981,0.01770622283220291,1,5
489,1.386049747467041,0.7305819988250732,0.4847533404827118,0.48163044452667236,0.0012007418554276228,0.025852393358945847,1,5
490,1.3773207664489746,0.724432110786438,0.4876998960971832,0.4846017360687256,0.0013019576435908675,0.02558155171573162,1,5
491,1.374959945678711,0.7168411016464233,0.491604208946228,0.4882960915565491,0.0016326106851920485,0.025426100939512253,1,5
492,1.3746263980865479,0.7045580148696899,0.49566829204559326,0.49433568120002747,0.0015691439621150494,0.029627429321408272,1,5
493,1.3810865879058838,0.6939113140106201,0.4989390969276428,0.4996255338191986,0.0016717116814106703,0.03136404976248741,1,5
494,1.3845105171203613,0.6851782202720642,0.5013192892074585,0.5040093064308167,0.0017738926690071821,0.0345180369913578,1,5
495,1.3996384143829346,0.67757248878479,0.4995737075805664,0.5078521966934204,0.0015798398526385427,0.0347922183573246,1,5
496,1.408876657485962,0.6715390682220459,0.4990806579589844,0.5109238624572754,0.0023815452586859465,0.04072560369968414,1,5
497,1.4170981645584106,0.6652756333351135,0.4988197684288025,0.5141367316246033,0.0030954191461205482,0.04882141947746277,1,5
498,1.4272420406341553,0.6596155166625977,0.4992373287677765,0.5170539021492004,0.0023655069526284933,0.042148057371377945,1,5
499,1.430666208267212,0.6547744870185852,0.4996480941772461,0.5195638537406921,0.0026356924790889025,0.06933820247650146,1,5
500,1.4236387014389038,0.6445708274841309,0.5037949085235596,0.5248889923095703,0.0025005049537867308,0.046569645404815674,1,5
501,1.429008960723877,0.6514812707901001,0.5078386068344116,0.5212770700454712,0.001774823758751154,0.02696460485458374,1,5
502,1.4203557968139648,0.6679489612579346,0.5062119960784912,0.5127724409103394,0.0016272085485979915,0.02524513006210327,1,5
503,1.409522294998169,0.6751396656036377,0.5030578374862671,0.5090905427932739,0.0018137466395273805,0.02442535199224949,1,5
504,1.40529203414917,0.6852445602416992,0.5012519955635071,0.5039716362953186,0.0017586380708962679,0.030351290479302406,1,5
505,1.4030990600585938,0.6993618607521057,0.4967726469039917,0.4969084560871124,0.0011223177425563335,0.016224712133407593,1,5
506,1.3955309391021729,0.7111693024635315,0.4929978847503662,0.4910804331302643,0.0018485713517293334,0.027650883421301842,1,5
507,1.388502836227417,0.7143572568893433,0.49222272634506226,0.489530086517334,0.0012408660259097815,0.01466185413300991,1,5
508,1.3809394836425781,0.7217734456062317,0.49281391501426697,0.4859076142311096,0.0009808404138311744,0.014157976023852825,1,5
509,1.372438669204712,0.7256699800491333,0.49406182765960693,0.48401105403900146,0.0008890705648809671,0.01280211191624403,1,5
510,1.3608978986740112,0.7267402410507202,0.4974748492240906,0.4834900498390198,0.001437329687178135,0.020997341722249985,1,5
511,1.3547707796096802,0.7172952890396118,0.5010627508163452,0.48807471990585327,0.002277506748214364,0.03708749637007713,1,5
512,1.3562088012695312,0.688590943813324,0.5062805414199829,0.5022963285446167,0.0032065401319414377,0.060020145028829575,1,5
513,1.3846476078033447,0.6540282964706421,0.5076379776000977,0.5199588537216187,0.0033316349145025015,0.06538533419370651,1,5
514,1.4169589281082153,0.6274393796920776,0.5105022192001343,0.534001350402832,0.0030059663113206625,0.05875229462981224,1,5
515,1.4532053470611572,0.6350839138031006,0.5058135986328125,0.5299201011657715,0.0022194862831383944,0.025684241205453873,1,5
516,1.4413789510726929,0.6507633924484253,0.505031168460846,0.5216541886329651,0.002356536453589797,0.03418286517262459,1,5
517,1.4288215637207031,0.6649245023727417,0.5024158954620361,0.5143253803253174,0.0017634422983974218,0.028072144836187363,1,5
518,1.4139925241470337,0.6624152660369873,0.5023720264434814,0.515619158744812,0.001955428160727024,0.033393166959285736,1,5
519,1.4154176712036133,0.6747899651527405,0.5028913021087646,0.5092717409133911,0.0018357796361669898,0.020423918962478638,1,5
520,1.4164761304855347,0.6910262107849121,0.4953300654888153,0.5010632276535034,0.002123545855283737,0.026398466899991035,1,5
521,1.411949634552002,0.7085933685302734,0.4896914064884186,0.49233758449554443,0.0011569889029487967,0.017004603520035744,1,5
522,1.403271198272705,0.7231895923614502,0.48460760712623596,0.4852029085159302,0.001556388451717794,0.019243577495217323,1,5
523,1.3928720951080322,0.7266045808792114,0.4829459488391876,0.4835500121116638,0.0020707929506897926,0.021669793874025345,1,5
524,1.3902218341827393,0.721528947353363,0.4832842946052551,0.4860130548477173,0.0021716312039643526,0.02303488180041313,1,5
525,1.3899343013763428,0.7126154899597168,0.4856216609477997,0.49036741256713867,0.002093423856422305,0.03367285057902336,1,5
526,1.3981072902679443,0.7048244476318359,0.4861373007297516,0.4942057132720947,0.0015978775918483734,0.02035142108798027,1,5
527,1.4008673429489136,0.7032501697540283,0.48780572414398193,0.4949899911880493,0.002241610549390316,0.0230749249458313,1,5
528,1.4015353918075562,0.6997271776199341,0.48868829011917114,0.4967513680458069,0.0019831042736768723,0.027436543256044388,1,5
529,1.4046847820281982,0.7023439407348633,0.48904868960380554,0.49544966220855713,0.0014268564991652966,0.031181523576378822,1,5
530,1.399828314781189,0.7069841623306274,0.49012109637260437,0.493141233921051,0.00188936828635633,0.029312314465641975,1,5
531,1.3957393169403076,0.6994450092315674,0.48940926790237427,0.4968627989292145,0.0021755406633019447,0.029000159353017807,1,5
532,1.4038655757904053,0.689606785774231,0.4900706708431244,0.5017750263214111,0.002394207287579775,0.03993658721446991,1,5
533,1.410482406616211,0.6856846213340759,0.4920429289340973,0.503746509552002,0.001588582992553711,0.022799652069807053,1,5
534,1.407576560974121,0.6897588968276978,0.4945610761642456,0.5016990303993225,0.0020215969998389482,0.03793983906507492,1,5
535,1.4004931449890137,0.6874074935913086,0.4968024492263794,0.5028802156448364,0.0019202440744265914,0.0295832771807909,1,5
536,1.3943231105804443,0.6825830340385437,0.5011427998542786,0.5053132772445679,0.001991481985896826,0.03023187816143036,1,5
537,1.3932862281799316,0.6815077066421509,0.5037236213684082,0.505856990814209,0.002100905869156122,0.03799627721309662,1,5
538,1.3887227773666382,0.6736711263656616,0.5071489810943604,0.509842038154602,0.002567877294495702,0.03533405438065529,1,5
539,1.3971508741378784,0.6694879531860352,0.5071414113044739,0.5119754076004028,0.001866485457867384,0.02603708952665329,1,5
540,1.4033870697021484,0.6818233728408813,0.5051115155220032,0.5056988000869751,0.0019041233463212848,0.023136286064982414,1,5
541,1.395317554473877,0.6900502443313599,0.5025185346603394,0.5015618801116943,0.0014499292010441422,0.02310863882303238,1,5
542,1.3941240310668945,0.688319981098175,0.4984384775161743,0.5024700164794922,0.0022230634931474924,0.03488486632704735,1,5
543,1.4017856121063232,0.6800952553749084,0.4977903664112091,0.5065784454345703,0.0014524963917210698,0.022846940904855728,1,5
544,1.4089685678482056,0.6845072507858276,0.4963974356651306,0.5043408274650574,0.002065913053229451,0.024854596704244614,1,5
545,1.4096342325210571,0.6817349195480347,0.4945201277732849,0.5057390928268433,0.002161902142688632,0.032292500138282776,1,5
546,1.4191046953201294,0.6745684146881104,0.4920446276664734,0.5093770623207092,0.0018867511535063386,0.031312670558691025,1,5
547,1.4243817329406738,0.681059718132019,0.49206140637397766,0.5060819387435913,0.0012612957507371902,0.018265945836901665,1,5
548,1.4140079021453857,0.6864489316940308,0.493518203496933,0.5033621788024902,0.0018911294173449278,0.02456044778227806,1,5
549,1.4040281772613525,0.6794825792312622,0.49588245153427124,0.5068800449371338,0.001902839750982821,0.029813231900334358,1,5
550,1.4087949991226196,0.6741629838943481,0.4977668821811676,0.509584367275238,0.002211296698078513,0.03755398839712143,1,5
551,1.4107221364974976,0.6749020218849182,0.4992666244506836,0.5092073678970337,0.0015509652439504862,0.03159528598189354,1,5
552,1.4130421876907349,0.6831704378128052,0.4977177381515503,0.5050135850906372,0.001397972460836172,0.020356381312012672,1,5
553,1.4069337844848633,0.7002004981040955,0.4958902597427368,0.4964858889579773,0.0013286538887768984,0.012627423740923405,1,5
554,1.4013762474060059,0.7129580974578857,0.4896617829799652,0.4901924431324005,0.001356159569695592,0.01490259263664484,1,5
555,1.3979153633117676,0.722619891166687,0.4855228364467621,0.4854791760444641,0.0011725847143679857,0.020457785576581955,1,5
556,1.3930613994598389,0.7272003889083862,0.4835703372955322,0.4832603335380554,0.0007095364271663129,0.015783170238137245,1,5
557,1.385799765586853,0.7291561365127563,0.48444318771362305,0.48231619596481323,0.0009730260353535414,0.013670578598976135,1,5
558,1.3774548768997192,0.7292571067810059,0.4877511262893677,0.48226749897003174,0.0009950537933036685,0.01962563768029213,1,5
559,1.3745055198669434,0.7253212928771973,0.4894135892391205,0.48416945338249207,0.0012518555158749223,0.014817837625741959,1,5
560,1.3697699308395386,0.7240315675735474,0.49338459968566895,0.48479408025741577,0.0009290510788559914,0.0173854511231184,1,5
561,1.3641475439071655,0.7181057929992676,0.4968089759349823,0.48767921328544617,0.0030747749842703342,0.041209541261196136,1,5
562,1.3730015754699707,0.6567721962928772,0.4998750686645508,0.5185288190841675,0.003483206033706665,0.04549947381019592,1,5
563,1.4273608922958374,0.6459329724311829,0.503548264503479,0.5241749286651611,0.0023414192255586386,0.02968776412308216,1,5
564,1.4316515922546387,0.6591021418571472,0.5049101114273071,0.5173233151435852,0.0020790831185877323,0.023947034031152725,1,5
565,1.415506362915039,0.6713511943817139,0.5047396421432495,0.5110263824462891,0.001991051249206066,0.032991912215948105,1,5
566,1.3979589939117432,0.6726189851760864,0.5062390565872192,0.5103878974914551,0.00201895902864635,0.027271004393696785,1,5
567,1.3915529251098633,0.6659173965454102,0.5101969242095947,0.5138063430786133,0.003037652699276805,0.03320879861712456,1,5
568,1.4048678874969482,0.6700807809829712,0.5081899166107178,0.5116702914237976,0.001831583445891738,0.02256690338253975,1,5
569,1.410696268081665,0.6955042481422424,0.5006582736968994,0.49882420897483826,0.000824595510493964,0.01559077762067318,1,5
570,1.3970608711242676,0.7186779379844666,0.4936683773994446,0.4873969554901123,0.001009977888315916,0.015972545370459557,1,5
571,1.3866291046142578,0.7267659902572632,0.4880514144897461,0.483470618724823,0.0016720772255212069,0.022311052307486534,1,5
572,1.3818484544754028,0.7236620187759399,0.48741286993026733,0.48497384786605835,0.0018697638297453523,0.02877025492489338,1,5
573,1.389336109161377,0.7227579355239868,0.48573166131973267,0.48541244864463806,0.00123065325897187,0.020386068150401115,1,5
574,1.3811891078948975,0.7190567851066589,0.4892287850379944,0.4872131049633026,0.001708155032247305,0.03491143137216568,1,5
575,1.3802648782730103,0.7098713517189026,0.4923730492591858,0.491707980632782,0.0017608919879421592,0.02944493666291237,1,5
576,1.383042812347412,0.6986260414123535,0.4951610565185547,0.49727073311805725,0.0015924641629680991,0.031216567382216454,1,5
577,1.3863999843597412,0.6832618713378906,0.4997825622558594,0.5049698352813721,0.0020477224607020617,0.03321390226483345,1,5
578,1.3961012363433838,0.683161199092865,0.502151608467102,0.5050198435783386,0.0016258067917078733,0.026689300313591957,1,5
579,1.3892111778259277,0.6769492626190186,0.5060889720916748,0.508173942565918,0.0023292636033147573,0.028986865654587746,1,5
580,1.3956060409545898,0.6804243326187134,0.5060365796089172,0.5064040422439575,0.0019438493764027953,0.035173170268535614,1,5
581,1.3859310150146484,0.6773180365562439,0.5096759796142578,0.5079814195632935,0.0022377667482942343,0.03646134212613106,1,5
582,1.3851730823516846,0.6589072942733765,0.5121840238571167,0.5174181461334229,0.0021234191954135895,0.02908698283135891,1,5
583,1.403184175491333,0.6573333740234375,0.5119375586509705,0.5182324647903442,0.001687652780674398,0.027685929089784622,1,5
584,1.4102613925933838,0.662341296672821,0.5085544586181641,0.5156446695327759,0.0015661047073081136,0.030003158375620842,1,5
585,1.417745590209961,0.683119535446167,0.5014281272888184,0.5050404071807861,0.0009837376419454813,0.015119867399334908,1,5
586,1.4055839776992798,0.6997856497764587,0.4960591197013855,0.4966951608657837,0.0014743348583579063,0.019701296463608742,1,5
587,1.4026755094528198,0.7079764604568481,0.4895385801792145,0.49264124035835266,0.0016253326321020722,0.025720732286572456,1,5
588,1.396411418914795,0.707851767539978,0.4895077049732208,0.4927022457122803,0.0016469102120026946,0.022571297362446785,1,5
589,1.3976588249206543,0.7057417631149292,0.4883268475532532,0.49374428391456604,0.001614094595424831,0.0326649472117424,1,5
590,1.4007470607757568,0.7002087831497192,0.488925576210022,0.49648576974868774,0.0015841226559132338,0.02138124406337738,1,5
591,1.4008210897445679,0.696458101272583,0.49061357975006104,0.498349130153656,0.0019236871739849448,0.022404590621590614,1,5
592,1.40384840965271,0.6866347193717957,0.49135592579841614,0.5032749772071838,0.002333585172891617,0.024605104699730873,1,5
593,1.4104366302490234,0.6773802638053894,0.4930576682090759,0.5079500675201416,0.0025156717747449875,0.03045377880334854,1,5
594,1.414517879486084,0.6740492582321167,0.49593818187713623,0.5096455216407776,0.0020967337768524885,0.02806055173277855,1,5
595,1.4165607690811157,0.6733931303024292,0.49689820408821106,0.5099819898605347,0.0021427778992801905,0.023058149963617325,1,5
596,1.4120795726776123,0.672666072845459,0.4992203414440155,0.5103758573532104,0.002325643552467227,0.03195711597800255,1,5
597,1.4073883295059204,0.6660947203636169,0.5014969706535339,0.5137404203414917,0.001868941355496645,0.02745136246085167,1,5
598,1.412250280380249,0.6656219959259033,0.5026807188987732,0.5139881372451782,0.001719617284834385,0.019716423004865646,1,5
599,1.4131767749786377,0.6723519563674927,0.5025195479393005,0.510538637638092,0.0018684602109715343,0.02525557577610016,1,5
600,1.4148104190826416,0.6764158010482788,0.4989375174045563,0.508442759513855,0.0018561730394139886,0.024405239149928093,1,5
601,1.4144084453582764,0.6890794038772583,0.4956371784210205,0.5020393133163452,0.0016167222056537867,0.020492486655712128,1,5
602,1.4088717699050903,0.7005036473274231,0.49207186698913574,0.4963361620903015,0.001971278805285692,0.020781582221388817,1,5
603,1.4005708694458008,0.7061730623245239,0.49082300066947937,0.49353235960006714,0.0022093956358730793,0.031091149896383286,1,5
604,1.3978090286254883,0.6928024888038635,0.4906073212623596,0.5001848936080933,0.0026070536114275455,0.030162392184138298,1,5
605,1.4040398597717285,0.684634804725647,0.4941031336784363,0.5042819380760193,0.002254720078781247,0.025258744135499,1,5
606,1.406377911567688,0.6863915324211121,0.4960445463657379,0.5033971071243286,0.0018879101844504476,0.0267895869910717,1,5
607,1.4090029001235962,0.6925287246704102,0.49409353733062744,0.5003177523612976,0.002249970566481352,0.02188205160200596,1,5
608,1.408337116241455,0.7057040333747864,0.4902867078781128,0.493782639503479,0.0013682659482583404,0.017854057252407074,1,5
609,1.4013925790786743,0.7152785658836365,0.4876931607723236,0.4890696406364441,0.0013394382549449801,0.015917915850877762,1,5
610,1.391891360282898,0.7212034463882446,0.4873647391796112,0.48617225885391235,0.0010946213733404875,0.017868461087346077,1,5
611,1.3851702213287354,0.723435640335083,0.4877603054046631,0.4850882887840271,0.0014261358883231878,0.021448781713843346,1,5
612,1.3804984092712402,0.7215806245803833,0.48848798871040344,0.48598891496658325,0.0015153122367337346,0.021625852212309837,1,5
613,1.3769282102584839,0.7098777890205383,0.4924463927745819,0.49170541763305664,0.0019090480636805296,0.026856089010834694,1,5
614,1.3765674829483032,0.6925103664398193,0.49869203567504883,0.500339686870575,0.0020488686859607697,0.03368652984499931,1,5
615,1.389164686203003,0.6705329418182373,0.5024681687355042,0.5114539861679077,0.002211092272773385,0.03872810676693916,1,5
616,1.4079973697662354,0.6531567573547363,0.5044296383857727,0.5204141139984131,0.0019501878414303064,0.025192243978381157,1,5
617,1.4241039752960205,0.6607975959777832,0.503469705581665,0.5164532661437988,0.0019364897161722183,0.021751390770077705,1,5
618,1.426300287246704,0.6752643585205078,0.49856036901474,0.509023904800415,0.0014039912493899465,0.0178078506141901,1,5
619,1.4130332469940186,0.6915316581726074,0.4967823624610901,0.5008091926574707,0.0016963029047474265,0.026298286393284798,1,5
620,1.4050865173339844,0.6987026929855347,0.4929003417491913,0.4972301721572876,0.001334342872723937,0.017827380448579788,1,5
621,1.3988957405090332,0.7057919502258301,0.4917750954627991,0.49371790885925293,0.0013274239609017968,0.021856481209397316,1,5
622,1.392229437828064,0.7065846920013428,0.492028146982193,0.49332669377326965,0.001475818338803947,0.02437260001897812,1,5
623,1.3901698589324951,0.706110417842865,0.4928981363773346,0.4935610294342041,0.0016588274156674743,0.020602557808160782,1,5
624,1.3860912322998047,0.7059441804885864,0.49503058195114136,0.4936458468437195,0.0018392488127574325,0.023676959797739983,1,5
625,1.3833202123641968,0.6986923217773438,0.4971790909767151,0.49724388122558594,0.0019415027927607298,0.022988054901361465,1,5
626,1.384498119354248,0.7003130316734314,0.4995633363723755,0.496436208486557,0.0012224434176459908,0.02002919465303421,1,5
627,1.383279800415039,0.7063463926315308,0.4985179901123047,0.4934455156326294,0.0015098802978172898,0.025155534967780113,1,5
628,1.3794686794281006,0.7045367956161499,0.4985797703266144,0.4943445324897766,0.002023243112489581,0.0334431454539299,1,5
629,1.3831802606582642,0.6889790296554565,0.49829572439193726,0.5020947456359863,0.0022486080415546894,0.04027315229177475,1,5
630,1.4014084339141846,0.6584392786026001,0.49938830733299255,0.5176615715026855,0.0024718791246414185,0.040090057998895645,1,5
631,1.4269516468048096,0.6582381725311279,0.5006527900695801,0.5177645683288574,0.002079435857012868,0.04576324298977852,1,5
632,1.4288992881774902,0.6686567068099976,0.4999946355819702,0.5124021172523499,0.0019017411395907402,0.03242252394556999,1,5
633,1.4195162057876587,0.6835435628890991,0.4971560835838318,0.5048508048057556,0.001696614664979279,0.0265489649027586,1,5
634,1.4059062004089355,0.6943871974945068,0.49605095386505127,0.4993949830532074,0.002745645586401224,0.039627451449632645,1,5
635,1.4035292863845825,0.698874831199646,0.4942724108695984,0.49715182185173035,0.0020062110852450132,0.026034153997898102,1,5
636,1.3957749605178833,0.7031799554824829,0.49347877502441406,0.49500951170921326,0.0016926045063883066,0.019797345623373985,1,5
637,1.389591932296753,0.7088325619697571,0.49450504779815674,0.4922219514846802,0.001235269010066986,0.014373029582202435,1,5
638,1.3822274208068848,0.7141619920730591,0.49490052461624146,0.4896034002304077,0.0014162397710606456,0.021747225895524025,1,5
639,1.382851004600525,0.7151955366134644,0.4924408197402954,0.4891003370285034,0.0015595161821693182,0.0259697362780571,1,5
640,1.3775591850280762,0.7148477435112,0.4954628348350525,0.48926979303359985,0.0016969655407592654,0.024064933881163597,1,5
641,1.381239652633667,0.7125089168548584,0.4934607446193695,0.49041521549224854,0.002274353988468647,0.02510480023920536,1,5
642,1.3842085599899292,0.7062666416168213,0.4939610958099365,0.49348360300064087,0.0017853747121989727,0.03526211902499199,1,5
643,1.3938565254211426,0.6966387033462524,0.49248042702674866,0.49825823307037354,0.001963128102943301,0.034043166786432266,1,5
644,1.4007693529129028,0.6963046789169312,0.49404671788215637,0.4984244108200073,0.0020675284322351217,0.03354041650891304,1,5
645,1.3960249423980713,0.6866995096206665,0.4961134195327759,0.5032674074172974,0.0034907914232462645,0.05047949030995369,1,5
646,1.4092018604278564,0.6722919344902039,0.4974091053009033,0.5105693340301514,0.0024830566253513098,0.041970860213041306,1,5
647,1.4120675325393677,0.6434199810028076,0.5015725493431091,0.5255044102668762,0.0024277593474835157,0.039510924369096756,1,5
648,1.438913106918335,0.6354513764381409,0.5044205188751221,0.5296978950500488,0.002916008234024048,0.046591319143772125,1,5
649,1.448289155960083,0.6522505283355713,0.5038669109344482,0.5208737850189209,0.0016425896901637316,0.02623334340751171,1,5
650,1.4399020671844482,0.6728630661964417,0.49646979570388794,0.5102475881576538,0.0016011050902307034,0.022541562095284462,1,5
651,1.4211598634719849,0.6869238018989563,0.49461087584495544,0.5031270384788513,0.0016685249283909798,0.031444910913705826,1,5
652,1.4092351198196411,0.6815851926803589,0.49403050541877747,0.5058162212371826,0.0017494939966127276,0.03450635448098183,1,5
653,1.4062994718551636,0.6787159442901611,0.4979141354560852,0.5072706937789917,0.0016345289768651128,0.02709975652396679,1,5
654,1.4029414653778076,0.6813896894454956,0.500848650932312,0.5059164762496948,0.001661845133639872,0.02256982959806919,1,5
655,1.4020040035247803,0.6898465752601624,0.49943238496780396,0.5016540288925171,0.0013983191456645727,0.02267731912434101,1,5
656,1.400502324104309,0.6954965591430664,0.4960004389286041,0.49882954359054565,0.0015279505169019103,0.021621128544211388,1,5
657,1.397101879119873,0.6991461515426636,0.4945089817047119,0.4970173239707947,0.0015846063615754247,0.02189014106988907,1,5
658,1.3949370384216309,0.6945732235908508,0.49415045976638794,0.49929872155189514,0.0018895493121817708,0.02586868777871132,1,5
659,1.396811604499817,0.67833411693573,0.4955679178237915,0.5074923038482666,0.0021192478016018867,0.030362099409103394,1,5
660,1.4100396633148193,0.661439061164856,0.4989366829395294,0.5161185264587402,0.0024522568564862013,0.03003627061843872,1,5
661,1.4251548051834106,0.6597139835357666,0.5000296235084534,0.5170025825500488,0.0017644441686570644,0.024760879576206207,1,5
662,1.4319050312042236,0.6655272841453552,0.4963371157646179,0.5140042304992676,0.0020028571598231792,0.028238091617822647,1,5
663,1.432220220565796,0.6788228750228882,0.49318790435791016,0.5072146654129028,0.0008832205203361809,0.015819383785128593,1,5
664,1.4216190576553345,0.6952679753303528,0.490306556224823,0.49894195795059204,0.001054336316883564,0.018594011664390564,1,5
665,1.4083079099655151,0.7036545276641846,0.48876750469207764,0.4947786331176758,0.001235803123563528,0.018930066376924515,1,5
666,1.3978463411331177,0.7050271034240723,0.4900958836078644,0.4941003918647766,0.0011887745931744576,0.02088376134634018,1,5
667,1.396031141281128,0.7038803100585938,0.49019455909729004,0.49466291069984436,0.0010950769064947963,0.01661401055753231,1,5
668,1.3937015533447266,0.706013560295105,0.4917800724506378,0.49360883235931396,0.0012850291095674038,0.01515540573745966,1,5
669,1.3873704671859741,0.7074379920959473,0.49387478828430176,0.49290600419044495,0.0010863840579986572,0.015201426111161709,1,5
670,1.3839551210403442,0.7091805338859558,0.49494045972824097,0.4920485019683838,0.0015029587084427476,0.02336517907679081,1,5
671,1.3830950260162354,0.7025414705276489,0.4948696792125702,0.4953295588493347,0.001688720309175551,0.03108343668282032,1,5
672,1.3900691270828247,0.6971089243888855,0.4959109127521515,0.49802500009536743,0.0020403724629431963,0.02511989325284958,1,5
673,1.3925721645355225,0.6843796968460083,0.496907114982605,0.5044045448303223,0.001931151608005166,0.029589228332042694,1,5
674,1.4006023406982422,0.6800470352172852,0.4986882209777832,0.5065967440605164,0.001536051044240594,0.023703981190919876,1,5
675,1.4003275632858276,0.6814779043197632,0.5016911029815674,0.5058721303939819,0.0018087399657815695,0.02027309127151966,1,5
676,1.3938024044036865,0.6867396831512451,0.5036494731903076,0.5032148361206055,0.0014706478687003255,0.024113141000270844,1,5
677,1.3897120952606201,0.6904888153076172,0.5029473304748535,0.5013351440429688,0.0016815419076010585,0.023628555238246918,1,5
678,1.3886433839797974,0.690463125705719,0.5016249418258667,0.5013506412506104,0.0022440659813582897,0.02978256344795227,1,5
679,1.3885557651519775,0.6974462866783142,0.5027573108673096,0.4978561997413635,0.001221227808855474,0.021191850304603577,1,5
680,1.3815479278564453,0.7122894525527954,0.5012337565422058,0.4905211925506592,0.001871301792562008,0.025657912716269493,1,5
681,1.3760817050933838,0.7156389355659485,0.49777817726135254,0.4888812005519867,0.0016760299913585186,0.026412026956677437,1,5
682,1.3701342344284058,0.7173151969909668,0.4988399147987366,0.4880712628364563,0.0018105641938745975,0.02757418155670166,1,5
683,1.3702863454818726,0.7064622044563293,0.4975461959838867,0.49341267347335815,0.003101275535300374,0.040641024708747864,1,5
684,1.3834099769592285,0.6832919716835022,0.49945127964019775,0.5049700736999512,0.0024872722569853067,0.037680286914110184,1,5
685,1.399788737297058,0.6495413184165955,0.5024782419204712,0.5223098397254944,0.0034495526924729347,0.060726385563611984,1,5
686,1.4447762966156006,0.6340569853782654,0.5011295676231384,0.5304505228996277,0.0028795883990824223,0.030180152505636215,1,5
687,1.4477956295013428,0.6522217988967896,0.5047867894172668,0.5208954811096191,0.0019410322420299053,0.03593524172902107,1,5
688,1.4169107675552368,0.6613202095031738,0.5087733864784241,0.5161774158477783,0.002147463383153081,0.02961762063205242,1,5
689,1.3894989490509033,0.6473957896232605,0.5170497298240662,0.5234087109565735,0.0027004180010408163,0.03648509830236435,1,5
690,1.402801513671875,0.6534046530723572,0.5200702548027039,0.5202722549438477,0.001354845822788775,0.02423078380525112,1,5
691,1.4014909267425537,0.6853018403053284,0.5145659446716309,0.5039383172988892,0.001350139849819243,0.018018050119280815,1,5
692,1.388782024383545,0.7106293439865112,0.5037415027618408,0.4913357198238373,0.0015956299612298608,0.03312750905752182,1,5
693,1.3864002227783203,0.7278228402137756,0.49438372254371643,0.482959508895874,0.0011571072973310947,0.021643800660967827,1,5
694,1.381843090057373,0.7417137622833252,0.4867621064186096,0.4762970805168152,0.0010103208478540182,0.01550599467009306,1,5
695,1.369372844696045,0.7493382096290588,0.4861046075820923,0.4726794958114624,0.001398287946358323,0.015675844624638557,1,5
696,1.357446551322937,0.7457192540168762,0.4886668622493744,0.4743947982788086,0.0024600867182016373,0.04137449339032173,1,5
697,1.3634765148162842,0.6563675403594971,0.49025648832321167,0.5187336206436157,0.0033255750313401222,0.05772089958190918,1,5
698,1.446488618850708,0.634665846824646,0.4942442774772644,0.5301182866096497,0.0029258746653795242,0.03337887302041054,1,5
699,1.4569833278656006,0.6403533220291138,0.499468594789505,0.5271066427230835,0.001674878178164363,0.025965118780732155,1,5
700,1.442047119140625,0.6498939394950867,0.501227855682373,0.5221024751663208,0.0022384673357009888,0.03843236342072487,1,5
701,1.4286667108535767,0.651221752166748,0.5037943124771118,0.5214090347290039,0.0012415876844897866,0.021971391513943672,1,5
702,1.4242950677871704,0.6661522388458252,0.5038810968399048,0.5136815309524536,0.0010467201936990023,0.01836243085563183,1,5
703,1.4175419807434082,0.6855477094650269,0.498981773853302,0.5038150548934937,0.0014698130544275045,0.017824703827500343,1,5
704,1.4113081693649292,0.7043200731277466,0.49206751585006714,0.4944465160369873,0.0016508002299815416,0.028739701956510544,1,5
705,1.4140242338180542,0.714057981967926,0.48274582624435425,0.4896549582481384,0.0014579150592908263,0.023127203807234764,1,5
706,1.4103147983551025,0.7277176380157471,0.47936469316482544,0.48301148414611816,0.0017096681986004114,0.023349791765213013,1,5
707,1.4063211679458618,0.7329791784286499,0.47500982880592346,0.48047688603401184,0.0014848338905721903,0.026641754433512688,1,5
708,1.403228521347046,0.7359455823898315,0.4740932285785675,0.4790531396865845,0.0014582839794456959,0.025799989700317383,1,5
709,1.396836280822754,0.7365908026695251,0.47595110535621643,0.4787435531616211,0.001262252451851964,0.02035241387784481,1,5
710,1.3872953653335571,0.7368038892745972,0.47986871004104614,0.4786418676376343,0.0016483808867633343,0.022963907569646835,1,5
711,1.3806090354919434,0.7309908866882324,0.4832497239112854,0.48143208026885986,0.0015495168045163155,0.02680920995771885,1,5
712,1.372652292251587,0.7241013050079346,0.4896804094314575,0.484761118888855,0.0017262946348637342,0.028451228514313698,1,5
713,1.36684250831604,0.7061645984649658,0.4960886240005493,0.4935339391231537,0.0023055910132825375,0.037756096571683884,1,5
714,1.3682215213775635,0.6930445432662964,0.5049124360084534,0.5000519156455994,0.0017567799659445882,0.027421269565820694,1,5
715,1.3648678064346313,0.6797837018966675,0.5125000476837158,0.5067341923713684,0.002600578824058175,0.03336364030838013,1,5
716,1.3681538105010986,0.662845253944397,0.5194010734558105,0.5153871178627014,0.001945164636708796,0.03810988366603851,1,5
717,1.3827239274978638,0.6687401533126831,0.520599365234375,0.512355625629425,0.0024583605118095875,0.03559955582022667,1,5
718,1.3857789039611816,0.6799483895301819,0.5160547494888306,0.5066434144973755,0.0016356094274669886,0.02466491237282753,1,5
719,1.3870906829833984,0.69423508644104,0.5080949664115906,0.4994584023952484,0.002598199527710676,0.028808580711483955,1,5
720,1.38584566116333,0.695233941078186,0.502070426940918,0.4989672899246216,0.00270483479835093,0.02432979643344879,1,5
721,1.3932526111602783,0.6998072266578674,0.4974510967731476,0.4966844320297241,0.0023949940223246813,0.0267703328281641,1,5
722,1.3865563869476318,0.6976557374000549,0.498445987701416,0.4977533519268036,0.002224314957857132,0.02980208955705166,1,5
723,1.3911302089691162,0.6983970403671265,0.49757856130599976,0.4973825216293335,0.001927078585140407,0.02422170713543892,1,5
724,1.3958141803741455,0.7042289972305298,0.49442368745803833,0.4944906532764435,0.0019853427074849606,0.025063274428248405,1,5
725,1.3863694667816162,0.6945292353630066,0.49636784195899963,0.49935442209243774,0.003219094593077898,0.038731228560209274,1,5
726,1.4013869762420654,0.6677647829055786,0.4979575276374817,0.5128549337387085,0.0021696658805012703,0.03682699799537659,1,5
727,1.423349142074585,0.6825394034385681,0.49716153740882874,0.5053331851959229,0.0018226607935503125,0.02547970414161682,1,5
728,1.40645432472229,0.6934319734573364,0.49675843119621277,0.4998604655265808,0.002593301236629486,0.03156457096338272,1,5
729,1.4016165733337402,0.6824171543121338,0.4947977662086487,0.5053962469100952,0.0038906915578991175,0.04864134266972542,1,5
730,1.41495680809021,0.6505792737007141,0.497499942779541,0.5217522382736206,0.0032903365790843964,0.05516849458217621,1,5
731,1.4283978939056396,0.6310186386108398,0.5072980523109436,0.5320594906806946,0.0029369713738560677,0.0453169085085392,1,5
732,1.4230855703353882,0.6445313096046448,0.5192815661430359,0.5249111652374268,0.002401114907115698,0.03465994819998741,1,5
733,1.4095180034637451,0.6514026522636414,0.5172549486160278,0.5213247537612915,0.0028688362799584866,0.047630950808525085,1,5
734,1.4149537086486816,0.6659790277481079,0.5124173164367676,0.513771653175354,0.002311201998963952,0.03622474893927574,1,5
735,1.4209320545196533,0.6922814249992371,0.49901726841926575,0.5004356503486633,0.0022899387404322624,0.030008327215909958,1,5
736,1.4183764457702637,0.7118223309516907,0.4868621230125427,0.4907497763633728,0.0019453323911875486,0.030310634523630142,1,5
737,1.4136223793029785,0.7256712913513184,0.4795234501361847,0.48400241136550903,0.0016356323612853885,0.027249909937381744,1,5
738,1.4116648435592651,0.7319437265396118,0.47384360432624817,0.48097875714302063,0.0021641114726662636,0.028089551255106926,1,5
739,1.4060982465744019,0.7341029644012451,0.47353753447532654,0.4799364507198334,0.001434650388546288,0.01713363453745842,1,5
740,1.3948920965194702,0.736386775970459,0.4771139621734619,0.4788426160812378,0.0016754894750192761,0.023791076615452766,1,5
741,1.388892412185669,0.7281005382537842,0.4797000288963318,0.4828266501426697,0.0020037125796079636,0.024618715047836304,1,5
742,1.3814349174499512,0.7217738032341003,0.4869149923324585,0.4858909249305725,0.002055186778306961,0.022651761770248413,1,5
743,1.3781301975250244,0.7074947357177734,0.4919150471687317,0.4928867518901825,0.0025893240235745907,0.026225026696920395,1,5
744,1.3905549049377441,0.703633189201355,0.49369877576828003,0.4947870969772339,0.0020168644841760397,0.023637857288122177,1,5
745,1.3846914768218994,0.705361545085907,0.496908962726593,0.49393415451049805,0.0019723433069884777,0.02663601003587246,1,5
746,1.3855454921722412,0.7012023329734802,0.49619853496551514,0.4959906339645386,0.002381501253694296,0.030228501185774803,1,5
747,1.3853201866149902,0.6873610615730286,0.4984174966812134,0.5029076933860779,0.003943091724067926,0.04490051418542862,1,5
748,1.3944183588027954,0.6491560935974121,0.5042743682861328,0.5224910378456116,0.0026279890444129705,0.0332985520362854,1,5
749,1.4219304323196411,0.6344285011291504,0.5088086128234863,0.5302480459213257,0.0029980656690895557,0.03327217325568199,1,5
750,1.4417144060134888,0.6366258859634399,0.5081058740615845,0.5290794372558594,0.0022745889145880938,0.023567987605929375,1,5
751,1.445519208908081,0.6644549369812012,0.5023139715194702,0.5145646333694458,0.0014667363138869405,0.01716887392103672,1,5
752,1.4282984733581543,0.6909499764442444,0.49420297145843506,0.5011147260665894,0.0014515548245981336,0.01794954016804695,1,5
753,1.4171466827392578,0.709264874458313,0.48667317628860474,0.49201473593711853,0.0018817748641595244,0.022967975586652756,1,5
754,1.4097175598144531,0.7104384899139404,0.4824983775615692,0.49143001437187195,0.0016623686533421278,0.021830374374985695,1,5
755,1.4065313339233398,0.7138530015945435,0.483037531375885,0.4897541105747223,0.0013216001680120826,0.015478704124689102,1,5
756,1.3983770608901978,0.7193081378936768,0.4847017228603363,0.48709025979042053,0.0010513656307011843,0.017802022397518158,1,5
757,1.3873977661132812,0.7214775085449219,0.4875175952911377,0.4860354959964752,0.0012893304228782654,0.02412830851972103,1,5
758,1.3826837539672852,0.7155953645706177,0.4894592761993408,0.48890358209609985,0.001518086763098836,0.02220350131392479,1,5
759,1.3824955224990845,0.7095452547073364,0.49225133657455444,0.491868793964386,0.0018856857204809785,0.03104335442185402,1,5
760,1.3847616910934448,0.7001963257789612,0.4945725202560425,0.4964909255504608,0.0018597075249999762,0.02869964949786663,1,5
761,1.3864260911941528,0.6971127986907959,0.49849650263786316,0.49802154302597046,0.0017932603368535638,0.03399454057216644,1,5
762,1.3886175155639648,0.6933224201202393,0.4989142417907715,0.49991506338119507,0.0016078981570899487,0.029178384691476822,1,5
763,1.390451431274414,0.6959110498428345,0.4993177652359009,0.498623251914978,0.001600214745849371,0.02168293111026287,1,5
764,1.3848059177398682,0.69820636510849,0.5006687641143799,0.49747908115386963,0.002067493973299861,0.026932308450341225,1,5
765,1.3816777467727661,0.6979389786720276,0.501743733882904,0.4976194202899933,0.0020129054319113493,0.02916746400296688,1,5
766,1.375684142112732,0.6759684085845947,0.5051618814468384,0.508681058883667,0.003552177222445607,0.05499650165438652,1,5
767,1.3971253633499146,0.6599105596542358,0.5089044570922852,0.5168992280960083,0.0018692963058128953,0.04091229662299156,1,5
768,1.399906873703003,0.6645714044570923,0.5133365392684937,0.5144959688186646,0.0028140111826360226,0.03664228320121765,1,5
769,1.3842291831970215,0.6643204092979431,0.5194539427757263,0.514624834060669,0.0025783528108149767,0.039519403129816055,1,5
770,1.3815991878509521,0.6706676483154297,0.5208523273468018,0.5113711357116699,0.0018819354008883238,0.031207507476210594,1,5
771,1.373561143875122,0.6905087232589722,0.5203559398651123,0.5013227462768555,0.0015739164082333446,0.024023273959755898,1,5
772,1.3695902824401855,0.7075427770614624,0.511945366859436,0.49285411834716797,0.002199901733547449,0.03626037389039993,1,5
773,1.368023157119751,0.7040882706642151,0.5047101974487305,0.49456024169921875,0.0016207104781642556,0.032652128487825394,1,5
774,1.3842270374298096,0.7075584530830383,0.4979735016822815,0.4928465485572815,0.0018788083689287305,0.0263657383620739,1,5
775,1.3827292919158936,0.7086334824562073,0.4962579607963562,0.49231699109077454,0.0021814745850861073,0.047913774847984314,1,5
776,1.385627031326294,0.6937237977981567,0.4957963228225708,0.49971461296081543,0.00219696294516325,0.0348232127726078,1,5
777,1.4055442810058594,0.6720640659332275,0.4930199980735779,0.5106577277183533,0.0032887039706110954,0.050682127475738525,1,5
778,1.4304747581481934,0.6623125076293945,0.4943585693836212,0.5156587362289429,0.002136736176908016,0.028565354645252228,1,5
779,1.4316858053207397,0.6607934236526489,0.49515417218208313,0.516446590423584,0.0031878335867077112,0.0430477075278759,1,5
780,1.4284119606018066,0.6594517230987549,0.49874040484428406,0.5171534419059753,0.0022948021069169044,0.03361566737294197,1,5
781,1.4304497241973877,0.6696573495864868,0.4976651668548584,0.5118891596794128,0.0024733105674386024,0.03951903432607651,1,5
782,1.4305329322814941,0.6919351816177368,0.4924301207065582,0.5006086826324463,0.00205466547049582,0.033552296459674835,1,5
783,1.4173638820648193,0.7223073840141296,0.48621830344200134,0.48563218116760254,0.002356645418331027,0.06239873170852661,1,5
784,1.3950077295303345,0.7351512312889099,0.48243051767349243,0.47943365573883057,0.0017194933025166392,0.03362273424863815,1,5
785,1.3773903846740723,0.7358758449554443,0.48538124561309814,0.47908586263656616,0.0011555935489013791,0.01628732681274414,1,5
786,1.3711799383163452,0.7364691495895386,0.48771512508392334,0.4788019061088562,0.0014667395735159516,0.026739532127976418,1,5
787,1.3625543117523193,0.7350005507469177,0.49211496114730835,0.47950536012649536,0.001178853795863688,0.01387841161340475,1,5
788,1.3577125072479248,0.7393365502357483,0.4948127269744873,0.4774306118488312,0.0010625275317579508,0.020816590636968613,1,5
789,1.3526337146759033,0.7367774844169617,0.4956887364387512,0.4786548614501953,0.0013673274079337716,0.01915385201573372,1,5
790,1.3473618030548096,0.7293823957443237,0.4996808171272278,0.4822089672088623,0.0021497909910976887,0.034594640135765076,1,5
791,1.3481931686401367,0.7215631008148193,0.503485918045044,0.4859931468963623,0.0022081986535340548,0.04143676534295082,1,5
792,1.3524103164672852,0.7028902769088745,0.505683183670044,0.4951644241809845,0.002265256131067872,0.04016166925430298,1,5
793,1.3691680431365967,0.6885566711425781,0.5063640475273132,0.5023436546325684,0.0033922032453119755,0.05217379331588745,1,5
794,1.3945276737213135,0.618526041507721,0.5052332282066345,0.5387459397315979,0.004379421938210726,0.05624760314822197,1,5
795,1.468869924545288,0.612667441368103,0.5083187818527222,0.54190593957901,0.0030683677177876234,0.03846116364002228,1,5
796,1.4728684425354004,0.6352857351303101,0.5052474737167358,0.5297869443893433,0.002960112877190113,0.037392210215330124,1,5
797,1.433161973953247,0.6499306559562683,0.5109553337097168,0.5220939517021179,0.0031520763877779245,0.047683365643024445,1,5
798,1.417360782623291,0.6418355703353882,0.5124778151512146,0.5263274908065796,0.002183868084102869,0.03650084137916565,1,5
799,1.4226354360580444,0.6656454205513,0.5109196901321411,0.5139425992965698,0.0020034422632306814,0.025474248453974724,1,5
800,1.4097427129745483,0.6933370232582092,0.5037311315536499,0.49990522861480713,0.001663201954215765,0.026862947270274162,1,5
801,1.4060380458831787,0.715781569480896,0.4915052652359009,0.48881101608276367,0.0016693046782165766,0.030024351552128792,1,5
802,1.4001309871673584,0.7385779023170471,0.4837118089199066,0.4777945876121521,0.0016743037849664688,0.018918192014098167,1,5
803,1.3855935335159302,0.7532415390014648,0.4798729121685028,0.47083842754364014,0.001308428356423974,0.023742979392409325,1,5
804,1.3764926195144653,0.760356605052948,0.4779040217399597,0.4675000011920929,0.0014402554370462894,0.01715952157974243,1,5
805,1.3655881881713867,0.7564365267753601,0.47999417781829834,0.46933621168136597,0.0016701273852959275,0.02145710587501526,1,5
806,1.3555896282196045,0.7443089485168457,0.48680180311203003,0.4750691056251526,0.0019505912205204368,0.03507247939705849,1,5
807,1.3590871095657349,0.7264872789382935,0.49168407917022705,0.4836060404777527,0.002260815817862749,0.028135204687714577,1,5
808,1.3597896099090576,0.7262139320373535,0.4988365173339844,0.4837380051612854,0.0014430471928790212,0.025195743888616562,1,5
809,1.3570520877838135,0.7283599972724915,0.5000346899032593,0.4827008843421936,0.0015237025218084455,0.02746937982738018,1,5
810,1.3471477031707764,0.7281272411346436,0.5039336085319519,0.48281699419021606,0.0029360083863139153,0.05064305290579796,1,5
811,1.35182785987854,0.6786690354347229,0.5055093765258789,0.5073009133338928,0.004366159904748201,0.07330477237701416,1,5
812,1.401215672492981,0.6376515626907349,0.5095545053482056,0.528538167476654,0.0024205974768847227,0.04267045110464096,1,5
813,1.4277317523956299,0.6369786262512207,0.512801468372345,0.5288950800895691,0.002716263523325324,0.033643223345279694,1,5
814,1.4232420921325684,0.6624742746353149,0.5140384435653687,0.5155841708183289,0.001749660586938262,0.03729588910937309,1,5
815,1.3895323276519775,0.6763595342636108,0.5164269208908081,0.5084755420684814,0.0024190060794353485,0.03227509930729866,1,5
816,1.3735787868499756,0.6753357648849487,0.5177179574966431,0.508987307548523,0.0031863877084106207,0.06371278315782547,1,5
817,1.3814678192138672,0.6407686471939087,0.5179777145385742,0.5268901586532593,0.002084898529574275,0.04314607381820679,1,5
818,1.415784239768982,0.6828321218490601,0.5166168212890625,0.5051918029785156,0.0024443708825856447,0.04442024976015091,1,5
819,1.405975341796875,0.7103502154350281,0.498781681060791,0.49150651693344116,0.0031127873808145523,0.03523731231689453,1,5
820,1.4158116579055786,0.7213591933250427,0.4817311763763428,0.4860956370830536,0.0023737626615911722,0.042962897568941116,1,5
821,1.4121427536010742,0.7173627614974976,0.47686317563056946,0.4880395233631134,0.002421960234642029,0.04437588155269623,1,5
822,1.420777678489685,0.694161057472229,0.47534841299057007,0.4994959831237793,0.003224848536774516,0.038309432566165924,1,5
823,1.443337321281433,0.6818404793739319,0.47523510456085205,0.5056967735290527,0.0028208084404468536,0.04378291964530945,1,5
824,1.4528777599334717,0.6749700307846069,0.47658416628837585,0.5091848373413086,0.0027808763552457094,0.03963898494839668,1,5
825,1.458879828453064,0.6748737096786499,0.47711965441703796,0.5092476606369019,0.0026383979711681604,0.030295806005597115,1,5
826,1.4534790515899658,0.6816760301589966,0.4790000319480896,0.5058325529098511,0.0024880594573915005,0.03199432045221329,1,5
827,1.4399659633636475,0.6774517893791199,0.48286712169647217,0.5079585313796997,0.0032915212213993073,0.030411574989557266,1,5
828,1.4290779829025269,0.6752591729164124,0.4883476197719574,0.5090389251708984,0.00251370738260448,0.03743571415543556,1,5
829,1.4221134185791016,0.6813704967498779,0.4934948682785034,0.5059242248535156,0.0021096609998494387,0.032790783792734146,1,5
830,1.4079961776733398,0.6815268993377686,0.4967317581176758,0.5058455467224121,0.002213451312854886,0.03293466567993164,1,5
831,1.4009500741958618,0.6904348134994507,0.500470757484436,0.5013588666915894,0.0012750981841236353,0.022147541865706444,1,5
832,1.392226219177246,0.707349419593811,0.49931174516677856,0.4929502606391907,0.001670554163865745,0.02147868275642395,1,5
833,1.3776581287384033,0.7107670307159424,0.4984530806541443,0.4912676215171814,0.001823723898269236,0.0303592961281538,1,5
834,1.373013973236084,0.7281941771507263,0.4989139139652252,0.4827822148799896,0.0015726437559351325,0.019254392012953758,1,5
835,1.3588368892669678,0.7391819953918457,0.4978165626525879,0.47750502824783325,0.0017184936441481113,0.03145669773221016,1,5
836,1.3496042490005493,0.7483440041542053,0.49689584970474243,0.4731498062610626,0.0014519866090267897,0.02860960364341736,1,5
837,1.3337525129318237,0.7382074594497681,0.5011136531829834,0.4779708981513977,0.0024901125580072403,0.03430072218179703,1,5
838,1.3392930030822754,0.725425124168396,0.5047541856765747,0.48411887884140015,0.0017178872367367148,0.042107027024030685,1,5
839,1.343824028968811,0.7205703258514404,0.5079807043075562,0.4864751398563385,0.0014523629797622561,0.027094945311546326,1,5
840,1.3495556116104126,0.7052934765815735,0.506610631942749,0.49397745728492737,0.002615684876218438,0.05078703537583351,1,5
841,1.3733851909637451,0.6331202983856201,0.5055371522903442,0.5309345126152039,0.004588219802826643,0.09681662917137146,1,5
842,1.474564790725708,0.6131726503372192,0.499885231256485,0.5416324138641357,0.002851534401997924,0.05018310621380806,1,5
843,1.4927990436553955,0.6434025168418884,0.4954338073730469,0.5255030393600464,0.0023005756083875895,0.04538224637508392,1,5
844,1.4671804904937744,0.6728256940841675,0.4885508418083191,0.5102654099464417,0.002397355157881975,0.04390190914273262,1,5
845,1.42826509475708,0.6817880868911743,0.49218374490737915,0.5057138204574585,0.003193214302882552,0.048688676208257675,1,5
846,1.4086575508117676,0.6831438541412354,0.49739062786102295,0.505027174949646,0.0022279012482613325,0.032336317002773285,1,5
847,1.401874303817749,0.6687343120574951,0.4999510943889618,0.5123577117919922,0.0031983789522200823,0.043936263769865036,1,5
848,1.417400598526001,0.6763354539871216,0.5005414485931396,0.5084792971611023,0.0016886169323697686,0.04143068194389343,1,5
849,1.4156062602996826,0.6940916180610657,0.496623694896698,0.4995306432247162,0.0018669567070901394,0.024490084499120712,1,5
850,1.4075618982315063,0.7084972262382507,0.49073314666748047,0.4923860430717468,0.0019330178620293736,0.026411371305584908,1,5
851,1.400508165359497,0.7150629758834839,0.4866969585418701,0.4891628623008728,0.0020086104050278664,0.026211250573396683,1,5
852,1.3973357677459717,0.719466507434845,0.48478078842163086,0.4870128333568573,0.0021117532160133123,0.04687274619936943,1,5
853,1.3929367065429688,0.716951847076416,0.4853556752204895,0.48823970556259155,0.001912185805849731,0.02732177823781967,1,5
854,1.3875629901885986,0.7112960815429688,0.48892781138420105,0.4910082221031189,0.0018880312563851476,0.023015035316348076,1,5
855,1.3856854438781738,0.7085078954696655,0.49239617586135864,0.49238041043281555,0.0018469897331669927,0.020276613533496857,1,5
856,1.3812878131866455,0.7079261541366577,0.4960794746875763,0.49266672134399414,0.0018830104963853955,0.02259150892496109,1,5
857,1.3785982131958008,0.7051108479499817,0.49771779775619507,0.49405860900878906,0.00217276718467474,0.03152919560670853,1,5
858,1.3729966878890991,0.6937527656555176,0.5024471879005432,0.4996993839740753,0.002305566566064954,0.03877219930291176,1,5
859,1.3849639892578125,0.6852011680603027,0.5027825236320496,0.503990650177002,0.002784238662570715,0.04060510918498039,1,5
860,1.387202262878418,0.6854860782623291,0.5065001249313354,0.5038490295410156,0.0022987143602222204,0.030141593888401985,1,5
861,1.39711332321167,0.698034405708313,0.5005446076393127,0.4975634217262268,0.0016741559375077486,0.02437078393995762,1,5
862,1.392242431640625,0.7133155465126038,0.4960734248161316,0.49001848697662354,0.0018665110692381859,0.030872110277414322,1,5
863,1.3809969425201416,0.7217063903808594,0.49399638175964355,0.48592323064804077,0.002262360882014036,0.03857715055346489,1,5
864,1.3765524625778198,0.7239781618118286,0.4934919476509094,0.48482200503349304,0.0017997936811298132,0.02679404988884926,1,5
865,1.3737456798553467,0.7244855165481567,0.4928405284881592,0.4845879077911377,0.00273859198205173,0.05039837956428528,1,5
866,1.3827271461486816,0.7015597224235535,0.4910312294960022,0.49583035707473755,0.002874113852158189,0.04443072900176048,1,5
867,1.3920446634292603,0.6799817681312561,0.4973216652870178,0.506649374961853,0.0026829480193555355,0.03658393397927284,1,5
868,1.4020318984985352,0.6619443297386169,0.5021915435791016,0.5158677101135254,0.003192837117239833,0.05046449974179268,1,5
869,1.4192321300506592,0.6578572392463684,0.5049700736999512,0.517967164516449,0.002526575466617942,0.043310150504112244,1,5
870,1.4190473556518555,0.6580843925476074,0.5061529874801636,0.5178452134132385,0.0028041249606758356,0.04042908921837807,1,5
871,1.4205578565597534,0.6632932424545288,0.5045421123504639,0.5151567459106445,0.002748454688116908,0.04019681736826897,1,5
872,1.4199209213256836,0.6582155227661133,0.5023177862167358,0.5177829265594482,0.002680334262549877,0.038441095501184464,1,5
873,1.4232298135757446,0.6615874767303467,0.5028933882713318,0.5160441398620605,0.0028835150878876448,0.03661252558231354,1,5
874,1.4199442863464355,0.6605370044708252,0.5031988620758057,0.5165815353393555,0.0029754445422440767,0.05645805597305298,1,5
875,1.4246418476104736,0.6654493808746338,0.5014364719390869,0.5140519142150879,0.0025449797976762056,0.04236127436161041,1,5
876,1.4164087772369385,0.6796725988388062,0.5023527145385742,0.5067881345748901,0.0030286461114883423,0.047328777611255646,1,5
877,1.3984380960464478,0.7001994848251343,0.503632664680481,0.49649181962013245,0.0024537467397749424,0.04179719090461731,1,5
878,1.3747832775115967,0.6810970306396484,0.5047177076339722,0.506103515625,0.003258238546550274,0.04820261895656586,1,5
879,1.406456470489502,0.7074512839317322,0.5003719925880432,0.4929311275482178,0.0020199762657284737,0.024842800572514534,1,5
880,1.3952510356903076,0.7555088400840759,0.4881511926651001,0.4698352515697479,0.002139524556696415,0.04845668002963066,1,5
881,1.3842025995254517,0.750913143157959,0.4769786596298218,0.4720698595046997,0.004264876712113619,0.05163140967488289,1,5
882,1.3916001319885254,0.6981456875801086,0.4770659804344177,0.49752312898635864,0.004148069303482771,0.06462142616510391,1,5
883,1.4337246417999268,0.6731810569763184,0.48000597953796387,0.5101051330566406,0.002494018990546465,0.03729366138577461,1,5
884,1.4565513134002686,0.6678583025932312,0.47819554805755615,0.5128119587898254,0.0028025072533637285,0.03629947081208229,1,5
885,1.4559392929077148,0.6785355806350708,0.48153263330459595,0.5073690414428711,0.0016810654196888208,0.02490861900150776,1,5
886,1.4348154067993164,0.6958901882171631,0.4840426445007324,0.49863401055336,0.0017855471232905984,0.030480291694402695,1,5
887,1.4078134298324585,0.6967017650604248,0.48932725191116333,0.49822747707366943,0.0029774243012070656,0.04665025323629379,1,5
888,1.4032869338989258,0.6829313039779663,0.4933464527130127,0.5051350593566895,0.0022516045719385147,0.02756340615451336,1,5
889,1.407038927078247,0.6882305145263672,0.4962988495826721,0.502466082572937,0.0022991022560745478,0.028527358546853065,1,5
890,1.4004169702529907,0.6925522089004517,0.49677157402038574,0.5002995729446411,0.0029457644559442997,0.03552192822098732,1,5
891,1.399700403213501,0.6909561157226562,0.4961869716644287,0.5010986328125,0.0017334651201963425,0.026384619995951653,1,5
892,1.406856894493103,0.7058242559432983,0.4921109676361084,0.49370262026786804,0.0013173131737858057,0.017248697578907013,1,5
893,1.399559736251831,0.7149428129196167,0.48807504773139954,0.4892222583293915,0.0014637208078056574,0.02263377606868744,1,5
894,1.3931622505187988,0.7105712890625,0.4867479205131531,0.4913704991340637,0.003041825257241726,0.03472726047039032,1,5
895,1.3974106311798096,0.7071743011474609,0.48761093616485596,0.49304112792015076,0.0018324997508898377,0.027140282094478607,1,5
896,1.3986339569091797,0.7073148488998413,0.48777031898498535,0.4929683208465576,0.001530847861431539,0.015982430428266525,1,5
897,1.3927648067474365,0.7052686214447021,0.49045103788375854,0.49397915601730347,0.0018444835441187024,0.018653515726327896,1,5
898,1.3900768756866455,0.7033334374427795,0.4933854937553406,0.494942307472229,0.0015027087647467852,0.018002163618803024,1,5
899,1.3857451677322388,0.7025030851364136,0.49598199129104614,0.495356023311615,0.002243863418698311,0.023394742980599403,1,5
900,1.3878062963485718,0.6887263059616089,0.49660634994506836,0.5022174119949341,0.0023752900306135416,0.02912241406738758,1,5
901,1.3966383934020996,0.6836118698120117,0.49883419275283813,0.5047928094863892,0.0019462930504232645,0.03997815027832985,1,5
902,1.3966953754425049,0.6805344820022583,0.5011999011039734,0.5063483715057373,0.0021376926451921463,0.04225139692425728,1,5
903,1.401430606842041,0.6825079917907715,0.5008867979049683,0.5053490400314331,0.001991845900192857,0.0300542414188385,1,5
904,1.3995490074157715,0.6890794038772583,0.5005794167518616,0.5020410418510437,0.0018810309702530503,0.022509945556521416,1,5
905,1.3930740356445312,0.6985480785369873,0.500198483467102,0.4973134994506836,0.0019198348745703697,0.021972229704260826,1,5
906,1.3824585676193237,0.7029721736907959,0.5011214017868042,0.4951138496398926,0.002155883004888892,0.03234099596738815,1,5
907,1.3720979690551758,0.6994142532348633,0.503949761390686,0.4968786835670471,0.0030432550702244043,0.04179644212126732,1,5
908,1.370016098022461,0.6840845942497253,0.5076633095741272,0.5045533180236816,0.002484453609213233,0.04150741174817085,1,5
909,1.3847930431365967,0.6796950101852417,0.5085394382476807,0.5067734718322754,0.0020730006508529186,0.034217700362205505,1,5
910,1.3877184391021729,0.6925085783004761,0.5079489946365356,0.500320315361023,0.002126657636836171,0.02639872394502163,1,5
911,1.385289192199707,0.7005767822265625,0.5025138258934021,0.4963158071041107,0.0022633823100477457,0.031774770468473434,1,5
912,1.3864524364471436,0.7176663875579834,0.4983258545398712,0.48789042234420776,0.0015640024794265628,0.025018911808729172,1,5
913,1.3774487972259521,0.7363561391830444,0.49373283982276917,0.47885626554489136,0.001500107697211206,0.028688549995422363,1,5
914,1.3659934997558594,0.7502580285072327,0.4904424846172333,0.47224488854408264,0.0011569811031222343,0.019467705860733986,1,5
915,1.3495795726776123,0.7498233914375305,0.4921283423900604,0.47245365381240845,0.0026382561773061752,0.04601679742336273,1,5
916,1.356418251991272,0.7393832206726074,0.4911904036998749,0.4774092733860016,0.0019231741316616535,0.04535726457834244,1,5
917,1.3525272607803345,0.7205003499984741,0.49746203422546387,0.48651039600372314,0.0028619877994060516,0.03919246792793274,1,5
918,1.3650538921356201,0.6915940642356873,0.5007886290550232,0.5007780194282532,0.003829371416941285,0.06177908554673195,1,5
919,1.4023687839508057,0.6639490723609924,0.49823886156082153,0.5148189663887024,0.003980264067649841,0.07007373869419098,1,5
920,1.4212414026260376,0.6167364716529846,0.5042190551757812,0.5397065877914429,0.004304426722228527,0.05521650239825249,1,5
921,1.4729664325714111,0.6509195566177368,0.5044702887535095,0.521567702293396,0.003025685902684927,0.0653521940112114,1,5
922,1.4284312725067139,0.6867983341217041,0.5047275424003601,0.5031874179840088,0.0028666784055531025,0.05558785796165466,1,5
923,1.378171443939209,0.6714656352996826,0.5106592178344727,0.5109599828720093,0.005007424857467413,0.06837785243988037,1,5
924,1.390913486480713,0.6407071352005005,0.5180283188819885,0.5269224643707275,0.002744073513895273,0.03811558336019516,1,5
925,1.412147045135498,0.676557719707489,0.5174994468688965,0.5083663463592529,0.0020092627964913845,0.029320571571588516,1,5
926,1.3924192190170288,0.7154711484909058,0.506995677947998,0.488965779542923,0.0019193781772628427,0.02662442810833454,1,5
927,1.3671869039535522,0.7299573421478271,0.499722957611084,0.48193368315696716,0.002778339199721813,0.05302046611905098,1,5
928,1.367476463317871,0.7362635135650635,0.49397945404052734,0.47890254855155945,0.0021948707289993763,0.027612842619419098,1,5
929,1.3594037294387817,0.7285056710243225,0.4942726492881775,0.48263224959373474,0.003416101448237896,0.04770028591156006,1,5
930,1.3603386878967285,0.709790825843811,0.49950265884399414,0.49174970388412476,0.0027143361512571573,0.032941583544015884,1,5
931,1.3705018758773804,0.7138202786445618,0.5016823410987854,0.4897717535495758,0.002736001508310437,0.037606123834848404,1,5
932,1.3709192276000977,0.6949101686477661,0.49987196922302246,0.4991213083267212,0.004277395084500313,0.05036105960607529,1,5
933,1.3911148309707642,0.6830631494522095,0.50130295753479,0.5050720572471619,0.002865057671442628,0.03763112798333168,1,5
934,1.4035537242889404,0.675971269607544,0.49919214844703674,0.5086737871170044,0.0038317032158374786,0.04720725491642952,1,5
935,1.4136154651641846,0.688286542892456,0.4979689419269562,0.5024373531341553,0.002017419319599867,0.03057989664375782,1,5
936,1.4067533016204834,0.7001032829284668,0.4936749041080475,0.49653559923171997,0.0032304185442626476,0.03241593390703201,1,5
937,1.4041193723678589,0.7005642056465149,0.4902728199958801,0.4963077902793884,0.0025940435007214546,0.03930140659213066,1,5
938,1.4046257734298706,0.7014466524124146,0.4893186092376709,0.4958685040473938,0.002145754173398018,0.04455389082431793,1,5
939,1.39548659324646,0.7020293474197388,0.49281662702560425,0.4955788850784302,0.001855691778473556,0.028558915480971336,1,5
940,1.3874335289001465,0.7112840414047241,0.4962773621082306,0.49101489782333374,0.002476730849593878,0.027678705751895905,1,5
941,1.3790581226348877,0.7145084142684937,0.49616843461990356,0.4894384443759918,0.003844645107164979,0.040824487805366516,1,5
942,1.3839032649993896,0.7195945978164673,0.49345147609710693,0.4869515299797058,0.0022547778207808733,0.03293715417385101,1,5
943,1.3832714557647705,0.7211640477180481,0.4902213215827942,0.48619404435157776,0.0025786191690713167,0.031222805380821228,1,5
944,1.3766939640045166,0.7143837809562683,0.49325114488601685,0.4895057678222656,0.0032721864990890026,0.04226049780845642,1,5
945,1.3864976167678833,0.7139608860015869,0.4926983714103699,0.48970258235931396,0.002380417427048087,0.023387005552649498,1,5
946,1.3713847398757935,0.7274227142333984,0.4985119104385376,0.48315316438674927,0.001809314708225429,0.021441027522087097,1,5
947,1.3511652946472168,0.7315422296524048,0.5019561052322388,0.4811684489250183,0.0024182528723031282,0.028306296095252037,1,5
948,1.334150791168213,0.7191277742385864,0.5097416639328003,0.4871809184551239,0.003360150381922722,0.044786710292100906,1,5
949,1.3440589904785156,0.6943957209587097,0.5123860836029053,0.499380886554718,0.0036375841591507196,0.04411996528506279,1,5
950,1.3540709018707275,0.6604257822036743,0.520453929901123,0.5166476368904114,0.005561877507716417,0.07666576653718948,1,5
951,1.4008450508117676,0.5757554173469543,0.5248454809188843,0.5622971057891846,0.004391699098050594,0.07816170901060104,1,5
952,1.490081787109375,0.5742079019546509,0.5251367092132568,0.5631523728370667,0.0028365175239741802,0.0538763552904129,1,5
953,1.4909234046936035,0.6152546405792236,0.519710898399353,0.5405056476593018,0.0029591675847768784,0.04629211127758026,1,5
954,1.4632019996643066,0.6550019979476929,0.5075047016143799,0.5194433927536011,0.003313098568469286,0.052661627531051636,1,5
955,1.4489490985870361,0.6867008209228516,0.491732120513916,0.5032377243041992,0.0027476956602185965,0.039769407361745834,1,5
956,1.4315342903137207,0.7038309574127197,0.483298659324646,0.4946937561035156,0.0033615552820265293,0.06500478088855743,1,5
957,1.419703483581543,0.7111446857452393,0.48023009300231934,0.4910920560359955,0.002767527010291815,0.034867748618125916,1,5
958,1.409942388534546,0.7067286968231201,0.4820827841758728,0.4932559132575989,0.0029399385675787926,0.05800063908100128,1,5
959,1.4130573272705078,0.7060505151748657,0.4836007058620453,0.4935910999774933,0.0023397833574563265,0.030255548655986786,1,5
960,1.4079927206039429,0.7083871364593506,0.4846475422382355,0.4924386739730835,0.002985267899930477,0.03660554438829422,1,5
961,1.4001288414001465,0.6953569650650024,0.48819130659103394,0.4989013075828552,0.003167465329170227,0.047706883400678635,1,5
962,1.4130005836486816,0.6801735162734985,0.48878127336502075,0.5065367221832275,0.0036287265829741955,0.05713019520044327,1,5
963,1.420104742050171,0.6574156284332275,0.4945511221885681,0.5181933641433716,0.00351524306461215,0.038744278252124786,1,5
964,1.4420723915100098,0.6613191366195679,0.49362319707870483,0.5161752104759216,0.002165875630453229,0.03086499311029911,1,5
965,1.4308513402938843,0.6755968928337097,0.4952569603919983,0.508859395980835,0.0019888924434781075,0.03398391976952553,1,5
966,1.4263944625854492,0.6840209364891052,0.49039697647094727,0.5045889616012573,0.002117945346981287,0.03763443976640701,1,5
967,1.4212346076965332,0.6899404525756836,0.48950091004371643,0.5016098022460938,0.0019480959745123982,0.024160901084542274,1,5
968,1.4169538021087646,0.6940310001373291,0.4877590239048004,0.4995615482330322,0.0024992963299155235,0.031359702348709106,1,5
969,1.4141979217529297,0.6980951428413391,0.4873071312904358,0.4975350499153137,0.0015198629116639495,0.020960895344614983,1,5
970,1.4052438735961914,0.7041177749633789,0.48855453729629517,0.49455001950263977,0.0022786150220781565,0.035665396600961685,1,5
971,1.4016852378845215,0.7072733044624329,0.48877036571502686,0.49300265312194824,0.001807000837288797,0.026635974645614624,1,5
972,1.397127628326416,0.7081454992294312,0.48935455083847046,0.49257132411003113,0.0019381428137421608,0.029140016064047813,1,5
973,1.3936971426010132,0.6972310543060303,0.49087873101234436,0.497966468334198,0.0028563651721924543,0.03109051287174225,1,5
974,1.4021364450454712,0.7017737030982971,0.49206358194351196,0.49570631980895996,0.0016839223681017756,0.032639384269714355,1,5
975,1.396927833557129,0.7187669277191162,0.4916180670261383,0.48735371232032776,0.0017800773493945599,0.027150051668286324,1,5
976,1.3895263671875,0.7259944677352905,0.4871427118778229,0.4838552474975586,0.002677174052223563,0.024639101698994637,1,5
977,1.3872345685958862,0.7209770083427429,0.4851038455963135,0.48629137873649597,0.002125184051692486,0.03173968940973282,1,5
978,1.3845107555389404,0.7181464433670044,0.4884744882583618,0.48766082525253296,0.0024810160975903273,0.06586101651191711,1,5
979,1.384004831314087,0.7141237258911133,0.4894721508026123,0.4896225333213806,0.001828068750910461,0.029242979362607002,1,5
980,1.3772493600845337,0.7073961496353149,0.4954732358455658,0.4929294288158417,0.0023886130657047033,0.04091997817158699,1,5
981,1.3702471256256104,0.6962302923202515,0.5033884048461914,0.4984928369522095,0.002768904436379671,0.043240923434495926,1,5
982,1.3783049583435059,0.6888946294784546,0.5054126381874084,0.5021897554397583,0.0029831628780812025,0.041342828422784805,1,5
983,1.3909655809402466,0.6679636836051941,0.5057829022407532,0.512779712677002,0.003964757546782494,0.05888656899333,1,5
984,1.428237795829773,0.6578196287155151,0.49765244126319885,0.5180165767669678,0.0031148234847933054,0.03348514810204506,1,5
985,1.4368107318878174,0.6726831197738647,0.4976283013820648,0.5103638768196106,0.0030411321204155684,0.043160852044820786,1,5
986,1.4189682006835938,0.6892220377922058,0.4955899715423584,0.501982569694519,0.003052550833672285,0.04564015194773674,1,5
987,1.4070475101470947,0.6839876174926758,0.4939339756965637,0.5046068429946899,0.0034384485334157944,0.05155617371201515,1,5
988,1.409081220626831,0.6838512420654297,0.4967788755893707,0.5046865940093994,0.003330913605168462,0.03830858692526817,1,5
989,1.4190659523010254,0.6692380309104919,0.49294352531433105,0.5121115446090698,0.0030029069166630507,0.04143396019935608,1,5
990,1.4130364656448364,0.6532019376754761,0.5025160312652588,0.5203936100006104,0.0033311424776911736,0.06251354515552521,1,5
991,1.4200527667999268,0.6433863639831543,0.508635401725769,0.525517463684082,0.004882715176790953,0.05576011538505554,1,5
992,1.4339944124221802,0.653662919998169,0.5080394744873047,0.5201398134231567,0.0023515622597187757,0.033696942031383514,1,5
993,1.4259004592895508,0.6974953413009644,0.5021002888679504,0.49783384799957275,0.003167559625580907,0.061483632773160934,1,5
994,1.409384846687317,0.7232341766357422,0.4895865321159363,0.48518601059913635,0.0018196807941421866,0.022889284417033195,1,5
995,1.3890295028686523,0.7374051213264465,0.48552215099334717,0.4783773422241211,0.003202187828719616,0.04737324267625809,1,5
996,1.3776545524597168,0.7337146997451782,0.48422080278396606,0.4801355004310608,0.0021086735650897026,0.034613385796546936,1,5
997,1.3735520839691162,0.7338468432426453,0.48801887035369873,0.4800732731819153,0.00224556727334857,0.03476497530937195,1,5
998,1.3631494045257568,0.7202587127685547,0.4933534860610962,0.4866524040699005,0.0031086939852684736,0.04471175745129585,1,5
999,1.3649852275848389,0.686774730682373,0.5017566084861755,0.5032777786254883,0.0032527316361665726,0.04960022494196892,1,5
1000,1.3963040113449097,0.6607617139816284,0.5045374631881714,0.5164700746536255,0.0029107972513884306,0.048902858048677444,1,5
1001,1.4167683124542236,0.6440964937210083,0.5059638619422913,0.5251376032829285,0.0025311128702014685,0.05372460186481476,1,5
1002,1.435816764831543,0.6480023860931396,0.5053123235702515,0.5230910181999207,0.0019740911666303873,0.033128321170806885,1,5
1003,1.4316465854644775,0.6661999225616455,0.5027613639831543,0.5136573314666748,0.0019919415935873985,0.030013302341103554,1,5
1004,1.4205154180526733,0.6714619994163513,0.4986167550086975,0.5109634399414062,0.0019138986244797707,0.03990191966295242,1,5
1005,1.4201760292053223,0.6786571145057678,0.4961244463920593,0.5073054432868958,0.002220545895397663,0.04587751254439354,1,5
1006,1.4058090448379517,0.6753139495849609,0.5005457401275635,0.5089985728263855,0.0028392807580530643,0.042532648891210556,1,5
1007,1.4101027250289917,0.6855158805847168,0.49966496229171753,0.5038307905197144,0.001964981434866786,0.020323192700743675,1,5
1008,1.408508539199829,0.7026654481887817,0.49390822649002075,0.49526527523994446,0.0017294511198997498,0.02312265895307064,1,5
1009,1.3980377912521362,0.711007833480835,0.4907074570655823,0.4911501109600067,0.00237968098372221,0.03485141694545746,1,5
1010,1.3957221508026123,0.7139521241188049,0.48814505338668823,0.489706814289093,0.002132727298885584,0.02661309391260147,1,5
1011,1.3945691585540771,0.712123692035675,0.48726242780685425,0.49061810970306396,0.002372956369072199,0.029602468013763428,1,5
1012,1.3991005420684814,0.7110553979873657,0.48546573519706726,0.49113398790359497,0.0025866921059787273,0.037256523966789246,1,5
1013,1.3992936611175537,0.7190365791320801,0.48688843846321106,0.4872218370437622,0.0022813978139311075,0.03649982810020447,1,5
1014,1.3918085098266602,0.7203739285469055,0.486348956823349,0.48657429218292236,0.0037816523108631372,0.059311170130968094,1,5
1015,1.3980690240859985,0.7143353819847107,0.48334550857543945,0.48952388763427734,0.0029677681159228086,0.037561044096946716,1,5
1016,1.402747392654419,0.6998937129974365,0.4843571186065674,0.4966505169868469,0.0028704197611659765,0.06206471100449562,1,5
1017,1.4064596891403198,0.6899452805519104,0.48856493830680847,0.5016151666641235,0.002077293349429965,0.037256259471178055,1,5
1018,1.410121202468872,0.6932418346405029,0.4902133047580719,0.4999608099460602,0.0025306371971964836,0.04678327962756157,1,5
1019,1.3974189758300781,0.6917640566825867,0.4954445958137512,0.5006988048553467,0.0022329569328576326,0.03655220568180084,1,5
1020,1.384796142578125,0.6941373944282532,0.5033706426620483,0.4995078146457672,0.0017140699783340096,0.023837972432374954,1,5
1021,1.3703556060791016,0.7009813785552979,0.5082458257675171,0.4961004853248596,0.002134291222319007,0.027755241841077805,1,5
1022,1.3554251194000244,0.703419029712677,0.5128122568130493,0.49490243196487427,0.002238350920379162,0.03459841012954712,1,5
1023,1.3510948419570923,0.6910566091537476,0.5147994160652161,0.5010721683502197,0.003136757528409362,0.04822717234492302,1,5
1024,1.3623180389404297,0.6887814998626709,0.5172158479690552,0.5021987557411194,0.0029759726021438837,0.03276979550719261,1,5
1025,1.3781261444091797,0.715697705745697,0.509164035320282,0.4888530671596527,0.0014734691940248013,0.019142499193549156,1,5
1026,1.363542079925537,0.7467650771141052,0.5010743737220764,0.47389915585517883,0.0019517795881256461,0.021914856508374214,1,5
1027,1.3647754192352295,0.7516908645629883,0.48683780431747437,0.47157084941864014,0.002405957318842411,0.029828201979398727,1,5
1028,1.355175256729126,0.7480560541152954,0.4899563491344452,0.47328925132751465,0.001972943777218461,0.02442648448050022,1,5
1029,1.3617281913757324,0.739382803440094,0.48811107873916626,0.4774152636528015,0.002212420804426074,0.0358884371817112,1,5
1030,1.3490803241729736,0.7261195182800293,0.4983978271484375,0.48378849029541016,0.0028554927557706833,0.03126169368624687,1,5
1031,1.3596429824829102,0.713126003742218,0.4991101324558258,0.4901134967803955,0.0027990301605314016,0.03273770585656166,1,5
1032,1.3538103103637695,0.6840875148773193,0.5093668103218079,0.5045912861824036,0.00497453473508358,0.05481922626495361,1,5
1033,1.385202407836914,0.5923910140991211,0.5148526430130005,0.553030252456665,0.005842091981321573,0.06299673765897751,1,5
1034,1.498436450958252,0.5836011171340942,0.5115678310394287,0.5578931570053101,0.003729491727426648,0.059246283024549484,1,5
1035,1.4986058473587036,0.5997990369796753,0.512326717376709,0.5489482879638672,0.0034011397510766983,0.04755360633134842,1,5
1036,1.466583013534546,0.625616192817688,0.5168377161026001,0.5349645018577576,0.0031015726272016764,0.04164858162403107,1,5
1037,1.4238163232803345,0.6214303374290466,0.5211273431777954,0.5371917486190796,0.005440563894808292,0.07960952073335648,1,5
1038,1.4466321468353271,0.6216456890106201,0.5170162916183472,0.5370661020278931,0.0029320933390408754,0.05218259245157242,1,5
1039,1.4723291397094727,0.6903097629547119,0.49829965829849243,0.5014213919639587,0.0016037627356126904,0.02066892758011818,1,5
1040,1.4410302639007568,0.7523118853569031,0.47552400827407837,0.4712771475315094,0.0019325553439557552,0.02417309768497944,1,5
1041,1.4086434841156006,0.7583926916122437,0.46358373761177063,0.46842139959335327,0.0029421537183225155,0.03625662252306938,1,5
1042,1.410388708114624,0.7384657859802246,0.4616043269634247,0.4778501093387604,0.0029319245368242264,0.03924700245261192,1,5
1043,1.414541244506836,0.7176680564880371,0.4676024913787842,0.48789161443710327,0.0031206707935780287,0.040609847754240036,1,5
1044,1.4161057472229004,0.6953753232955933,0.4762224853038788,0.49891409277915955,0.0034074506256729364,0.040432386100292206,1,5
1045,1.4226648807525635,0.6790637969970703,0.48341283202171326,0.5071226954460144,0.0030573762487620115,0.028630975633859634,1,5
1046,1.425134539604187,0.6867424249649048,0.4898104965686798,0.5032474994659424,0.0024234072770923376,0.03775552660226822,1,5
1047,1.406946063041687,0.6956143975257874,0.4941750168800354,0.4988210201263428,0.0032337575685232878,0.03665583208203316,1,5
1048,1.393416404724121,0.6883189082145691,0.49859368801116943,0.5024427175521851,0.002722374862059951,0.03476763889193535,1,5
1049,1.387670636177063,0.6849536895751953,0.5028588771820068,0.5041269659996033,0.0031810160726308823,0.03445668891072273,1,5
1050,1.3820548057556152,0.6812438368797302,0.5093064308166504,0.5060285329818726,0.003477314254269004,0.04883488267660141,1,5
1051,1.379603385925293,0.6599755883216858,0.5162705183029175,0.5168708562850952,0.0025348979979753494,0.0376712866127491,1,5
1052,1.3985497951507568,0.6743136644363403,0.5136213302612305,0.5095347166061401,0.0025009869132190943,0.026468250900506973,1,5
1053,1.3966048955917358,0.6912376880645752,0.5067025423049927,0.5009739995002747,0.002662770450115204,0.022652799263596535,1,5
1054,1.3868992328643799,0.6985588073730469,0.5015954971313477,0.49730750918388367,0.0029030709993094206,0.03255751356482506,1,5
1055,1.3947371244430542,0.7026928663253784,0.49536848068237305,0.49525022506713867,0.002575941849499941,0.027782371267676353,1,5
1056,1.3969846963882446,0.712746262550354,0.49159014225006104,0.49029815196990967,0.0013603843981400132,0.018653176724910736,1,5
1057,1.394717812538147,0.7161228656768799,0.4873184561729431,0.4886457622051239,0.002357874996960163,0.03695463389158249,1,5
1058,1.3917644023895264,0.7073847055435181,0.4882868230342865,0.4929380714893341,0.002550018485635519,0.031451065093278885,1,5
1059,1.395794153213501,0.6973598003387451,0.4906022846698761,0.49790558218955994,0.002863188274204731,0.029034895822405815,1,5
1060,1.3994884490966797,0.6919569373130798,0.49365806579589844,0.5006061792373657,0.002805320080369711,0.03152643144130707,1,5
1061,1.4011974334716797,0.6815793514251709,0.49569764733314514,0.5058234333992004,0.0030436899978667498,0.03146921098232269,1,5
1062,1.4126732349395752,0.6865317821502686,0.4949520230293274,0.5033206939697266,0.00219531636685133,0.024747777730226517,1,5
1063,1.4077403545379639,0.6971509456634521,0.4940090775489807,0.4980051517486572,0.0020528112072497606,0.024940917268395424,1,5
1064,1.3958561420440674,0.6995183229446411,0.49458032846450806,0.49683138728141785,0.0028237029910087585,0.03511190414428711,1,5
1065,1.4006820917129517,0.707666277885437,0.4924317002296448,0.4927968382835388,0.0021048716735094786,0.03138463571667671,1,5
1066,1.3919782638549805,0.7239035367965698,0.49151089787483215,0.48485639691352844,0.0016307721380144358,0.021243583410978317,1,5
1067,1.3760647773742676,0.7277937531471252,0.49102094769477844,0.48297664523124695,0.002501437906175852,0.033078063279390335,1,5
1068,1.3678231239318848,0.715252697467804,0.4939204752445221,0.489070326089859,0.0022645178250968456,0.04055008292198181,1,5
1069,1.3727126121520996,0.7213025689125061,0.49751728773117065,0.4861222803592682,0.001979136373847723,0.030962932854890823,1,5
1070,1.3651647567749023,0.7320643067359924,0.4978666305541992,0.4809167981147766,0.0020122609566897154,0.02278168685734272,1,5
1071,1.3624855279922485,0.7239962816238403,0.4948809742927551,0.48481306433677673,0.002779383910819888,0.033052001148462296,1,5
1072,1.3630659580230713,0.7117630243301392,0.4992161989212036,0.4907870590686798,0.0032103874254971743,0.0656471773982048,1,5
1073,1.3784208297729492,0.6825896501541138,0.5005491971969604,0.5053130388259888,0.0033853312488645315,0.05558965727686882,1,5
1074,1.4047777652740479,0.6616041660308838,0.49963751435279846,0.5160582065582275,0.00426515145227313,0.06948567926883698,1,5
1075,1.4261466264724731,0.6556217074394226,0.5023534297943115,0.5191207528114319,0.002823939546942711,0.06574945151805878,1,5
1076,1.4421089887619019,0.6552329063415527,0.4948493242263794,0.51932293176651,0.003209124319255352,0.0565975122153759,1,5
1077,1.4461233615875244,0.6600034236907959,0.49412405490875244,0.5168508291244507,0.0027003746945410967,0.046470582485198975,1,5
1078,1.4268145561218262,0.6586819887161255,0.4994122087955475,0.5175369381904602,0.004174377769231796,0.055212993174791336,1,5
1079,1.426346778869629,0.670852541923523,0.5021640062332153,0.511273980140686,0.002539706649258733,0.0319366455078125,1,5
1080,1.409921407699585,0.6866888403892517,0.5018000602722168,0.5032424330711365,0.002582617336884141,0.037395454943180084,1,5
1081,1.3964486122131348,0.6846812963485718,0.500577449798584,0.5042687654495239,0.00301543646492064,0.03530583903193474,1,5
1082,1.3958840370178223,0.7043509483337402,0.5005923509597778,0.4944473206996918,0.0028981200885027647,0.046895191073417664,1,5
1083,1.386862874031067,0.7123553156852722,0.4963269829750061,0.4904923439025879,0.001992475939914584,0.026977714151144028,1,5
1084,1.3759286403656006,0.7120252847671509,0.4967946410179138,0.49065446853637695,0.002655913820490241,0.04076198861002922,1,5
1085,1.3818371295928955,0.7078788876533508,0.4959578216075897,0.49268975853919983,0.0024399368558079004,0.05184319242835045,1,5
1086,1.3713510036468506,0.7058461904525757,0.5018107891082764,0.4936925768852234,0.0025636113714426756,0.04829186201095581,1,5
1087,1.3689688444137573,0.7053152322769165,0.5041276216506958,0.493956059217453,0.003781102132052183,0.06525155901908875,1,5
1088,1.3682100772857666,0.6943937540054321,0.5056936740875244,0.4993788003921509,0.0036308688577264547,0.05292830988764763,1,5
1089,1.3773624897003174,0.6721237897872925,0.5076039433479309,0.5106291770935059,0.003219159785658121,0.06573543697595596,1,5
1090,1.4010467529296875,0.6421250104904175,0.5078219175338745,0.5261764526367188,0.003313734894618392,0.0705936998128891,1,5
1091,1.4443399906158447,0.6502094864845276,0.5038579702377319,0.5219408273696899,0.0022400044836103916,0.03937697038054466,1,5
1092,1.4389513731002808,0.673469066619873,0.49774909019470215,0.5099401473999023,0.0027339630760252476,0.03189713880419731,1,5
1093,1.4278161525726318,0.6829725503921509,0.4916701912879944,0.5051170587539673,0.002389569068327546,0.03597903251647949,1,5
1094,1.4121716022491455,0.6915968656539917,0.49365341663360596,0.5007780194282532,0.0028007247019559145,0.03725358471274376,1,5
1095,1.402616024017334,0.6954517364501953,0.495114266872406,0.4988514184951782,0.0019029726972803473,0.022172270342707634,1,5
1096,1.395597219467163,0.7054125666618347,0.4951859712600708,0.4939095377922058,0.0019052267307415605,0.024417661130428314,1,5
1097,1.3830599784851074,0.7009692192077637,0.49665650725364685,0.49613550305366516,0.002826968440786004,0.03783443942666054,1,5
1098,1.3871231079101562,0.7049105167388916,0.4980391561985016,0.49416524171829224,0.0017443090910091996,0.021252043545246124,1,5
1099,1.3801363706588745,0.7146642804145813,0.4985647201538086,0.4893677234649658,0.0018166083609685302,0.02394820936024189,1,5
1100,1.3724316358566284,0.7125195264816284,0.49834614992141724,0.4904167950153351,0.0036638998426496983,0.034589722752571106,1,5
1101,1.379752278327942,0.7079302072525024,0.4960101544857025,0.49266743659973145,0.0029197162948548794,0.031627725809812546,1,5
1102,1.3837013244628906,0.7022256851196289,0.49534669518470764,0.4954860806465149,0.002648719120770693,0.03901081532239914,1,5
1103,1.3886674642562866,0.6914883255958557,0.49678266048431396,0.500835657119751,0.002832959406077862,0.030296310782432556,1,5
1104,1.3976356983184814,0.6855692267417908,0.49718332290649414,0.5038062930107117,0.002297459403052926,0.037119414657354355,1,5
1105,1.4055261611938477,0.6854977011680603,0.49537894129753113,0.5038431286811829,0.0025425772182643414,0.03465474396944046,1,5
1106,1.400736689567566,0.6911991834640503,0.4976133108139038,0.5009760856628418,0.0021108875516802073,0.039081547409296036,1,5
1107,1.3955752849578857,0.6978235244750977,0.4973851144313812,0.49767056107521057,0.002107735490426421,0.030481306836009026,1,5
1108,1.3941373825073242,0.6972277164459229,0.4953894317150116,0.4979659616947174,0.0022297438699752092,0.045016683638095856,1,5
1109,1.3897829055786133,0.7039957046508789,0.4980078339576721,0.49460917711257935,0.0036903503350913525,0.10860150307416916,1,5
1110,1.378226637840271,0.7012134790420532,0.4974857568740845,0.495991051197052,0.0034727405291050673,0.04782415181398392,1,5
1111,1.3838671445846558,0.6883265972137451,0.49959680438041687,0.5024194717407227,0.003172320546582341,0.04982171580195427,1,5
1112,1.3852418661117554,0.6829155683517456,0.5043535828590393,0.5051665306091309,0.0026978624518960714,0.04335765168070793,1,5
1113,1.3831827640533447,0.6781342625617981,0.5085433721542358,0.5075677633285522,0.003748420625925064,0.05625017732381821,1,5
1114,1.391206979751587,0.6808783411979675,0.5066457986831665,0.5061743259429932,0.003232302377000451,0.05743267759680748,1,5
1115,1.3889756202697754,0.6770374774932861,0.508110523223877,0.5081218481063843,0.003438427811488509,0.04779369756579399,1,5
1116,1.3977482318878174,0.6788613796234131,0.506522536277771,0.5071980357170105,0.0026392661966383457,0.047498758882284164,1,5
1117,1.4033676385879517,0.6885961890220642,0.5011160373687744,0.5022835731506348,0.003249910194426775,0.032143279910087585,1,5
1118,1.4102783203125,0.6963689923286438,0.4925244450569153,0.49839237332344055,0.003314811736345291,0.040745288133621216,1,5
1119,1.4104418754577637,0.6977222561836243,0.48902618885040283,0.4977211058139801,0.0033034535590559244,0.041542038321495056,1,5
1120,1.4021152257919312,0.6930684447288513,0.4926740825176239,0.5000537633895874,0.0026651404332369566,0.042186424136161804,1,5
1121,1.4026840925216675,0.6850206255912781,0.49499326944351196,0.5040826201438904,0.003264431143179536,0.038296282291412354,1,5
1122,1.4068758487701416,0.6809471249580383,0.4964337944984436,0.506145715713501,0.003217122983187437,0.06506142020225525,1,5
1123,1.4086601734161377,0.6705127954483032,0.4976866543292999,0.5114490985870361,0.003794189542531967,0.05874762311577797,1,5
1124,1.4230929613113403,0.6767295598983765,0.49812209606170654,0.5082885026931763,0.0027942759916186333,0.041720375418663025,1,5
1125,1.4228060245513916,0.7032210826873779,0.49276837706565857,0.49500003457069397,0.002766296500340104,0.035314228385686874,1,5
1126,1.4158079624176025,0.7206268310546875,0.48314058780670166,0.48646658658981323,0.002154730260372162,0.03438138589262962,1,5
1127,1.4030115604400635,0.7249996662139893,0.48027923703193665,0.4843388497829437,0.003772472031414509,0.04253553971648216,1,5
1128,1.4046262502670288,0.6834858059883118,0.48145583271980286,0.5048645734786987,0.0028827099595218897,0.044136591255664825,1,5
1129,1.4213318824768066,0.6809688806533813,0.4905303120613098,0.5061397552490234,0.0025290835183113813,0.03805156424641609,1,5
1130,1.4045989513397217,0.6798526048660278,0.4989132285118103,0.5066969990730286,0.0024203057400882244,0.046563662588596344,1,5
1131,1.386419653892517,0.6837573051452637,0.5084959864616394,0.504720151424408,0.0033329983707517385,0.06090676039457321,1,5
1132,1.3770451545715332,0.6923542022705078,0.5135159492492676,0.5004006624221802,0.0026611348148435354,0.04126042127609253,1,5
1133,1.3582203388214111,0.7223132848739624,0.5166600942611694,0.48563501238822937,0.002646807814016938,0.03295431658625603,1,5
1134,1.3480645418167114,0.7423480153083801,0.5069094896316528,0.47599729895591736,0.002647607121616602,0.048979829996824265,1,5
1135,1.339957594871521,0.7583864331245422,0.5036554336547852,0.4684228301048279,0.0032361748162657022,0.042472194880247116,1,5
1136,1.3259589672088623,0.7529720664024353,0.5028305649757385,0.47097691893577576,0.00402030861005187,0.05740685015916824,1,5
1137,1.3481584787368774,0.7248157262802124,0.49558374285697937,0.4844152331352234,0.004021447617560625,0.06771707534790039,1,5
1138,1.3581067323684692,0.665980339050293,0.5036525726318359,0.5137729048728943,0.004656849429011345,0.12879648804664612,1,5
1139,1.414429783821106,0.6417661309242249,0.5107520222663879,0.5263705253601074,0.005194809287786484,0.07782488316297531,1,5
1140,1.443228006362915,0.6403498649597168,0.5077332258224487,0.5271137356758118,0.005465925671160221,0.07968501001596451,1,5
1141,1.4204728603363037,0.6063456535339355,0.5201310515403748,0.5453436374664307,0.006592274643480778,0.08338455110788345,1,5
1142,1.4646177291870117,0.6036646366119385,0.5175825357437134,0.5468087196350098,0.004267001058906317,0.07737693935632706,1,5
1143,1.4820637702941895,0.6467715501785278,0.5067062973976135,0.523735761642456,0.002971832873299718,0.04290035367012024,1,5
1144,1.4639580249786377,0.7153380513191223,0.4871172308921814,0.4890296459197998,0.002711891196668148,0.044144898653030396,1,5
1145,1.4292008876800537,0.7478398680686951,0.4696073532104492,0.4733896255493164,0.003126747440546751,0.03740895166993141,1,5
1146,1.4103620052337646,0.7498958706855774,0.4647361636161804,0.47241827845573425,0.002545827766880393,0.03180113807320595,1,5
1147,1.3998088836669922,0.754338264465332,0.4685380458831787,0.4703247845172882,0.002918315352872014,0.07360368967056274,1,5
1148,1.383036732673645,0.7489712834358215,0.474334180355072,0.472860723733902,0.0023320578038692474,0.030572159215807915,1,5
1149,1.3763437271118164,0.7131252288818359,0.4809705913066864,0.4901147484779358,0.0037530732806771994,0.058729276061058044,1,5
1150,1.3968242406845093,0.6955673694610596,0.4899444878101349,0.4987942576408386,0.004171215929090977,0.05165091156959534,1,5
1151,1.4121097326278687,0.704151451587677,0.48921647667884827,0.49452924728393555,0.0019114416791126132,0.02951006405055523,1,5
1152,1.3957984447479248,0.726864755153656,0.4911454916000366,0.4834234416484833,0.0024052464868873358,0.050906844437122345,1,5
1153,1.3720004558563232,0.745025098323822,0.49167776107788086,0.474725604057312,0.002721835859119892,0.036909040063619614,1,5
1154,1.3596422672271729,0.7451577186584473,0.49082404375076294,0.47466468811035156,0.002770319115370512,0.04529988765716553,1,5
1155,1.3499386310577393,0.7439193725585938,0.49560195207595825,0.47525036334991455,0.005156353581696749,0.06174343451857567,1,5
1156,1.3563586473464966,0.7036178708076477,0.497700035572052,0.49479472637176514,0.004793919622898102,0.0529581680893898,1,5
1157,1.3729767799377441,0.66218101978302,0.5074275135993958,0.5157284140586853,0.004628834314644337,0.07978066056966782,1,5
1158,1.4292006492614746,0.6393870711326599,0.5015634894371033,0.5276293754577637,0.0053471727296710014,0.05898887291550636,1,5
1159,1.4483405351638794,0.6206468343734741,0.505280613899231,0.5376072525978088,0.004388345871120691,0.058931294828653336,1,5
1160,1.4647327661514282,0.6407690644264221,0.5050196647644043,0.5268920660018921,0.004675400443375111,0.066365085542202,1,5
1161,1.4333088397979736,0.6536754369735718,0.5080283880233765,0.5201320052146912,0.004879317246377468,0.0661085769534111,1,5
1162,1.4130885601043701,0.6587971448898315,0.5117476582527161,0.5174786448478699,0.006798797287046909,0.0934833288192749,1,5
1163,1.3923780918121338,0.6272851824760437,0.5215960741043091,0.5340428352355957,0.004683826584368944,0.08151104301214218,1,5
1164,1.4152666330337524,0.6242964267730713,0.5305368900299072,0.535646915435791,0.0031523755751550198,0.03764719143509865,1,5
1165,1.4419221878051758,0.710868239402771,0.5113435387611389,0.4912181496620178,0.0020739627070724964,0.029800307005643845,1,5
1166,1.400909662246704,0.7662452459335327,0.48549196124076843,0.46475499868392944,0.0021389576140791178,0.029063411056995392,1,5
1167,1.3819386959075928,0.7910710573196411,0.4701114892959595,0.45335960388183594,0.0015842374414205551,0.021214045584201813,1,5
1168,1.3646786212921143,0.7844444513320923,0.46803081035614014,0.45637527108192444,0.002126937033608556,0.037242744117975235,1,5
1169,1.3510994911193848,0.746978759765625,0.4776921272277832,0.47382616996765137,0.004099657759070396,0.05939142033457756,1,5
1170,1.3564045429229736,0.6963674426078796,0.4938887357711792,0.49843353033065796,0.004121876787394285,0.06403722614049911,1,5
1171,1.3803387880325317,0.6501098871231079,0.5065115690231323,0.5220108032226562,0.004392940551042557,0.05334498733282089,1,5
1172,1.4281163215637207,0.6439582109451294,0.5074828863143921,0.5252212285995483,0.0034136271569877863,0.04858919233083725,1,5
1173,1.4303252696990967,0.6626588106155396,0.5071481466293335,0.515487551689148,0.003392275422811508,0.04336647689342499,1,5
1174,1.414113998413086,0.672850489616394,0.5052236318588257,0.5102832317352295,0.0033740573562681675,0.05102694407105446,1,5
1175,1.4152686595916748,0.6707531213760376,0.5006866455078125,0.5113544464111328,0.0034262549597769976,0.05047515779733658,1,5
1176,1.411620855331421,0.6729588508605957,0.502116322517395,0.5102314949035645,0.003944581374526024,0.05367527902126312,1,5
1177,1.4114997386932373,0.6673692464828491,0.5021520853042603,0.5130701065063477,0.003868751460686326,0.04715520143508911,1,5
1178,1.4198395013809204,0.6534346342086792,0.501009464263916,0.5202630162239075,0.004362680017948151,0.06403550505638123,1,5
1179,1.439853549003601,0.6726381778717041,0.49870505928993225,0.5103617310523987,0.0027324301190674305,0.05267266929149628,1,5
1180,1.432102918624878,0.7057352066040039,0.48896199464797974,0.4937487244606018,0.003175392746925354,0.036000579595565796,1,5
1181,1.4108881950378418,0.7271038293838501,0.48362743854522705,0.4833090305328369,0.002106651896610856,0.025422852486371994,1,5
1182,1.3971433639526367,0.7449350357055664,0.4794231653213501,0.47476881742477417,0.0017606655601412058,0.026716027408838272,1,5
1183,1.3816919326782227,0.7529184818267822,0.47911325097084045,0.470994234085083,0.0015499144792556763,0.019255569204688072,1,5
1184,1.3664133548736572,0.758665144443512,0.48298293352127075,0.4683001637458801,0.0018228956032544374,0.018513808026909828,1,5
1185,1.347785234451294,0.7588822245597839,0.49002182483673096,0.4681999385356903,0.0020248701330274343,0.02752884104847908,1,5
1186,1.334608554840088,0.7539700269699097,0.49639567732810974,0.4705076217651367,0.0016583703691139817,0.02385770156979561,1,5
1187,1.3352446556091309,0.7504606246948242,0.497717022895813,0.47216641902923584,0.0034517121966928244,0.05051623284816742,1,5
1188,1.326703429222107,0.7433267831802368,0.5055601596832275,0.47555962204933167,0.0023305562790483236,0.038253385573625565,1,5
1189,1.3271868228912354,0.7351332902908325,0.5088580846786499,0.47946012020111084,0.0036962369922548532,0.0537182092666626,1,5
1190,1.336807370185852,0.7281736731529236,0.5077172517776489,0.4828088879585266,0.003087194636464119,0.04554184153676033,1,5
1191,1.3377596139907837,0.6432377696037292,0.5110591650009155,0.525862455368042,0.014977093786001205,0.13868778944015503,1,5
1192,1.46018385887146,0.584015965461731,0.5114169120788574,0.5576581954956055,0.005232867319136858,0.07402948290109634,1,5
1193,1.515071988105774,0.6154769659042358,0.504869818687439,0.540391206741333,0.004106765612959862,0.051741715520620346,1,5
1194,1.4633830785751343,0.6510977745056152,0.5081966519355774,0.5214786529541016,0.003870930289849639,0.043179865926504135,1,5
1195,1.4066686630249023,0.6567319631576538,0.5155937671661377,0.5185520648956299,0.004049626179039478,0.06470925360918045,1,5
1196,1.3870048522949219,0.6450697183609009,0.524141788482666,0.5246289968490601,0.0036939969286322594,0.0728340595960617,1,5
1197,1.3930168151855469,0.6237016916275024,0.5284605622291565,0.5359597206115723,0.004134547431021929,0.06185408681631088,1,5
1198,1.4298635721206665,0.6418614387512207,0.521664023399353,0.5263158679008484,0.0025346672628074884,0.04247346520423889,1,5
1199,1.4468988180160522,0.7046260833740234,0.4996039867401123,0.49429988861083984,0.002347430679947138,0.032723717391490936,1,5
1200,1.4264616966247559,0.7540198564529419,0.4763924479484558,0.47047698497772217,0.0022098373156040907,0.027276644483208656,1,5
1201,1.4012161493301392,0.777974009513855,0.4663156270980835,0.4593404531478882,0.001695640035904944,0.02665845677256584,1,5
1202,1.3840763568878174,0.7770147919654846,0.46431875228881836,0.45978131890296936,0.0022293904330581427,0.029898786917328835,1,5
1203,1.367727518081665,0.7566777467727661,0.4729231595993042,0.46922314167022705,0.002290463075041771,0.04145370423793793,1,5
1204,1.3605269193649292,0.7398360371589661,0.48497605323791504,0.4771966338157654,0.002689171116799116,0.040811359882354736,1,5
1205,1.3531289100646973,0.727912425994873,0.496552050113678,0.4829181432723999,0.0028248284943401814,0.03527146205306053,1,5
1206,1.3519408702850342,0.727323591709137,0.5027555227279663,0.4832059144973755,0.0020412220619618893,0.032573241740465164,1,5
1207,1.3468639850616455,0.705548882484436,0.5055245161056519,0.4938448667526245,0.003850943874567747,0.07807543128728867,1,5
1208,1.3615347146987915,0.673020601272583,0.512199342250824,0.5101674795150757,0.004806295037269592,0.07726980000734329,1,5
1209,1.4145145416259766,0.6447408199310303,0.5055295825004578,0.5248005986213684,0.003442099317908287,0.05467958003282547,1,5
1210,1.436333417892456,0.6579848527908325,0.5054340362548828,0.5178995728492737,0.0036674875300377607,0.054213035851716995,1,5
1211,1.4379292726516724,0.6595728397369385,0.4971136450767517,0.517078161239624,0.004200633615255356,0.04540155827999115,1,5
1212,1.4398916959762573,0.6614081263542175,0.49461284279823303,0.5161523818969727,0.0037520881742239,0.04122662916779518,1,5
1213,1.451743245124817,0.6757488250732422,0.4885994493961334,0.5087777376174927,0.0032929163426160812,0.02950911968946457,1,5
1214,1.426300287246704,0.7034202814102173,0.4907277822494507,0.4948909878730774,0.0021989052183926105,0.034194886684417725,1,5
1215,1.3937351703643799,0.7014448046684265,0.4928208887577057,0.49587589502334595,0.003903069766238332,0.06491771340370178,1,5
1216,1.3893423080444336,0.6793975234031677,0.4998089373111725,0.5069326758384705,0.004020309075713158,0.052919816225767136,1,5
1217,1.3964087963104248,0.6773337721824646,0.5069198608398438,0.5079721212387085,0.003493053140118718,0.04821067303419113,1,5
1218,1.3850364685058594,0.6706579923629761,0.5124901533126831,0.5113741159439087,0.0038474227767437696,0.06286944448947906,1,5
1219,1.3893847465515137,0.6809393167495728,0.5150277018547058,0.506144642829895,0.0031261034309864044,0.05278843641281128,1,5
1220,1.377833604812622,0.6546977162361145,0.5146306753158569,0.519601583480835,0.0034571452997624874,0.05097785219550133,1,5
1221,1.4241681098937988,0.7076734304428101,0.505590558052063,0.49279648065567017,0.0015463120071217418,0.024240802973508835,1,5
1222,1.3996820449829102,0.7559717297554016,0.48796430230140686,0.46957075595855713,0.0017213751561939716,0.027458779513835907,1,5
1223,1.383631706237793,0.7654975056648254,0.47379881143569946,0.46510428190231323,0.00243811565451324,0.033623840659856796,1,5
1224,1.378152847290039,0.7545921802520752,0.47254541516304016,0.47020262479782104,0.002191809704527259,0.05539172887802124,1,5
1225,1.3716018199920654,0.7318572998046875,0.4812502861022949,0.4810163080692291,0.002498262794688344,0.05453610047698021,1,5
1226,1.3708343505859375,0.7000654935836792,0.4915532171726227,0.4965534508228302,0.0028557858895510435,0.05463949590921402,1,5
1227,1.382512092590332,0.6725643873214722,0.5014288425445557,0.5104077458381653,0.003526349551975727,0.06408177316188812,1,5
1228,1.4113961458206177,0.6586589813232422,0.5026487112045288,0.5175454616546631,0.0026381569914519787,0.037223849445581436,1,5
1229,1.4072946310043335,0.673145055770874,0.5098519325256348,0.5101032257080078,0.0024322657845914364,0.03008122742176056,1,5
1230,1.3948707580566406,0.6936503648757935,0.507702112197876,0.49975085258483887,0.002021422144025564,0.03344079107046127,1,5
1231,1.3805959224700928,0.7016465663909912,0.5045263767242432,0.4957726001739502,0.003646133467555046,0.04516703262925148,1,5
1232,1.375205159187317,0.6885263919830322,0.505007266998291,0.5023213624954224,0.00335263111628592,0.04819644242525101,1,5
1233,1.3875489234924316,0.6760827302932739,0.5056270360946655,0.5086134672164917,0.0036194100975990295,0.06294936686754227,1,5
1234,1.4001070261001587,0.6733055114746094,0.5064471364021301,0.5100210905075073,0.0029541123658418655,0.044401414692401886,1,5
1235,1.4132750034332275,0.6916226148605347,0.49938032031059265,0.5007636547088623,0.002998493844643235,0.0375627763569355,1,5
1236,1.399653434753418,0.6950870752334595,0.4965657591819763,0.4990330934524536,0.0037787149194628,0.06174258142709732,1,5
1237,1.4077274799346924,0.6939424872398376,0.49139174818992615,0.4996052384376526,0.0029992784839123487,0.04301409050822258,1,5
1238,1.4067785739898682,0.6873308420181274,0.492626816034317,0.5029184818267822,0.003261592937633395,0.035856422036886215,1,5
1239,1.403814673423767,0.684883713722229,0.49670854210853577,0.5041532516479492,0.003630025777965784,0.03887779638171196,1,5
1240,1.4014886617660522,0.6838863492012024,0.5008279085159302,0.5046752691268921,0.0034860929008573294,0.03826644644141197,1,5
1241,1.3976486921310425,0.682561993598938,0.503071665763855,0.5053260326385498,0.0041923513635993,0.05543595179915428,1,5
1242,1.3933086395263672,0.6796758770942688,0.5060092210769653,0.5067854523658752,0.0037022389005869627,0.04746543616056442,1,5
1243,1.388742208480835,0.6527867317199707,0.5089293718338013,0.5205952525138855,0.0035751883406192064,0.042027976363897324,1,5
1244,1.411683440208435,0.6702716946601868,0.511705756187439,0.5115742683410645,0.0031414588447660208,0.041031260043382645,1,5
1245,1.419968843460083,0.6975666880607605,0.49819183349609375,0.4977969527244568,0.002238701330497861,0.022964922711253166,1,5
1246,1.4076752662658691,0.7265424132347107,0.4882856011390686,0.48358041048049927,0.0020827522967010736,0.02752208709716797,1,5
1247,1.3898465633392334,0.7409406900405884,0.48356378078460693,0.4766703248023987,0.0018830912886187434,0.021301833912730217,1,5
1248,1.374610424041748,0.7413501739501953,0.4842168390750885,0.47649696469306946,0.002595413476228714,0.03375387191772461,1,5
1249,1.3617668151855469,0.7312583327293396,0.49102431535720825,0.4813308119773865,0.003016785951331258,0.034060459583997726,1,5
1250,1.354499101638794,0.7144518494606018,0.499850869178772,0.4894621670246124,0.003721385495737195,0.045506320893764496,1,5
1251,1.3575108051300049,0.6979756355285645,0.5077810287475586,0.49759751558303833,0.004456993192434311,0.050634510815143585,1,5
1252,1.3599867820739746,0.6915963888168335,0.5164255499839783,0.5007932186126709,0.0026793833822011948,0.04853732883930206,1,5
1253,1.3729400634765625,0.7148799300193787,0.5101938247680664,0.489255428314209,0.0033817680086940527,0.044167645275592804,1,5
1254,1.3598511219024658,0.6982050538063049,0.5056340098381042,0.4974798560142517,0.005460591055452824,0.1016581580042839,1,5
1255,1.3935487270355225,0.613517165184021,0.5050811767578125,0.541445255279541,0.005337893031537533,0.10948511213064194,1,5
1256,1.5084302425384521,0.6441965103149414,0.49107035994529724,0.5250853300094604,0.0025830308441072702,0.037426210939884186,1,5
1257,1.4756475687026978,0.7002304792404175,0.4833431839942932,0.49647167325019836,0.0028761362191289663,0.05483977496623993,1,5
1258,1.4293830394744873,0.7179132699966431,0.476727694272995,0.4877718985080719,0.0031104921363294125,0.05323793366551399,1,5
1259,1.3986283540725708,0.7170370221138,0.48375314474105835,0.48820066452026367,0.0035073033068329096,0.06210482120513916,1,5
1260,1.3817012310028076,0.7121307849884033,0.4934108853340149,0.49059924483299255,0.0026914174668490887,0.04284896329045296,1,5
1261,1.3716202974319458,0.7005212903022766,0.5001376867294312,0.4963364005088806,0.003962094429880381,0.057918380945920944,1,5
1262,1.3682990074157715,0.6968048214912415,0.5094060301780701,0.498183012008667,0.0031634573824703693,0.041405174881219864,1,5
1263,1.382760763168335,0.7382947206497192,0.5024765729904175,0.4779295325279236,0.00334362406283617,0.053589023649692535,1,5
1264,1.3579187393188477,0.7669965028762817,0.4954214096069336,0.46441060304641724,0.0030696112662553787,0.049519602209329605,1,5
1265,1.3421516418457031,0.7592661380767822,0.4903877377510071,0.46801453828811646,0.004798542242497206,0.07374150305986404,1,5
1266,1.3576257228851318,0.726744532585144,0.4898632764816284,0.48350173234939575,0.004129370674490929,0.09190372377634048,1,5
1267,1.37265944480896,0.7070693969726562,0.4954790472984314,0.49311450123786926,0.004325270187109709,0.07234414666891098,1,5
1268,1.3747787475585938,0.7344017624855042,0.5017243027687073,0.4797958731651306,0.003486897796392441,0.04360479116439819,1,5
1269,1.3467938899993896,0.7706872820854187,0.5028605461120605,0.46270251274108887,0.002818606561049819,0.03601587563753128,1,5
1270,1.3067207336425781,0.766229510307312,0.5071772336959839,0.4647725820541382,0.00470965588465333,0.060607150197029114,1,5
1271,1.2858426570892334,0.7164725065231323,0.521910548210144,0.4884900152683258,0.006801762152463198,0.129182368516922,1,5
1272,1.323583960533142,0.6592504978179932,0.5329996347427368,0.5172713398933411,0.006884302012622356,0.1367579996585846,1,5
1273,1.3997999429702759,0.6152275800704956,0.5298216938972473,0.5405226945877075,0.006364491302520037,0.07510221004486084,1,5
1274,1.4547812938690186,0.6400755643844604,0.5182893872261047,0.5272972583770752,0.005759117659181356,0.0744614526629448,1,5
1275,1.4502968788146973,0.6514993906021118,0.5060079097747803,0.5213894248008728,0.005610362160950899,0.06927397847175598,1,5
1276,1.4688489437103271,0.6411373019218445,0.4878863990306854,0.5267660021781921,0.0059532239101827145,0.08100765943527222,1,5
1277,1.4808013439178467,0.6668213605880737,0.4911351203918457,0.5133403539657593,0.00348202814348042,0.04875495657324791,1,5
1278,1.4519202709197998,0.6936682462692261,0.48422008752822876,0.49974244832992554,0.00376263540238142,0.06149733439087868,1,5
1279,1.4221405982971191,0.7084866762161255,0.48499688506126404,0.49239298701286316,0.002955332398414612,0.03352032229304314,1,5
1280,1.4089957475662231,0.7225018739700317,0.4827894866466522,0.48554906249046326,0.0028706095181405544,0.033416491001844406,1,5
1281,1.3854973316192627,0.7298617362976074,0.48725956678390503,0.48199617862701416,0.0025173183530569077,0.03557000681757927,1,5
1282,1.3687862157821655,0.7299351692199707,0.4933374524116516,0.4819625914096832,0.0029717294964939356,0.03702449053525925,1,5
1283,1.3668992519378662,0.7167200446128845,0.4949289560317993,0.4883829355239868,0.0029312395490705967,0.035927630960941315,1,5
1284,1.3614940643310547,0.7073421478271484,0.5030253529548645,0.493009090423584,0.0033217400778084993,0.04610203951597214,1,5
1285,1.3663407564163208,0.6964414119720459,0.506446897983551,0.4984450042247772,0.004087705165147781,0.04662362486124039,1,5
1286,1.3815491199493408,0.6819708943367004,0.5066897869110107,0.5056610107421875,0.004477958660572767,0.0656549260020256,1,5
1287,1.3920533657073975,0.6753213405609131,0.5088328123092651,0.5090118646621704,0.004225112497806549,0.0536348856985569,1,5
1288,1.398970603942871,0.6789848804473877,0.5072827339172363,0.5071461200714111,0.002992162713780999,0.048281654715538025,1,5
1289,1.4143483638763428,0.6842688918113708,0.49679166078567505,0.5044640898704529,0.004319522064179182,0.06653700768947601,1,5
1290,1.4195656776428223,0.6932111978530884,0.49093449115753174,0.4999701976776123,0.0036650775000452995,0.04119017720222473,1,5
1291,1.4122347831726074,0.7129459381103516,0.4893918037414551,0.4902007579803467,0.0031409384682774544,0.04613346979022026,1,5
1292,1.3986365795135498,0.7146665453910828,0.4866035580635071,0.48936396837234497,0.00405146274715662,0.05342084914445877,1,5
1293,1.4014204740524292,0.7101406455039978,0.48615366220474243,0.49159908294677734,0.004351734649389982,0.03829639032483101,1,5
1294,1.392404317855835,0.6952070593833923,0.492114394903183,0.4990388751029968,0.005074132699519396,0.062480952590703964,1,5
1295,1.4002094268798828,0.6627053022384644,0.4984632730484009,0.515479326248169,0.005355442874133587,0.06968703120946884,1,5
1296,1.4292982816696167,0.6338882446289062,0.4999285042285919,0.5305284261703491,0.006160763092339039,0.06985897570848465,1,5
1297,1.4592409133911133,0.6463879346847534,0.5019957423210144,0.5239436626434326,0.004344132728874683,0.054961979389190674,1,5
1298,1.460050344467163,0.6499408483505249,0.4933013319969177,0.5220807790756226,0.0037400417495518923,0.05219075083732605,1,5
1299,1.4639836549758911,0.6825391054153442,0.48684218525886536,0.5053339004516602,0.003055780427530408,0.04075481742620468,1,5
1300,1.4406319856643677,0.7030736207962036,0.4808635413646698,0.49507027864456177,0.0034591814037412405,0.05537639558315277,1,5
1301,1.4269402027130127,0.7176538109779358,0.47783204913139343,0.4879104793071747,0.00375546095892787,0.06280872970819473,1,5
1302,1.4040899276733398,0.7176588773727417,0.4826837480068207,0.487901508808136,0.003947138320654631,0.05752777308225632,1,5
1303,1.3834425210952759,0.725745439529419,0.4916176497936249,0.483967125415802,0.0036919398698955774,0.03430579975247383,1,5
1304,1.3616430759429932,0.7384747862815857,0.49815207719802856,0.4778444170951843,0.0035421920474618673,0.038228582590818405,1,5
1305,1.3435420989990234,0.7126491665840149,0.5028141736984253,0.49035051465034485,0.00502390693873167,0.04672955721616745,1,5
1306,1.3607871532440186,0.7290676832199097,0.5058879852294922,0.48238199949264526,0.003081896575167775,0.03464660793542862,1,5
1307,1.3373934030532837,0.7438587546348572,0.509791374206543,0.47528716921806335,0.004266723059117794,0.06068244203925133,1,5
1308,1.33125901222229,0.7683067917823792,0.5072656869888306,0.4637979567050934,0.0017022582469508052,0.02293694019317627,1,5
1309,1.310660481452942,0.8023130893707275,0.5039324164390564,0.44829097390174866,0.0017425311962142587,0.022694507613778114,1,5
1310,1.275007963180542,0.8150696754455566,0.5080478191375732,0.4426117241382599,0.002979225479066372,0.038930103182792664,1,5
1311,1.2705774307250977,0.8164482712745667,0.5068353414535522,0.44200026988983154,0.002369420835748315,0.03302987292408943,1,5
1312,1.2372158765792847,0.833957314491272,0.5230984687805176,0.4343278706073761,0.0024816819932311773,0.030710723251104355,1,5
1313,1.2024224996566772,0.8450877666473389,0.534689724445343,0.4295276403427124,0.002950171008706093,0.030541127547621727,1,5
1314,1.2036716938018799,0.765110194683075,0.5295681953430176,0.4653194844722748,0.008312397636473179,0.1397227793931961,1,5
1315,1.258406639099121,0.4427865743637085,0.5567492246627808,0.6423088312149048,0.012523934245109558,0.21853730082511902,1,5
1316,1.7598812580108643,0.437237024307251,0.5519635677337646,0.6458240151405334,0.004062472376972437,0.06109526753425598,1,5
1317,1.727663516998291,0.5590125322341919,0.5136890411376953,0.5717933177947998,0.005912985652685165,0.08507825434207916,1,5
1318,1.5657905340194702,0.615997314453125,0.4972105622291565,0.5401098728179932,0.005675101652741432,0.07487720251083374,1,5
1319,1.508661150932312,0.6488412618637085,0.48702794313430786,0.522671639919281,0.005435277707874775,0.05471503362059593,1,5
1320,1.4624736309051514,0.6608864068984985,0.4912334680557251,0.5164040923118591,0.005452088080346584,0.05412802845239639,1,5
1321,1.4462329149246216,0.6723415851593018,0.49154800176620483,0.5105284452438354,0.005453141406178474,0.05944099277257919,1,5
1322,1.4338566064834595,0.6748992204666138,0.4920860528945923,0.5092267990112305,0.005666982848197222,0.0567316897213459,1,5
1323,1.4434678554534912,0.7236260175704956,0.48477575182914734,0.4849938750267029,0.0031266200821846724,0.040278393775224686,1,5
1324,1.4201463460922241,0.7544604539871216,0.4713149666786194,0.4702741503715515,0.0034258964005857706,0.043379560112953186,1,5
1325,1.413318157196045,0.7598702907562256,0.46139925718307495,0.46773087978363037,0.0033944707829505205,0.04332251846790314,1,5
1326,1.4044828414916992,0.7494627237319946,0.4629179835319519,0.4726267457008362,0.004278052598237991,0.05899697542190552,1,5
1327,1.4037944078445435,0.7384845018386841,0.46880796551704407,0.4778383672237396,0.0025722996797412634,0.03556850180029869,1,5
1328,1.3892894983291626,0.7330335378646851,0.4789533317089081,0.4804518222808838,0.0028578119818121195,0.04652171954512596,1,5
1329,1.3905123472213745,0.7329726219177246,0.48099440336227417,0.48048001527786255,0.0026511165779083967,0.03240708261728287,1,5
1330,1.366979956626892,0.7214733362197876,0.49207091331481934,0.4860401153564453,0.004165696445852518,0.04587559401988983,1,5
1331,1.3648322820663452,0.7112745046615601,0.5000355839729309,0.4910215437412262,0.004297587089240551,0.04520607739686966,1,5
1332,1.3705286979675293,0.6977074146270752,0.5022186636924744,0.4977266192436218,0.004078923258930445,0.06691056489944458,1,5
1333,1.3766250610351562,0.68620765209198,0.507585883140564,0.503483235836029,0.003734351135790348,0.04279760643839836,1,5
1334,1.3822262287139893,0.700505256652832,0.5082697868347168,0.4963368773460388,0.0025590548757463694,0.037644535303115845,1,5
1335,1.3699144124984741,0.7184064388275146,0.5058711767196655,0.48753151297569275,0.0040318844839930534,0.03709660843014717,1,5
1336,1.360314965248108,0.7258870601654053,0.50327467918396,0.4838961958885193,0.0036210082471370697,0.05189977586269379,1,5
1337,1.3406963348388672,0.7194249033927917,0.5095322728157043,0.48703861236572266,0.004633330274373293,0.047931984066963196,1,5
1338,1.3347824811935425,0.7059369087219238,0.5157831907272339,0.4936515688896179,0.006357881706207991,0.07674375921487808,1,5
1339,1.3423388004302979,0.6972202658653259,0.5214759707450867,0.4979783296585083,0.005231412127614021,0.07888956367969513,1,5
1340,1.3444695472717285,0.6710053086280823,0.5270768404006958,0.5112137794494629,0.004850087221711874,0.07562503963708878,1,5
1341,1.3851035833358765,0.6799869537353516,0.5185575485229492,0.5066638588905334,0.0066478983499109745,0.0933249220252037,1,5
1342,1.409010887145996,0.718873143196106,0.5014730095863342,0.4873652458190918,0.0037542262580245733,0.04106457903981209,1,5
1343,1.4001781940460205,0.7391145825386047,0.4846115708351135,0.4775913953781128,0.0050164395943284035,0.06389282643795013,1,5
1344,1.4046024084091187,0.7417149543762207,0.4752206802368164,0.47632309794425964,0.004229102283716202,0.05048544332385063,1,5
1345,1.3944916725158691,0.7135425806045532,0.47699424624443054,0.4899159073829651,0.006710008252412081,0.08177269250154495,1,5
1346,1.4117085933685303,0.6590466499328613,0.4864313006401062,0.5173609256744385,0.005695469677448273,0.07130922377109528,1,5
1347,1.458740234375,0.646000325679779,0.489298939704895,0.5241782069206238,0.005560273304581642,0.06460488587617874,1,5
1348,1.4591121673583984,0.6820338368415833,0.49443256855010986,0.5056490898132324,0.005503645166754723,0.05726436898112297,1,5
1349,1.4306925535202026,0.6991342306137085,0.4892198443412781,0.49707886576652527,0.004513983614742756,0.06801322102546692,1,5
1350,1.4272661209106445,0.6970279216766357,0.4833911955356598,0.4981190264225006,0.005836088210344315,0.06864917278289795,1,5
1351,1.4225382804870605,0.6955341100692749,0.4850417375564575,0.4988905191421509,0.0051398687064647675,0.06303038448095322,1,5
1352,1.4117686748504639,0.6920137405395508,0.4908405542373657,0.5006417036056519,0.005147979129105806,0.06081290543079376,1,5
1353,1.392357587814331,0.6669560670852661,0.5020650625228882,0.5133030414581299,0.005298481322824955,0.07321357727050781,1,5
1354,1.3878499269485474,0.6430264115333557,0.5201734304428101,0.5257536172866821,0.005347306374460459,0.06979314237833023,1,5
1355,1.4072233438491821,0.6643533110618591,0.5217947959899902,0.5146119594573975,0.004618617240339518,0.06722316890954971,1,5
1356,1.4034773111343384,0.7037991285324097,0.5091952085494995,0.49471521377563477,0.005220895633101463,0.06301093101501465,1,5
1357,1.3880081176757812,0.706409215927124,0.49911847710609436,0.49348580837249756,0.00526835024356842,0.08821655809879303,1,5
1358,1.4071569442749023,0.7269224524497986,0.4905186593532562,0.48343488574028015,0.0038705733604729176,0.04138661548495293,1,5
1359,1.3994522094726562,0.7661677002906799,0.48019397258758545,0.46492329239845276,0.003538941266015172,0.06194993108510971,1,5
1360,1.3836605548858643,0.7753610014915466,0.47258585691452026,0.4606303572654724,0.004284253343939781,0.042500730603933334,1,5
1361,1.3742566108703613,0.7700931429862976,0.4704541862010956,0.4630623459815979,0.004515350330621004,0.062304913997650146,1,5
1362,1.360370397567749,0.7177555561065674,0.4829358756542206,0.48792293667793274,0.006201157346367836,0.06363677233457565,1,5
1363,1.4066970348358154,0.6899147033691406,0.48578357696533203,0.5016236305236816,0.004009064752608538,0.053626470267772675,1,5
1364,1.418745756149292,0.710788369178772,0.4895455837249756,0.4912600517272949,0.004504982847720385,0.043554067611694336,1,5
1365,1.391109824180603,0.7172881364822388,0.4916735887527466,0.48813721537590027,0.006301716435700655,0.07548610866069794,1,5
1366,1.4097208976745605,0.6596563458442688,0.4855213165283203,0.5170494318008423,0.006494458299130201,0.10715820640325546,1,5
1367,1.464595079421997,0.6510581374168396,0.48637503385543823,0.5214977264404297,0.004773429129272699,0.05593712627887726,1,5
1368,1.455486536026001,0.6507038474082947,0.4928068220615387,0.5217000246047974,0.006499623414129019,0.07910528033971786,1,5
1369,1.4608265161514282,0.6691720485687256,0.4923386573791504,0.5121328234672546,0.0026436722837388515,0.03697582706809044,1,5
1370,1.4365780353546143,0.7095944285392761,0.488915354013443,0.4918496906757355,0.003026425838470459,0.061003126204013824,1,5
1371,1.396644949913025,0.6874141097068787,0.4904601573944092,0.502881646156311,0.006350535433739424,0.0784299299120903,1,5
1372,1.403604507446289,0.6732826232910156,0.49933096766471863,0.51004558801651,0.005008316598832607,0.06281636655330658,1,5
1373,1.4233856201171875,0.6922450065612793,0.4964311122894287,0.5004667043685913,0.004185992293059826,0.044698845595121384,1,5
1374,1.4065684080123901,0.719575047492981,0.49287039041519165,0.48700422048568726,0.004387919325381517,0.04499742388725281,1,5
1375,1.4031938314437866,0.7161202430725098,0.48143863677978516,0.48868536949157715,0.004277406260371208,0.04481939226388931,1,5
1376,1.4060330390930176,0.6996251344680786,0.48241516947746277,0.49677741527557373,0.004441286902874708,0.041689999401569366,1,5
1377,1.4188467264175415,0.6933530569076538,0.4841998219490051,0.499919593334198,0.003969126380980015,0.04435644671320915,1,5
1378,1.428544044494629,0.7003563642501831,0.48259297013282776,0.49641621112823486,0.0029224909376353025,0.03722754120826721,1,5
1379,1.4117558002471924,0.7197408080101013,0.48603466153144836,0.4868801534175873,0.0037320738192647696,0.04041619971394539,1,5
1380,1.3999971151351929,0.7046700119972229,0.48321741819381714,0.4942891001701355,0.0067532421089708805,0.08663314580917358,1,5
1381,1.4121336936950684,0.6963446140289307,0.4888336956501007,0.49841970205307007,0.005028499290347099,0.09773444384336472,1,5
1382,1.3950608968734741,0.6628144383430481,0.5030799508094788,0.5154434442520142,0.007014910224825144,0.08768703788518906,1,5
1383,1.3970810174942017,0.6330046057701111,0.5203026533126831,0.5310013294219971,0.006953106727451086,0.09112776815891266,1,5
1384,1.389700174331665,0.5803923606872559,0.541284441947937,0.5596816539764404,0.007736077066510916,0.14587275683879852,1,5
1385,1.4384018182754517,0.6114728450775146,0.5543417930603027,0.5425572395324707,0.004254503641277552,0.07381604611873627,1,5
1386,1.444669246673584,0.7116973400115967,0.5217984914779663,0.4908111095428467,0.003329618601128459,0.06363063305616379,1,5
1387,1.3906173706054688,0.7845180034637451,0.49158135056495667,0.4563411474227905,0.0035545220598578453,0.08935558050870895,1,5
1388,1.373108983039856,0.7893998622894287,0.46922141313552856,0.4541186988353729,0.0038942983373999596,0.055616751313209534,1,5
1389,1.367598533630371,0.786748468875885,0.46943041682243347,0.4553242027759552,0.0030535811092704535,0.04096657782793045,1,5
1390,1.3412443399429321,0.770723819732666,0.4818308651447296,0.4626883268356323,0.002682569669559598,0.05118145793676376,1,5
1391,1.3179755210876465,0.7572766542434692,0.4999997913837433,0.46895188093185425,0.003046319354325533,0.06186240538954735,1,5
1392,1.304692029953003,0.7244287133216858,0.5138723850250244,0.48460301756858826,0.004512482322752476,0.10424166172742844,1,5
1393,1.3258345127105713,0.7352621555328369,0.5207538604736328,0.4793807864189148,0.004179405048489571,0.06479127705097198,1,5
1394,1.311584234237671,0.656844437122345,0.5223800539970398,0.518486499786377,0.007593370042741299,0.10412785410881042,1,5
1395,1.4132354259490967,0.6406955122947693,0.5186219215393066,0.5269272327423096,0.006208718754351139,0.08580592274665833,1,5
1396,1.4332531690597534,0.6271595358848572,0.5134062767028809,0.5341503620147705,0.007307865656912327,0.0857166200876236,1,5
1397,1.440173864364624,0.6524910926818848,0.5198348760604858,0.520761251449585,0.005173573270440102,0.08571240305900574,1,5
1398,1.395845890045166,0.6642240881919861,0.5228801965713501,0.5146801471710205,0.00674468232318759,0.09628167003393173,1,5
1399,1.3697834014892578,0.599312961101532,0.5342901945114136,0.5491944551467896,0.006432076450437307,0.10632415115833282,1,5
1400,1.4268798828125,0.6173865795135498,0.545183002948761,0.539379358291626,0.004198744893074036,0.0653504878282547,1,5
1401,1.4378846883773804,0.6970176696777344,0.5216140151023865,0.4980705678462982,0.00372166745364666,0.06441058963537216,1,5
1402,1.4087474346160889,0.7631700038909912,0.49004262685775757,0.4661880135536194,0.004179544281214476,0.04381899908185005,1,5
1403,1.3920789957046509,0.794063925743103,0.46730905771255493,0.45200568437576294,0.0025106172543019056,0.039626315236091614,1,5
1404,1.3519794940948486,0.7658852338790894,0.47395795583724976,0.46492502093315125,0.005585851613432169,0.08507849276065826,1,5
1405,1.369218349456787,0.7407937049865723,0.48090660572052,0.47673818469047546,0.0035167615860700607,0.052202992141246796,1,5
1406,1.3416606187820435,0.7233187556266785,0.5024091005325317,0.48514342308044434,0.004653103183954954,0.10109972208738327,1,5
1407,1.3570871353149414,0.7008965611457825,0.5070449113845825,0.49620190262794495,0.005241334438323975,0.07680907100439072,1,5
1408,1.3626070022583008,0.6593477725982666,0.5144851207733154,0.5172604322433472,0.006535178981721401,0.09636633843183517,1,5
1409,1.406639575958252,0.6145321726799011,0.5161572694778442,0.54093337059021,0.009819519706070423,0.08784188330173492,1,5
1410,1.4823386669158936,0.6086740493774414,0.5091520547866821,0.5440901517868042,0.007430492900311947,0.10185287892818451,1,5
1411,1.5074739456176758,0.6436880826950073,0.4975159466266632,0.5253705978393555,0.0056626745499670506,0.06967783719301224,1,5
1412,1.4951353073120117,0.6649316549301147,0.47944948077201843,0.5143336653709412,0.005739754065871239,0.08357598632574081,1,5
1413,1.4680900573730469,0.6837847232818604,0.47971397638320923,0.5047196745872498,0.005478810518980026,0.06406798213720322,1,5
1414,1.4330322742462158,0.6922622919082642,0.4854033589363098,0.5004514455795288,0.004837861284613609,0.05441126972436905,1,5
1415,1.4032633304595947,0.6913569569587708,0.49627989530563354,0.5009034276008606,0.006061165127903223,0.06294302642345428,1,5
1416,1.371178150177002,0.6748367547988892,0.5134214758872986,0.5092548131942749,0.004879890475422144,0.04384942725300789,1,5
1417,1.3821892738342285,0.6818773150444031,0.5147812366485596,0.5057124495506287,0.005909025203436613,0.07441670447587967,1,5
1418,1.391906499862671,0.713191032409668,0.5100716352462769,0.49008700251579285,0.004352241288870573,0.04116230085492134,1,5
1419,1.3948036432266235,0.7543396949768066,0.4887731671333313,0.4703344702720642,0.0033419618848711252,0.03844371438026428,1,5
1420,1.3825862407684326,0.7802281975746155,0.47599685192108154,0.45830637216567993,0.004331666976213455,0.044725630432367325,1,5
1421,1.3756275177001953,0.7772586941719055,0.46913331747055054,0.45966851711273193,0.004439565818756819,0.04424151033163071,1,5
1422,1.3655658960342407,0.7615488767623901,0.4748166501522064,0.4669439196586609,0.0044022914953529835,0.04606636241078377,1,5
1423,1.368940830230713,0.7499823570251465,0.4796667993068695,0.4723758101463318,0.0033789670560508966,0.04088915139436722,1,5
1424,1.3536474704742432,0.743398904800415,0.49156415462493896,0.47549551725387573,0.003676906693726778,0.04750115051865578,1,5
1425,1.3460707664489746,0.7216281890869141,0.49958229064941406,0.4859630763530731,0.0036635599099099636,0.05393663048744202,1,5
1426,1.3488785028457642,0.6731553077697754,0.5086314678192139,0.510111927986145,0.0070407455787062645,0.09283185005187988,1,5
1427,1.410142421722412,0.6209689378738403,0.5092744827270508,0.537459135055542,0.004410919733345509,0.058841146528720856,1,5
1428,1.4376013278961182,0.6377639770507812,0.5175837278366089,0.5284794569015503,0.0041947318241000175,0.0624561533331871,1,5
1429,1.426884412765503,0.661581814289093,0.5136404037475586,0.5160371661186218,0.004627985414117575,0.07076369971036911,1,5
1430,1.4095991849899292,0.6994571685791016,0.5092217922210693,0.4968659281730652,0.004500700160861015,0.0447065606713295,1,5
1431,1.3907939195632935,0.7149208784103394,0.49838683009147644,0.48924046754837036,0.00645622331649065,0.09183503687381744,1,5
1432,1.3737601041793823,0.7049753069877625,0.5018807053565979,0.49413686990737915,0.005921951960772276,0.09353678673505783,1,5
1433,1.3739018440246582,0.7020938396453857,0.505852222442627,0.4955610930919647,0.005493069067597389,0.06439942866563797,1,5
1434,1.3665452003479004,0.6798045635223389,0.5114935636520386,0.5067410469055176,0.00547963147982955,0.06837651878595352,1,5
1435,1.3854742050170898,0.6979315280914307,0.5134620666503906,0.49764448404312134,0.004035036079585552,0.05470868572592735,1,5
1436,1.384761929512024,0.7335153818130493,0.5011777877807617,0.4802650809288025,0.0050330557860434055,0.060975782573223114,1,5
1437,1.3764450550079346,0.7536129951477051,0.4909827709197998,0.47067099809646606,0.003554483177140355,0.05356376990675926,1,5
1438,1.3745856285095215,0.7403175830841064,0.48171377182006836,0.4770470857620239,0.0064376662485301495,0.05902959778904915,1,5
1439,1.3745136260986328,0.673964262008667,0.4876822829246521,0.5097503066062927,0.006420017220079899,0.10999240726232529,1,5
1440,1.4270573854446411,0.6679044961929321,0.49939560890197754,0.5127913951873779,0.004860884975641966,0.05566712096333504,1,5
1441,1.414588212966919,0.6877279281616211,0.502807080745697,0.502739429473877,0.005491341929882765,0.05628965049982071,1,5
1442,1.4034745693206787,0.6399355530738831,0.49973443150520325,0.5273573994636536,0.009923753328621387,0.12451287358999252,1,5
1443,1.460154414176941,0.6179300546646118,0.5054296255111694,0.5390770435333252,0.006422720849514008,0.07174219936132431,1,5
1444,1.4616317749023438,0.6374033093452454,0.50762939453125,0.5286760330200195,0.005474475212395191,0.055237773805856705,1,5
1445,1.4393978118896484,0.6561242341995239,0.5077096223831177,0.5188658833503723,0.006746199447661638,0.05116415023803711,1,5
1446,1.4294042587280273,0.6930018663406372,0.500806450843811,0.5000772476196289,0.004204372875392437,0.04100625216960907,1,5
1447,1.4143495559692383,0.7013607025146484,0.48917263746261597,0.49596211314201355,0.0050927214324474335,0.041477471590042114,1,5
1448,1.4137887954711914,0.7055143117904663,0.4843742847442627,0.4939178228378296,0.00376523076556623,0.035874009132385254,1,5
1449,1.4083583354949951,0.7170115113258362,0.4854159951210022,0.48824623227119446,0.00435849092900753,0.042766738682985306,1,5
1450,1.4053854942321777,0.7214357852935791,0.4833146929740906,0.48608115315437317,0.00494421785697341,0.03553798794746399,1,5
1451,1.4052574634552002,0.7312894463539124,0.47979360818862915,0.48129528760910034,0.003553334390744567,0.03516054153442383,1,5
1452,1.404563546180725,0.7365294694900513,0.4754876494407654,0.4787733554840088,0.0030175005085766315,0.031706005334854126,1,5
1453,1.3883206844329834,0.7371360063552856,0.48053330183029175,0.47848474979400635,0.003951866179704666,0.039332132786512375,1,5
1454,1.3778762817382812,0.7109902501106262,0.4851980209350586,0.49116450548171997,0.006170311011373997,0.05334652215242386,1,5
1455,1.3901485204696655,0.6798596978187561,0.4952687621116638,0.5066924095153809,0.004176585003733635,0.0525217168033123,1,5
1456,1.4032948017120361,0.6568540930747986,0.5019807815551758,0.5184814929962158,0.004676570650190115,0.05312928557395935,1,5
1457,1.4163200855255127,0.6473821401596069,0.5083911418914795,0.5234300494194031,0.0052675530314445496,0.06376839429140091,1,5
1458,1.4327936172485352,0.6591237187385559,0.5047670006752014,0.5173212289810181,0.004939003847539425,0.0427369624376297,1,5
1459,1.4342577457427979,0.6728436946868896,0.4975237250328064,0.510367751121521,0.00448156101629138,0.037383783608675,1,5
1460,1.4307689666748047,0.6845380663871765,0.4907666742801666,0.5044428110122681,0.004689148161560297,0.03729889914393425,1,5
1461,1.4290674924850464,0.7021417617797852,0.4864689111709595,0.4955589175224304,0.00438968650996685,0.041974879801273346,1,5
1462,1.413594126701355,0.708430290222168,0.4854639172554016,0.4924207925796509,0.0037987891118973494,0.04611089080572128,1,5
1463,1.4014254808425903,0.7212674617767334,0.48756396770477295,0.4861384630203247,0.004751627799123526,0.05659767612814903,1,5
1464,1.3983476161956787,0.7293301820755005,0.4831506609916687,0.4822353720664978,0.004223574884235859,0.05697842314839363,1,5
1465,1.386380910873413,0.7256881594657898,0.4859018921852112,0.4839940071105957,0.0037015413399785757,0.04719184711575508,1,5
1466,1.381897211074829,0.7052933573722839,0.4895097017288208,0.49396950006484985,0.004661597311496735,0.0593632310628891,1,5
1467,1.3815052509307861,0.7060568332672119,0.4991454482078552,0.4935958981513977,0.004200019873678684,0.04751548916101456,1,5
1468,1.3860785961151123,0.7125228643417358,0.4957044720649719,0.4904248118400574,0.00503933010622859,0.055376458913087845,1,5
1469,1.3821059465408325,0.7111983895301819,0.4960383474826813,0.4910971522331238,0.004164477344602346,0.04263950139284134,1,5
1470,1.374115228652954,0.7083030939102173,0.49937331676483154,0.4925103187561035,0.0041451542638242245,0.046830449253320694,1,5
1471,1.3789087533950806,0.6972668170928955,0.49919700622558594,0.49795451760292053,0.0048732818104326725,0.0539245530962944,1,5
1472,1.3935658931732178,0.7043449878692627,0.49773338437080383,0.4944504201412201,0.003608224680647254,0.04079681262373924,1,5
1473,1.3886713981628418,0.7115837931632996,0.4961293041706085,0.490885853767395,0.00404477259144187,0.048172399401664734,1,5
1474,1.3922523260116577,0.7025244235992432,0.49161815643310547,0.4953422248363495,0.0039756144396960735,0.056048959493637085,1,5
1475,1.388890027999878,0.7051588892936707,0.4984065294265747,0.4940359592437744,0.004174340050667524,0.04299246147274971,1,5
1476,1.3865745067596436,0.703410267829895,0.49715185165405273,0.49490824341773987,0.0066973548382520676,0.10883721709251404,1,5
1477,1.3930668830871582,0.6986310482025146,0.4957212209701538,0.49727728962898254,0.0045626405626535416,0.051584143191576004,1,5
1478,1.390758991241455,0.7174252271652222,0.49780577421188354,0.4880144000053406,0.004258309490978718,0.05627664551138878,1,5
1479,1.3587689399719238,0.7238235473632812,0.5044430494308472,0.48490166664123535,0.005241779610514641,0.06979145854711533,1,5
1480,1.347730040550232,0.7247742414474487,0.5073381662368774,0.484449565410614,0.005933541804552078,0.08962728083133698,1,5
1481,1.3231501579284668,0.7087433338165283,0.5203027725219727,0.4922734797000885,0.006825807970017195,0.07327477633953094,1,5
1482,1.343289852142334,0.6915298104286194,0.5223990678787231,0.5008513927459717,0.0065351990051567554,0.05531847104430199,1,5
1483,1.3595331907272339,0.7250077128410339,0.5181827545166016,0.4843714237213135,0.003605013247579336,0.03963976353406906,1,5
1484,1.3446118831634521,0.7590464353561401,0.5087026357650757,0.46813327074050903,0.0047884732484817505,0.04749998450279236,1,5
1485,1.3366005420684814,0.7706267833709717,0.49829643964767456,0.46273648738861084,0.004879030864685774,0.0543162077665329,1,5
1486,1.3414851427078247,0.7480279207229614,0.49265944957733154,0.4733365774154663,0.006571721285581589,0.07399953901767731,1,5
1487,1.3660717010498047,0.7239285111427307,0.492478609085083,0.48486804962158203,0.005550905130803585,0.06248801574110985,1,5
1488,1.384605884552002,0.7102413773536682,0.49196547269821167,0.49161940813064575,0.007829194888472557,0.07465357333421707,1,5
1489,1.3980733156204224,0.694056510925293,0.49323606491088867,0.49956214427948,0.0057770563289523125,0.06843297928571701,1,5
1490,1.4133336544036865,0.6804159283638,0.4919181168079376,0.5064489841461182,0.006877994164824486,0.07805798947811127,1,5
1491,1.441627025604248,0.6408543586730957,0.4871996343135834,0.5271189212799072,0.009508710354566574,0.07996966689825058,1,5
1492,1.5028959512710571,0.6411327123641968,0.4819551706314087,0.5268491506576538,0.006097189150750637,0.055423978716135025,1,5
1493,1.4925649166107178,0.6655124425888062,0.48195141553878784,0.5141021013259888,0.0058479830622673035,0.06454506516456604,1,5
1494,1.452078938484192,0.6781779527664185,0.4848392903804779,0.5076078176498413,0.006994994357228279,0.058608174324035645,1,5
1495,1.4204623699188232,0.6707308292388916,0.49641743302345276,0.511355996131897,0.00658935634419322,0.05781010538339615,1,5
1496,1.4088518619537354,0.6570219993591309,0.5055233240127563,0.5184659957885742,0.007513266522437334,0.08181192725896835,1,5
1497,1.418832540512085,0.6640853881835938,0.5100202560424805,0.514767050743103,0.0056833610869944096,0.06474154442548752,1,5
1498,1.4258627891540527,0.6976182460784912,0.5006856918334961,0.4977952837944031,0.004202833864837885,0.05059611424803734,1,5
1499,1.4149882793426514,0.7296501994132996,0.4868520498275757,0.48210543394088745,0.005090699065476656,0.053684085607528687,1,5
1500,1.4065009355545044,0.7572450637817383,0.47723808884620667,0.46895772218704224,0.0029093807097524405,0.033133912831544876,1,5
1501,1.3819457292556763,0.7768853306770325,0.47417622804641724,0.45983994007110596,0.002726577688008547,0.033990029245615005,1,5
1502,1.3607633113861084,0.7713667154312134,0.47638100385665894,0.46241849660873413,0.004759536124765873,0.039354052394628525,1,5
1503,1.3355343341827393,0.7517380714416504,0.49297085404396057,0.4716237783432007,0.003933802712708712,0.04746796935796738,1,5
1504,1.3147398233413696,0.7341428995132446,0.512564480304718,0.48000603914260864,0.006901368964463472,0.07036781311035156,1,5
1505,1.3225703239440918,0.7089147567749023,0.518965482711792,0.49219197034835815,0.006347952410578728,0.06993541866540909,1,5
1506,1.3399016857147217,0.6909931898117065,0.522842526435852,0.5011007785797119,0.007609636522829533,0.09341201931238174,1,5
1507,1.3606454133987427,0.7009875178337097,0.5219516754150391,0.49609774351119995,0.006581758614629507,0.10390061885118484,1,5
1508,1.3540990352630615,0.6982100009918213,0.5201961398124695,0.4975314736366272,0.008860745467245579,0.09613901376724243,1,5
1509,1.3717248439788818,0.6816287040710449,0.5141234397888184,0.5059229135513306,0.007645259145647287,0.07527761906385422,1,5
1510,1.3991421461105347,0.6641875505447388,0.5076723098754883,0.5147035121917725,0.006083139684051275,0.07841770350933075,1,5
1511,1.4182331562042236,0.6788971424102783,0.5072346329689026,0.5071958899497986,0.005169237032532692,0.05505695566534996,1,5
1512,1.4185404777526855,0.6991354823112488,0.49733370542526245,0.49704742431640625,0.005742127541452646,0.05477571114897728,1,5
1513,1.3875012397766113,0.7159218192100525,0.5020730495452881,0.488788902759552,0.006678229663521051,0.05805888772010803,1,5
1514,1.3476967811584473,0.7206870317459106,0.5140153169631958,0.4864988923072815,0.005582098849117756,0.07171817868947983,1,5
1515,1.3217720985412598,0.6843403577804565,0.526414155960083,0.5046418309211731,0.009080645628273487,0.0894814059138298,1,5
1516,1.347151756286621,0.6175710558891296,0.5391626358032227,0.5395258069038391,0.008685893379151821,0.09960426390171051,1,5
1517,1.4317001104354858,0.6464024782180786,0.5310055017471313,0.5240179300308228,0.00469835102558136,0.04707146808505058,1,5
1518,1.445145845413208,0.7513939142227173,0.49860677123069763,0.47177308797836304,0.004289920907467604,0.04817735031247139,1,5
1519,1.4159770011901855,0.7952712774276733,0.4628632962703705,0.4514739513397217,0.005561022087931633,0.04561251774430275,1,5
1520,1.388660192489624,0.7623553276062012,0.45785969495773315,0.466599702835083,0.0057622832246124744,0.06128932535648346,1,5
1521,1.3803898096084595,0.7095510959625244,0.4770452380180359,0.49187159538269043,0.004732213914394379,0.049825187772512436,1,5
1522,1.3910855054855347,0.7050562500953674,0.4930099844932556,0.49409255385398865,0.004983906634151936,0.0510898195207119,1,5
1523,1.3716022968292236,0.713861346244812,0.5053455829620361,0.489754855632782,0.005168664734810591,0.04841015115380287,1,5
1524,1.3594520092010498,0.7301551103591919,0.5071461200714111,0.48188045620918274,0.006325652822852135,0.06180884689092636,1,5
1525,1.3401983976364136,0.712152898311615,0.5111328959465027,0.4906107187271118,0.006452501285821199,0.07353777438402176,1,5
1526,1.3628721237182617,0.7129111886024475,0.5088458061218262,0.49023324251174927,0.0047646923922002316,0.05506659671664238,1,5
1527,1.3486701250076294,0.7057417631149292,0.5139879584312439,0.4937562346458435,0.007802765350788832,0.07579430192708969,1,5
1528,1.354861855506897,0.7134765982627869,0.5200464725494385,0.4899483919143677,0.004247269127517939,0.053590502589941025,1,5
1529,1.3225386142730713,0.7369524240493774,0.5258097648620605,0.4786825180053711,0.005987456534057856,0.07547450810670853,1,5
1530,1.3169277906417847,0.7301727533340454,0.5183972120285034,0.4819154739379883,0.00717345904558897,0.08774270117282867,1,5
1531,1.3194568157196045,0.7261201739311218,0.523439884185791,0.48380613327026367,0.006448117084801197,0.09206834435462952,1,5
1532,1.337571382522583,0.6886913180351257,0.5169728994369507,0.5022466778755188,0.006794185843318701,0.08891643583774567,1,5
1533,1.387163519859314,0.6482939720153809,0.5116543769836426,0.5229416489601135,0.006324028130620718,0.1063678041100502,1,5
1534,1.4295039176940918,0.6618974208831787,0.5117243528366089,0.5158940553665161,0.0078829824924469,0.09873021394014359,1,5
1535,1.455216884613037,0.6663976311683655,0.4922875463962555,0.5135674476623535,0.008614766411483288,0.11998351663351059,1,5
1536,1.5121673345565796,0.6633265614509583,0.4649953246116638,0.5151469111442566,0.007801977917551994,0.10208816081285477,1,5
1537,1.5412282943725586,0.6791541576385498,0.4490174949169159,0.5070691108703613,0.006856663152575493,0.09634769707918167,1,5
1538,1.5319368839263916,0.6962061524391174,0.44517678022384644,0.49847906827926636,0.006539010442793369,0.08414821326732635,1,5
1539,1.4951860904693604,0.7019522190093994,0.4524298906326294,0.4956204295158386,0.006828638259321451,0.08615220338106155,1,5
1540,1.4762179851531982,0.6689890623092651,0.45925062894821167,0.5122919082641602,0.0068501015193760395,0.10422298312187195,1,5
1541,1.4763725996017456,0.6673356294631958,0.4756423234939575,0.5131675004959106,0.007380221504718065,0.10304798185825348,1,5
1542,1.4652526378631592,0.6845500469207764,0.4794420003890991,0.5044007897377014,0.008116871118545532,0.06852778047323227,1,5
1543,1.4512042999267578,0.698081374168396,0.4799730181694031,0.49756351113319397,0.005373567342758179,0.07495389133691788,1,5
1544,1.4277968406677246,0.6751143932342529,0.48336100578308105,0.5091098546981812,0.006787891034036875,0.1292557567358017,1,5
1545,1.4487040042877197,0.6641111969947815,0.486932635307312,0.5147366523742676,0.006564403884112835,0.10160589218139648,1,5
1546,1.4562616348266602,0.6658884286880493,0.4879471957683563,0.5138378143310547,0.005398851353675127,0.06473534554243088,1,5
1547,1.4620280265808105,0.7005658149719238,0.48104947805404663,0.4963075518608093,0.004193988163024187,0.05559743195772171,1,5
1548,1.4334936141967773,0.7200074195861816,0.4770864248275757,0.4867524802684784,0.0040823607705533504,0.06556693464517593,1,5
1549,1.4190564155578613,0.7196348905563354,0.47439026832580566,0.48693352937698364,0.005101790651679039,0.07289557158946991,1,5
1550,1.404707431793213,0.710317075252533,0.4814678430557251,0.4914911985397339,0.003743035951629281,0.06446211785078049,1,5
1551,1.3827821016311646,0.7085707187652588,0.4958469271659851,0.49234893918037415,0.005128724500536919,0.06234265863895416,1,5
1552,1.3714680671691895,0.7040420174598694,0.5030792951583862,0.49458667635917664,0.0042360927909612656,0.047387655824422836,1,5
1553,1.3517704010009766,0.7071111798286438,0.5156299471855164,0.49307334423065186,0.005653849337249994,0.06227950379252434,1,5
1554,1.3384242057800293,0.7083864212036133,0.5221347212791443,0.4924537241458893,0.005835291929543018,0.07811449468135834,1,5
1555,1.3332040309906006,0.698183536529541,0.52466881275177,0.4975018799304962,0.006170003674924374,0.09307027608156204,1,5
1556,1.3366090059280396,0.6559431552886963,0.530289888381958,0.5190167427062988,0.006221303716301918,0.10638681799173355,1,5
1557,1.3965855836868286,0.6921218633651733,0.5209827423095703,0.5005375742912292,0.004552118014544249,0.06902911514043808,1,5
1558,1.3889071941375732,0.7211171388626099,0.5040868520736694,0.48622971773147583,0.0072975256480276585,0.08278851211071014,1,5
1559,1.395103931427002,0.7195336818695068,0.4895232021808624,0.48700016736984253,0.006494435947388411,0.08582916855812073,1,5
1560,1.3907361030578613,0.7123597264289856,0.4917052388191223,0.49052149057388306,0.005787207745015621,0.06805682927370071,1,5
1561,1.3884146213531494,0.6989079713821411,0.49466267228126526,0.4971460998058319,0.007085759658366442,0.07800981402397156,1,5
1562,1.401092290878296,0.692369818687439,0.49723267555236816,0.5003941059112549,0.004886704031378031,0.04926715046167374,1,5
1563,1.3878880739212036,0.7132728099822998,0.5030083060264587,0.49004024267196655,0.004645536653697491,0.05398087203502655,1,5
1564,1.3860421180725098,0.7059532403945923,0.4944833517074585,0.49366164207458496,0.004671786446124315,0.07376189529895782,1,5
1565,1.380361795425415,0.7034916281700134,0.5006201267242432,0.49487924575805664,0.005034744273871183,0.08579596132040024,1,5
1566,1.3775599002838135,0.692534327507019,0.5053473114967346,0.5003108978271484,0.005933714099228382,0.0673300251364708,1,5
1567,1.389878273010254,0.6783624291419983,0.5039769411087036,0.5074806213378906,0.006463102530688047,0.09280341118574142,1,5
1568,1.4003456830978394,0.6694821715354919,0.5088036060333252,0.5120251774787903,0.006443117279559374,0.06876277923583984,1,5
1569,1.3979322910308838,0.6746222972869873,0.510047435760498,0.5093644857406616,0.006833208724856377,0.06851937621831894,1,5
1570,1.3863577842712402,0.7000820636749268,0.516834020614624,0.4965493083000183,0.004462549462914467,0.05334393307566643,1,5
1571,1.3538707494735718,0.7241921424865723,0.5158119201660156,0.48472583293914795,0.006157644558697939,0.09829497337341309,1,5
1572,1.331720232963562,0.6948422193527222,0.5186511278152466,0.4991764724254608,0.006787968799471855,0.09822492301464081,1,5
1573,1.3339488506317139,0.6559007167816162,0.5353442430496216,0.5189923644065857,0.006491456646472216,0.0905030220746994,1,5
1574,1.3520758152008057,0.6777658462524414,0.5467332005500793,0.5077569484710693,0.005213971249759197,0.07870861142873764,1,5
1575,1.3335171937942505,0.7117940783500671,0.5411966443061829,0.4907676875591278,0.008238144218921661,0.1578540802001953,1,5
1576,1.3458592891693115,0.7576978802680969,0.5222182869911194,0.4687495827674866,0.005891531705856323,0.07423665374517441,1,5
1577,1.3515465259552002,0.851456344127655,0.49167400598526,0.4267948567867279,0.0024129340890794992,0.03710794821381569,1,5
1578,1.3090730905532837,0.8918043375015259,0.47264522314071655,0.4099189341068268,0.0030781524255871773,0.04120776802301407,1,5
1579,1.2752015590667725,0.8635172843933105,0.4751802086830139,0.42169350385665894,0.00535367988049984,0.08729187399148941,1,5
1580,1.2655858993530273,0.789756178855896,0.4915631115436554,0.45397698879241943,0.006345417350530624,0.07286074757575989,1,5
1581,1.2659802436828613,0.7236127853393555,0.5218658447265625,0.48504918813705444,0.006957666482776403,0.0988973081111908,1,5
1582,1.2796168327331543,0.6279466152191162,0.5497856140136719,0.5337320566177368,0.013167856261134148,0.1875932365655899,1,5
1583,1.4295529127120972,0.5711568593978882,0.5439898371696472,0.564882218837738,0.007483381312340498,0.1254471242427826,1,5
1584,1.509044885635376,0.6189839839935303,0.5239393711090088,0.5385054349899292,0.008004650473594666,0.08992242813110352,1,5
1585,1.5186727046966553,0.6935704350471497,0.48252367973327637,0.499870240688324,0.006417723372578621,0.08416922390460968,1,5
1586,1.4470309019088745,0.7201839089393616,0.4764133393764496,0.48677366971969604,0.010429988615214825,0.12452244758605957,1,5
1587,1.397101879119873,0.6587958335876465,0.48920053243637085,0.51750648021698,0.009110160171985626,0.2072027623653412,1,5
1588,1.45556640625,0.5906795859336853,0.5047531127929688,0.5539824962615967,0.005942267365753651,0.07022503763437271,1,5
1589,1.5169413089752197,0.6502723693847656,0.49790629744529724,0.521945059299469,0.005205034278333187,0.089930459856987,1,5
1590,1.4853471517562866,0.7282660007476807,0.47880780696868896,0.48276442289352417,0.004728267434984446,0.09406822174787521,1,5
1591,1.4353764057159424,0.7795207500457764,0.4632512629032135,0.45864129066467285,0.005285690072923899,0.09253626316785812,1,5
1592,1.3919610977172852,0.7834867238998413,0.4631217122077942,0.45682835578918457,0.004678910132497549,0.05613994970917702,1,5
1593,1.3503873348236084,0.7575385570526123,0.4806290566921234,0.46885284781455994,0.008417150005698204,0.2163170427083969,1,5
1594,1.3364272117614746,0.7095202207565308,0.5057744979858398,0.4919049143791199,0.006546964403241873,0.09693876653909683,1,5
1595,1.359412670135498,0.6895066499710083,0.5129330158233643,0.5018494725227356,0.005173106677830219,0.07852327078580856,1,5
1596,1.3647890090942383,0.7275609970092773,0.5161164999008179,0.48310744762420654,0.0048230718821287155,0.06373772770166397,1,5
1597,1.3716009855270386,0.7643229961395264,0.4951665997505188,0.4656507670879364,0.005394065752625465,0.08056967705488205,1,5
1598,1.3443889617919922,0.7793349027633667,0.4934166371822357,0.45871686935424805,0.00499186385422945,0.08140521496534348,1,5
1599,1.353995680809021,0.7570096254348755,0.483221173286438,0.46907955408096313,0.005614057183265686,0.08292654156684875,1,5
1600,1.3724257946014404,0.7186214923858643,0.4848118722438812,0.487457811832428,0.006897845771163702,0.10952128469944,1,5
1601,1.371443748474121,0.7085577249526978,0.5065979361534119,0.4923745393753052,0.008951611816883087,0.1637522429227829,1,5
1602,1.3776237964630127,0.6520460844039917,0.5167748928070068,0.5209857821464539,0.006002211011946201,0.08891453593969345,1,5
1603,1.3918423652648926,0.6982546448707581,0.5274419188499451,0.49746203422546387,0.009660688228905201,0.17331895232200623,1,5
1604,1.351698875427246,0.6684536933898926,0.528693675994873,0.5125300884246826,0.00907530914992094,0.14945320785045624,1,5
1605,1.39678955078125,0.6664674878120422,0.5212455987930298,0.5135339498519897,0.008410962298512459,0.11997710913419724,1,5
1606,1.3855822086334229,0.6713452339172363,0.523564338684082,0.511047899723053,0.00939654279500246,0.1298861801624298,1,5
1607,1.366379737854004,0.6833309531211853,0.5321089625358582,0.5049422383308411,0.011350223794579506,0.14457084238529205,1,5
1608,1.355639934539795,0.7060307264328003,0.532203197479248,0.49375414848327637,0.009534119628369808,0.10120055079460144,1,5
1609,1.3564306497573853,0.7063694596290588,0.5208351612091064,0.49345284700393677,0.010721680708229542,0.13960367441177368,1,5
1610,1.3832594156265259,0.6839702129364014,0.5082308053970337,0.5046138167381287,0.00556880934163928,0.08107752352952957,1,5
1611,1.4169285297393799,0.7639422416687012,0.4946499764919281,0.4658506512641907,0.005894462577998638,0.07627654820680618,1,5
1612,1.3857144117355347,0.8337061405181885,0.47279053926467896,0.43444013595581055,0.005672405939549208,0.07257040590047836,1,5
1613,1.354503870010376,0.8169796466827393,0.45953404903411865,0.4417881369590759,0.007536094170063734,0.15307004749774933,1,5
1614,1.361865520477295,0.7506643533706665,0.46830326318740845,0.47206389904022217,0.007196671795099974,0.13155242800712585,1,5
1615,1.376969337463379,0.7100774645805359,0.4865536689758301,0.4916202425956726,0.0077737062238156796,0.09272370487451553,1,5
1616,1.3869857788085938,0.6751091480255127,0.4989321827888489,0.5091152191162109,0.009730225428938866,0.11467516422271729,1,5
1617,1.4365912675857544,0.6742522120475769,0.4949829578399658,0.5096104145050049,0.008001702837646008,0.08092768490314484,1,5
1618,1.435624361038208,0.6999627351760864,0.49383509159088135,0.4966428875923157,0.007799666840583086,0.10234864801168442,1,5
1619,1.4145774841308594,0.7121484279632568,0.4886879026889801,0.4906010031700134,0.007267712615430355,0.13746482133865356,1,5
1620,1.3863402605056763,0.6823972463607788,0.49925822019577026,0.5054200887680054,0.010201680473983288,0.12297524511814117,1,5
1621,1.4170804023742676,0.6477137804031372,0.5018324255943298,0.5232582092285156,0.009212538599967957,0.11482922732830048,1,5
1622,1.456052303314209,0.687027096748352,0.49722757935523987,0.5031055808067322,0.008650383912026882,0.09218146651983261,1,5
1623,1.4319396018981934,0.7074079513549805,0.48837798833847046,0.49292653799057007,0.007962299510836601,0.10619794577360153,1,5
1624,1.4197485446929932,0.7209590077400208,0.4831813871860504,0.4863084554672241,0.007142350543290377,0.1293422430753708,1,5
1625,1.4277818202972412,0.703790545463562,0.4739171862602234,0.4947206377983093,0.006049761548638344,0.11303567886352539,1,5
1626,1.4393606185913086,0.7115781903266907,0.47765684127807617,0.4908725619316101,0.005649529863148928,0.06504040211439133,1,5
1627,1.4169681072235107,0.7101255655288696,0.4816082715988159,0.49159201979637146,0.011262648738920689,0.1286875605583191,1,5
1628,1.4222025871276855,0.6632958650588989,0.4884861409664154,0.5151755213737488,0.010666501708328724,0.1486879587173462,1,5
1629,1.477186918258667,0.665861189365387,0.4861624240875244,0.5138540863990784,0.00731429411098361,0.1266719251871109,1,5
1630,1.4632172584533691,0.7083796262741089,0.4816843569278717,0.49246513843536377,0.008930712006986141,0.11124778538942337,1,5
1631,1.4490569829940796,0.6859572529792786,0.46890944242477417,0.5036184787750244,0.008485829457640648,0.14052176475524902,1,5
1632,1.471212387084961,0.6577050089836121,0.47263944149017334,0.5180473923683167,0.009990335442125797,0.18112166225910187,1,5
1633,1.4878451824188232,0.6400381326675415,0.4755839705467224,0.5273008942604065,0.012105042114853859,0.1697603315114975,1,5
1634,1.5080163478851318,0.6601141691207886,0.48042812943458557,0.5168085098266602,0.007838915102183819,0.1312268227338791,1,5
1635,1.4820975065231323,0.703168511390686,0.4745188355445862,0.49502211809158325,0.006676467135548592,0.14120806753635406,1,5
1636,1.4189532995224,0.7401652336120605,0.48149609565734863,0.47704118490219116,0.006740241777151823,0.15182532370090485,1,5
1637,1.3674309253692627,0.7566423416137695,0.4914385676383972,0.4692545533180237,0.007942302152514458,0.20729699730873108,1,5
1638,1.3271543979644775,0.7233176231384277,0.5047430992126465,0.48514324426651,0.006637891288846731,0.10200799256563187,1,5
1639,1.3289618492126465,0.6766951084136963,0.5205097198486328,0.5083259344100952,0.006956505123525858,0.1399563103914261,1,5
1640,1.362807035446167,0.6611948013305664,0.5301845073699951,0.5162360668182373,0.005909700412303209,0.0973636582493782,1,5
1641,1.3981226682662964,0.7723872661590576,0.5168355703353882,0.46190980076789856,0.003958180546760559,0.06271052360534668,1,5
1642,1.3736052513122559,0.8142731785774231,0.4738577604293823,0.44296395778656006,0.004236775916069746,0.10123331099748611,1,5
1643,1.366538405418396,0.7817893028259277,0.4606660306453705,0.4575916528701782,0.008386490866541862,0.11058567464351654,1,5
1644,1.3609870672225952,0.7575848698616028,0.4793351888656616,0.46879902482032776,0.0036039722617715597,0.04575552046298981,1,5
1645,1.3411012887954712,0.7517286539077759,0.49467915296554565,0.47155994176864624,0.006132266949862242,0.08377066999673843,1,5
1646,1.3019232749938965,0.7645484209060669,0.5190993547439575,0.4655456840991974,0.004658794030547142,0.06269014626741409,1,5
1647,1.3055845499038696,0.7340407371520996,0.5103752613067627,0.47997164726257324,0.006825173739343882,0.09673316031694412,1,5
1648,1.3225194215774536,0.6434407234191895,0.5236824154853821,0.5255253911018372,0.008883718401193619,0.1528359055519104,1,5
1649,1.424180030822754,0.6043071150779724,0.5232948064804077,0.5464650392532349,0.009810013696551323,0.14530709385871887,1,5
1650,1.4818341732025146,0.5824902653694153,0.5137135982513428,0.5585458874702454,0.013940633274614811,0.13890285789966583,1,5
1651,1.5138790607452393,0.6191167235374451,0.519675612449646,0.5384235382080078,0.008404867723584175,0.09533033519983292,1,5
1652,1.4306683540344238,0.6701664328575134,0.5283081531524658,0.5116999745368958,0.011236215010285378,0.11714759469032288,1,5
1653,1.3936998844146729,0.5027074217796326,0.527793824672699,0.604898989200592,0.009378001093864441,0.1723642349243164,1,5
1654,1.5837969779968262,0.5745448470115662,0.5354863405227661,0.5629927515983582,0.00921776331961155,0.09794576466083527,1,5
1655,1.5563709735870361,0.6595748662948608,0.4935497045516968,0.5170908570289612,0.009112715721130371,0.07113175839185715,1,5
1656,1.5387561321258545,0.7415710091590881,0.44984832406044006,0.47637540102005005,0.007738263346254826,0.1296791136264801,1,5
1657,1.4901865720748901,0.7739943861961365,0.4335917830467224,0.46117687225341797,0.007009466178715229,0.08120385557413101,1,5
1658,1.4463694095611572,0.7403942942619324,0.4397299289703369,0.47697511315345764,0.014279951341450214,0.1844533383846283,1,5
1659,1.4381861686706543,0.6915115118026733,0.4629860520362854,0.5008354187011719,0.008098631165921688,0.08376244455575943,1,5
1660,1.4346706867218018,0.6971697211265564,0.4809221923351288,0.49799662828445435,0.009584331884980202,0.19138522446155548,1,5
1661,1.4039555788040161,0.7025048732757568,0.4894587993621826,0.4953483045101166,0.01135647390037775,0.1300622820854187,1,5
1662,1.3953303098678589,0.6637288331985474,0.4966437816619873,0.5149402618408203,0.010494141839444637,0.10541219264268875,1,5
1663,1.4376355409622192,0.6810141205787659,0.49751728773117065,0.5061103105545044,0.004841839894652367,0.06732211261987686,1,5
1664,1.4304972887039185,0.7151220440864563,0.4866330325603485,0.4891379475593567,0.008442074060440063,0.1092340275645256,1,5
1665,1.4176567792892456,0.7277558445930481,0.48030686378479004,0.48299598693847656,0.005408634897321463,0.0749889388680458,1,5
1666,1.4131848812103271,0.7487115263938904,0.47317180037498474,0.47297677397727966,0.004397952929139137,0.04777209833264351,1,5
1667,1.3840863704681396,0.7606866955757141,0.4767709970474243,0.46734732389450073,0.0044939289800822735,0.08058160543441772,1,5
1668,1.360172986984253,0.7699234485626221,0.48427706956863403,0.4630495309829712,0.004408444277942181,0.061115216463804245,1,5
1669,1.3212376832962036,0.7857489585876465,0.4989750385284424,0.4557795524597168,0.0039885337464511395,0.06120283156633377,1,5
1670,1.2864876985549927,0.7912567853927612,0.5097033381462097,0.4532790184020996,0.007111382205039263,0.11261913180351257,1,5
1671,1.2644829750061035,0.7823808193206787,0.5219327807426453,0.45731937885284424,0.005533157382160425,0.08165311068296432,1,5
1672,1.2525180578231812,0.7353124618530273,0.5308856964111328,0.47936752438545227,0.011114438064396381,0.14816708862781525,1,5
1673,1.291600227355957,0.6896392107009888,0.5391396284103394,0.5017632842063904,0.009075503796339035,0.14160335063934326,1,5
1674,1.3308048248291016,0.6786023378372192,0.5440252423286438,0.5073323845863342,0.007382020354270935,0.0858062207698822,1,5
1675,1.3574087619781494,0.677105188369751,0.529673159122467,0.5080965161323547,0.011445540003478527,0.12648674845695496,1,5
1676,1.3945435285568237,0.6889234185218811,0.5198848247528076,0.5021189451217651,0.006581643130630255,0.09737866371870041,1,5
1677,1.3772928714752197,0.6856400966644287,0.5137687921524048,0.5037729144096375,0.010291426442563534,0.1345452070236206,1,5
1678,1.3968889713287354,0.6870181560516357,0.5075063109397888,0.5030990839004517,0.01132194697856903,0.11533798277378082,1,5
1679,1.410781979560852,0.6745731830596924,0.5007792711257935,0.5093904137611389,0.009843398816883564,0.1212448850274086,1,5
1680,1.4401073455810547,0.64689040184021,0.4944812059402466,0.5236772298812866,0.009509693831205368,0.1070784330368042,1,5
1681,1.4860060214996338,0.6903034448623657,0.4828181862831116,0.5014371275901794,0.005991908255964518,0.1000027284026146,1,5
1682,1.4444469213485718,0.7328030467033386,0.47756412625312805,0.4805696904659271,0.006048685871064663,0.08379272371530533,1,5
1683,1.4398428201675415,0.7607119679450989,0.4609720706939697,0.46733880043029785,0.005087544210255146,0.07531443983316422,1,5
1684,1.3774335384368896,0.7452484369277954,0.4767248034477234,0.4746254086494446,0.008172222413122654,0.11545433104038239,1,5
1685,1.3735222816467285,0.7090529203414917,0.48927193880081177,0.4921189546585083,0.008176122792065144,0.13590745627880096,1,5
1686,1.3890599012374878,0.7264859080314636,0.49894946813583374,0.48360833525657654,0.005141686648130417,0.08203278481960297,1,5
1687,1.3810045719146729,0.7763068675994873,0.4901156425476074,0.46010470390319824,0.005717345047742128,0.0777074471116066,1,5
1688,1.343554973602295,0.7656445503234863,0.4867422580718994,0.46503859758377075,0.007628515362739563,0.10631157457828522,1,5
1689,1.3665530681610107,0.7351831197738647,0.4830658435821533,0.4794234037399292,0.006513823755085468,0.10267297178506851,1,5
1690,1.3570560216903687,0.7403652667999268,0.4998430013656616,0.47694331407546997,0.005538180936127901,0.08507434278726578,1,5
1691,1.3451282978057861,0.7562788724899292,0.5022400617599487,0.4694427251815796,0.008371485397219658,0.0876416489481926,1,5
1692,1.3410416841506958,0.7183070182800293,0.49859970808029175,0.48769906163215637,0.014413614757359028,0.12902390956878662,1,5
1693,1.3811157941818237,0.6534953713417053,0.5026127696037292,0.5202357769012451,0.009281203150749207,0.08550981432199478,1,5
1694,1.4246939420700073,0.6358489990234375,0.5086314082145691,0.5295453667640686,0.01162013690918684,0.1251114159822464,1,5
1695,1.47072172164917,0.6227190494537354,0.5051515102386475,0.5365240573883057,0.010213975794613361,0.11809495091438293,1,5
1696,1.4811853170394897,0.6350737810134888,0.5009801387786865,0.5299602746963501,0.011058609001338482,0.09975390881299973,1,5
1697,1.479142427444458,0.6619890928268433,0.4979226291179657,0.5158387422561646,0.010559041984379292,0.12018559128046036,1,5
1698,1.434349536895752,0.6711350083351135,0.5036923289299011,0.5111518502235413,0.00996759906411171,0.12342064082622528,1,5
1699,1.3969306945800781,0.6771581172943115,0.5187581777572632,0.5080960988998413,0.008730614557862282,0.10079195350408554,1,5
1700,1.3814468383789062,0.6707020998001099,0.5206944942474365,0.5114617347717285,0.010803185403347015,0.12690670788288116,1,5
1701,1.375402808189392,0.673885703086853,0.5284878015518188,0.5097464323043823,0.008058947511017323,0.10823564231395721,1,5
1702,1.4079349040985107,0.6921863555908203,0.5084481239318848,0.5004984140396118,0.008181183598935604,0.12691771984100342,1,5
1703,1.4562042951583862,0.7224580645561218,0.47865617275238037,0.4855648875236511,0.006553961895406246,0.0868929773569107,1,5
1704,1.4559828042984009,0.7467007040977478,0.4595263600349426,0.4739322364330292,0.006208223756402731,0.09280116111040115,1,5
1705,1.4598257541656494,0.7040700912475586,0.4480084776878357,0.4945852756500244,0.009541732259094715,0.13617084920406342,1,5
1706,1.456989049911499,0.6345770359039307,0.4702712893486023,0.530185341835022,0.010067055933177471,0.14094267785549164,1,5
1707,1.4912679195404053,0.5928101539611816,0.4945172071456909,0.5527974367141724,0.00919109582901001,0.12576977908611298,1,5
1708,1.5396581888198853,0.6324877738952637,0.49246281385421753,0.5312731862068176,0.005456469487398863,0.0684078112244606,1,5
1709,1.4754152297973633,0.6906474828720093,0.49277955293655396,0.5012706518173218,0.006802051328122616,0.07760219275951385,1,5
1710,1.423309087753296,0.697803258895874,0.4880121350288391,0.4977305233478546,0.0066024260595440865,0.09005281329154968,1,5
1711,1.3906829357147217,0.6830964684486389,0.5009400844573975,0.5050749778747559,0.009814647026360035,0.16681881248950958,1,5
1712,1.386718988418579,0.6616972088813782,0.516200840473175,0.5159879922866821,0.006932597141712904,0.09458019584417343,1,5
1713,1.4053122997283936,0.7129283547401428,0.5133036971092224,0.4902106523513794,0.004731371998786926,0.06892220675945282,1,5
1714,1.374121904373169,0.7659132480621338,0.4999411106109619,0.4649159908294678,0.0076126656495034695,0.0831606537103653,1,5
1715,1.3352024555206299,0.7683607339859009,0.49628299474716187,0.46377649903297424,0.007047803141176701,0.07434383034706116,1,5
1716,1.3278987407684326,0.7312098145484924,0.4994553327560425,0.4813395142555237,0.008380337618291378,0.13409526646137238,1,5
1717,1.3386149406433105,0.7153047919273376,0.51426100730896,0.48905813694000244,0.007939457893371582,0.10869528353214264,1,5
1718,1.3324999809265137,0.677104651927948,0.5254740715026855,0.5081099271774292,0.00960887037217617,0.1225975751876831,1,5
1719,1.3598570823669434,0.6793907284736633,0.533194899559021,0.506951093673706,0.010783382691442966,0.13749322295188904,1,5
1720,1.3775919675827026,0.647478461265564,0.524689793586731,0.5234308838844299,0.011888916604220867,0.1316773146390915,1,5
1721,1.4283483028411865,0.6643003225326538,0.5187952518463135,0.5146644115447998,0.007753761485219002,0.09705285727977753,1,5
1722,1.4335999488830566,0.6737281084060669,0.5002911686897278,0.5098088979721069,0.006890107411891222,0.09035010635852814,1,5
1723,1.4650003910064697,0.7104250192642212,0.4788516163825989,0.4914359450340271,0.005422921851277351,0.08291679620742798,1,5
1724,1.4459013938903809,0.7336337566375732,0.468528151512146,0.48016640543937683,0.006652279291301966,0.08379063755273819,1,5
1725,1.4356279373168945,0.7224745750427246,0.4632245898246765,0.4855548143386841,0.007479928433895111,0.11283131688833237,1,5
1726,1.430992841720581,0.6146436333656311,0.47340577840805054,0.5408681631088257,0.009562107734382153,0.12630635499954224,1,5
1727,1.5238113403320312,0.6128109693527222,0.4873475432395935,0.5418376922607422,0.006967896595597267,0.09106593579053879,1,5
1728,1.5195717811584473,0.6584005355834961,0.48496782779693604,0.5176950693130493,0.007622728124260902,0.08442725241184235,1,5
1729,1.4638686180114746,0.7035140991210938,0.48584574460983276,0.49485117197036743,0.006086258217692375,0.10445337742567062,1,5
1730,1.4270997047424316,0.7200923562049866,0.4805905222892761,0.48671406507492065,0.007717789150774479,0.0799526646733284,1,5
1731,1.3848035335540771,0.7150446176528931,0.4931078255176544,0.48917654156684875,0.007992975413799286,0.09405750036239624,1,5
1732,1.3807833194732666,0.6895434856414795,0.4997468888759613,0.5018099546432495,0.0072240522131323814,0.08600607514381409,1,5
1733,1.3699525594711304,0.7012439966201782,0.5165607929229736,0.4959748089313507,0.0063569387421011925,0.0782461017370224,1,5
1734,1.3683762550354004,0.7158485651016235,0.5109783411026001,0.4887987971305847,0.009486338123679161,0.07933710515499115,1,5
1735,1.362696886062622,0.7516039609909058,0.5080106854438782,0.4716144800186157,0.007145097479224205,0.07194586098194122,1,5
1736,1.352845549583435,0.7441293001174927,0.4938984513282776,0.4751512110233307,0.007997207343578339,0.117222860455513,1,5
1737,1.366117238998413,0.7506133913993835,0.4923195242881775,0.4720820188522339,0.005234765820205212,0.08123962581157684,1,5
1738,1.3671391010284424,0.766427755355835,0.48724788427352905,0.46467527747154236,0.005781493149697781,0.08285582810640335,1,5
1739,1.3421874046325684,0.7794559001922607,0.4926642179489136,0.4586644768714905,0.00626186840236187,0.08068814128637314,1,5
1740,1.3391849994659424,0.7457119822502136,0.4882841110229492,0.4744076132774353,0.009877518750727177,0.10442904382944107,1,5
1741,1.3481242656707764,0.7165122032165527,0.5035281181335449,0.4884813129901886,0.007734088692814112,0.12349475920200348,1,5
1742,1.3762867450714111,0.6870083808898926,0.5023556351661682,0.5031114816665649,0.008725142106413841,0.08936013281345367,1,5
1743,1.4045369625091553,0.6781917214393616,0.5020144581794739,0.5075609683990479,0.007125102449208498,0.11563863605260849,1,5
1744,1.4041696786880493,0.6711423397064209,0.5075463056564331,0.5111531615257263,0.009201115928590298,0.1136658787727356,1,5
1745,1.4082964658737183,0.6724750995635986,0.5117405652999878,0.5104674696922302,0.007088206242769957,0.09055124968290329,1,5
1746,1.404728651046753,0.6531449556350708,0.5092959403991699,0.5204373002052307,0.009956075809895992,0.10858889669179916,1,5
1747,1.4208664894104004,0.6166523694992065,0.516366720199585,0.5397871136665344,0.010004343464970589,0.12970663607120514,1,5
1748,1.485708236694336,0.6161407232284546,0.5051037073135376,0.5400316715240479,0.009208358824253082,0.10774432867765427,1,5
1749,1.5003845691680908,0.6414734721183777,0.4936773180961609,0.526526927947998,0.009650025516748428,0.09282512962818146,1,5
1750,1.4980027675628662,0.6505822539329529,0.4811146855354309,0.5217536091804504,0.007526191417127848,0.0962531641125679,1,5
1751,1.5082130432128906,0.65169358253479,0.470061719417572,0.5211747884750366,0.009009378962218761,0.11512943357229233,1,5
1752,1.5037798881530762,0.6378330588340759,0.4741498827934265,0.5284386277198792,0.007754860445857048,0.08434148132801056,1,5
1753,1.5456396341323853,0.667704701423645,0.4583165645599365,0.5128875970840454,0.005541610065847635,0.07968127727508545,1,5
1754,1.5321660041809082,0.7149848937988281,0.4475131928920746,0.4892028272151947,0.004542083013802767,0.04839140549302101,1,5
1755,1.5009377002716064,0.7459621429443359,0.4386759400367737,0.4742825925350189,0.003928669262677431,0.04271715506911278,1,5
1756,1.479685664176941,0.7522268295288086,0.4346875548362732,0.47131985425949097,0.004510320257395506,0.0491659976541996,1,5
1757,1.4474332332611084,0.739999532699585,0.44683170318603516,0.4771169424057007,0.0047846646048128605,0.05656539276242256,1,5
1758,1.4230097532272339,0.7256572246551514,0.4632728695869446,0.4840084910392761,0.005044931545853615,0.06143524497747421,1,5
1759,1.3998148441314697,0.7196969985961914,0.48044538497924805,0.48690301179885864,0.005092012695968151,0.06004364788532257,1,5
1760,1.3779408931732178,0.7370309829711914,0.49337610602378845,0.47853511571884155,0.004981685895472765,0.05013156309723854,1,5
1761,1.3599011898040771,0.7563142776489258,0.49441882967948914,0.46939706802368164,0.004151496570557356,0.058603424578905106,1,5
1762,1.3305526971817017,0.7559295892715454,0.5005671381950378,0.46957647800445557,0.007677183952182531,0.07142335176467896,1,5
1763,1.3309686183929443,0.7268584370613098,0.5036704540252686,0.48346012830734253,0.007862728089094162,0.08811253309249878,1,5
1764,1.3402066230773926,0.7124830484390259,0.5134598612785339,0.4904794692993164,0.0080827372148633,0.07204838842153549,1,5
1765,1.349156141281128,0.7185225486755371,0.5138554573059082,0.48747846484184265,0.007864863611757755,0.10484570264816284,1,5
1766,1.3489645719528198,0.7287009954452515,0.5123571157455444,0.4825374484062195,0.00710711907595396,0.08664508163928986,1,5
1767,1.3445125818252563,0.734366774559021,0.5085952281951904,0.4798352122306824,0.009216191247105598,0.11196142435073853,1,5
1768,1.3257226943969727,0.7054081559181213,0.5195964574813843,0.49391970038414,0.007616340648382902,0.1053982824087143,1,5
1769,1.3309338092803955,0.6525325179100037,0.531785249710083,0.5207366347312927,0.009274281561374664,0.12051580846309662,1,5
1770,1.3896362781524658,0.6442874670028687,0.5314589738845825,0.5250407457351685,0.008525799959897995,0.12181884795427322,1,5
1771,1.4554612636566162,0.6708223819732666,0.5022322535514832,0.511302649974823,0.005334951914846897,0.10117638111114502,1,5
1772,1.4499146938323975,0.7046667337417603,0.48678290843963623,0.49430012702941895,0.0065591903403401375,0.1110965833067894,1,5
1773,1.437058448791504,0.711708664894104,0.4777587056159973,0.49081718921661377,0.006781597156077623,0.10268609970808029,1,5
1774,1.4478986263275146,0.713587760925293,0.46819567680358887,0.4898880124092102,0.007149814628064632,0.0828264057636261,1,5
1775,1.4246578216552734,0.7098990678787231,0.4758656620979309,0.49170738458633423,0.007024500984698534,0.08168738335371017,1,5
1776,1.4064691066741943,0.7236081957817078,0.4877167344093323,0.48500680923461914,0.005711994133889675,0.06517928093671799,1,5
1777,1.3772106170654297,0.7493086457252502,0.49414676427841187,0.47271841764450073,0.007739245425909758,0.07613638788461685,1,5
1778,1.3286352157592773,0.7365267872810364,0.5070956945419312,0.4788835346698761,0.008264843374490738,0.09910731017589569,1,5
1779,1.3361775875091553,0.7399146556854248,0.513114333152771,0.477229505777359,0.00795533787459135,0.11725766956806183,1,5
1780,1.3252556324005127,0.7504704594612122,0.5159527063369751,0.4721778631210327,0.008551813662052155,0.1398976892232895,1,5
1781,1.3202874660491943,0.7360376119613647,0.514689564704895,0.47908133268356323,0.0074651907198131084,0.13466385006904602,1,5
1782,1.321380615234375,0.7276918888092041,0.5192181468009949,0.48307955265045166,0.007794261444360018,0.09962550550699234,1,5
1783,1.3445379734039307,0.734024167060852,0.5108073949813843,0.48001641035079956,0.008731705136597157,0.12412330508232117,1,5
1784,1.3456032276153564,0.7146758437156677,0.5094630718231201,0.4893709719181061,0.011364685371518135,0.13129687309265137,1,5
1785,1.355318546295166,0.6921724081039429,0.5179827809333801,0.5005006790161133,0.010725105181336403,0.1790090948343277,1,5
1786,1.393502950668335,0.6753338575363159,0.5125856995582581,0.5090175867080688,0.0095876669511199,0.1570090651512146,1,5
1787,1.425208568572998,0.6799966096878052,0.5073646306991577,0.506621241569519,0.006733322516083717,0.08510939031839371,1,5
1788,1.4015101194381714,0.7507896423339844,0.5055627226829529,0.4720012843608856,0.00630063796415925,0.07998095452785492,1,5
1789,1.3387717008590698,0.7712408304214478,0.5016427040100098,0.46245166659355164,0.00832994095981121,0.11454491317272186,1,5
1790,1.3210079669952393,0.7696033716201782,0.5040041208267212,0.4632019102573395,0.006795722525566816,0.12806424498558044,1,5
1791,1.29423189163208,0.7909716367721558,0.5158015489578247,0.45342499017715454,0.0063237957656383514,0.10291486978530884,1,5
1792,1.2439640760421753,0.8050435781478882,0.5310772657394409,0.44710981845855713,0.008648360148072243,0.12479757517576218,1,5
1793,1.2462877035140991,0.7637296915054321,0.5295917987823486,0.4660044312477112,0.006952637806534767,0.10710842907428741,1,5
1794,1.2651047706604004,0.7915382385253906,0.538867712020874,0.45315343141555786,0.008018223568797112,0.09879886358976364,1,5
1795,1.2648231983184814,0.8397672176361084,0.5234941244125366,0.43181848526000977,0.008750835433602333,0.10293189436197281,1,5
1796,1.2209408283233643,0.8232129216194153,0.5300379991531372,0.4390332102775574,0.007331053260713816,0.09995348751544952,1,5
1797,1.259044885635376,0.8079427480697632,0.517043948173523,0.4457791745662689,0.0069126528687775135,0.10417798906564713,1,5
1798,1.2220001220703125,0.7518162131309509,0.5419468879699707,0.4715311527252197,0.013948798179626465,0.1769898384809494,1,5
1799,1.307765007019043,0.5124435424804688,0.5387920141220093,0.5997187495231628,0.026803666725754738,0.3765343427658081,1,5
1800,1.69882333278656,0.4180606007575989,0.5431894063949585,0.658367395401001,0.01197306253015995,0.1441565603017807,1,5
1801,1.7729077339172363,0.5639821290969849,0.5307209491729736,0.5690293312072754,0.009351697750389576,0.09565643221139908,1,5
1802,1.5583691596984863,0.6351382732391357,0.49761247634887695,0.5298982858657837,0.011826706118881702,0.16748057305812836,1,5
1803,1.4573776721954346,0.5341589450836182,0.5216043591499329,0.5861911773681641,0.010311849415302277,0.1314360797405243,1,5
1804,1.534461498260498,0.5951845049858093,0.5446122288703918,0.5514721274375916,0.00831113662570715,0.10652335733175278,1,5
1805,1.4766852855682373,0.6735891103744507,0.5178093910217285,0.5098921656608582,0.009726276621222496,0.16592422127723694,1,5
1806,1.4279142618179321,0.7514753937721252,0.49779215455055237,0.47170770168304443,0.009164814837276936,0.10039371252059937,1,5
1807,1.3627114295959473,0.7104222774505615,0.49139922857284546,0.49159860610961914,0.010568676516413689,0.18793059885501862,1,5
1808,1.4065407514572144,0.704535961151123,0.49517980217933655,0.49436497688293457,0.007554364390671253,0.08445951342582703,1,5
1809,1.3973143100738525,0.7307405471801758,0.4954086244106293,0.48157113790512085,0.008660199120640755,0.11681473255157471,1,5
1810,1.3901406526565552,0.7179433107376099,0.48818323016166687,0.4878319203853607,0.010158240795135498,0.1474529504776001,1,5
1811,1.425736665725708,0.6410998106002808,0.48276734352111816,0.5268014669418335,0.010752633213996887,0.1329561471939087,1,5
1812,1.5008392333984375,0.6459500789642334,0.4862614870071411,0.5241944193840027,0.007833053357899189,0.0803113579750061,1,5
1813,1.5128556489944458,0.681653618812561,0.46865904331207275,0.5057930946350098,0.008810251019895077,0.12098799645900726,1,5
1814,1.4924383163452148,0.689914345741272,0.4624800384044647,0.5016466975212097,0.007971563376486301,0.09920390695333481,1,5
1815,1.490233302116394,0.6855844259262085,0.459676057100296,0.5038294792175293,0.0074551040306687355,0.06779127568006516,1,5
1816,1.4671465158462524,0.7008225917816162,0.4684566855430603,0.49618205428123474,0.0066288430243730545,0.06282608956098557,1,5
1817,1.4409276247024536,0.7137361764907837,0.472612589597702,0.4898316264152527,0.0062073273584246635,0.09497489780187607,1,5
1818,1.4330440759658813,0.6955794095993042,0.4714454412460327,0.4987962245941162,0.00799733866006136,0.10042526572942734,1,5
1819,1.4191123247146606,0.6943269968032837,0.48718714714050293,0.4994204044342041,0.0071587213315069675,0.10876377671957016,1,5
1820,1.4228575229644775,0.6977640390396118,0.48800987005233765,0.4977005124092102,0.006333539728075266,0.1335066705942154,1,5
1821,1.4246753454208374,0.7102268934249878,0.4833836555480957,0.4915367364883423,0.005478535778820515,0.07947678864002228,1,5
1822,1.3968626260757446,0.7388285398483276,0.48962247371673584,0.4776823818683624,0.00417868047952652,0.06745687872171402,1,5
1823,1.3719695806503296,0.7525927424430847,0.48810097575187683,0.4711524546146393,0.005032718181610107,0.08839984983205795,1,5
1824,1.3411860466003418,0.7587356567382812,0.49684301018714905,0.46826666593551636,0.005675437394529581,0.08573839068412781,1,5
1825,1.318159580230713,0.7515721321105957,0.5063158869743347,0.47163668274879456,0.007674844469875097,0.10146548599004745,1,5
1826,1.3191723823547363,0.7018243074417114,0.5129789710044861,0.4957042634487152,0.008530505932867527,0.11113119125366211,1,5
1827,1.336695909500122,0.7266131639480591,0.5296404361724854,0.48354804515838623,0.005452154669910669,0.06562726944684982,1,5
1828,1.3203222751617432,0.7634294033050537,0.5217062830924988,0.466070294380188,0.005533334333449602,0.09347608685493469,1,5
1829,1.3163899183273315,0.7515246272087097,0.507735550403595,0.47164803743362427,0.009891927242279053,0.15784478187561035,1,5
1830,1.3321871757507324,0.7576112151145935,0.5062950849533081,0.4687870144844055,0.006185054313391447,0.08043786883354187,1,5
1831,1.3217612504959106,0.8092910051345825,0.5081102848052979,0.44517409801483154,0.0035689999349415302,0.06002822890877724,1,5
1832,1.3015162944793701,0.823650598526001,0.4946662187576294,0.438840389251709,0.007483710069209337,0.09057110548019409,1,5
1833,1.287432074546814,0.7981774806976318,0.4989777207374573,0.45018354058265686,0.010767714120447636,0.20409244298934937,1,5
1834,1.32023286819458,0.7103679180145264,0.5015733242034912,0.49147894978523254,0.010241197422146797,0.18945452570915222,1,5
1835,1.3566713333129883,0.5957149863243103,0.5243877172470093,0.5513346195220947,0.015038315206766129,0.2084132581949234,1,5
1836,1.518827199935913,0.5727177858352661,0.5166742205619812,0.5641012191772461,0.01485236082226038,0.13725899159908295,1,5
1837,1.568359375,0.6358398199081421,0.4970434606075287,0.5295144319534302,0.010411404073238373,0.25238439440727234,1,5
1838,1.5226668119430542,0.7293906211853027,0.47272783517837524,0.4822272062301636,0.007523288019001484,0.12458229064941406,1,5
1839,1.4275535345077515,0.7715725302696228,0.4698209762573242,0.4623105823993683,0.0103364372625947,0.12487762421369553,1,5
1840,1.3096003532409668,0.7536635398864746,0.5103058815002441,0.4707813858985901,0.011530658230185509,0.15406061708927155,1,5
1841,1.2991366386413574,0.6781569719314575,0.5286256074905396,0.5077509880065918,0.011182363145053387,0.15189799666404724,1,5
1842,1.3394877910614014,0.68625408411026,0.547443687915802,0.503470778465271,0.007993501611053944,0.12885281443595886,1,5
1843,1.3318041563034058,0.6885027885437012,0.5422240495681763,0.5023980140686035,0.011749749071896076,0.15237706899642944,1,5
1844,1.3701932430267334,0.6293604969978333,0.5250293016433716,0.5329713821411133,0.01228798646479845,0.1891423612833023,1,5
1845,1.4899592399597168,0.6671279668807983,0.5025939345359802,0.5131850242614746,0.009072866290807724,0.12494269013404846,1,5
1846,1.5067139863967896,0.692189633846283,0.46480563282966614,0.5005177855491638,0.009355076588690281,0.13013307750225067,1,5
1847,1.5181256532669067,0.7170847654342651,0.44818979501724243,0.48818618059158325,0.007961624301970005,0.10865902900695801,1,5
1848,1.4960722923278809,0.709822952747345,0.4439234733581543,0.49174797534942627,0.010974468663334846,0.10022266954183578,1,5
1849,1.4976122379302979,0.6752933263778687,0.4475719928741455,0.5090380907058716,0.00923236645758152,0.1112772598862648,1,5
1850,1.4884587526321411,0.6482347249984741,0.46956464648246765,0.5230076909065247,0.00850208755582571,0.13875696063041687,1,5
1851,1.47999107837677,0.6320925354957581,0.4867061972618103,0.5315544605255127,0.00927894189953804,0.11453792452812195,1,5
1852,1.5165672302246094,0.6222803592681885,0.48442599177360535,0.5367332696914673,0.008990529924631119,0.11015960574150085,1,5
1853,1.5064585208892822,0.6592286825180054,0.48964032530784607,0.5172569751739502,0.00695684552192688,0.08688058704137802,1,5
1854,1.4643293619155884,0.7099504470825195,0.4856724739074707,0.49167197942733765,0.006031160708516836,0.07533800601959229,1,5
1855,1.3889108896255493,0.7290520071983337,0.49480006098747253,0.48237621784210205,0.007482587359845638,0.11578274518251419,1,5
1856,1.3524303436279297,0.70273756980896,0.5063060522079468,0.4952309727668762,0.010791189968585968,0.18704821169376373,1,5
1857,1.352532148361206,0.6732680201530457,0.5260106921195984,0.5100520849227905,0.009971864521503448,0.13250732421875,1,5
1858,1.379781723022461,0.7119613885879517,0.5254133939743042,0.4907325506210327,0.009232128970324993,0.10466425865888596,1,5
1859,1.3720780611038208,0.7658218145370483,0.5069676637649536,0.464962899684906,0.007435555569827557,0.09725068509578705,1,5
1860,1.3495025634765625,0.7717180252075195,0.49090877175331116,0.4622240662574768,0.010372500866651535,0.15815787017345428,1,5
1861,1.3219865560531616,0.7414450645446777,0.5049311518669128,0.4764293432235718,0.008005722425878048,0.12316611409187317,1,5
1862,1.3246557712554932,0.703112006187439,0.5170841217041016,0.4950540065765381,0.006085216533392668,0.11804884672164917,1,5
1863,1.3840044736862183,0.7309321761131287,0.5043531656265259,0.4814794361591339,0.007935724221169949,0.08866918087005615,1,5
1864,1.3384478092193604,0.7219349145889282,0.5119920969009399,0.4858335256576538,0.013754606246948242,0.1753416210412979,1,5
1865,1.379416584968567,0.6299920082092285,0.5040043592453003,0.5326116681098938,0.011696509085595608,0.1396218240261078,1,5
1866,1.449777603149414,0.6464919447898865,0.5135853290557861,0.5238935947418213,0.009093730710446835,0.12633110582828522,1,5
1867,1.4442434310913086,0.7215228080749512,0.5048738718032837,0.4860169291496277,0.008875862695276737,0.1054619699716568,1,5
1868,1.387799859046936,0.7495259046554565,0.4923180043697357,0.47260692715644836,0.009772900491952896,0.11803843080997467,1,5
1869,1.3685417175292969,0.7493590116500854,0.4901759624481201,0.4726802110671997,0.009319495409727097,0.13930785655975342,1,5
1870,1.3402087688446045,0.7123156785964966,0.5039867162704468,0.4905146658420563,0.012635203078389168,0.18783871829509735,1,5
1871,1.3847825527191162,0.6631655693054199,0.5037319660186768,0.5152636170387268,0.011531318537890911,0.1490228772163391,1,5
1872,1.4375650882720947,0.7156983613967896,0.4983496069908142,0.4888537526130676,0.010746403597295284,0.20083807408809662,1,5
1873,1.4235501289367676,0.6999271512031555,0.4799922704696655,0.4966360032558441,0.012912161648273468,0.14675162732601166,1,5
1874,1.444305658340454,0.7521129846572876,0.4764809310436249,0.47137099504470825,0.006240098737180233,0.08501387387514114,1,5
1875,1.4271310567855835,0.7837244272232056,0.45707619190216064,0.45670372247695923,0.004586668219417334,0.0802948996424675,1,5
1876,1.4056482315063477,0.8106932640075684,0.4533386826515198,0.4445534944534302,0.0048901718109846115,0.049084924161434174,1,5
1877,1.3567777872085571,0.8098390102386475,0.4655410647392273,0.4449347257614136,0.005716470070183277,0.07449375838041306,1,5
1878,1.3057284355163574,0.8071380853652954,0.49045687913894653,0.44613999128341675,0.005503058433532715,0.05525290220975876,1,5
1879,1.2815574407577515,0.8028987646102905,0.5033460259437561,0.448030561208725,0.004901073407381773,0.06823592633008957,1,5
1880,1.2571123838424683,0.8123519420623779,0.5180153846740723,0.4438195824623108,0.005919259041547775,0.0912557914853096,1,5
1881,1.222106695175171,0.8024669289588928,0.5335513353347778,0.44824662804603577,0.011795283295214176,0.11812370270490646,1,5
1882,1.216624140739441,0.8032860159873962,0.5425095558166504,0.44791966676712036,0.00913322251290083,0.10429700464010239,1,5
1883,1.2241747379302979,0.7846629023551941,0.5416707396507263,0.45628148317337036,0.008409729227423668,0.11303803324699402,1,5
1884,1.2101945877075195,0.7695358395576477,0.5565627813339233,0.4632314443588257,0.010038729757070541,0.13452266156673431,1,5
1885,1.2554988861083984,0.7464448809623718,0.5418624877929688,0.47410720586776733,0.010763880796730518,0.21407245099544525,1,5
1886,1.3043065071105957,0.6334025859832764,0.5370072722434998,0.5308738350868225,0.014810783788561821,0.25973066687583923,1,5
1887,1.4558809995651245,0.5856980085372925,0.5289198756217957,0.5567479133605957,0.014605430886149406,0.17779240012168884,1,5
1888,1.5258435010910034,0.654972493648529,0.5148795247077942,0.5194655656814575,0.00955549068748951,0.08873336762189865,1,5
1889,1.4280085563659668,0.7702087163925171,0.5051707625389099,0.4629253149032593,0.010579959489405155,0.1054711863398552,1,5
1890,1.3181474208831787,0.784972071647644,0.5070624947547913,0.45614489912986755,0.00950328167527914,0.11472226679325104,1,5
1891,1.2490992546081543,0.7117037773132324,0.5363188982009888,0.4908200800418854,0.014143293723464012,0.21529042720794678,1,5
1892,1.2609155178070068,0.5884414911270142,0.577045202255249,0.5552231073379517,0.01516653597354889,0.1800869107246399,1,5
1893,1.386101484298706,0.7133039832115173,0.5781548023223877,0.4900314509868622,0.009279165416955948,0.11972659081220627,1,5
1894,1.3033392429351807,0.8103805780410767,0.5402907729148865,0.4447387456893921,0.011994192376732826,0.17170339822769165,1,5
1895,1.3100069761276245,0.782651424407959,0.4981057941913605,0.4572398364543915,0.010786131955683231,0.1536509394645691,1,5
1896,1.3417636156082153,0.7524421215057373,0.4925028681755066,0.4712691605091095,0.014876112341880798,0.14032192528247833,1,5
1897,1.3616631031036377,0.7040362358093262,0.4974285066127777,0.49465733766555786,0.012836852110922337,0.14573125541210175,1,5
1898,1.3686695098876953,0.7543860673904419,0.5189300775527954,0.47034788131713867,0.013184602372348309,0.13954132795333862,1,5
1899,1.358872413635254,0.7871290445327759,0.495695024728775,0.4551703929901123,0.012190881185233593,0.11650915443897247,1,5
1900,1.3424320220947266,0.8033283948898315,0.48735666275024414,0.44783833622932434,0.008745202794671059,0.11150185018777847,1,5
1901,1.3212642669677734,0.7869237661361694,0.49065887928009033,0.4552531838417053,0.008445515297353268,0.13767127692699432,1,5
1902,1.2980444431304932,0.7070600390434265,0.5096517205238342,0.49311932921409607,0.017236853018403053,0.16242805123329163,1,5
1903,1.3406049013137817,0.5922176241874695,0.535289466381073,0.5532768964767456,0.014185194857418537,0.1647283285856247,1,5
1904,1.4672729969024658,0.5526027083396912,0.5461298823356628,0.575584888458252,0.013923143036663532,0.15683631598949432,1,5
1905,1.5400283336639404,0.6023344993591309,0.5300828814506531,0.5476404428482056,0.0116456663236022,0.10867554694414139,1,5
1906,1.5218465328216553,0.6805606484413147,0.4939832091331482,0.5064033269882202,0.013563601300120354,0.13065777719020844,1,5
1907,1.4460258483886719,0.7105976343154907,0.48869580030441284,0.4913794994354248,0.010082852095365524,0.12287674099206924,1,5
1908,1.4093959331512451,0.7068791389465332,0.4894135892391205,0.49319422245025635,0.010994262993335724,0.15474888682365417,1,5
1909,1.3579635620117188,0.6565144062042236,0.5181845426559448,0.5187009572982788,0.015139819122850895,0.20368993282318115,1,5
1910,1.395904779434204,0.6002767086029053,0.538330078125,0.548690140247345,0.013320894911885262,0.12403201311826706,1,5
1911,1.4691855907440186,0.6905173063278198,0.5219548940658569,0.501327395439148,0.00801191944628954,0.1348247528076172,1,5
1912,1.441260576248169,0.7919722199440002,0.4774571657180786,0.4529667794704437,0.00721376296132803,0.09546670317649841,1,5
1913,1.4250588417053223,0.8049476146697998,0.44425493478775024,0.44713133573532104,0.01035386323928833,0.1829453557729721,1,5
1914,1.381911039352417,0.7752476930618286,0.45897531509399414,0.4605914056301117,0.007486418820917606,0.08959951251745224,1,5
1915,1.3788630962371826,0.7464159727096558,0.4718945324420929,0.47406911849975586,0.0069204350002110004,0.11010775715112686,1,5
1916,1.3669579029083252,0.7363107204437256,0.48953545093536377,0.47888389229774475,0.006882939487695694,0.07845540344715118,1,5
1917,1.3493177890777588,0.726405143737793,0.5027152299880981,0.4837031364440918,0.013151537626981735,0.17349426448345184,1,5
1918,1.3851635456085205,0.6889176964759827,0.5033071637153625,0.5021266341209412,0.00833586510270834,0.12199434638023376,1,5
1919,1.419031023979187,0.7472780346870422,0.4945042133331299,0.47366100549697876,0.007721033878624439,0.09762071073055267,1,5
1920,1.3850914239883423,0.7733287811279297,0.4812546968460083,0.4614821970462799,0.00816513504832983,0.11877622455358505,1,5
1921,1.3959269523620605,0.7760488986968994,0.4662453532218933,0.46022605895996094,0.008447995409369469,0.09345604479312897,1,5
1922,1.3636491298675537,0.7621060609817505,0.47871583700180054,0.466688334941864,0.007506558205932379,0.11227878928184509,1,5
1923,1.3398199081420898,0.7530590295791626,0.4977339804172516,0.47093111276626587,0.007281961850821972,0.07778293639421463,1,5
1924,1.3452880382537842,0.770173192024231,0.4963708817958832,0.46293890476226807,0.006477751769125462,0.08770205825567245,1,5
1925,1.301933765411377,0.76519775390625,0.5119309425354004,0.46529483795166016,0.007991193793714046,0.09383971989154816,1,5
1926,1.2935396432876587,0.7518861889839172,0.5191062688827515,0.4714966118335724,0.009879829362034798,0.0921444371342659,1,5
1927,1.2842791080474854,0.748291015625,0.5318551063537598,0.47320908308029175,0.011148005723953247,0.14759908616542816,1,5
1928,1.2955553531646729,0.6397489905357361,0.5336376428604126,0.5274397134780884,0.013698562048375607,0.1820271760225296,1,5
1929,1.4445278644561768,0.6632965207099915,0.5181561708450317,0.5151687860488892,0.011515473946928978,0.11623452603816986,1,5
1930,1.4235666990280151,0.6256204843521118,0.5092188715934753,0.5350351333618164,0.01722995936870575,0.18302859365940094,1,5
1931,1.5302833318710327,0.6123747229576111,0.4883118271827698,0.5420958399772644,0.012789536267518997,0.14550015330314636,1,5
1932,1.528166651725769,0.6030302047729492,0.48968935012817383,0.5473072528839111,0.012209990993142128,0.16009584069252014,1,5
1933,1.5199663639068604,0.6270530819892883,0.4944048821926117,0.5343190431594849,0.01244830060750246,0.1370093673467636,1,5
1934,1.4965559244155884,0.6453487277030945,0.4920336604118347,0.5246181488037109,0.015397993847727776,0.1716940850019455,1,5
1935,1.489525318145752,0.6581568717956543,0.49140945076942444,0.5178367495536804,0.013768120668828487,0.1465916633605957,1,5
1936,1.4564088582992554,0.7055405378341675,0.49318164587020874,0.4938699007034302,0.013026434928178787,0.12655505537986755,1,5
1937,1.4126174449920654,0.7277463674545288,0.489717960357666,0.4830000400543213,0.006827937439084053,0.0775248259305954,1,5
1938,1.379626989364624,0.7426291704177856,0.4908595383167267,0.47590121626853943,0.012892709113657475,0.12949074804782867,1,5
1939,1.345900058746338,0.7483372688293457,0.5081812143325806,0.47318190336227417,0.011466693133115768,0.13177695870399475,1,5
1940,1.3416122198104858,0.7784456610679626,0.5055532455444336,0.45912307500839233,0.00824231281876564,0.08970634639263153,1,5
1941,1.2928448915481567,0.7698801755905151,0.5132956504821777,0.46308550238609314,0.012318039312958717,0.15029287338256836,1,5
1942,1.2934496402740479,0.7757431268692017,0.5229628682136536,0.4604058265686035,0.01083305012434721,0.1510077714920044,1,5
1943,1.2966148853302002,0.76296466588974,0.5165740251541138,0.46633970737457275,0.01315364334732294,0.1750059723854065,1,5
1944,1.3337578773498535,0.7203813791275024,0.5103384852409363,0.4866293966770172,0.01172812283039093,0.16856616735458374,1,5
1945,1.3773233890533447,0.7004481554031372,0.5067275166511536,0.49640488624572754,0.013922548852860928,0.19479365646839142,1,5
1946,1.3916913270950317,0.6581706404685974,0.5115677118301392,0.517809271812439,0.011972185224294662,0.15621493756771088,1,5
1947,1.440575122833252,0.7093261480331421,0.5052640438079834,0.4920039772987366,0.016934651881456375,0.23757490515708923,1,5
1948,1.391283392906189,0.7338805794715881,0.509472131729126,0.4800698161125183,0.013071738183498383,0.15092425048351288,1,5
1949,1.3483338356018066,0.6604162454605103,0.5127506256103516,0.5167495608329773,0.019566532224416733,0.23960307240486145,1,5
1950,1.4467852115631104,0.6727081537246704,0.5105404257774353,0.5103327035903931,0.013792158104479313,0.1334439516067505,1,5
1951,1.4534847736358643,0.7668411135673523,0.4879138767719269,0.46448877453804016,0.01012483797967434,0.12549875676631927,1,5
1952,1.4051618576049805,0.7867928743362427,0.4679011106491089,0.455375611782074,0.02301103062927723,0.117532879114151,1,5
1953,1.3902039527893066,0.780980110168457,0.467785120010376,0.45798733830451965,0.011476653628051281,0.11068929731845856,1,5
1954,1.3301295042037964,0.7940118908882141,0.49493223428726196,0.452054500579834,0.01022730115801096,0.11847721040248871,1,5
1955,1.300462007522583,0.7285822629928589,0.5049947500228882,0.48278361558914185,0.019825968891382217,0.2204156517982483,1,5
1956,1.33222234249115,0.6588290929794312,0.5330960750579834,0.5175168514251709,0.014324495568871498,0.16953633725643158,1,5
1957,1.393837571144104,0.75597083568573,0.5296195149421692,0.4695734977722168,0.011218640953302383,0.10903425514698029,1,5
1958,1.3742923736572266,0.7871377468109131,0.4890279769897461,0.4551818370819092,0.014970538206398487,0.1612994372844696,1,5
1959,1.3352043628692627,0.7572129964828491,0.4962722361087799,0.46903032064437866,0.011957364156842232,0.11401145905256271,1,5
1960,1.3130487203598022,0.6822326183319092,0.5178680419921875,0.5057522058486938,0.02011885680258274,0.18919637799263,1,5
1961,1.3706419467926025,0.6858116984367371,0.5368918180465698,0.5037122964859009,0.012979738414287567,0.13714489340782166,1,5
1962,1.3909130096435547,0.7187842130661011,0.5196080207824707,0.48735448718070984,0.011083667166531086,0.15033678710460663,1,5
1963,1.4141936302185059,0.7384999394416809,0.49026650190353394,0.47786062955856323,0.014355887658894062,0.16008424758911133,1,5
1964,1.4583090543746948,0.7019131183624268,0.4630623459815979,0.49568602442741394,0.015406064689159393,0.17280706763267517,1,5
1965,1.502927541732788,0.6494659185409546,0.4599594473838806,0.5224036574363708,0.017103808000683784,0.18835631012916565,1,5
1966,1.5182520151138306,0.6117902398109436,0.4952791631221771,0.5425134301185608,0.020118465647101402,0.3757086992263794,1,5
1967,1.6244540214538574,0.6486018896102905,0.4603874683380127,0.5228755474090576,0.015672147274017334,0.19307240843772888,1,5
1968,1.6009266376495361,0.6354386210441589,0.44604238867759705,0.5297996401786804,0.01660543866455555,0.1457231640815735,1,5
1969,1.6479034423828125,0.6368038654327393,0.4330626428127289,0.5290057063102722,0.013474815525114536,0.33881261944770813,1,5
1970,1.5414690971374512,0.6393630504608154,0.47967737913131714,0.5276592969894409,0.01580788567662239,0.13785752654075623,1,5
1971,1.4449553489685059,0.6822036504745483,0.5153560638427734,0.5055509805679321,0.01603144034743309,0.23784656822681427,1,5
1972,1.3677480220794678,0.5577840805053711,0.5394892692565918,0.5725123286247253,0.011635402217507362,0.15429238975048065,1,5
1973,1.4701071977615356,0.7098896503448486,0.5546200275421143,0.49171334505081177,0.008962357416749,0.10553513467311859,1,5
1974,1.4143846035003662,0.8586248755455017,0.48314210772514343,0.423760324716568,0.011954909190535545,0.15649692714214325,1,5
1975,1.367011308670044,0.8120577335357666,0.4522492587566376,0.4439729154109955,0.012376898899674416,0.13621309399604797,1,5
1976,1.3468259572982788,0.7573614716529846,0.4747454822063446,0.4689124822616577,0.010394503362476826,0.11169451475143433,1,5
1977,1.3313066959381104,0.7628718018531799,0.5047449469566345,0.46633121371269226,0.008701639249920845,0.09176520258188248,1,5
1978,1.2574434280395508,0.7890099883079529,0.5377175807952881,0.45432668924331665,0.010245413519442081,0.13567319512367249,1,5
1979,1.230674147605896,0.7683185338973999,0.5435045957565308,0.46396365761756897,0.019234847277402878,0.15866611897945404,1,5
1980,1.253631353378296,0.7730035781860352,0.5491461753845215,0.4616653323173523,0.013148169033229351,0.1759847104549408,1,5
1981,1.287846326828003,0.8378821015357971,0.522832989692688,0.4326461851596832,0.013140680268406868,0.1669144630432129,1,5
1982,1.2657886743545532,0.6714028120040894,0.5113575458526611,0.5113279223442078,0.029617395251989365,0.318790078163147,1,5
1983,1.452422857284546,0.6458864808082581,0.5231788754463196,0.5242147445678711,0.015674546360969543,0.15788672864437103,1,5
1984,1.4876744747161865,0.6598491668701172,0.4936637282371521,0.5169564485549927,0.017339108511805534,0.21566565334796906,1,5
1985,1.4787368774414062,0.7435944080352783,0.4870907962322235,0.4754320979118347,0.017105858772993088,0.13518182933330536,1,5
1986,1.4003188610076904,0.6952614784240723,0.4809325933456421,0.49898484349250793,0.017336154356598854,0.13922172784805298,1,5
1987,1.3645013570785522,0.6350793838500977,0.5253600478172302,0.5300807952880859,0.018228668719530106,0.20813202857971191,1,5
1988,1.400159239768982,0.5744265913963318,0.5495686531066895,0.5630590915679932,0.019960904493927956,0.18158094584941864,1,5
1989,1.5394940376281738,0.7077376246452332,0.5152764320373535,0.4927600026130676,0.013078183867037296,0.112437404692173,1,5
1990,1.4934346675872803,0.8004062175750732,0.45344096422195435,0.449151873588562,0.010114941745996475,0.11690133810043335,1,5
1991,1.4687445163726807,0.7451860308647156,0.4271637797355652,0.4746778607368469,0.014890836551785469,0.13901907205581665,1,5
1992,1.4812813997268677,0.716230034828186,0.44669100642204285,0.48859983682632446,0.009584028273820877,0.08185658603906631,1,5
1993,1.4455159902572632,0.741531252861023,0.4671505093574524,0.4763883352279663,0.008474292233586311,0.0764852911233902,1,5
1994,1.3598934412002563,0.7686955332756042,0.496977835893631,0.46363016963005066,0.01380580011755228,0.13791610300540924,1,5
1995,1.3210937976837158,0.7421646118164062,0.5072357058525085,0.47614961862564087,0.01613573357462883,0.15242204070091248,1,5
1996,1.3167810440063477,0.6918298006057739,0.5259079337120056,0.5009433031082153,0.019898781552910805,0.16770629584789276,1,5
1997,1.340370535850525,0.668020486831665,0.5441346168518066,0.5127964019775391,0.013185764662921429,0.1497272253036499,1,5
1998,1.377303123474121,0.6942477226257324,0.5281959772109985,0.49950700998306274,0.013593590818345547,0.13961954414844513,1,5
1999,1.3480911254882812,0.7130522727966309,0.530698299407959,0.4901687800884247,0.015576373785734177,0.12779828906059265,1,5
2000,1.3509085178375244,0.6986151933670044,0.5205854773521423,0.4973374903202057,0.017036786302924156,0.16214539110660553,1,5
2001,1.3605290651321411,0.6435690522193909,0.5309746265411377,0.5254828929901123,0.015208106487989426,0.14364928007125854,1,5
2002,1.4476513862609863,0.5725507140159607,0.5203540921211243,0.5642201900482178,0.016000330448150635,0.28066542744636536,1,5
2003,1.6032456159591675,0.571574330329895,0.49381378293037415,0.5646412372589111,0.009660808369517326,0.15959030389785767,1,5
2004,1.6489596366882324,0.6457690596580505,0.45301881432533264,0.5242657661437988,0.011044052429497242,0.1352408081293106,1,5
2005,1.652522087097168,0.681254506111145,0.414126455783844,0.5060127377510071,0.008024495095014572,0.0958869457244873,1,5
2006,1.5977451801300049,0.6962006092071533,0.4152345061302185,0.4984873831272125,0.010664348490536213,0.10312935709953308,1,5
2007,1.547153115272522,0.6950200796127319,0.4309528172016144,0.4990837574005127,0.008984231390058994,0.10486023873090744,1,5
2008,1.4974132776260376,0.716632604598999,0.4508613049983978,0.48840564489364624,0.010885685682296753,0.18192896246910095,1,5
2009,1.4380145072937012,0.7098993062973022,0.4680010974407196,0.49171650409698486,0.012282120063900948,0.18216465413570404,1,5
2010,1.398715853691101,0.6777269840240479,0.4972296953201294,0.50780189037323,0.013514737598598003,0.13417595624923706,1,5
2011,1.423785924911499,0.6686937808990479,0.5015999674797058,0.5124456882476807,0.013400901108980179,0.13967227935791016,1,5
2012,1.440057635307312,0.6746695637702942,0.5000149011611938,0.5093380212783813,0.011553705669939518,0.2241731733083725,1,5
2013,1.4740426540374756,0.7323343753814697,0.47879570722579956,0.4808065891265869,0.010086245834827423,0.20074684917926788,1,5
2014,1.4329092502593994,0.792543888092041,0.46603667736053467,0.45270323753356934,0.00964911188930273,0.14701852202415466,1,5
2015,1.388214111328125,0.7463552355766296,0.4632512927055359,0.47411346435546875,0.01114676333963871,0.18288026750087738,1,5
2016,1.387096881866455,0.7141000032424927,0.48435115814208984,0.4896808862686157,0.013745560310781002,0.11641604453325272,1,5
2017,1.3699564933776855,0.7275429964065552,0.5074031949043274,0.48324084281921387,0.017599524930119514,0.166808620095253,1,5
2018,1.3712422847747803,0.6320542097091675,0.5103480219841003,0.531537652015686,0.013217713683843613,0.16404689848423004,1,5
2019,1.500678300857544,0.6622611284255981,0.4973885715007782,0.5157274007797241,0.008283600211143494,0.10422351956367493,1,5
2020,1.5230185985565186,0.7370012998580933,0.45850470662117004,0.47857967019081116,0.01135567668825388,0.10246699303388596,1,5
2021,1.5133941173553467,0.6687264442443848,0.4290296137332916,0.512405514717102,0.018272969871759415,0.14563018083572388,1,5
2022,1.5602939128875732,0.6256282329559326,0.4447427988052368,0.5349377989768982,0.01171728316694498,0.138072669506073,1,5
2023,1.5902540683746338,0.6301246881484985,0.4494163990020752,0.5325887203216553,0.009744608774781227,0.10330059379339218,1,5
2024,1.555307388305664,0.6348726749420166,0.461507648229599,0.5300580263137817,0.010829516686499119,0.10956869274377823,1,5
2025,1.5495460033416748,0.6532209515571594,0.46106043457984924,0.5203869342803955,0.01035256963223219,0.1283240020275116,1,5
2026,1.503977656364441,0.6635596752166748,0.47225242853164673,0.5150272846221924,0.010393711738288403,0.12229068577289581,1,5
2027,1.4613840579986572,0.6897240281105042,0.4860067367553711,0.5017449259757996,0.010143275372684002,0.10133299231529236,1,5
2028,1.4122424125671387,0.749657928943634,0.497027188539505,0.47254037857055664,0.009245009161531925,0.1675317883491516,1,5
2029,1.363655924797058,0.7545613050460815,0.4923174977302551,0.4702288508415222,0.01073977630585432,0.14309823513031006,1,5
2030,1.3495638370513916,0.6862378120422363,0.4992371201515198,0.5034887790679932,0.017002476379275322,0.15482492744922638,1,5
2031,1.3970434665679932,0.6853649616241455,0.5130313634872437,0.5040125846862793,0.014555343426764011,0.16929244995117188,1,5
2032,1.4242761135101318,0.7250561714172363,0.49755918979644775,0.4843384623527527,0.01173404324799776,0.138244166970253,1,5
2033,1.401201605796814,0.6647974252700806,0.49040842056274414,0.5144787430763245,0.014320170506834984,0.15567855536937714,1,5
2034,1.4458069801330566,0.6872520446777344,0.49739426374435425,0.5029747486114502,0.010116160847246647,0.10505423694849014,1,5
2035,1.428141713142395,0.7447088956832886,0.49092236161231995,0.47489750385284424,0.010213542729616165,0.10129216313362122,1,5
2036,1.3475775718688965,0.6997414827346802,0.502968430519104,0.49679726362228394,0.016742989420890808,0.1762535572052002,1,5
2037,1.3979520797729492,0.6156105995178223,0.5118592381477356,0.540351390838623,0.012086885049939156,0.18197417259216309,1,5
2038,1.4803354740142822,0.6172696948051453,0.5101282000541687,0.5395393967628479,0.012742550112307072,0.14911261200904846,1,5
2039,1.5639674663543701,0.6900877952575684,0.47089582681655884,0.5015357732772827,0.007020179647952318,0.06588181108236313,1,5
2040,1.5455853939056396,0.7875714302062988,0.43123045563697815,0.4549514949321747,0.006065560970455408,0.08341329544782639,1,5
2041,1.4991834163665771,0.7682785987854004,0.4131466746330261,0.4638475775718689,0.008316341787576675,0.12319536507129669,1,5
2042,1.4493885040283203,0.7064429521560669,0.4442443549633026,0.49342474341392517,0.010378828272223473,0.12400130927562714,1,5
2043,1.428554654121399,0.6885625123977661,0.48326316475868225,0.5023061633110046,0.008470740169286728,0.13285692036151886,1,5
2044,1.4277163743972778,0.6741534471511841,0.4889046251773834,0.5096018314361572,0.009340556338429451,0.1451440155506134,1,5
2045,1.4184036254882812,0.6775221824645996,0.5016845464706421,0.5079231262207031,0.008564337156713009,0.12767669558525085,1,5
2046,1.4257545471191406,0.6899691224098206,0.49702420830726624,0.5016882419586182,0.008786736987531185,0.135416641831398,1,5
2047,1.4246580600738525,0.7125927209854126,0.49045518040657043,0.49039292335510254,0.010081271640956402,0.12982508540153503,1,5
2048,1.3851416110992432,0.713431715965271,0.5018211007118225,0.4899839162826538,0.009245950728654861,0.12045951932668686,1,5
2049,1.3869833946228027,0.725051760673523,0.49731168150901794,0.4843113124370575,0.010224963538348675,0.1522074192762375,1,5
2050,1.348388433456421,0.7070208787918091,0.5118258595466614,0.4931262731552124,0.00841169897466898,0.13058902323246002,1,5
2051,1.3508329391479492,0.7366601824760437,0.5168883204460144,0.4787416160106659,0.01184852235019207,0.1612587869167328,1,5
2052,1.3316805362701416,0.7318001985549927,0.5188190340995789,0.48104891180992126,0.006066938396543264,0.09218788146972656,1,5
2053,1.3138086795806885,0.7763783931732178,0.521511971950531,0.46007996797561646,0.009845366701483727,0.11602316796779633,1,5
2054,1.2736085653305054,0.7316009998321533,0.5247409343719482,0.4811512529850006,0.0166328102350235,0.22575898468494415,1,5
2055,1.3481395244598389,0.6322135925292969,0.5263826847076416,0.5314247608184814,0.014335282146930695,0.23503410816192627,1,5
2056,1.4641351699829102,0.634989321231842,0.5165987014770508,0.5299555063247681,0.01273880060762167,0.13171158730983734,1,5
2057,1.4954513311386108,0.6146616339683533,0.4941568076610565,0.5408704280853271,0.014232429675757885,0.18695595860481262,1,5
2058,1.5944883823394775,0.5895187854766846,0.4628182351589203,0.5546695590019226,0.01333017461001873,0.13378176093101501,1,5
2059,1.6213507652282715,0.6188892126083374,0.45846158266067505,0.538566529750824,0.011485856026411057,0.2042151242494583,1,5
2060,1.5984647274017334,0.6601754426956177,0.4508429169654846,0.5167663097381592,0.007494977675378323,0.08412152528762817,1,5
2061,1.5223631858825684,0.7071242332458496,0.45464566349983215,0.49306803941726685,0.010590849444270134,0.2346448302268982,1,5
2062,1.4468717575073242,0.6775597333908081,0.46950575709342957,0.5078728199005127,0.008987417444586754,0.16963866353034973,1,5
2063,1.438853144645691,0.6568772792816162,0.489363431930542,0.518476665019989,0.008111212402582169,0.11117064207792282,1,5
2064,1.4364337921142578,0.6839209794998169,0.4999362826347351,0.5046472549438477,0.010241231881082058,0.11804395169019699,1,5
2065,1.406230092048645,0.6940933465957642,0.5006805658340454,0.49953222274780273,0.012188191525638103,0.13851375877857208,1,5
2066,1.4222251176834106,0.7191587090492249,0.49179765582084656,0.4871678948402405,0.009287070482969284,0.10141919553279877,1,5
2067,1.4293723106384277,0.7262604832649231,0.47438544034957886,0.4837280511856079,0.008430734276771545,0.0904434472322464,1,5
2068,1.4269132614135742,0.7279084324836731,0.4695752263069153,0.4829317331314087,0.012106899172067642,0.11507894843816757,1,5
2069,1.4201669692993164,0.7188516855239868,0.4765414595603943,0.48732006549835205,0.010422458872199059,0.08877511322498322,1,5
2070,1.4149430990219116,0.7087352275848389,0.4792957305908203,0.49227675795555115,0.014262011274695396,0.21481619775295258,1,5
2071,1.415104627609253,0.6778903007507324,0.4922919273376465,0.5076971054077148,0.009505266323685646,0.09314389526844025,1,5
2072,1.4066840410232544,0.7211484313011169,0.5041372179985046,0.4861990809440613,0.0061066774651408195,0.09769181162118912,1,5
2073,1.367727518081665,0.7199664115905762,0.49868836998939514,0.4867820739746094,0.011065266095101833,0.12795250117778778,1,5
2074,1.3724133968353271,0.7182576060295105,0.5034170746803284,0.4876054525375366,0.006994996685534716,0.10595264285802841,1,5
2075,1.3475570678710938,0.7271318435668945,0.5099343061447144,0.48331695795059204,0.013106124475598335,0.18261393904685974,1,5
2076,1.337363362312317,0.6939250230789185,0.5189136266708374,0.49962395429611206,0.013197381049394608,0.1285814493894577,1,5
2077,1.3500217199325562,0.6639072895050049,0.527194619178772,0.5148524641990662,0.01611143723130226,0.16764377057552338,1,5
2078,1.3678088188171387,0.6635931730270386,0.5369037389755249,0.5150135159492493,0.012477287091314793,0.15133237838745117,1,5
2079,1.3710763454437256,0.6763111352920532,0.5341664552688599,0.5085046291351318,0.013415989466011524,0.13161064684391022,1,5
2080,1.3966422080993652,0.6500434279441833,0.517336368560791,0.5220544934272766,0.013474027626216412,0.14212453365325928,1,5
2081,1.4379298686981201,0.6225951313972473,0.512903094291687,0.5365687608718872,0.010021671652793884,0.09833618998527527,1,5
2082,1.524273157119751,0.6969548463821411,0.4793262183666229,0.49812179803848267,0.00833453144878149,0.07188468426465988,1,5
2083,1.4823265075683594,0.7348178625106812,0.4585830271244049,0.47960835695266724,0.009223018772900105,0.07657225430011749,1,5
2084,1.4793596267700195,0.7346805930137634,0.44333764910697937,0.47966235876083374,0.009548939764499664,0.08544919639825821,1,5
2085,1.4560219049453735,0.7116658687591553,0.45360445976257324,0.4908316731452942,0.010604102164506912,0.09337355941534042,1,5
2086,1.4405310153961182,0.6725538969039917,0.4732328951358795,0.5104312896728516,0.014344854280352592,0.13201868534088135,1,5
2087,1.4678069353103638,0.6705857515335083,0.4829685091972351,0.5114114284515381,0.007802161853760481,0.08725058287382126,1,5
2088,1.4793915748596191,0.7179712057113647,0.47137999534606934,0.48774367570877075,0.007968960329890251,0.11941861361265182,1,5
2089,1.4587968587875366,0.7684589624404907,0.45758146047592163,0.4637296199798584,0.007109194062650204,0.07282372564077377,1,5
2090,1.4112521409988403,0.7710326313972473,0.4572902321815491,0.4625379741191864,0.011331354267895222,0.08975408971309662,1,5
2091,1.388369083404541,0.7343143224716187,0.47007521986961365,0.4798380434513092,0.008679207414388657,0.10639797151088715,1,5
2092,1.3904441595077515,0.702312707901001,0.4853017032146454,0.4954417049884796,0.00921619962900877,0.10829191654920578,1,5
2093,1.3922004699707031,0.7099062204360962,0.4996747374534607,0.49169671535491943,0.008960210718214512,0.10477116703987122,1,5
2094,1.38993501663208,0.7149841785430908,0.4965755343437195,0.489219069480896,0.013674541376531124,0.136627197265625,1,5
2095,1.4104950428009033,0.7214528918266296,0.487604558467865,0.4860556125640869,0.00949118286371231,0.1062847226858139,1,5
2096,1.3951692581176758,0.7255903482437134,0.48920494318008423,0.48404717445373535,0.009643521159887314,0.11218288540840149,1,5
2097,1.378407597541809,0.6205199956893921,0.4981730580329895,0.5377130508422852,0.014406814239919186,0.21328091621398926,1,5
2098,1.4849426746368408,0.6074638962745667,0.5057203769683838,0.5447978973388672,0.014152031391859055,0.13668400049209595,1,5
2099,1.4995248317718506,0.6492581367492676,0.5059214234352112,0.5224604606628418,0.013119646348059177,0.10879799723625183,1,5
2100,1.460205078125,0.7243170738220215,0.49449422955513,0.48468536138534546,0.014219471253454685,0.14669939875602722,1,5
2101,1.3584091663360596,0.6817260980606079,0.5086504220962524,0.5057623386383057,0.016809258610010147,0.17379721999168396,1,5
2102,1.3707695007324219,0.6157189607620239,0.5321285128593445,0.5402681827545166,0.015252972953021526,0.1177622601389885,1,5
2103,1.4146702289581299,0.631072461605072,0.5414619445800781,0.532077431678772,0.013368864543735981,0.13735415041446686,1,5
2104,1.4266033172607422,0.6479699611663818,0.5264514088630676,0.5232013463973999,0.014460258185863495,0.12746545672416687,1,5
2105,1.4750012159347534,0.6524718999862671,0.49556466937065125,0.5207858085632324,0.013699074275791645,0.11918757110834122,1,5
2106,1.5211501121520996,0.6197143197059631,0.46873414516448975,0.5381079912185669,0.013934982940554619,0.11928533017635345,1,5
2107,1.5743117332458496,0.6462969183921814,0.45955750346183777,0.5239890813827515,0.010399800725281239,0.09768181294202805,1,5
2108,1.5514684915542603,0.7141821384429932,0.45184171199798584,0.48960167169570923,0.00891274493187666,0.15486247837543488,1,5
2109,1.511185646057129,0.7425240278244019,0.4362861216068268,0.47591760754585266,0.01032304298132658,0.19385486841201782,1,5
2110,1.465745449066162,0.7250778079032898,0.4450629949569702,0.48430514335632324,0.010304967872798443,0.16156543791294098,1,5
2111,1.442849040031433,0.7040942311286926,0.4634246826171875,0.4945603013038635,0.008478277362883091,0.08376257121562958,1,5
2112,1.4232501983642578,0.7022318840026855,0.480899453163147,0.4954819083213806,0.007442983333021402,0.09155821055173874,1,5
2113,1.3990782499313354,0.6960145235061646,0.4947499930858612,0.49857598543167114,0.010078414343297482,0.13120098412036896,1,5
2114,1.3961853981018066,0.6941902041435242,0.5021352767944336,0.49951839447021484,0.010855830274522305,0.10047294199466705,1,5
2115,1.395052194595337,0.6789205074310303,0.5059205889701843,0.5072733163833618,0.013945851475000381,0.15973857045173645,1,5
2116,1.4521293640136719,0.6556304693222046,0.4929295778274536,0.519156277179718,0.011224757879972458,0.1032322496175766,1,5
2117,1.4816257953643799,0.6810316443443298,0.48190122842788696,0.5061240196228027,0.011433745734393597,0.1054215133190155,1,5
2118,1.4642536640167236,0.6959773302078247,0.4765637218952179,0.49860844016075134,0.014284399338066578,0.12274927645921707,1,5
2119,1.4532785415649414,0.6739413738250732,0.4759429693222046,0.5097097158432007,0.01115705631673336,0.11235158145427704,1,5
2120,1.4809067249298096,0.6942297220230103,0.47308751940727234,0.4994701147079468,0.009122327901422977,0.07715974003076553,1,5
2121,1.431007981300354,0.7145445346832275,0.4830438494682312,0.4894713759422302,0.010521645657718182,0.11074252426624298,1,5
2122,1.400272250175476,0.7230266332626343,0.49082282185554504,0.4852907061576843,0.011321100406348705,0.10307028889656067,1,5
2123,1.3883023262023926,0.7348949909210205,0.49181562662124634,0.47956568002700806,0.01123811211436987,0.08456151932477951,1,5
2124,1.349465012550354,0.7694964408874512,0.5042411088943481,0.46326565742492676,0.011353916488587856,0.08823055773973465,1,5
2125,1.3055500984191895,0.7664143443107605,0.511272668838501,0.46472954750061035,0.011068450286984444,0.10418803244829178,1,5
2126,1.2764818668365479,0.7357079982757568,0.5318649411201477,0.479217529296875,0.01244264468550682,0.11611767113208771,1,5
2127,1.2867372035980225,0.7196059823036194,0.542250394821167,0.48697608709335327,0.012873712927103043,0.13234449923038483,1,5
2128,1.3141465187072754,0.7395577430725098,0.5390384793281555,0.477329283952713,0.01261928677558899,0.12062409520149231,1,5
2129,1.313280701637268,0.7981651425361633,0.5233556032180786,0.45015767216682434,0.011913453228771687,0.14930753409862518,1,5
2130,1.2710793018341064,0.763369083404541,0.5200617909431458,0.4661076068878174,0.017078813165426254,0.1849113553762436,1,5
2131,1.2896201610565186,0.6972432732582092,0.5385472774505615,0.498071551322937,0.020430976524949074,0.16999150812625885,1,5
2132,1.3485275506973267,0.6398800611495972,0.541145920753479,0.5274377465248108,0.017374379560351372,0.1751672923564911,1,5
2133,1.3895496129989624,0.6600610613822937,0.5456879734992981,0.5168290734291077,0.010341945104300976,0.09022077918052673,1,5
2134,1.4116764068603516,0.7511052489280701,0.5142807960510254,0.471892774105072,0.01434996910393238,0.1806274950504303,1,5
2135,1.3659874200820923,0.6788120269775391,0.49401742219924927,0.5074176788330078,0.022136103361845016,0.1422678828239441,1,5
2136,1.4425898790359497,0.6185800433158875,0.5061794519424438,0.5387561321258545,0.014068922027945518,0.12771938741207123,1,5
2137,1.4971332550048828,0.6477842926979065,0.5014504194259644,0.5232653617858887,0.016835425049066544,0.14159123599529266,1,5
2138,1.4991445541381836,0.6029943227767944,0.48610907793045044,0.5471975803375244,0.021815840154886246,0.22472326457500458,1,5
2139,1.5337915420532227,0.6645888090133667,0.4953663945198059,0.5145036578178406,0.012805626727640629,0.09268846362829208,1,5
2140,1.4798784255981445,0.6280869245529175,0.4807732105255127,0.5336370468139648,0.017579831182956696,0.15209613740444183,1,5
2141,1.5227205753326416,0.6073375940322876,0.4927794337272644,0.5448551177978516,0.013813870958983898,0.11026905477046967,1,5
2142,1.5323110818862915,0.658240556716919,0.48805689811706543,0.5177985429763794,0.01854461431503296,0.1263299137353897,1,5
2143,1.5147814750671387,0.6916112303733826,0.4671028256416321,0.5007809996604919,0.012668711133301258,0.13057219982147217,1,5
2144,1.5143260955810547,0.6493265628814697,0.448108971118927,0.5224127769470215,0.019763145595788956,0.18068592250347137,1,5
2145,1.58536696434021,0.7048035860061646,0.4434194564819336,0.4942140579223633,0.01112394779920578,0.10178959369659424,1,5
2146,1.5260751247406006,0.7511742115020752,0.435702919960022,0.47182613611221313,0.013017559424042702,0.1121307834982872,1,5
2147,1.4692676067352295,0.7455589771270752,0.4411676526069641,0.4744774401187897,0.013924486935138702,0.1951175034046173,1,5
2148,1.4407670497894287,0.7344731092453003,0.4585754871368408,0.47976773977279663,0.011139845475554466,0.12098696827888489,1,5
2149,1.4210090637207031,0.7424648404121399,0.4725421667098999,0.4759419560432434,0.008168338797986507,0.06009591370820999,1,5
2150,1.3759620189666748,0.7344090938568115,0.48599690198898315,0.47979074716567993,0.015380121767520905,0.11141140013933182,1,5
2151,1.3568320274353027,0.7057497501373291,0.5058636665344238,0.49377477169036865,0.01566588133573532,0.10236843675374985,1,5
2152,1.3829147815704346,0.6772540807723999,0.5053519606590271,0.5080922842025757,0.014048857614398003,0.1079048216342926,1,5
2153,1.4224745035171509,0.6571992635726929,0.501441240310669,0.5183768272399902,0.013030974194407463,0.10157894343137741,1,5
2154,1.4676170349121094,0.6635221242904663,0.4903138279914856,0.5150464177131653,0.009254414588212967,0.07926847785711288,1,5
2155,1.472062110900879,0.6988108158111572,0.4799812138080597,0.49718835949897766,0.011117111891508102,0.08874141424894333,1,5
2156,1.4538514614105225,0.7238810062408447,0.4723660349845886,0.48487693071365356,0.010999954305589199,0.08937973529100418,1,5
2157,1.4236135482788086,0.6738548278808594,0.475028395652771,0.5097595453262329,0.012065756134688854,0.11556714028120041,1,5
2158,1.4330289363861084,0.6948658227920532,0.4953920841217041,0.4991455078125,0.007758509833365679,0.09020549803972244,1,5
2159,1.404619812965393,0.7292921543121338,0.4955797791481018,0.48225292563438416,0.008910358883440495,0.07274024933576584,1,5
2160,1.36399507522583,0.7461812496185303,0.4993221163749695,0.47417670488357544,0.01044519618153572,0.09926671534776688,1,5
2161,1.3467576503753662,0.6850594878196716,0.5025782585144043,0.504076361656189,0.016611265018582344,0.17802941799163818,1,5
2162,1.4142308235168457,0.546546459197998,0.516681969165802,0.5789692401885986,0.012935122475028038,0.16203024983406067,1,5
2163,1.6116786003112793,0.5526655912399292,0.49458879232406616,0.5754178762435913,0.010555010288953781,0.11274892091751099,1,5
2164,1.6519087553024292,0.6493714451789856,0.4597499966621399,0.5224591493606567,0.013072858564555645,0.11386462301015854,1,5
2165,1.6070219278335571,0.7261330485343933,0.4299270510673523,0.4837879240512848,0.01267874427139759,0.16520822048187256,1,5
2166,1.5439039468765259,0.7547737956047058,0.41958847641944885,0.4701297879219055,0.010861322283744812,0.10555999726057053,1,5
2167,1.4751989841461182,0.7424015402793884,0.4362797737121582,0.4759843051433563,0.01047543529421091,0.1104741320014,1,5
2168,1.4025897979736328,0.713786244392395,0.4751386046409607,0.4897947311401367,0.01073618233203888,0.12825408577919006,1,5
2169,1.3832430839538574,0.7081080079078674,0.49887406826019287,0.4925907850265503,0.014376715756952763,0.12452014535665512,1,5
2170,1.3584709167480469,0.7746119499206543,0.515055239200592,0.4608890116214752,0.010728747583925724,0.12414105236530304,1,5
2171,1.3060122728347778,0.8096238374710083,0.5087946057319641,0.44504833221435547,0.015127772465348244,0.15538616478443146,1,5
2172,1.2652003765106201,0.8123035430908203,0.5182737112045288,0.44385015964508057,0.013406236656010151,0.12535883486270905,1,5
2173,1.2309818267822266,0.7573745846748352,0.5354453325271606,0.4689880907535553,0.023461030796170235,0.20371483266353607,1,5
2174,1.252447485923767,0.7463085055351257,0.5550814270973206,0.47413650155067444,0.017168033868074417,0.14342370629310608,1,5
2175,1.267549991607666,0.74656742811203,0.5529052019119263,0.4741012454032898,0.021455440670251846,0.2124651074409485,1,5
2176,1.3097543716430664,0.6995952129364014,0.5373333692550659,0.4968361556529999,0.01966080069541931,0.16204801201820374,1,5
2177,1.3904430866241455,0.6293150782585144,0.5218885540962219,0.5329631567001343,0.009252112358808517,0.10123883932828903,1,5
2178,1.4843051433563232,0.7016851305961609,0.4937252700328827,0.4957770109176636,0.014621615409851074,0.09897516667842865,1,5
2179,1.4527651071548462,0.7382171154022217,0.4731005132198334,0.4779846668243408,0.012817234732210636,0.07316991686820984,1,5
2180,1.4461389780044556,0.7404018640518188,0.45732802152633667,0.4770425260066986,0.011121629737317562,0.08388594537973404,1,5
2181,1.386030912399292,0.7054482698440552,0.4838448762893677,0.4940323233604431,0.02092244289815426,0.10434707999229431,1,5
2182,1.3945876359939575,0.666149377822876,0.5019968748092651,0.5137352347373962,0.012990920804440975,0.08904979377985,1,5
2183,1.4121460914611816,0.6967358589172363,0.5103273391723633,0.4982621371746063,0.014327113516628742,0.11907422542572021,1,5
2184,1.4156866073608398,0.6644362211227417,0.49645599722862244,0.514623761177063,0.01591034047305584,0.10068187862634659,1,5
2185,1.4757249355316162,0.6934729814529419,0.48385411500930786,0.4998475909233093,0.01158213336020708,0.10078344494104385,1,5
2186,1.45987868309021,0.6983526945114136,0.4730077385902405,0.4974149167537689,0.017175637185573578,0.09289051592350006,1,5
2187,1.4776558876037598,0.7490999698638916,0.46132197976112366,0.4728168845176697,0.012283296324312687,0.07992620021104813,1,5
2188,1.4203877449035645,0.7180597186088562,0.46326082944869995,0.48772305250167847,0.010737945325672626,0.11700062453746796,1,5
2189,1.4413411617279053,0.6682871580123901,0.47235679626464844,0.5126075744628906,0.012861410155892372,0.13011577725410461,1,5
2190,1.4818966388702393,0.6530565023422241,0.47911447286605835,0.5204771757125854,0.011305689811706543,0.10250257700681686,1,5
2191,1.4657663106918335,0.6927220821380615,0.4882758855819702,0.5002326369285583,0.016948595643043518,0.15326069295406342,1,5
2192,1.4368681907653809,0.7266963720321655,0.48843997716903687,0.4835147559642792,0.013642067089676857,0.15140500664710999,1,5
2193,1.4136276245117188,0.7290378212928772,0.4786713421344757,0.4823908805847168,0.015213560312986374,0.1705072820186615,1,5
2194,1.4102904796600342,0.6868964433670044,0.48119431734085083,0.503166675567627,0.015740282833576202,0.18080657720565796,1,5
2195,1.4363216161727905,0.6904857158660889,0.49016720056533813,0.5013564229011536,0.014707768335938454,0.27727970480918884,1,5
2196,1.414154291152954,0.7258139848709106,0.4982210397720337,0.48395422101020813,0.012976042926311493,0.1317845731973648,1,5
2197,1.3765639066696167,0.6924115419387817,0.49778443574905396,0.5003939867019653,0.018590427935123444,0.24538207054138184,1,5
2198,1.4295055866241455,0.7025607824325562,0.5020203590393066,0.49532926082611084,0.010512862354516983,0.07846785336732864,1,5
2199,1.401848554611206,0.8164722919464111,0.4934781491756439,0.44199326634407043,0.010703466832637787,0.07023832201957703,1,5
2200,1.323062777519226,0.8299728631973267,0.4813504219055176,0.43609797954559326,0.015761155635118484,0.11644091457128525,1,5
2201,1.2923507690429688,0.690855860710144,0.49677419662475586,0.5011586546897888,0.010768197476863861,0.10224947333335876,1,5
2202,1.358459711074829,0.6685508489608765,0.5257904529571533,0.5124825239181519,0.01811791956424713,0.17622622847557068,1,5
2203,1.4023773670196533,0.5890315175056458,0.5291175246238708,0.5548858642578125,0.021845396608114243,0.16607163846492767,1,5
2204,1.6005455255508423,0.5763102769851685,0.4879189133644104,0.5619984865188599,0.012801991775631905,0.0962023064494133,1,5
2205,1.6730337142944336,0.5929008722305298,0.44090917706489563,0.552743673324585,0.013484830036759377,0.10537798702716827,1,5
2206,1.6630442142486572,0.6587586998939514,0.43366318941116333,0.5175020694732666,0.009960141964256763,0.10624292492866516,1,5
2207,1.5975401401519775,0.6695884466171265,0.4270169734954834,0.511925995349884,0.011388866230845451,0.09629622846841812,1,5
2208,1.5061577558517456,0.6662003397941589,0.46144747734069824,0.5136735439300537,0.017954301089048386,0.11430174857378006,1,5
2209,1.4712995290756226,0.6622925996780396,0.4850097894668579,0.5156732201576233,0.013435123488307,0.09807245433330536,1,5
2210,1.4395530223846436,0.710371732711792,0.4960905611515045,0.4914762079715729,0.010123430751264095,0.12403177469968796,1,5
2211,1.3871513605117798,0.725974440574646,0.4982014298439026,0.48389074206352234,0.013069660402834415,0.11216618865728378,1,5
2212,1.3683661222457886,0.7132447361946106,0.5010213255882263,0.4900858998298645,0.016502222046256065,0.2106187343597412,1,5
2213,1.3751654624938965,0.7077943086624146,0.5083022117614746,0.4927503764629364,0.015843737870454788,0.22167952358722687,1,5
2214,1.3932074308395386,0.7087200880050659,0.5091096758842468,0.4922841787338257,0.0129212262108922,0.09262528270483017,1,5
2215,1.4018924236297607,0.7577874660491943,0.4917638301849365,0.4687119126319885,0.012282365933060646,0.08550405502319336,1,5
2216,1.380994200706482,0.7472000122070312,0.48037195205688477,0.4737142324447632,0.014734122902154922,0.13755962252616882,1,5
2217,1.379822850227356,0.7304587960243225,0.488309383392334,0.4817552864551544,0.01756044663488865,0.12367881834506989,1,5
2218,1.3856420516967773,0.6715673208236694,0.49600785970687866,0.5109490156173706,0.02036896161735058,0.15396322309970856,1,5
2219,1.4690985679626465,0.6587451696395874,0.48724591732025146,0.5175158977508545,0.012907600030303001,0.1078277975320816,1,5
2220,1.4974232912063599,0.6767927408218384,0.4740059971809387,0.5082577466964722,0.015556936152279377,0.12868820130825043,1,5
2221,1.52248215675354,0.6606653928756714,0.4576420485973358,0.5165244340896606,0.015369100496172905,0.15605683624744415,1,5
2222,1.5668519735336304,0.662284255027771,0.44474345445632935,0.5156797766685486,0.012523897923529148,0.09119243174791336,1,5
2223,1.5281665325164795,0.6887374520301819,0.45553672313690186,0.502219021320343,0.012822521850466728,0.10738369077444077,1,5
2224,1.4915881156921387,0.714930534362793,0.4590683877468109,0.48923105001449585,0.010547208599746227,0.11700157821178436,1,5
2225,1.4478280544281006,0.7349201440811157,0.4667010009288788,0.47955048084259033,0.00909119751304388,0.07539596408605576,1,5
2226,1.391519546508789,0.767528772354126,0.4817463159561157,0.46416205167770386,0.007667041849344969,0.06998832523822784,1,5
2227,1.3225172758102417,0.7719758749008179,0.4999103546142578,0.4622122347354889,0.01392801571637392,0.10207130014896393,1,5
2228,1.3072959184646606,0.7127848863601685,0.5161066055297852,0.49030643701553345,0.013544547371566296,0.1542188674211502,1,5
2229,1.328262209892273,0.7134259939193726,0.5316696166992188,0.4899650812149048,0.009392536245286465,0.09801272302865982,1,5
2230,1.3335669040679932,0.7916314601898193,0.5218388438224792,0.45310747623443604,0.01223677583038807,0.10553435981273651,1,5
2231,1.3073341846466064,0.7693938612937927,0.503270149230957,0.4633101224899292,0.01638125255703926,0.1516025811433792,1,5
2232,1.3371204137802124,0.7387990951538086,0.5030425786972046,0.4776926040649414,0.013860205188393593,0.0859149619936943,1,5
2233,1.353410243988037,0.7604858875274658,0.5030496120452881,0.4674663245677948,0.012909969314932823,0.09391334652900696,1,5
2234,1.3467051982879639,0.7316346168518066,0.4985714256763458,0.4811363220214844,0.0182760339230299,0.11942136287689209,1,5
2235,1.3843746185302734,0.7354992628097534,0.4946640133857727,0.47927457094192505,0.010778301395475864,0.070231132209301,1,5
2236,1.3476171493530273,0.7688342928886414,0.5058737993240356,0.4635636806488037,0.010772540234029293,0.0673862025141716,1,5
2237,1.3180434703826904,0.7910550832748413,0.5052007436752319,0.45337599515914917,0.008816392160952091,0.08139710873365402,1,5
2238,1.2568211555480957,0.7858281135559082,0.5272159576416016,0.45575112104415894,0.01502230018377304,0.12095914781093597,1,5
2239,1.2538516521453857,0.7634259462356567,0.5382744073867798,0.4660746157169342,0.014807380735874176,0.10129900276660919,1,5
2240,1.227064847946167,0.7441443204879761,0.5582551956176758,0.4751889109611511,0.014877891167998314,0.10876228660345078,1,5
2241,1.2637794017791748,0.7267574071884155,0.5518524646759033,0.4834946393966675,0.017077703028917313,0.10815383493900299,1,5
2242,1.3072057962417603,0.5657422542572021,0.5410926342010498,0.5680427551269531,0.025669680908322334,0.17879042029380798,1,5
2243,1.5421688556671143,0.5028456449508667,0.5397533178329468,0.6048204898834229,0.015764791518449783,0.12215348333120346,1,5
2244,1.6572335958480835,0.5748662352561951,0.5007318258285522,0.5631585121154785,0.015466395765542984,0.11997025460004807,1,5
2245,1.5859307050704956,0.6578326225280762,0.48402947187423706,0.5179928541183472,0.014113299548625946,0.10888008028268814,1,5
2246,1.4944000244140625,0.7069281339645386,0.47877418994903564,0.49327343702316284,0.014742719940841198,0.12499458342790604,1,5
2247,1.4113705158233643,0.6985807418823242,0.490936279296875,0.49732643365859985,0.016449199989438057,0.11976373195648193,1,5
2248,1.3589451313018799,0.6406130790710449,0.5254132151603699,0.5269951224327087,0.021994030103087425,0.17870557308197021,1,5
2249,1.3722474575042725,0.5783270597457886,0.5562376976013184,0.5609115362167358,0.019443808123469353,0.12777042388916016,1,5
2250,1.4745283126831055,0.6918007135391235,0.5392979979515076,0.5007108449935913,0.01476626843214035,0.0804009884595871,1,5
2251,1.4706034660339355,0.7058178186416626,0.4691568613052368,0.49372053146362305,0.021072400733828545,0.1349087357521057,1,5
2252,1.5435333251953125,0.6779780387878418,0.4373580813407898,0.5076509118080139,0.010895072482526302,0.08448563516139984,1,5
2253,1.5502090454101562,0.7149702906608582,0.4368055462837219,0.48921146988868713,0.010178221389651299,0.07401897758245468,1,5
2254,1.466672658920288,0.7132359147071838,0.4575207829475403,0.4900742173194885,0.010147660039365292,0.07514584809541702,1,5
2255,1.4428012371063232,0.7194380760192871,0.46943873167037964,0.4870336651802063,0.009544788859784603,0.08731281012296677,1,5
2256,1.4349052906036377,0.7283099889755249,0.46908366680145264,0.48272591829299927,0.008519923314452171,0.07569917291402817,1,5
2257,1.3915863037109375,0.7510603666305542,0.48659563064575195,0.47186920046806335,0.007502176333218813,0.05705459788441658,1,5
2258,1.3365734815597534,0.7863556146621704,0.5026228427886963,0.4555039405822754,0.005611918400973082,0.05705967918038368,1,5
2259,1.2900632619857788,0.799102783203125,0.5102356672286987,0.44973546266555786,0.010944971814751625,0.08297984302043915,1,5
2260,1.2657476663589478,0.8102298378944397,0.5184290409088135,0.4447571635246277,0.008220674470067024,0.05855957046151161,1,5
2261,1.2577850818634033,0.7737889289855957,0.5166162848472595,0.4612681269645691,0.012856568209826946,0.14629943668842316,1,5
2262,1.2390834093093872,0.6285189390182495,0.5519713759422302,0.5334036350250244,0.01768077164888382,0.134966179728508,1,5
2263,1.4189555644989014,0.5727155804634094,0.5420187711715698,0.5640172362327576,0.013521130196750164,0.09816701710224152,1,5
2264,1.5358024835586548,0.6752489805221558,0.5058838129043579,0.5090482831001282,0.013912687078118324,0.10473070293664932,1,5
2265,1.5323238372802734,0.7260440587997437,0.4495592415332794,0.48385170102119446,0.012327354401350021,0.14077234268188477,1,5
2266,1.488891839981079,0.7074086666107178,0.4446931481361389,0.49297571182250977,0.013806269504129887,0.15068978071212769,1,5
2267,1.4408295154571533,0.718233585357666,0.47475284337997437,0.48765072226524353,0.010848554782569408,0.0814417228102684,1,5
2268,1.3694881200790405,0.7403733730316162,0.5031954050064087,0.4769662916660309,0.013892040587961674,0.09954998642206192,1,5
2269,1.3591053485870361,0.7457703948020935,0.5011340975761414,0.474382221698761,0.015672681853175163,0.12853825092315674,1,5
2270,1.3150829076766968,0.7091383934020996,0.5204329490661621,0.4921122193336487,0.01989089883863926,0.16279707849025726,1,5
2271,1.3499836921691895,0.6463003158569336,0.5336176156997681,0.5242507457733154,0.014699027873575687,0.11115697026252747,1,5
2272,1.4501841068267822,0.7005002498626709,0.5131852030754089,0.4963570237159729,0.0156405046582222,0.12533368170261383,1,5
2273,1.429234266281128,0.7219662666320801,0.48864036798477173,0.48581624031066895,0.01585959643125534,0.1361999362707138,1,5
2274,1.4177398681640625,0.7352157831192017,0.48445555567741394,0.47942790389060974,0.01518634520471096,0.1282382607460022,1,5
2275,1.3943312168121338,0.735802412033081,0.48830294609069824,0.47914546728134155,0.017878372222185135,0.17266955971717834,1,5
2276,1.3672246932983398,0.6999223232269287,0.5046513080596924,0.49663445353507996,0.018283475190401077,0.1350773721933365,1,5
2277,1.4409940242767334,0.6753301620483398,0.487753689289093,0.5090086460113525,0.013644257560372353,0.1072353944182396,1,5
2278,1.4427576065063477,0.6967893242835999,0.4969848394393921,0.49819236993789673,0.016947807744145393,0.13147418200969696,1,5
2279,1.3874675035476685,0.708253026008606,0.5171595811843872,0.4925123155117035,0.015112283639609814,0.11780646443367004,1,5
2280,1.3999643325805664,0.6630904078483582,0.5020933151245117,0.5152624845504761,0.016879141330718994,0.13090331852436066,1,5
2281,1.462043046951294,0.610206127166748,0.4981156289577484,0.543265700340271,0.023401033133268356,0.1811920553445816,1,5
2282,1.5953404903411865,0.5669934749603271,0.47748538851737976,0.5672451257705688,0.01570545881986618,0.15440593659877777,1,5
2283,1.6900129318237305,0.6192156076431274,0.44620904326438904,0.5383765697479248,0.012456245720386505,0.3361988067626953,1,5
2284,1.662645936012268,0.6629356145858765,0.42645716667175293,0.5153626799583435,0.013647597283124924,0.14365404844284058,1,5
2285,1.6205620765686035,0.673076868057251,0.4172741174697876,0.510156512260437,0.014136909507215023,0.18916837871074677,1,5
2286,1.5429511070251465,0.6092836856842041,0.44715070724487305,0.5437577962875366,0.016088120639324188,0.1943083554506302,1,5
2287,1.5730464458465576,0.5938050746917725,0.471187561750412,0.5523414015769958,0.018004251644015312,0.20044110715389252,1,5
2288,1.5644689798355103,0.6323641538619995,0.4831598103046417,0.5313509702682495,0.015022678300738335,0.21992847323417664,1,5
2289,1.4936143159866333,0.6865502595901489,0.486807644367218,0.5033429861068726,0.02125803753733635,0.27347123622894287,1,5
2290,1.4803266525268555,0.6478436589241028,0.47491347789764404,0.523217499256134,0.020580505952239037,0.19727328419685364,1,5
2291,1.5202463865280151,0.6089751720428467,0.4806841015815735,0.5439383387565613,0.01725875213742256,0.13925038278102875,1,5
2292,1.5759506225585938,0.6331933736801147,0.47039735317230225,0.5309007167816162,0.01163309533149004,0.13670556247234344,1,5
2293,1.546905517578125,0.70013427734375,0.4587949514389038,0.4965254068374634,0.013304545544087887,0.14054523408412933,1,5
2294,1.511925458908081,0.6792987585067749,0.4455801844596863,0.5069835186004639,0.013534349389374256,0.1385546177625656,1,5
2295,1.5016679763793945,0.6524770259857178,0.4609715938568115,0.520754873752594,0.01187595073133707,0.08413189649581909,1,5
2296,1.5150858163833618,0.7020783424377441,0.4675157070159912,0.4955558180809021,0.010290049016475677,0.07120321691036224,1,5
2297,1.4647541046142578,0.7490729093551636,0.4659709632396698,0.47282034158706665,0.017300769686698914,0.1435006558895111,1,5
2298,1.4146225452423096,0.7118979692459106,0.4704364240169525,0.4907766580581665,0.028028545901179314,0.24237746000289917,1,5
2299,1.4917919635772705,0.7267786264419556,0.4742659330368042,0.48346811532974243,0.007573245093226433,0.0612897127866745,1,5
2300,1.442185878753662,0.771440863609314,0.46295806765556335,0.4623512327671051,0.008272669278085232,0.053343046456575394,1,5
2301,1.3833467960357666,0.7550182342529297,0.4719129800796509,0.4700142443180084,0.012128494679927826,0.06342564523220062,1,5
2302,1.3872606754302979,0.7209020256996155,0.4806181788444519,0.48632657527923584,0.01169605739414692,0.07329955697059631,1,5
2303,1.371161937713623,0.693653404712677,0.5034931898117065,0.4997612237930298,0.013497628271579742,0.10823487490415573,1,5
2304,1.3892416954040527,0.6923086643218994,0.5129930377006531,0.5004264116287231,0.009462093003094196,0.06364815682172775,1,5
2305,1.3925530910491943,0.6578894853591919,0.506426215171814,0.5179487466812134,0.011904079467058182,0.07766042649745941,1,5
2306,1.4632091522216797,0.6622103452682495,0.4922633767127991,0.5157208442687988,0.010857249610126019,0.06791960448026657,1,5
2307,1.4595820903778076,0.6500784754753113,0.49222666025161743,0.5220263600349426,0.013617176562547684,0.08394040912389755,1,5
2308,1.494497299194336,0.6450398564338684,0.47915345430374146,0.5246534943580627,0.02172478847205639,0.1507001370191574,1,5
2309,1.5138273239135742,0.6702468395233154,0.48039019107818604,0.5115918517112732,0.01062396727502346,0.06877250224351883,1,5
2310,1.4977686405181885,0.7286316156387329,0.463010311126709,0.48258909583091736,0.013651943765580654,0.11923814564943314,1,5
2311,1.4267688989639282,0.7360372543334961,0.4684104323387146,0.4790242910385132,0.019093086943030357,0.20543086528778076,1,5
2312,1.3825132846832275,0.7185531854629517,0.4862745404243469,0.48749688267707825,0.019841715693473816,0.21099230647087097,1,5
2313,1.3532373905181885,0.6398189663887024,0.5201193690299988,0.527413010597229,0.018599949777126312,0.10847316682338715,1,5
2314,1.4204447269439697,0.6659141778945923,0.5229611396789551,0.5138210654258728,0.01948932558298111,0.13420122861862183,1,5
2315,1.4259334802627563,0.712482750415802,0.5050004720687866,0.49043190479278564,0.015848837792873383,0.10750222951173782,1,5
2316,1.4062421321868896,0.688403844833374,0.4879649877548218,0.5023813247680664,0.014203480444848537,0.16446419060230255,1,5
2317,1.430008888244629,0.6896687746047974,0.4926227033138275,0.5017473697662354,0.017396530136466026,0.1446332484483719,1,5
2318,1.4557671546936035,0.6757605075836182,0.4802602529525757,0.5087802410125732,0.015232878737151623,0.07304312288761139,1,5
2319,1.4855815172195435,0.6769552230834961,0.46827882528305054,0.5081930160522461,0.012758300639688969,0.08872437477111816,1,5
2320,1.5106428861618042,0.7133219242095947,0.45843708515167236,0.49002212285995483,0.012258593924343586,0.07981443405151367,1,5
2321,1.4919929504394531,0.7300047278404236,0.44586071372032166,0.4819122850894928,0.011134914122521877,0.0769302248954773,1,5
2322,1.453225016593933,0.7425613403320312,0.4557616114616394,0.47589701414108276,0.010583356954157352,0.06467463076114655,1,5
2323,1.3874661922454834,0.7364974021911621,0.48042982816696167,0.47881197929382324,0.013385786674916744,0.09327352046966553,1,5
2324,1.3794302940368652,0.6871082782745361,0.4907490909099579,0.5030460357666016,0.013092436827719212,0.08744469285011292,1,5
2325,1.4118744134902954,0.68644118309021,0.4999779462814331,0.5034277439117432,0.01575806364417076,0.07526403665542603,1,5
2326,1.426858901977539,0.678588330745697,0.4927428364753723,0.5073451399803162,0.011397196911275387,0.06208917498588562,1,5
2327,1.4107081890106201,0.7258018851280212,0.5007323026657104,0.4839411973953247,0.010889418423175812,0.048479799181222916,1,5
2328,1.3714475631713867,0.7211400866508484,0.49675115942955017,0.4862239956855774,0.017540065571665764,0.08034588396549225,1,5
2329,1.376076102256775,0.7249259948730469,0.5012400150299072,0.4843633472919464,0.012871046550571918,0.055591192096471786,1,5
2330,1.3531140089035034,0.7000659704208374,0.5065939426422119,0.49656397104263306,0.017190424725413322,0.09193166345357895,1,5
2331,1.3942837715148926,0.6430623531341553,0.5044649243354797,0.5257018804550171,0.019346989691257477,0.12234946340322495,1,5
2332,1.4648388624191284,0.6221716403961182,0.5069531202316284,0.53681480884552,0.013113701716065407,0.07434960454702377,1,5
2333,1.4595534801483154,0.6497069597244263,0.5097851753234863,0.5222364664077759,0.01499274279922247,0.07363150268793106,1,5
2334,1.459807276725769,0.6447838544845581,0.4952777922153473,0.5248312950134277,0.014148483984172344,0.09089716523885727,1,5
2335,1.4542820453643799,0.6517404317855835,0.5004350543022156,0.5211449265480042,0.015499015338718891,0.1038183942437172,1,5
2336,1.4477566480636597,0.6241284608840942,0.502707839012146,0.5357391834259033,0.016932383179664612,0.1172819659113884,1,5
2337,1.500253677368164,0.6333613395690918,0.4983029365539551,0.5308187007904053,0.012778086587786674,0.05264042317867279,1,5
2338,1.514329433441162,0.6898574829101562,0.47589221596717834,0.5016716718673706,0.01234487909823656,0.053739387542009354,1,5
2339,1.504439115524292,0.6849604249000549,0.4514627158641815,0.5042129755020142,0.016553249210119247,0.0853198915719986,1,5
2340,1.5333143472671509,0.6331296563148499,0.445682168006897,0.5309631824493408,0.018141018226742744,0.06286603957414627,1,5
2341,1.5508413314819336,0.6392633318901062,0.45945245027542114,0.5276851654052734,0.008244169875979424,0.04758596792817116,1,5
2342,1.5355223417282104,0.657096266746521,0.4601496458053589,0.5183620452880859,0.010377262718975544,0.07311189919710159,1,5
2343,1.5178966522216797,0.657995343208313,0.46162110567092896,0.5179009437561035,0.011481010355055332,0.06508420407772064,1,5
2344,1.5109219551086426,0.6285721659660339,0.46602240204811096,0.5333722829818726,0.012507250532507896,0.07418856024742126,1,5
2345,1.5340328216552734,0.6290087699890137,0.47026488184928894,0.5331482887268066,0.013509593904018402,0.07740278542041779,1,5
2346,1.541953206062317,0.6619090437889099,0.4653879404067993,0.5158779621124268,0.009281975217163563,0.07014556229114532,1,5
2347,1.5229947566986084,0.6966568231582642,0.4541040062904358,0.4982587695121765,0.01135191135108471,0.11587294191122055,1,5
2348,1.497725486755371,0.7069580554962158,0.4489752948284149,0.4931492507457733,0.010775698348879814,0.11801085621118546,1,5
2349,1.4638265371322632,0.6923317909240723,0.4596652090549469,0.5004185438156128,0.011506404727697372,0.10453738272190094,1,5
2350,1.4489226341247559,0.6873936653137207,0.47426676750183105,0.5028929710388184,0.013406042009592056,0.16740944981575012,1,5
2351,1.4407732486724854,0.6857311725616455,0.481548935174942,0.5037271976470947,0.010930188000202179,0.1235530897974968,1,5
2352,1.424953818321228,0.7214937210083008,0.4887682795524597,0.48602938652038574,0.008250686340034008,0.13242599368095398,1,5
2353,1.4018932580947876,0.7238975763320923,0.480849027633667,0.484865665435791,0.010802963748574257,0.09658658504486084,1,5
2354,1.3785021305084229,0.7272907495498657,0.49312371015548706,0.4832196831703186,0.012317026033997536,0.10565483570098877,1,5
2355,1.3538777828216553,0.6532442569732666,0.5062384009361267,0.5203857421875,0.024000518023967743,0.14263346791267395,1,5
2356,1.4566421508789062,0.6346991062164307,0.5124697685241699,0.5301119685173035,0.011032489128410816,0.0688527524471283,1,5
2357,1.475905179977417,0.6951907873153687,0.49238985776901245,0.4989863336086273,0.009408927522599697,0.05717584863305092,1,5
2358,1.4742271900177002,0.7352381348609924,0.46109986305236816,0.47939515113830566,0.008138562552630901,0.047372378408908844,1,5
2359,1.4451968669891357,0.7471137046813965,0.45507413148880005,0.4737352132797241,0.007188142742961645,0.046923283487558365,1,5
2360,1.4057164192199707,0.7355331182479858,0.46784287691116333,0.4792570471763611,0.010473977774381638,0.05553341284394264,1,5
2361,1.3867177963256836,0.706838846206665,0.4834164083003998,0.49320608377456665,0.007682471070438623,0.045515432953834534,1,5
2362,1.369399905204773,0.7178849577903748,0.5063865184783936,0.48779934644699097,0.011179991066455841,0.079442098736763,1,5
2363,1.3870136737823486,0.6746425032615662,0.49647775292396545,0.5093693733215332,0.017352847382426262,0.0989627093076706,1,5
2364,1.4667649269104004,0.6347341537475586,0.48297762870788574,0.5300872325897217,0.013590682297945023,0.07733959704637527,1,5
2365,1.5019409656524658,0.6185736060142517,0.48341941833496094,0.5387200713157654,0.012143336236476898,0.08654633909463882,1,5
2366,1.5597957372665405,0.6211693286895752,0.46765273809432983,0.5373170971870422,0.008069438859820366,0.0618048720061779,1,5
2367,1.5527338981628418,0.6654884815216064,0.461564302444458,0.5140236616134644,0.006688478868454695,0.049691829830408096,1,5
2368,1.4894671440124512,0.6830464601516724,0.46765562891960144,0.5050773620605469,0.00775082316249609,0.05661962553858757,1,5
2369,1.4423327445983887,0.6760737895965576,0.48148471117019653,0.5086184740066528,0.010311908088624477,0.07646574079990387,1,5
2370,1.427729606628418,0.6466425061225891,0.4948006272315979,0.5238074660301208,0.01110911462455988,0.07793403416872025,1,5
2371,1.4194934368133545,0.6467427015304565,0.514575719833374,0.5237530469894409,0.010701004415750504,0.07175087928771973,1,5
2372,1.423243522644043,0.6404054760932922,0.5129961967468262,0.5270863771438599,0.013767145574092865,0.09636418521404266,1,5
2373,1.4792598485946655,0.6380327939987183,0.4972268342971802,0.5283368825912476,0.014616938307881355,0.07251562923192978,1,5
2374,1.5128560066223145,0.6929275393486023,0.47431516647338867,0.5001116394996643,0.009380449540913105,0.0643058717250824,1,5
2375,1.4868080615997314,0.705836296081543,0.4556961953639984,0.4937017560005188,0.010163318365812302,0.059416599571704865,1,5
2376,1.4785456657409668,0.7157347202301025,0.45303717255592346,0.4888339638710022,0.007559098303318024,0.05114898085594177,1,5
2377,1.4550756216049194,0.7130211591720581,0.4597475528717041,0.49016350507736206,0.007324974052608013,0.04560462385416031,1,5
2378,1.4354513883590698,0.7172154188156128,0.4695926010608673,0.4881126284599304,0.008271533064544201,0.04283640906214714,1,5
2379,1.4111477136611938,0.720430314540863,0.4784099757671356,0.48654627799987793,0.008824564516544342,0.05529994145035744,1,5
2380,1.391247272491455,0.7208031415939331,0.4873795509338379,0.48636361956596375,0.009131168946623802,0.058936309069395065,1,5
2381,1.3734791278839111,0.7190275192260742,0.49598440527915955,0.4872298538684845,0.006970640271902084,0.06924115121364594,1,5
2382,1.3674148321151733,0.7046307921409607,0.5009521245956421,0.4942932724952698,0.007494228892028332,0.0535241961479187,1,5
2383,1.3593289852142334,0.7228215932846069,0.5104084014892578,0.4853818416595459,0.006321887485682964,0.045994069427251816,1,5
2384,1.337021827697754,0.7363542318344116,0.5121856927871704,0.4788590371608734,0.008839073590934277,0.06259290128946304,1,5
2385,1.3284263610839844,0.7038161754608154,0.5121039152145386,0.49469465017318726,0.008126234635710716,0.06670524924993515,1,5
2386,1.3499064445495605,0.7027930021286011,0.5182069540023804,0.4952031672000885,0.007861529476940632,0.11590930074453354,1,5
2387,1.3610767126083374,0.7181084156036377,0.513269305229187,0.48767751455307007,0.008033748716115952,0.06916695088148117,1,5
2388,1.3620741367340088,0.7428532242774963,0.5045111179351807,0.4757555425167084,0.007559787482023239,0.05651189014315605,1,5
2389,1.3460328578948975,0.7611494064331055,0.49950605630874634,0.4671306014060974,0.006702691316604614,0.05880048871040344,1,5
2390,1.322561502456665,0.74811190366745,0.5033174157142639,0.4732644557952881,0.010838150978088379,0.07471819967031479,1,5
2391,1.3137640953063965,0.7052187323570251,0.5179380178451538,0.4940030574798584,0.010376262478530407,0.08958523720502853,1,5
2392,1.3279657363891602,0.67356276512146,0.5307910442352295,0.5098943710327148,0.011160575784742832,0.08295673877000809,1,5
2393,1.364474892616272,0.6442371606826782,0.5295684337615967,0.5250755548477173,0.015456479974091053,0.11349624395370483,1,5
2394,1.405482292175293,0.6390580534934998,0.5305437445640564,0.5278031826019287,0.011829248629510403,0.07784581929445267,1,5
2395,1.4486933946609497,0.6757668852806091,0.5060120820999146,0.5087747573852539,0.012782481499016285,0.0720377117395401,1,5
2396,1.4482625722885132,0.7143751978874207,0.4844892621040344,0.4895085096359253,0.009925603866577148,0.10473490506410599,1,5
2397,1.4351942539215088,0.7366375923156738,0.47094184160232544,0.4787233769893646,0.009972975589334965,0.1054653748869896,1,5
2398,1.387558937072754,0.7391756176948547,0.4819493889808655,0.47751036286354065,0.007697045337408781,0.05004265531897545,1,5
2399,1.3489751815795898,0.7364804148674011,0.5006693005561829,0.478801429271698,0.01015359815210104,0.06773404777050018,1,5
2400,1.3246511220932007,0.7064375281333923,0.5164824724197388,0.4934041500091553,0.011574532836675644,0.08003707975149155,1,5
2401,1.3527750968933105,0.7004498243331909,0.5184307098388672,0.49636536836624146,0.008438489399850368,0.08037184178829193,1,5
2402,1.3536893129348755,0.7078856229782104,0.5180947184562683,0.4926876425743103,0.00964286271482706,0.06854778528213501,1,5
2403,1.3566211462020874,0.6851159334182739,0.5152982473373413,0.5040689706802368,0.013583822175860405,0.0782754197716713,1,5
2404,1.3941240310668945,0.6574420928955078,0.5103062391281128,0.5181894302368164,0.017846591770648956,0.10195107758045197,1,5
2405,1.449054479598999,0.6019295454025269,0.5009496808052063,0.5477555990219116,0.015850646421313286,0.141526997089386,1,5
2406,1.5230473279953003,0.5924385786056519,0.4964923858642578,0.5529865026473999,0.015552218072116375,0.1555374264717102,1,5
2407,1.558570384979248,0.5814535617828369,0.48428815603256226,0.5591124892234802,0.015081836842000484,0.0852583721280098,1,5
2408,1.5890071392059326,0.6043460369110107,0.47732776403427124,0.5464715957641602,0.014619927853345871,0.1383749544620514,1,5
2409,1.5632522106170654,0.6062934398651123,0.472606360912323,0.5453858971595764,0.015598207712173462,0.11905021220445633,1,5
2410,1.5093308687210083,0.5684688091278076,0.5009926557540894,0.5664060115814209,0.013849004171788692,0.09747932851314545,1,5
2411,1.5352001190185547,0.600764274597168,0.5061047077178955,0.5484115481376648,0.015640491619706154,0.08259358257055283,1,5
2412,1.5220215320587158,0.6042372584342957,0.4930875897407532,0.5465035438537598,0.010658643208444118,0.08213164657354355,1,5
2413,1.5497729778289795,0.6678008437156677,0.4757819175720215,0.5128417611122131,0.009743217378854752,0.0554361492395401,1,5
2414,1.5380431413650513,0.7117418646812439,0.4452841281890869,0.4907916188240051,0.009841112419962883,0.061381492763757706,1,5
2415,1.4995510578155518,0.7104480862617493,0.4419200122356415,0.4914252758026123,0.007531298790127039,0.059067193418741226,1,5
2416,1.4934346675872803,0.6963701248168945,0.4452762007713318,0.49839314818382263,0.008078108541667461,0.06911621242761612,1,5
2417,1.4774494171142578,0.6667042970657349,0.46049779653549194,0.5134196281433105,0.014314210042357445,0.1100880429148674,1,5
2418,1.5001332759857178,0.6597354412078857,0.46914225816726685,0.51698899269104,0.01093002874404192,0.09190502017736435,1,5
2419,1.5087577104568481,0.6972963213920593,0.4649256467819214,0.4979384243488312,0.011383972130715847,0.08872262388467789,1,5
2420,1.487183928489685,0.701522707939148,0.456467866897583,0.49584245681762695,0.012241573072969913,0.10287462174892426,1,5
2421,1.471153736114502,0.7071237564086914,0.4623039960861206,0.49306318163871765,0.00923885963857174,0.09072919934988022,1,5
2422,1.4100477695465088,0.7275224924087524,0.4846112132072449,0.4831055998802185,0.007900364696979523,0.0515197217464447,1,5
2423,1.3487950563430786,0.7442036271095276,0.5043313503265381,0.475116103887558,0.011751574464142323,0.11492829769849777,1,5
2424,1.3005763292312622,0.7401249408721924,0.5255846977233887,0.4770568609237671,0.010429847054183483,0.08939173072576523,1,5
2425,1.2569911479949951,0.7361031174659729,0.5511085391044617,0.479000061750412,0.014487018808722496,0.16755616664886475,1,5
2426,1.254729151725769,0.697645902633667,0.560335636138916,0.4977760314941406,0.016412721946835518,0.12572595477104187,1,5
2427,1.3088668584823608,0.6963474750518799,0.5569187998771667,0.4984132647514343,0.014105264097452164,0.10079509764909744,1,5
2428,1.3346288204193115,0.7321767807006836,0.5382002592086792,0.48087412118911743,0.01601933315396309,0.0990314707159996,1,5
2429,1.3435626029968262,0.7280491590499878,0.5172443985939026,0.482857882976532,0.010665448382496834,0.09503766894340515,1,5
2430,1.3764283657073975,0.7619603872299194,0.4991786777973175,0.4667865037918091,0.011075661517679691,0.0795515701174736,1,5
2431,1.3659446239471436,0.7324279546737671,0.4871097803115845,0.4808177947998047,0.0166221484541893,0.09407089650630951,1,5
2432,1.4238784313201904,0.7187961339950562,0.4767124652862549,0.4873775243759155,0.012408806011080742,0.06267233937978745,1,5
2433,1.4152863025665283,0.6936303377151489,0.48185592889785767,0.4998047649860382,0.013072267174720764,0.05977976322174072,1,5
2434,1.4046587944030762,0.7102820873260498,0.5001401305198669,0.491516649723053,0.007767953909933567,0.055749934166669846,1,5
2435,1.3907434940338135,0.7100993394851685,0.49546122550964355,0.4916137456893921,0.01345544122159481,0.07733805477619171,1,5
2436,1.4308159351348877,0.6584657430648804,0.48028743267059326,0.5176718235015869,0.015664344653487206,0.11367293447256088,1,5
2437,1.5032472610473633,0.5773635506629944,0.47878512740135193,0.5614015460014343,0.015328793786466122,0.09625085443258286,1,5
2438,1.5938606262207031,0.6139189004898071,0.4769331216812134,0.5412415862083435,0.013891330920159817,0.08481315523386002,1,5
2439,1.5883207321166992,0.624799370765686,0.45177900791168213,0.5353775024414062,0.014189799316227436,0.11268193274736404,1,5
2440,1.5752933025360107,0.6709207892417908,0.45275092124938965,0.5112394094467163,0.00971665047109127,0.16681192815303802,1,5
2441,1.5171726942062378,0.6989916563034058,0.4523857831954956,0.4970886707305908,0.011008819565176964,0.11390218138694763,1,5
2442,1.4719351530075073,0.7021153569221497,0.46060675382614136,0.4955422282218933,0.012186998501420021,0.1391359567642212,1,5
2443,1.4213237762451172,0.6732152700424194,0.4808368980884552,0.5100998878479004,0.011165124364197254,0.09241906553506851,1,5
2444,1.4131193161010742,0.6593848466873169,0.5045008659362793,0.5171860456466675,0.013416447676718235,0.13076487183570862,1,5
2445,1.4230824708938599,0.677025556564331,0.5041232109069824,0.5081396102905273,0.012139711529016495,0.13356128334999084,1,5
2446,1.4180409908294678,0.7079294919967651,0.4971356987953186,0.4926726818084717,0.009924412705004215,0.13237783312797546,1,5
2447,1.4085602760314941,0.7195770740509033,0.48765671253204346,0.48696568608283997,0.014285730198025703,0.15681591629981995,1,5
2448,1.3968915939331055,0.702788233757019,0.4864383935928345,0.49523088335990906,0.01408948004245758,0.09197292476892471,1,5
2449,1.4183028936386108,0.6739252805709839,0.4890316128730774,0.5097214579582214,0.012608954682946205,0.08414876461029053,1,5
2450,1.4548207521438599,0.6746941804885864,0.48257747292518616,0.5093291997909546,0.011398888193070889,0.1493821144104004,1,5
2451,1.466315507888794,0.670807421207428,0.47716617584228516,0.511303186416626,0.00884663313627243,0.11013390123844147,1,5
2452,1.4691414833068848,0.6861271858215332,0.47662389278411865,0.5035255551338196,0.0089093167334795,0.1401985138654709,1,5
2453,1.4505411386489868,0.7055095434188843,0.4758605659008026,0.4938642680644989,0.010112528689205647,0.15840131044387817,1,5
2454,1.4361934661865234,0.6953140497207642,0.47348129749298096,0.49894648790359497,0.011968783102929592,0.184478759765625,1,5
2455,1.4131768941879272,0.6657671332359314,0.49103668332099915,0.5138939619064331,0.014534025453031063,0.13827598094940186,1,5
2456,1.429419994354248,0.6472285985946655,0.5009455680847168,0.5235253572463989,0.011607072316110134,0.11925135552883148,1,5
2457,1.4362459182739258,0.6714744567871094,0.5055199861526489,0.5109578967094421,0.009006159380078316,0.08959518373012543,1,5
2458,1.4298226833343506,0.6981285810470581,0.49552100896835327,0.4975181221961975,0.010432608425617218,0.08120131492614746,1,5
2459,1.4003608226776123,0.7176154851913452,0.49642130732536316,0.48791664838790894,0.008418861776590347,0.07581689953804016,1,5
2460,1.385587215423584,0.7230848073959351,0.491937518119812,0.4852546155452728,0.011915994808077812,0.07983510941267014,1,5
2461,1.3605074882507324,0.6453694105148315,0.5041975378990173,0.5244858264923096,0.016679367050528526,0.09681238979101181,1,5
2462,1.4311143159866333,0.6763976812362671,0.5124223232269287,0.50844806432724,0.009172876365482807,0.0690886378288269,1,5
2463,1.4305293560028076,0.6712347865104675,0.49149829149246216,0.5110783576965332,0.011218828149139881,0.06194252893328667,1,5
2464,1.455214023590088,0.7221763134002686,0.48322591185569763,0.48569512367248535,0.007732228841632605,0.0613776259124279,1,5
2465,1.4546217918395996,0.7539231777191162,0.45769256353378296,0.47051775455474854,0.0077382964082062244,0.040863197296857834,1,5
2466,1.432204246520996,0.7745686769485474,0.453409880399704,0.4609035849571228,0.007685708347707987,0.04715912789106369,1,5
2467,1.4104995727539062,0.7635554075241089,0.4549521803855896,0.4660075902938843,0.0076782540418207645,0.06746872514486313,1,5
2468,1.3756580352783203,0.728110671043396,0.47734254598617554,0.48282134532928467,0.007783791050314903,0.060935914516448975,1,5
2469,1.381070852279663,0.7189216613769531,0.4897903501987457,0.4872826933860779,0.006935159210115671,0.06531920284032822,1,5
2470,1.3515167236328125,0.7165391445159912,0.5092765688896179,0.4884527325630188,0.008144809864461422,0.0692272037267685,1,5
2471,1.3601208925247192,0.7064403295516968,0.507133960723877,0.4934347867965698,0.007782304659485817,0.05234343558549881,1,5
2472,1.3409934043884277,0.7061969041824341,0.5198887586593628,0.4935324788093567,0.009759020060300827,0.06035543605685234,1,5
2473,1.3469841480255127,0.6978704333305359,0.5188190937042236,0.49766167998313904,0.0124360928311944,0.09527795761823654,1,5
2474,1.3724884986877441,0.6258918046951294,0.5142268538475037,0.5347970724105835,0.010377771221101284,0.07037005573511124,1,5
2475,1.4102070331573486,0.6586002111434937,0.5330191254615784,0.517578125,0.007749224081635475,0.04994666576385498,1,5
2476,1.3735952377319336,0.7135672569274902,0.5299100279808044,0.48989421129226685,0.009924366138875484,0.05932052433490753,1,5
2477,1.3058803081512451,0.7132153511047363,0.5365110635757446,0.490080863237381,0.010528100654482841,0.09702438861131668,1,5
2478,1.306971549987793,0.7306231260299683,0.5408862233161926,0.4816104471683502,0.00904830638319254,0.06810055673122406,1,5
2479,1.249065637588501,0.7813206315040588,0.5589935779571533,0.45780330896377563,0.012689384631812572,0.11811644583940506,1,5
2480,1.1842173337936401,0.7944002151489258,0.5697008371353149,0.4518640637397766,0.01968463510274887,0.19072142243385315,1,5
2481,1.164832592010498,0.7921203374862671,0.5895284414291382,0.4528902769088745,0.013160675764083862,0.11097092181444168,1,5
2482,1.1406291723251343,0.7571812272071838,0.6006448268890381,0.46906429529190063,0.016833974048495293,0.14760491251945496,1,5
2483,1.2046327590942383,0.699228048324585,0.5826220512390137,0.49733588099479675,0.035343702882528305,0.25759023427963257,1,5
2484,1.35557222366333,0.6627869606018066,0.553784966468811,0.5154222249984741,0.012645372189581394,0.1085583046078682,1,5
2485,1.4680390357971191,0.7772424221038818,0.4861551821231842,0.45967525243759155,0.011553877033293247,0.05647345632314682,1,5
2486,1.4825019836425781,0.8070945739746094,0.4263036251068115,0.4461541771888733,0.009779928252100945,0.07378318905830383,1,5
2487,1.4600415229797363,0.7736980319023132,0.4251328110694885,0.4613063931465149,0.009731629863381386,0.07417464256286621,1,5
2488,1.418389081954956,0.7256324291229248,0.45512646436691284,0.48402637243270874,0.010285607539117336,0.06673751026391983,1,5
2489,1.4105488061904907,0.6912330389022827,0.4800151586532593,0.5009617805480957,0.009331836365163326,0.08157283067703247,1,5
2490,1.4329144954681396,0.6966214179992676,0.4857320189476013,0.4982704520225525,0.008296907879412174,0.052475519478321075,1,5
2491,1.40140700340271,0.7243115305900574,0.4960823655128479,0.48465967178344727,0.011090393178164959,0.06248726323246956,1,5
2492,1.3798329830169678,0.7060157060623169,0.4947853088378906,0.49362969398498535,0.01381694432348013,0.13472551107406616,1,5
2493,1.4022117853164673,0.670142412185669,0.49980399012565613,0.5116460919380188,0.011190253309905529,0.08091557025909424,1,5
2494,1.4688926935195923,0.6700146198272705,0.478171706199646,0.5117114782333374,0.014553671702742577,0.0722641721367836,1,5
2495,1.466800570487976,0.683043897151947,0.4794192314147949,0.5050972104072571,0.013080889359116554,0.07156337797641754,1,5
2496,1.4409126043319702,0.6856926083564758,0.48501163721084595,0.5037720203399658,0.018164075911045074,0.09697729349136353,1,5
2497,1.4225549697875977,0.6859238147735596,0.4934360980987549,0.5036392211914062,0.015992814674973488,0.1241031065583229,1,5
2498,1.423020362854004,0.696699857711792,0.49395349621772766,0.4982417821884155,0.010901967994868755,0.06437686085700989,1,5
2499,1.3906382322311401,0.7370027303695679,0.5006765723228455,0.47856074571609497,0.01018337719142437,0.07631386071443558,1,5
2500,1.3008184432983398,0.766468346118927,0.5265514850616455,0.4646822512149811,0.01435711607336998,0.11629616469144821,1,5
2501,1.2811027765274048,0.7758191823959351,0.5238379240036011,0.4604189991950989,0.016543416306376457,0.10152747482061386,1,5
2502,1.2259818315505981,0.7219504117965698,0.5545802116394043,0.48609459400177,0.020755887031555176,0.12929736077785492,1,5
2503,1.2845041751861572,0.6280068159103394,0.563463032245636,0.5337384939193726,0.019927967339754105,0.12084392458200455,1,5
2504,1.4090025424957275,0.6198418736457825,0.5491147637367249,0.5380376577377319,0.02085416205227375,0.0821443647146225,1,5
2505,1.4460930824279785,0.6933435797691345,0.5224471688270569,0.499910444021225,0.014219720847904682,0.0877944678068161,1,5
2506,1.4390044212341309,0.7425239682197571,0.4826667308807373,0.4759226441383362,0.0097522446885705,0.0519319511950016,1,5
2507,1.4347624778747559,0.7733601331710815,0.45840325951576233,0.46146267652511597,0.00729772076010704,0.04715941846370697,1,5
2508,1.3781428337097168,0.7638098001480103,0.4713487923145294,0.46589523553848267,0.010497883893549442,0.05135786905884743,1,5
2509,1.3570283651351929,0.739006757736206,0.4865957200527191,0.4776238799095154,0.012282728217542171,0.06721104681491852,1,5
2510,1.3613126277923584,0.6786746382713318,0.4978262186050415,0.5073035955429077,0.011474846862256527,0.06567883491516113,1,5
2511,1.3947854042053223,0.6876161098480225,0.5090218782424927,0.5027903914451599,0.01103748008608818,0.058102402836084366,1,5
2512,1.3908395767211914,0.726341724395752,0.5060142278671265,0.4836825132369995,0.009538251906633377,0.0651475042104721,1,5
2513,1.3869911432266235,0.7545822858810425,0.49012291431427,0.4702080488204956,0.008190657012164593,0.05823895335197449,1,5
2514,1.3661448955535889,0.774465024471283,0.4856346845626831,0.4609553813934326,0.009469595737755299,0.09656020998954773,1,5
2515,1.3379104137420654,0.7397052049636841,0.4918588697910309,0.4772741198539734,0.0137921879068017,0.09963040798902512,1,5
2516,1.3512187004089355,0.6502987146377563,0.507278323173523,0.52191162109375,0.013112414628267288,0.09687786549329758,1,5
2517,1.4274662733078003,0.6827664971351624,0.5141833424568176,0.505226194858551,0.009316923096776009,0.09256843477487564,1,5
2518,1.3943421840667725,0.6937395334243774,0.5084402561187744,0.4997306764125824,0.014970287680625916,0.08916886150836945,1,5
2519,1.4063441753387451,0.7046796083450317,0.49932312965393066,0.49427735805511475,0.013403115794062614,0.11444038152694702,1,5
2520,1.3907783031463623,0.7056640982627869,0.5021024942398071,0.4938289523124695,0.016660844907164574,0.13230951130390167,1,5
2521,1.358567476272583,0.7012485861778259,0.5178916454315186,0.49596989154815674,0.01397672574967146,0.10504491627216339,1,5
2522,1.3317077159881592,0.7509087920188904,0.5300469994544983,0.4719429612159729,0.01098141074180603,0.11363714933395386,1,5
2523,1.2619532346725464,0.7928462028503418,0.5417285561561584,0.45256271958351135,0.010517256334424019,0.12371150404214859,1,5
2524,1.1762094497680664,0.8113704323768616,0.5682660937309265,0.4442809224128723,0.013515559025108814,0.11017199605703354,1,5
2525,1.1456103324890137,0.6766675114631653,0.5837177038192749,0.5083613395690918,0.01701486110687256,0.13373051583766937,1,5
2526,1.2593328952789307,0.6275999546051025,0.6015224456787109,0.5340155363082886,0.017546916380524635,0.08766099065542221,1,5
2527,1.37388014793396,0.6877583861351013,0.5602228045463562,0.5027832984924316,0.015814125537872314,0.05907239764928818,1,5
2528,1.3565096855163574,0.7612210512161255,0.5285910367965698,0.4671105146408081,0.012376043014228344,0.054533738642930984,1,5
2529,1.3629379272460938,0.7911182641983032,0.48851650953292847,0.453341007232666,0.009625243954360485,0.05064823850989342,1,5
2530,1.3682363033294678,0.7453965544700623,0.47187405824661255,0.47459250688552856,0.013753599487245083,0.08843734860420227,1,5
2531,1.4030355215072632,0.7000033259391785,0.480820894241333,0.4966164231300354,0.011518187820911407,0.060952141880989075,1,5
2532,1.3981704711914062,0.7196506261825562,0.49853795766830444,0.48693203926086426,0.007498451042920351,0.04230387136340141,1,5
2533,1.3546266555786133,0.7405067682266235,0.5078918933868408,0.4768806993961334,0.012159810401499271,0.08217668533325195,1,5
2534,1.3611513376235962,0.7137519121170044,0.5014592409133911,0.48980826139450073,0.011886040680110455,0.0559142604470253,1,5
2535,1.3620796203613281,0.7313358783721924,0.5089178681373596,0.4812736511230469,0.01290697231888771,0.08405160158872604,1,5
2536,1.3680307865142822,0.7243908047676086,0.5000002384185791,0.4846611022949219,0.012375575490295887,0.08655277639627457,1,5
2537,1.3957421779632568,0.7289284467697144,0.4916888475418091,0.4824375510215759,0.011276810429990292,0.07227608561515808,1,5
2538,1.4119560718536377,0.7263326644897461,0.4781409502029419,0.48370108008384705,0.016041092574596405,0.06279698759317398,1,5
2539,1.4153544902801514,0.7267591953277588,0.47832751274108887,0.48355796933174133,0.011497482657432556,0.06198718771338463,1,5
2540,1.4248347282409668,0.7395138144493103,0.47371193766593933,0.4773542284965515,0.012113754637539387,0.05383843928575516,1,5
2541,1.417973518371582,0.7517842054367065,0.46908795833587646,0.4715588688850403,0.014610778540372849,0.08244442194700241,1,5
2542,1.3972595930099487,0.721199095249176,0.4748469889163971,0.48617762327194214,0.015083772130310535,0.08166919648647308,1,5
2543,1.4142842292785645,0.6793447732925415,0.4836735725402832,0.506992757320404,0.014597813598811626,0.10916022211313248,1,5
2544,1.4666337966918945,0.6516074538230896,0.48180410265922546,0.5212575197219849,0.018281493335962296,0.09219129383563995,1,5
2545,1.5019235610961914,0.6675064563751221,0.4757497012615204,0.5129976272583008,0.016089195385575294,0.08822737634181976,1,5
2546,1.5057902336120605,0.6860323548316956,0.4653354287147522,0.5035791993141174,0.010951866395771503,0.13728110492229462,1,5
2547,1.4912928342819214,0.7110559940338135,0.46076899766921997,0.4911468029022217,0.012548203580081463,0.13536398112773895,1,5
2548,1.4607481956481934,0.7053925395011902,0.46283984184265137,0.49395591020584106,0.01235911063849926,0.07622707635164261,1,5
2549,1.4615960121154785,0.7236685156822205,0.46394965052604675,0.48501768708229065,0.012008151970803738,0.07836104184389114,1,5
2550,1.4253475666046143,0.7131951451301575,0.47493600845336914,0.49010634422302246,0.016551440581679344,0.10596039146184921,1,5
2551,1.4001469612121582,0.7114025354385376,0.4910423457622528,0.49096453189849854,0.012302377261221409,0.07727042585611343,1,5
2552,1.3933932781219482,0.7030789852142334,0.4958612322807312,0.4950721859931946,0.013170563615858555,0.06955774873495102,1,5
2553,1.387224555015564,0.6960543990135193,0.5022587180137634,0.49866732954978943,0.015774842351675034,0.08126165717840195,1,5
2554,1.3898776769638062,0.6729335784912109,0.5058426856994629,0.510372519493103,0.012483158148825169,0.09069041907787323,1,5
2555,1.3786859512329102,0.6874765157699585,0.524444580078125,0.5028501749038696,0.013590948656201363,0.12339401990175247,1,5
2556,1.3469679355621338,0.6961497068405151,0.5310920476913452,0.4985365867614746,0.0176563560962677,0.10537528246641159,1,5
2557,1.361655354499817,0.6454253792762756,0.5232632160186768,0.5245574712753296,0.017658766359090805,0.09765441715717316,1,5
2558,1.4260632991790771,0.6550663709640503,0.5169994235038757,0.5196060538291931,0.02207992784678936,0.11866504698991776,1,5
2559,1.4736847877502441,0.6531658172607422,0.5004611015319824,0.5204225778579712,0.012872830033302307,0.05606413260102272,1,5
2560,1.482871174812317,0.706865668296814,0.4775487780570984,0.49319079518318176,0.02070101723074913,0.09694885462522507,1,5
2561,1.4907493591308594,0.6901121139526367,0.45306429266929626,0.501551628112793,0.012525970116257668,0.059593092650175095,1,5
2562,1.4659068584442139,0.667282223701477,0.4686356782913208,0.5131235122680664,0.01302545890212059,0.06399521231651306,1,5
2563,1.46445631980896,0.6733006238937378,0.4810991585254669,0.5100449323654175,0.009156616404652596,0.04265887290239334,1,5
2564,1.4613540172576904,0.6873387694358826,0.47701945900917053,0.5029377937316895,0.013120892457664013,0.07302005589008331,1,5
2565,1.4638621807098389,0.6891176700592041,0.4717460870742798,0.5020294189453125,0.009355137124657631,0.04883631691336632,1,5
2566,1.446134090423584,0.7109501361846924,0.47745320200920105,0.49118590354919434,0.009493464604020119,0.059041835367679596,1,5
2567,1.4235631227493286,0.7186658382415771,0.47758749127388,0.48742640018463135,0.01462300680577755,0.05045373737812042,1,5
2568,1.3989415168762207,0.7145299315452576,0.4867282211780548,0.48944783210754395,0.014205695129930973,0.057792097330093384,1,5
2569,1.3853058815002441,0.6979963779449463,0.4966987371444702,0.4977514147758484,0.013644183054566383,0.06414484977722168,1,5
2570,1.409088373184204,0.6861178874969482,0.4940142035484314,0.5036016702651978,0.011811716482043266,0.04840083047747612,1,5
2571,1.3912341594696045,0.6881048679351807,0.5055174827575684,0.5027883052825928,0.01678062602877617,0.06506321579217911,1,5
2572,1.4211361408233643,0.6925523281097412,0.4927437901496887,0.5004075765609741,0.01534741185605526,0.07116663455963135,1,5
2573,1.4343478679656982,0.6680916547775269,0.48624855279922485,0.5127573609352112,0.016361791640520096,0.07276695221662521,1,5
2574,1.451906681060791,0.6714185476303101,0.4878215789794922,0.5109853148460388,0.012802544049918652,0.06849963963031769,1,5
2575,1.4446449279785156,0.6841987371444702,0.4879570007324219,0.5045174360275269,0.011393268592655659,0.06546600908041,1,5
2576,1.4287662506103516,0.6789958477020264,0.49047011137008667,0.5071454048156738,0.01416507363319397,0.08346959203481674,1,5
2577,1.4209179878234863,0.6783508062362671,0.4974232017993927,0.5075067281723022,0.012865479104220867,0.07303200662136078,1,5
2578,1.4273383617401123,0.6651774048805237,0.49728816747665405,0.5141999125480652,0.013426673598587513,0.08354151993989944,1,5
2579,1.425881028175354,0.6847232580184937,0.5015902519226074,0.5042837858200073,0.015294767916202545,0.10316325724124908,1,5
2580,1.401801347732544,0.6975902915000916,0.5057995915412903,0.4978833794593811,0.012011072598397732,0.09850356727838516,1,5
2581,1.3975903987884521,0.6955246329307556,0.49958574771881104,0.4989451766014099,0.018562519922852516,0.1012374758720398,1,5
2582,1.4074242115020752,0.6515111923217773,0.5019433498382568,0.5212931632995605,0.01310128066688776,0.07931333035230637,1,5
2583,1.4574596881866455,0.6688406467437744,0.49542251229286194,0.5123238563537598,0.01250315923243761,0.060834866017103195,1,5
2584,1.4477875232696533,0.706998348236084,0.4865553379058838,0.49315696954727173,0.01006178930401802,0.06148555874824524,1,5
2585,1.4231008291244507,0.710517406463623,0.48036402463912964,0.4914131760597229,0.014140482991933823,0.09023797512054443,1,5
2586,1.4221892356872559,0.6944609880447388,0.48176220059394836,0.49935171008110046,0.01017000712454319,0.06949787586927414,1,5
2587,1.3944199085235596,0.7061244249343872,0.5027896761894226,0.49356067180633545,0.009991717524826527,0.08531629294157028,1,5
2588,1.3776304721832275,0.7267426252365112,0.5038729906082153,0.48348772525787354,0.011386820115149021,0.07398877292871475,1,5
2589,1.3563191890716553,0.7181358933448792,0.504501461982727,0.48768624663352966,0.01563963107764721,0.11603859066963196,1,5
2590,1.3540632724761963,0.6858272552490234,0.5162285566329956,0.5036792159080505,0.011830468662083149,0.08832094073295593,1,5
2591,1.396561861038208,0.7110966444015503,0.5058519840240479,0.4911395311355591,0.017752844840288162,0.14041940867900848,1,5
2592,1.3898417949676514,0.6739295125007629,0.5017895698547363,0.5097216367721558,0.017707673832774162,0.1292531043291092,1,5
2593,1.4368398189544678,0.6990223526954651,0.4958280920982361,0.49709272384643555,0.014998219907283783,0.10587923973798752,1,5
2594,1.4347095489501953,0.6846649050712585,0.48141348361968994,0.5042848587036133,0.018690768629312515,0.1893344521522522,1,5
2595,1.437990427017212,0.6802310943603516,0.49073854088783264,0.5065122842788696,0.013944840058684349,0.08399375528097153,1,5
2596,1.4357678890228271,0.731126070022583,0.4902271628379822,0.4813883304595947,0.01521995384246111,0.15505187213420868,1,5
2597,1.3712043762207031,0.7281613349914551,0.4961475729942322,0.4828830361366272,0.018489841371774673,0.12012838572263718,1,5
2598,1.3708077669143677,0.7134373188018799,0.5033305287361145,0.48999571800231934,0.015636594966053963,0.11942733079195023,1,5
2599,1.336654543876648,0.7022591233253479,0.5248841047286987,0.49550455808639526,0.020086465403437614,0.11008177697658539,1,5
2600,1.334172010421753,0.5836572647094727,0.536186695098877,0.5581353902816772,0.02309485897421837,0.15117335319519043,1,5
2601,1.4998071193695068,0.5703085064888,0.5341585874557495,0.56546950340271,0.026507791131734848,0.11320897191762924,1,5
2602,1.5373696088790894,0.6470286846160889,0.5073555707931519,0.5236423015594482,0.014895166270434856,0.07130251824855804,1,5
2603,1.5029082298278809,0.711293637752533,0.4729682207107544,0.4910270869731903,0.014244509860873222,0.10357227921485901,1,5
2604,1.469177007675171,0.7305156588554382,0.4570299983024597,0.48167046904563904,0.012851152569055557,0.09673276543617249,1,5
2605,1.4291516542434692,0.7236212491989136,0.4654826521873474,0.4849967062473297,0.010224409401416779,0.12672299146652222,1,5
2606,1.4021222591400146,0.683097779750824,0.4826968014240265,0.5050551295280457,0.013832376338541508,0.09971590340137482,1,5
2607,1.4426251649856567,0.6893512010574341,0.48877012729644775,0.5019150972366333,0.008599658496677876,0.04923810809850693,1,5
2608,1.4041755199432373,0.754113495349884,0.4973682165145874,0.47043272852897644,0.008111066184937954,0.040917132049798965,1,5
2609,1.3874297142028809,0.7892985343933105,0.47522854804992676,0.454172283411026,0.009377885609865189,0.051284875720739365,1,5
2610,1.3796958923339844,0.7805857062339783,0.4651864767074585,0.4581477642059326,0.009575172327458858,0.04652310535311699,1,5
2611,1.3496642112731934,0.7606298327445984,0.4811708331108093,0.4674145579338074,0.008162100799381733,0.05613337829709053,1,5
2612,1.3429195880889893,0.7332908511161804,0.4967098832130432,0.48034483194351196,0.009736308827996254,0.05764716863632202,1,5
2613,1.3150184154510498,0.7289327383041382,0.5217825770378113,0.48243004083633423,0.011167926713824272,0.07152717560529709,1,5
2614,1.3171941041946411,0.7126302719116211,0.5250746011734009,0.4903659522533417,0.011488581076264381,0.06895559281110764,1,5
2615,1.3418289422988892,0.6576220989227295,0.5199260711669922,0.5181170701980591,0.015742892399430275,0.09459975361824036,1,5
2616,1.423089861869812,0.6430102586746216,0.5144416093826294,0.5257366895675659,0.011719309724867344,0.07957007735967636,1,5
2617,1.460930585861206,0.6829746961593628,0.4998309016227722,0.5051310062408447,0.012523645535111427,0.07637400925159454,1,5
2618,1.4628441333770752,0.7103116512298584,0.47495847940444946,0.4914969801902771,0.011144728399813175,0.06093677505850792,1,5
2619,1.4115840196609497,0.7091341018676758,0.4865308701992035,0.4920777678489685,0.015522081404924393,0.07948055118322372,1,5
2620,1.3666841983795166,0.6991338133811951,0.5103628635406494,0.4970531165599823,0.022067101672291756,0.10082502663135529,1,5
2621,1.3657605648040771,0.6464296579360962,0.5217859745025635,0.5239763855934143,0.014297145418822765,0.09026969969272614,1,5
2622,1.399244785308838,0.6671748161315918,0.5293749570846558,0.5131998062133789,0.01491771824657917,0.07852430641651154,1,5
2623,1.394146203994751,0.6542328000068665,0.5182574391365051,0.5198774337768555,0.020760174840688705,0.08911367505788803,1,5
2624,1.4343444108963013,0.6448442935943604,0.5075462460517883,0.5247875452041626,0.014564624056220055,0.08076868206262589,1,5
2625,1.486992597579956,0.6629523038864136,0.4866615831851959,0.5153967142105103,0.012019749730825424,0.07181451469659805,1,5
2626,1.4903733730316162,0.6824848651885986,0.4744594991207123,0.5054267048835754,0.011603964492678642,0.048658836632966995,1,5
2627,1.5005478858947754,0.6753809452056885,0.4570131003856659,0.5091189742088318,0.016446195542812347,0.06191890686750412,1,5
2628,1.4852349758148193,0.6932973861694336,0.46831437945365906,0.49999937415122986,0.008473637513816357,0.04674578458070755,1,5
2629,1.4450966119766235,0.6981214284896851,0.47831961512565613,0.497560977935791,0.012116864323616028,0.054309066385030746,1,5
2630,1.444839596748352,0.7054245471954346,0.47716665267944336,0.4939165711402893,0.011949041858315468,0.08715430647134781,1,5
2631,1.422993779182434,0.7056441307067871,0.48400670289993286,0.4938499927520752,0.012166917324066162,0.09403712302446365,1,5
2632,1.3996819257736206,0.703656792640686,0.4960252046585083,0.4949120879173279,0.014905987307429314,0.07765290141105652,1,5
2633,1.417102336883545,0.6809859871864319,0.4910111129283905,0.506213903427124,0.017906013876199722,0.09945900738239288,1,5
2634,1.4375872611999512,0.633115828037262,0.49524614214897156,0.5309425592422485,0.01604040153324604,0.10030042380094528,1,5
2635,1.5141584873199463,0.5784837007522583,0.48443424701690674,0.560756266117096,0.01299979817122221,0.08428776264190674,1,5
2636,1.6004067659378052,0.5650106072425842,0.4718170166015625,0.5684069991111755,0.014003344811499119,0.09047140926122665,1,5
2637,1.6500492095947266,0.5956586599349976,0.45434486865997314,0.5512104034423828,0.012400061823427677,0.0811743214726448,1,5
2638,1.6390471458435059,0.6188335418701172,0.44162386655807495,0.5385755300521851,0.010527548380196095,0.06329215317964554,1,5
2639,1.5903630256652832,0.6335471868515015,0.4480128586292267,0.5307097434997559,0.0068657598458230495,0.07880498468875885,1,5
2640,1.5950663089752197,0.6245182156562805,0.4393041431903839,0.5355254411697388,0.008271681144833565,0.06448277831077576,1,5
2641,1.5685049295425415,0.6356371641159058,0.4549628496170044,0.529608964920044,0.008125163614749908,0.0522194541990757,1,5
2642,1.5281753540039062,0.655210018157959,0.4655746817588806,0.519334614276886,0.00880639161914587,0.07719354331493378,1,5
2643,1.5092408657073975,0.6839067935943604,0.46419084072113037,0.5046467781066895,0.010509642772376537,0.06664184480905533,1,5
2644,1.474609613418579,0.6953397393226624,0.46869003772735596,0.49890947341918945,0.006431942339986563,0.047493137419223785,1,5
2645,1.451343297958374,0.7129433155059814,0.46990856528282166,0.4902101159095764,0.0077613890171051025,0.058975331485271454,1,5
2646,1.4025464057922363,0.7002602219581604,0.48560625314712524,0.4964601695537567,0.011952556669712067,0.09616293013095856,1,5
2647,1.41713285446167,0.6772381067276001,0.4901503324508667,0.5080302953720093,0.01009424403309822,0.07391922920942307,1,5
2648,1.413573980331421,0.7297980189323425,0.4996044933795929,0.48202013969421387,0.0085827074944973,0.053581979125738144,1,5
2649,1.4233605861663818,0.770073652267456,0.4685686528682709,0.4629814922809601,0.00805798638612032,0.06177154928445816,1,5
2650,1.4001164436340332,0.7819699048995972,0.4628162980079651,0.45750582218170166,0.007383916527032852,0.04691413417458534,1,5
2651,1.3750674724578857,0.7692951560020447,0.46897193789482117,0.46334242820739746,0.00939895585179329,0.04559387266635895,1,5
2652,1.364426612854004,0.7625670433044434,0.4797322154045105,0.4664759635925293,0.007380463648587465,0.06290894746780396,1,5
2653,1.349931001663208,0.7473472952842712,0.49033844470977783,0.4736377000808716,0.009145847521722317,0.06502846628427505,1,5
2654,1.3497569561004639,0.7278221845626831,0.49740487337112427,0.48297518491744995,0.008803442120552063,0.07138492912054062,1,5
2655,1.3602089881896973,0.7273639440536499,0.5024710893630981,0.48318248987197876,0.006953265983611345,0.05382123589515686,1,5
2656,1.3533573150634766,0.73482346534729,0.5034204125404358,0.47959303855895996,0.010689112357795238,0.06422436982393265,1,5
2657,1.354196310043335,0.7369930744171143,0.5011807680130005,0.478554368019104,0.010314398445189,0.059565670788288116,1,5
2658,1.339937448501587,0.6869955062866211,0.5066423416137695,0.503143310546875,0.012779658660292625,0.1375858038663864,1,5
2659,1.3861713409423828,0.6565314531326294,0.5174033045768738,0.5186601877212524,0.00941244326531887,0.07140160351991653,1,5
2660,1.3954485654830933,0.6950016021728516,0.5213653445243835,0.49908512830734253,0.01129697635769844,0.07352450489997864,1,5
2661,1.392712116241455,0.6834859848022461,0.5047099590301514,0.5048662424087524,0.011444312520325184,0.09235160797834396,1,5
2662,1.4049642086029053,0.6525280475616455,0.5055984258651733,0.5207498073577881,0.012996699661016464,0.08295712620019913,1,5
2663,1.4292216300964355,0.6855334639549255,0.5084484815597534,0.5038285851478577,0.007418671622872353,0.07098808139562607,1,5
2664,1.4137489795684814,0.7094718217849731,0.4964815080165863,0.4919103682041168,0.012496819719672203,0.08044895529747009,1,5
2665,1.3883708715438843,0.6458605527877808,0.5017004013061523,0.5242287516593933,0.01637766696512699,0.09537594765424728,1,5
2666,1.4539515972137451,0.6472265720367432,0.5054178833961487,0.5235044956207275,0.010457569733262062,0.09104122221469879,1,5
2667,1.4623081684112549,0.6198451519012451,0.49832743406295776,0.5380302667617798,0.011409508064389229,0.08479063212871552,1,5
2668,1.489999532699585,0.6548314690589905,0.4970851540565491,0.5195345878601074,0.010828196071088314,0.0738135427236557,1,5
2669,1.4746596813201904,0.6882293224334717,0.48370009660720825,0.502467155456543,0.009336951188743114,0.06165220960974693,1,5
2670,1.4468910694122314,0.7043837308883667,0.47814321517944336,0.49441519379615784,0.007278913166373968,0.060690738260746,1,5
2671,1.4261161088943481,0.7020639181137085,0.48064061999320984,0.49556273221969604,0.007628559600561857,0.05677659064531326,1,5
2672,1.4045737981796265,0.6920846104621887,0.49157652258872986,0.5005406141281128,0.011001619510352612,0.06978259980678558,1,5
2673,1.3999404907226562,0.6776838302612305,0.5005395412445068,0.5078115463256836,0.01325172558426857,0.09372877329587936,1,5
2674,1.4185274839401245,0.6779792308807373,0.5024599432945251,0.5076456665992737,0.009796303696930408,0.08132871985435486,1,5
2675,1.435229778289795,0.6923092603683472,0.4901309311389923,0.5004701614379883,0.009397636167705059,0.07694799453020096,1,5
2676,1.4448171854019165,0.6959644556045532,0.4796251654624939,0.4985964596271515,0.011446734890341759,0.06876768916845322,1,5
2677,1.451145887374878,0.6750732064247131,0.4738973379135132,0.5091235041618347,0.00861965212970972,0.06865915656089783,1,5
2678,1.4583592414855957,0.6729589700698853,0.4799419641494751,0.5102035999298096,0.010287209413945675,0.07681749016046524,1,5
2679,1.4622009992599487,0.6553553342819214,0.4806024432182312,0.5192645788192749,0.00949802529066801,0.05672847852110863,1,5
2680,1.4825804233551025,0.6883209943771362,0.47752273082733154,0.5024809837341309,0.010988503694534302,0.07280092686414719,1,5
2681,1.482717752456665,0.6863528490066528,0.4651791453361511,0.503425121307373,0.00900257844477892,0.05737753212451935,1,5
2682,1.4913241863250732,0.6920406818389893,0.45698267221450806,0.5005630254745483,0.007520774845033884,0.04867686331272125,1,5
2683,1.46134352684021,0.6925129890441895,0.46756789088249207,0.5003237128257751,0.008798030205070972,0.06658026576042175,1,5
2684,1.4588322639465332,0.6762810945510864,0.47154003381729126,0.5085080862045288,0.008449902758002281,0.05907805636525154,1,5
2685,1.471865177154541,0.6784316301345825,0.4718748927116394,0.5074129104614258,0.009736424311995506,0.06984040141105652,1,5
2686,1.4729855060577393,0.6886551380157471,0.4711153507232666,0.502264142036438,0.01000494696199894,0.06170757859945297,1,5
2687,1.4641411304473877,0.692028284072876,0.46915024518966675,0.5005680322647095,0.0075691076926887035,0.048899389803409576,1,5
2688,1.445934772491455,0.7002050280570984,0.4751339256763458,0.4964868426322937,0.007108624558895826,0.05144791677594185,1,5
2689,1.4241020679473877,0.6877948045730591,0.4821181297302246,0.5026898384094238,0.007636090740561485,0.06152664124965668,1,5
2690,1.4279999732971191,0.6543657183647156,0.48703110218048096,0.5197769403457642,0.014446751214563847,0.11043776571750641,1,5
2691,1.4462363719940186,0.6558525562286377,0.5009210705757141,0.5190091133117676,0.010514638386666775,0.06761107593774796,1,5
2692,1.4323091506958008,0.694341778755188,0.5018837451934814,0.49940481781959534,0.007951711304485798,0.15124434232711792,1,5
2693,1.394527554512024,0.7221478223800659,0.5006882548332214,0.48570919036865234,0.008089822717010975,0.05630674958229065,1,5
2694,1.3665663003921509,0.7347856760025024,0.4992894232273102,0.4796111583709717,0.006704261526465416,0.055230334401130676,1,5
2695,1.3284270763397217,0.7170259952545166,0.5121860504150391,0.48820650577545166,0.01135093905031681,0.14992783963680267,1,5
2696,1.3211392164230347,0.6869104504585266,0.5316488742828369,0.5031436681747437,0.00959379319101572,0.07006988674402237,1,5
2697,1.332017183303833,0.6966689825057983,0.5381647944450378,0.49826478958129883,0.01092194952070713,0.06987649947404861,1,5
2698,1.323765516281128,0.6928862929344177,0.5360382199287415,0.500290036201477,0.014254104346036911,0.10042397677898407,1,5
2699,1.3707594871520996,0.6798790097236633,0.522549569606781,0.5067972540855408,0.011330092325806618,0.08244255185127258,1,5
2700,1.3976359367370605,0.7070505023002625,0.5096293687820435,0.4931499660015106,0.011450794525444508,0.07271997630596161,1,5
2701,1.3949851989746094,0.7291111946105957,0.49565771222114563,0.48236292600631714,0.009566254913806915,0.06268343329429626,1,5
2702,1.378127098083496,0.7143733501434326,0.4918484687805176,0.489517480134964,0.013573072850704193,0.07313922047615051,1,5
2703,1.3961255550384521,0.7069236040115356,0.49170631170272827,0.49322807788848877,0.010981319472193718,0.061765555292367935,1,5
2704,1.398646354675293,0.7141264081001282,0.4923492670059204,0.4897390305995941,0.011876084841787815,0.07649659365415573,1,5
2705,1.3967154026031494,0.6979750394821167,0.49071770906448364,0.497636079788208,0.012015392072498798,0.0643961951136589,1,5
2706,1.4090505838394165,0.6885129809379578,0.49329668283462524,0.5023961663246155,0.011072414927184582,0.06164516881108284,1,5
2707,1.4163544178009033,0.7107478380203247,0.49320119619369507,0.4913407862186432,0.013092423789203167,0.05138935521245003,1,5
2708,1.4001092910766602,0.7221329212188721,0.4904174208641052,0.4857243597507477,0.009959896095097065,0.06611813604831696,1,5
2709,1.4004991054534912,0.7225788831710815,0.4843219220638275,0.4855029582977295,0.009328407235443592,0.07675690948963165,1,5
2710,1.4060357809066772,0.7038875818252563,0.48239079117774963,0.49466168880462646,0.008962593972682953,0.07706315815448761,1,5
2711,1.391183614730835,0.6977399587631226,0.49945640563964844,0.49771323800086975,0.00868577416986227,0.0717802569270134,1,5
2712,1.3977000713348389,0.6986854076385498,0.49892985820770264,0.4972388744354248,0.012830285355448723,0.06761977821588516,1,5
2713,1.412144660949707,0.6958591341972351,0.4914485216140747,0.49864909052848816,0.012702468782663345,0.05764145404100418,1,5
2714,1.4196171760559082,0.6844574213027954,0.4890636205673218,0.504386842250824,0.010877621360123158,0.057361286133527756,1,5
2715,1.4250328540802002,0.6904945969581604,0.49198511242866516,0.5013393759727478,0.008685505948960781,0.05658137798309326,1,5
2716,1.3978796005249023,0.7137866020202637,0.501054048538208,0.4897875189781189,0.007153457961976528,0.054057419300079346,1,5
2717,1.375422716140747,0.7166938781738281,0.5002702474594116,0.48837125301361084,0.009510768577456474,0.07025296986103058,1,5
2718,1.3787075281143188,0.7175745964050293,0.4985538423061371,0.4879399538040161,0.009046942926943302,0.060302797704935074,1,5
2719,1.3640145063400269,0.7155023813247681,0.5051850080490112,0.4889529347419739,0.012338380329310894,0.061503876000642776,1,5
2720,1.3552706241607666,0.718781590461731,0.5118266344070435,0.4873937964439392,0.00813596136868,0.0649624839425087,1,5
2721,1.3621538877487183,0.7048763632774353,0.5055140256881714,0.4942328929901123,0.01166367344558239,0.08074889332056046,1,5
2722,1.3666179180145264,0.6441391706466675,0.5117043256759644,0.5251233577728271,0.013023020699620247,0.09810534864664078,1,5
2723,1.4237186908721924,0.5968093872070312,0.5246020555496216,0.5505794882774353,0.01030003186315298,0.07626607269048691,1,5
2724,1.514026403427124,0.6230033040046692,0.5014209747314453,0.5363617539405823,0.009021708741784096,0.06405839323997498,1,5
2725,1.51365327835083,0.6648861169815063,0.48435428738594055,0.5143746137619019,0.008578117936849594,0.0686606839299202,1,5
2726,1.4713079929351807,0.6925443410873413,0.47904127836227417,0.500311553478241,0.009162752889096737,0.06272387504577637,1,5
2727,1.4213483333587646,0.6962870359420776,0.48854172229766846,0.4984397888183594,0.009780489839613438,0.07563460618257523,1,5
2728,1.380440592765808,0.6880215406417847,0.5080390572547913,0.5026406049728394,0.010848838835954666,0.06758290529251099,1,5
2729,1.34784734249115,0.6720775365829468,0.5308294296264648,0.5107033848762512,0.013317830860614777,0.08787500113248825,1,5
2730,1.3663849830627441,0.6192543506622314,0.5334018468856812,0.5383504629135132,0.012355311773717403,0.08899375796318054,1,5
2731,1.4138606786727905,0.6566196084022522,0.5415231585502625,0.5186100006103516,0.009515253826975822,0.059861186891794205,1,5
2732,1.4145886898040771,0.6989370584487915,0.5136188864707947,0.4971175193786621,0.009146180003881454,0.07070613652467728,1,5
2733,1.4418513774871826,0.7542511820793152,0.4779120087623596,0.4703676402568817,0.009233747608959675,0.04598723724484444,1,5
2734,1.4128527641296387,0.7466490268707275,0.4639650583267212,0.4739752411842346,0.008305159397423267,0.06320663541555405,1,5
2735,1.382859468460083,0.7188464403152466,0.48252159357070923,0.4873318672180176,0.011014324612915516,0.08226197212934494,1,5
2736,1.3926328420639038,0.6634703874588013,0.49385976791381836,0.515064001083374,0.012522317469120026,0.09505795687437057,1,5
2737,1.4355520009994507,0.6958738565444946,0.5020139217376709,0.49864548444747925,0.009485545568168163,0.05837193503975868,1,5
2738,1.4390963315963745,0.7399736046791077,0.4801099896430969,0.4771322011947632,0.01087203249335289,0.0832175463438034,1,5
2739,1.4350199699401855,0.7740809917449951,0.46093931794166565,0.4611334204673767,0.008964047767221928,0.07515957951545715,1,5
2740,1.415330410003662,0.6847835779190063,0.456278920173645,0.5042126774787903,0.01112084649503231,0.07177789509296417,1,5
2741,1.4834346771240234,0.6812272667884827,0.46416962146759033,0.5059964060783386,0.008675916120409966,0.06223929300904274,1,5
2742,1.4522185325622559,0.690078616142273,0.478490948677063,0.5015446543693542,0.00954482052475214,0.06988736242055893,1,5
2743,1.4441184997558594,0.6711346507072449,0.4791761338710785,0.511145830154419,0.012776083312928677,0.09434428066015244,1,5
2744,1.4800946712493896,0.649032711982727,0.47759687900543213,0.5225614309310913,0.011409321799874306,0.07523605972528458,1,5
2745,1.4592983722686768,0.6756371259689331,0.49384641647338867,0.5088361501693726,0.010131566785275936,0.08395186066627502,1,5
2746,1.4064604043960571,0.7198823690414429,0.5032960176467896,0.48681825399398804,0.009752435609698296,0.07741551846265793,1,5
2747,1.3653192520141602,0.6708505153656006,0.5023655295372009,0.5113018751144409,0.013625006191432476,0.09969668835401535,1,5
2748,1.3998490571975708,0.6695435047149658,0.5160218477249146,0.5119972229003906,0.009767740033566952,0.06693992763757706,1,5
2749,1.4053230285644531,0.6859967112541199,0.5102506875991821,0.5035927295684814,0.01104897540062666,0.06693659722805023,1,5
2750,1.4355388879776,0.6423588395118713,0.48734742403030396,0.526063084602356,0.010436723940074444,0.07485556602478027,1,5
2751,1.4883067607879639,0.6814119815826416,0.48289984464645386,0.5059155225753784,0.00958971492946148,0.06713646650314331,1,5
2752,1.4569005966186523,0.7068406939506531,0.47625958919525146,0.4932153820991516,0.008453471586108208,0.062126774340867996,1,5
2753,1.4302804470062256,0.7008011341094971,0.4770759046077728,0.49619707465171814,0.01031478587538004,0.1097499206662178,1,5
2754,1.4171295166015625,0.6979273557662964,0.4903663396835327,0.49761664867401123,0.006518533919006586,0.05184013023972511,1,5
2755,1.391762614250183,0.7085564136505127,0.4992668032646179,0.4923558533191681,0.004793117754161358,0.03928382694721222,1,5
2756,1.3569847345352173,0.7432902455329895,0.5100393891334534,0.4755488634109497,0.004935376811772585,0.03530069813132286,1,5
2757,1.3037071228027344,0.7583879232406616,0.5208128690719604,0.4684259295463562,0.01078821811825037,0.07977550476789474,1,5
2758,1.2641677856445312,0.736786961555481,0.5373101234436035,0.47865182161331177,0.009956082329154015,0.10147921741008759,1,5
2759,1.276102066040039,0.6806743741035461,0.5441042184829712,0.5062794089317322,0.011288483627140522,0.08954612165689468,1,5
2760,1.3351731300354004,0.6676957607269287,0.5404483079910278,0.5128976702690125,0.012754982337355614,0.11718405038118362,1,5
2761,1.3957958221435547,0.6871387958526611,0.5223312377929688,0.5030304789543152,0.007715523708611727,0.056732770055532455,1,5
2762,1.4022104740142822,0.7115962505340576,0.5000193119049072,0.49089476466178894,0.009325092658400536,0.08513085544109344,1,5
2763,1.4217925071716309,0.7256535291671753,0.4800998568534851,0.48401764035224915,0.007121686358004808,0.05425003170967102,1,5
2764,1.3935325145721436,0.7212724685668945,0.4854273200035095,0.48613661527633667,0.008787289261817932,0.06061127036809921,1,5
2765,1.3668599128723145,0.6999034285545349,0.5012246370315552,0.49664637446403503,0.009499892592430115,0.08854622393846512,1,5
2766,1.3766560554504395,0.6720336079597473,0.5105780959129333,0.5106773376464844,0.006966250948607922,0.0566309355199337,1,5
2767,1.3908945322036743,0.6938635110855103,0.5136495232582092,0.49966734647750854,0.00769900344312191,0.05929049476981163,1,5
2768,1.3824150562286377,0.7171933054924011,0.5066348910331726,0.48813095688819885,0.008758901618421078,0.05769665539264679,1,5
2769,1.3730188608169556,0.7221674919128418,0.499759316444397,0.4856995940208435,0.007319973316043615,0.06810671836137772,1,5
2770,1.3653907775878906,0.7209106087684631,0.5022299885749817,0.4863261878490448,0.009925726801156998,0.07182218879461288,1,5
2771,1.365159273147583,0.7015390396118164,0.503059983253479,0.49584949016571045,0.009016144089400768,0.07042147219181061,1,5
2772,1.379331111907959,0.6763582825660706,0.5067844390869141,0.508493185043335,0.013680748641490936,0.0932968482375145,1,5
2773,1.4027276039123535,0.6461946964263916,0.5130429863929749,0.5240818858146667,0.012674580328166485,0.07785975188016891,1,5
2774,1.4400789737701416,0.6667729616165161,0.5085558295249939,0.5134053230285645,0.010724182240664959,0.06820059567689896,1,5
2775,1.4307012557983398,0.6769278049468994,0.49860095977783203,0.5082982778549194,0.012333882972598076,0.09714222699403763,1,5
2776,1.4613641500473022,0.6826171875,0.48377156257629395,0.5053291320800781,0.010842296294867992,0.08804132789373398,1,5
2777,1.4443265199661255,0.6867319345474243,0.4858238101005554,0.5032225847244263,0.011613260954618454,0.08999620378017426,1,5
2778,1.4526140689849854,0.6694743633270264,0.4811913073062897,0.5119856595993042,0.011214595288038254,0.09874755144119263,1,5
2779,1.4600205421447754,0.6545127630233765,0.48645782470703125,0.5197263956069946,0.013160401955246925,0.09013713896274567,1,5
2780,1.479522466659546,0.6518680453300476,0.48585060238838196,0.5210974812507629,0.013814721256494522,0.08873369544744492,1,5
2781,1.4926050901412964,0.6862333416938782,0.4777907729148865,0.5034825801849365,0.012345288880169392,0.06573424488306046,1,5
2782,1.4527208805084229,0.7013067007064819,0.4771178066730499,0.4959610104560852,0.013552777469158173,0.12167362123727798,1,5
2783,1.4518862962722778,0.6983897089958191,0.4733460545539856,0.49739012122154236,0.009679357521235943,0.07863488048315048,1,5
2784,1.4307657480239868,0.7055357694625854,0.48226067423820496,0.49387603998184204,0.012563157826662064,0.09749291092157364,1,5
2785,1.4457788467407227,0.6712236404418945,0.47515976428985596,0.5111017227172852,0.009358352050185204,0.08917747437953949,1,5
2786,1.4710142612457275,0.6809870004653931,0.4774101674556732,0.5061532258987427,0.008863573893904686,0.06365500390529633,1,5
2787,1.471609115600586,0.732606053352356,0.47032788395881653,0.48066461086273193,0.006973059382289648,0.049523867666721344,1,5
2788,1.4243378639221191,0.7720373868942261,0.46639883518218994,0.4620731472969055,0.00770746311172843,0.05647279694676399,1,5
2789,1.3942739963531494,0.7651201486587524,0.46505069732666016,0.4652788043022156,0.007859845645725727,0.06407032907009125,1,5
2790,1.3623906373977661,0.7465159893035889,0.48385509848594666,0.4740328788757324,0.011223780922591686,0.0527183897793293,1,5
2791,1.3485329151153564,0.7141467332839966,0.4987047016620636,0.489651620388031,0.011831254698336124,0.07844894379377365,1,5
2792,1.3904043436050415,0.7020062208175659,0.49629703164100647,0.49560925364494324,0.009009988978505135,0.056204285472631454,1,5
2793,1.37736177444458,0.7290844917297363,0.5057873129844666,0.4823618233203888,0.00755302282050252,0.08521505445241928,1,5
2794,1.3578245639801025,0.7407636642456055,0.5038881897926331,0.47675663232803345,0.007499403320252895,0.05179757997393608,1,5
2795,1.3519580364227295,0.7246209383010864,0.5002448558807373,0.48458540439605713,0.011303039267659187,0.10542530566453934,1,5
2796,1.3532299995422363,0.6725608706474304,0.5132302045822144,0.5104101896286011,0.00993838906288147,0.09182946383953094,1,5
2797,1.3883384466171265,0.6438935399055481,0.5200290083885193,0.5253878831863403,0.01739106886088848,0.1310122311115265,1,5
2798,1.4454092979431152,0.6178062558174133,0.5188834071159363,0.5391335487365723,0.009760932996869087,0.07802768051624298,1,5
2799,1.464934229850769,0.6643292903900146,0.5119837522506714,0.5146269202232361,0.010659120045602322,0.09995552152395248,1,5
2800,1.4314837455749512,0.6995326280593872,0.5026072263717651,0.49685394763946533,0.011755428276956081,0.09257672727108002,1,5
2801,1.3841454982757568,0.6665432453155518,0.5093482136726379,0.5134942531585693,0.014963270165026188,0.11878935992717743,1,5
2802,1.394578218460083,0.654546856880188,0.5259650945663452,0.5197861194610596,0.015913650393486023,0.14797739684581757,1,5
2803,1.3783305883407593,0.641219973564148,0.5446368455886841,0.5266625881195068,0.01345252338796854,0.1202465146780014,1,5
2804,1.373596429824829,0.6256242990493774,0.551129937171936,0.5349830389022827,0.012207841500639915,0.1059199646115303,1,5
2805,1.398514986038208,0.7034764289855957,0.545922040939331,0.4949132800102234,0.014834134839475155,0.10520103573799133,1,5
2806,1.3641221523284912,0.743297278881073,0.5177570581436157,0.47567304968833923,0.013280917890369892,0.09808490425348282,1,5
2807,1.3489426374435425,0.7486010789871216,0.505949854850769,0.47304582595825195,0.008770391345024109,0.09396784752607346,1,5
2808,1.3413527011871338,0.764792799949646,0.5025452971458435,0.46545135974884033,0.010628418065607548,0.08558552712202072,1,5
2809,1.3433756828308105,0.7488382458686829,0.4967810809612274,0.47292861342430115,0.009799175895750523,0.07208525389432907,1,5
2810,1.3552401065826416,0.7625616788864136,0.4966834783554077,0.46647122502326965,0.007854866795241833,0.07069249451160431,1,5
2811,1.353689432144165,0.7701313495635986,0.4913805425167084,0.462963730096817,0.008247681893408298,0.05458390340209007,1,5
2812,1.325544834136963,0.7937248945236206,0.5004533529281616,0.4521600306034088,0.006955557968467474,0.0524781197309494,1,5
2813,1.312514305114746,0.8013136386871338,0.49604642391204834,0.44874075055122375,0.00788246002048254,0.053800009191036224,1,5
2814,1.2770118713378906,0.7980020642280579,0.5111004710197449,0.45023494958877563,0.008507728576660156,0.06750480085611343,1,5
2815,1.2539772987365723,0.7848422527313232,0.5259009599685669,0.456230491399765,0.009337345138192177,0.0832865759730339,1,5
2816,1.2474325895309448,0.7896473407745361,0.5350683331489563,0.45405304431915283,0.009301405400037766,0.06900117546319962,1,5
2817,1.2415424585342407,0.8139246702194214,0.5359878540039062,0.44314515590667725,0.0088417399674654,0.06927081942558289,1,5
2818,1.1966934204101562,0.816164493560791,0.5488249063491821,0.4421406686306,0.013943543657660484,0.12782475352287292,1,5
2819,1.220323085784912,0.7862078547477722,0.5423856973648071,0.4555869698524475,0.010513631626963615,0.1319456398487091,1,5
2820,1.2218308448791504,0.7511372566223145,0.5545651912689209,0.4719058871269226,0.01315888948738575,0.11618703603744507,1,5
2821,1.2441024780273438,0.6873378753662109,0.5597823858261108,0.5030550360679626,0.013645252212882042,0.11679840832948685,1,5
2822,1.3083821535110474,0.6764246225357056,0.5618835687637329,0.5085066556930542,0.01205285731703043,0.1049167811870575,1,5
2823,1.3692700862884521,0.6938204765319824,0.5322202444076538,0.4997415542602539,0.017241671681404114,0.10886617749929428,1,5
2824,1.4030354022979736,0.6570833921432495,0.5074348449707031,0.5184681415557861,0.017095355316996574,0.09769947081804276,1,5
2825,1.4275799989700317,0.661298394203186,0.5147213935852051,0.5162413716316223,0.015058849938213825,0.09517047554254532,1,5
2826,1.4433634281158447,0.6662259101867676,0.5026711821556091,0.5137720108032227,0.013684019446372986,0.08963024616241455,1,5
2827,1.4657013416290283,0.6468717455863953,0.48810017108917236,0.5238038301467896,0.01437732670456171,0.09509893506765366,1,5
2828,1.5304393768310547,0.6659404039382935,0.46671780943870544,0.5138323307037354,0.011705148965120316,0.10460837930440903,1,5
2829,1.4976294040679932,0.6601976156234741,0.47471868991851807,0.5168149471282959,0.011458013206720352,0.1034485399723053,1,5
2830,1.5055413246154785,0.6642396450042725,0.47277653217315674,0.5147457122802734,0.013732421211898327,0.0918755978345871,1,5
2831,1.5219175815582275,0.7000249028205872,0.46019405126571655,0.4966259002685547,0.01045572105795145,0.09420812875032425,1,5
2832,1.5404536724090576,0.7418703436851501,0.4340735375881195,0.47622841596603394,0.00791650079190731,0.08328207582235336,1,5
2833,1.5053951740264893,0.7642887830734253,0.4309333264827728,0.46567273139953613,0.00989637803286314,0.05778598412871361,1,5
2834,1.4450671672821045,0.7504377365112305,0.4469669461250305,0.47216227650642395,0.007942745462059975,0.07052724063396454,1,5
2835,1.4051569700241089,0.716841459274292,0.4711868464946747,0.48829466104507446,0.010046873241662979,0.08243565261363983,1,5
2836,1.384095311164856,0.6819580793380737,0.4988468587398529,0.5056354403495789,0.008101409301161766,0.08709559589624405,1,5
2837,1.417261004447937,0.6915786862373352,0.49962639808654785,0.5007861256599426,0.01081315241754055,0.09220004081726074,1,5
2838,1.4019482135772705,0.6643418669700623,0.5046607255935669,0.5146153569221497,0.010876385495066643,0.10565698891878128,1,5
2839,1.428816318511963,0.6476367712020874,0.5062947273254395,0.5233258008956909,0.012316613458096981,0.09257115423679352,1,5
2840,1.467743158340454,0.6248413920402527,0.4955805540084839,0.5353826880455017,0.01851583644747734,0.09610668569803238,1,5
2841,1.5309107303619385,0.6319558620452881,0.4797382056713104,0.5315755009651184,0.012372862547636032,0.1143723726272583,1,5
2842,1.5763983726501465,0.5444321036338806,0.4569428265094757,0.580233097076416,0.01343359611928463,0.12614035606384277,1,5
2843,1.713299036026001,0.5356612205505371,0.4527682960033417,0.5853056907653809,0.00962794665247202,0.06872575730085373,1,5
2844,1.7265326976776123,0.6118768453598022,0.438656210899353,0.5423473715782166,0.00828864797949791,0.06317329406738281,1,5
2845,1.6529743671417236,0.6644712686538696,0.4240495562553406,0.5145562887191772,0.007149186450988054,0.06266345083713531,1,5
2846,1.5627120733261108,0.6787829995155334,0.436850368976593,0.5072453022003174,0.008922230452299118,0.06715743988752365,1,5
2847,1.5014901161193848,0.643363893032074,0.45759493112564087,0.5255579948425293,0.008654270321130753,0.0811534970998764,1,5
2848,1.4816852807998657,0.6189632415771484,0.4881446957588196,0.5385304689407349,0.010052875615656376,0.07967601716518402,1,5
2849,1.5158679485321045,0.6413128972053528,0.48524051904678345,0.5266165733337402,0.010185014456510544,0.054627131670713425,1,5
2850,1.5016189813613892,0.6722911596298218,0.4758729338645935,0.5105519890785217,0.007234923075884581,0.06258946657180786,1,5
2851,1.5075421333312988,0.7032842040061951,0.4574800729751587,0.49496275186538696,0.008433938026428223,0.061551906168460846,1,5
2852,1.4947043657302856,0.6984718441963196,0.4482091963291168,0.49735528230667114,0.005987183190882206,0.05123663321137428,1,5
2853,1.4687529802322388,0.7019854784011841,0.4613422453403473,0.4956028461456299,0.005582766607403755,0.04893401637673378,1,5
2854,1.4301173686981201,0.7174069881439209,0.47762447595596313,0.4880181550979614,0.004809275269508362,0.038092829287052155,1,5
2855,1.39630126953125,0.7251079678535461,0.4863157272338867,0.48427706956863403,0.005114943720400333,0.051004331558942795,1,5
2856,1.363520622253418,0.7386208772659302,0.49993443489074707,0.47777318954467773,0.005956580862402916,0.07372913509607315,1,5
2857,1.3542221784591675,0.7412029504776001,0.4998714327812195,0.4765435755252838,0.0060083684511482716,0.04508628323674202,1,5
2858,1.3249566555023193,0.7540243864059448,0.5109474062919617,0.4704707860946655,0.00686865858733654,0.0647583082318306,1,5
2859,1.3182703256607056,0.7396286725997925,0.5096051692962646,0.477294921875,0.007979275658726692,0.06816808134317398,1,5
2860,1.321932077407837,0.7339529395103455,0.5152667760848999,0.4800106883049011,0.007627424318343401,0.05827997624874115,1,5
2861,1.3156296014785767,0.74507737159729,0.5207753777503967,0.4747046232223511,0.00802574586123228,0.04442980885505676,1,5
2862,1.2888729572296143,0.7512447237968445,0.5277441740036011,0.471790075302124,0.010184752754867077,0.08053378760814667,1,5
2863,1.2840062379837036,0.7439152002334595,0.531978964805603,0.47525379061698914,0.008473549969494343,0.06339006870985031,1,5
2864,1.2869257926940918,0.7076002955436707,0.5318466424942017,0.49284857511520386,0.009945845231413841,0.0930446982383728,1,5
2865,1.3228833675384521,0.6965656280517578,0.5351558923721313,0.49832698702812195,0.011403121054172516,0.08062762767076492,1,5
2866,1.3323954343795776,0.6567355394363403,0.5355769395828247,0.5186684131622314,0.01605883054435253,0.1476171314716339,1,5
2867,1.4043248891830444,0.6266858577728271,0.5297274589538574,0.5344185829162598,0.011134334839880466,0.08365578204393387,1,5
2868,1.4330953359603882,0.6623705625534058,0.5219476222991943,0.5156949758529663,0.011934523470699787,0.08280210942029953,1,5
2869,1.4273401498794556,0.6902580857276917,0.5049694180488586,0.5014633536338806,0.008102617226541042,0.05754264071583748,1,5
2870,1.3896143436431885,0.6990490555763245,0.5036269426345825,0.49709874391555786,0.01116635836660862,0.08027222007513046,1,5
2871,1.3609793186187744,0.6755701899528503,0.5178494453430176,0.5089012384414673,0.011035905219614506,0.10673035681247711,1,5
2872,1.36198890209198,0.6593682169914246,0.5305016040802002,0.5171899795532227,0.010143550112843513,0.12927451729774475,1,5
2873,1.3952178955078125,0.6681616306304932,0.5296763181686401,0.5127089023590088,0.012844793498516083,0.05891069397330284,1,5
2874,1.3887012004852295,0.6890037655830383,0.5184472799301147,0.502461314201355,0.012579849921166897,0.0695524588227272,1,5
2875,1.4037325382232666,0.682726263999939,0.5044704079627991,0.5055960416793823,0.018874220550060272,0.08213130384683609,1,5
2876,1.466081976890564,0.6877909898757935,0.47706931829452515,0.5028141736984253,0.013380235061049461,0.0683072954416275,1,5
2877,1.474029541015625,0.7056320905685425,0.4684380292892456,0.4938158094882965,0.009932729415595531,0.056410521268844604,1,5
2878,1.4856164455413818,0.7219559550285339,0.4534488916397095,0.4858037829399109,0.008641285821795464,0.08001039177179337,1,5
2879,1.4924843311309814,0.7216324806213379,0.44452738761901855,0.4859730005264282,0.007044767960906029,0.04560549184679985,1,5
2880,1.4740923643112183,0.7206543684005737,0.45107027888298035,0.48644447326660156,0.006628116592764854,0.04544222727417946,1,5
2881,1.4398212432861328,0.728416919708252,0.46611469984054565,0.48268216848373413,0.006825766526162624,0.06906859576702118,1,5
2882,1.4205329418182373,0.7309026718139648,0.47267991304397583,0.48148995637893677,0.005969451740384102,0.04330100864171982,1,5
2883,1.3977681398391724,0.7384430766105652,0.4808694124221802,0.477891206741333,0.007571178022772074,0.08420982956886292,1,5
2884,1.3710674047470093,0.7348390817642212,0.49373114109039307,0.4796290993690491,0.0077982754446566105,0.05908068269491196,1,5
2885,1.3567289113998413,0.7344698309898376,0.5017171502113342,0.4797981381416321,0.009472536854445934,0.04402700439095497,1,5
2886,1.3434308767318726,0.7513933181762695,0.505900502204895,0.47174549102783203,0.007601663935929537,0.04463224485516548,1,5
2887,1.3201642036437988,0.7738674879074097,0.5112382173538208,0.4612911343574524,0.006396452430635691,0.03637578338384628,1,5
2888,1.3007698059082031,0.7765669226646423,0.5107735395431519,0.46005451679229736,0.009969554841518402,0.06738873571157455,1,5
2889,1.282569169998169,0.7309607267379761,0.5215683579444885,0.4815182089805603,0.009478293359279633,0.08334901183843613,1,5
2890,1.3142191171646118,0.7042304277420044,0.5256466865539551,0.49470794200897217,0.011896810494363308,0.08454295992851257,1,5
2891,1.3368585109710693,0.6067929863929749,0.533106803894043,0.5454820394515991,0.01702272519469261,0.11994508653879166,1,5
2892,1.5014433860778809,0.5687718987464905,0.5208026170730591,0.5662837624549866,0.010442758910357952,0.07990699261426926,1,5
2893,1.5872628688812256,0.6583417057991028,0.48316675424575806,0.5177379846572876,0.0105354068800807,0.06969010829925537,1,5
2894,1.5939409732818604,0.6964572072029114,0.430776983499527,0.49837058782577515,0.010476823896169662,0.08265160769224167,1,5
2895,1.5880579948425293,0.5993897914886475,0.41846993565559387,0.549157977104187,0.01350956317037344,0.09746863692998886,1,5
2896,1.672886848449707,0.5250190496444702,0.4310000538825989,0.5915637612342834,0.011293336749076843,0.06845039874315262,1,5
2897,1.7199918031692505,0.5924648642539978,0.4484027922153473,0.5529652237892151,0.007931583561003208,0.048743803054094315,1,5
2898,1.6162893772125244,0.6549012064933777,0.44953715801239014,0.5194964408874512,0.007964103482663631,0.08605087548494339,1,5
2899,1.5258293151855469,0.6805423498153687,0.4575703740119934,0.5063471794128418,0.009867294691503048,0.06985349953174591,1,5
2900,1.44899582862854,0.6516484022140503,0.4815005660057068,0.5211971998214722,0.011809146031737328,0.11912032216787338,1,5
2901,1.4134891033172607,0.6590310335159302,0.5180611610412598,0.5173827409744263,0.010069325566291809,0.06299921125173569,1,5
2902,1.3621878623962402,0.7104247808456421,0.5362400412559509,0.4914432168006897,0.009420259855687618,0.09467555582523346,1,5
2903,1.323319911956787,0.7367810010910034,0.5310686230659485,0.4786558747291565,0.01127595640718937,0.10803411155939102,1,5
2904,1.28580904006958,0.6407747268676758,0.5389083027839661,0.5269142389297485,0.018614258617162704,0.20342980325222015,1,5
2905,1.4156147241592407,0.6249781847000122,0.5429246425628662,0.5352891087532043,0.011079561896622181,0.08610609173774719,1,5
2906,1.4745885133743286,0.6634194850921631,0.5038382411003113,0.5150965452194214,0.014153680764138699,0.09324219077825546,1,5
2907,1.4932479858398438,0.697583794593811,0.47502875328063965,0.4977880120277405,0.00895210262387991,0.05672251060605049,1,5
2908,1.4989566802978516,0.7597864270210266,0.4494447112083435,0.4677703380584717,0.007223615888506174,0.07193713635206223,1,5
2909,1.4878835678100586,0.7396389842033386,0.4290769100189209,0.4772977828979492,0.009048243053257465,0.0854128822684288,1,5
2910,1.4737625122070312,0.7051906585693359,0.44358301162719727,0.49402421712875366,0.009340792894363403,0.060359541326761246,1,5
2911,1.4770879745483398,0.6743513345718384,0.4572569727897644,0.5094910860061646,0.009167456068098545,0.0795523002743721,1,5
2912,1.483818769454956,0.7004349231719971,0.4674476087093353,0.49637138843536377,0.006409215275198221,0.05659673735499382,1,5
2913,1.4419887065887451,0.7166457772254944,0.4733813405036926,0.48842406272888184,0.014390955679118633,0.11506178230047226,1,5
2914,1.4300484657287598,0.7019878625869751,0.4758242070674896,0.49560630321502686,0.010866540484130383,0.07937657833099365,1,5
2915,1.4156029224395752,0.7272064685821533,0.4840947389602661,0.4832618236541748,0.010513495653867722,0.10420585423707962,1,5
2916,1.3818022012710571,0.7287696599960327,0.4882844388484955,0.4825086295604706,0.008254996500909328,0.1339036226272583,1,5
2917,1.348384976387024,0.7323659658432007,0.5066027641296387,0.48078227043151855,0.009924016892910004,0.09998959302902222,1,5
2918,1.3383716344833374,0.7354313135147095,0.5142913460731506,0.4793037176132202,0.00855744443833828,0.05893150717020035,1,5
2919,1.3171374797821045,0.730486273765564,0.5187724232673645,0.48167717456817627,0.009234371595084667,0.09392444044351578,1,5
2920,1.3126212358474731,0.6867119073867798,0.52920001745224,0.5032339692115784,0.010257313027977943,0.08888851851224899,1,5
2921,1.3608342409133911,0.7270374298095703,0.5257589817047119,0.4833447337150574,0.007608423475176096,0.06718340516090393,1,5
2922,1.369079828262329,0.7219467163085938,0.49870216846466064,0.48581230640411377,0.01050367671996355,0.10280224680900574,1,5
2923,1.39461350440979,0.6404237747192383,0.49385106563568115,0.5270740985870361,0.009973527863621712,0.11424659937620163,1,5
2924,1.467336654663086,0.6088289022445679,0.5026814341545105,0.543996274471283,0.009587362408638,0.07004144042730331,1,5
2925,1.4855108261108398,0.6945569515228271,0.5040152072906494,0.49930888414382935,0.008052686229348183,0.06913015246391296,1,5
2926,1.4613089561462402,0.7357020974159241,0.4698912501335144,0.4792928695678711,0.009334745816886425,0.06956814974546432,1,5
2927,1.4315963983535767,0.7357013821601868,0.46635353565216064,0.4792044460773468,0.013428240083158016,0.0652705505490303,1,5
2928,1.391573190689087,0.7189751267433167,0.4833095073699951,0.4872729778289795,0.010679185390472412,0.09467153996229172,1,5
2929,1.3672447204589844,0.7283552885055542,0.504276692867279,0.48271632194519043,0.008122210390865803,0.07161382585763931,1,5
2930,1.310734748840332,0.741543710231781,0.5275982618331909,0.4764232039451599,0.00873755943030119,0.0663997083902359,1,5
2931,1.2940242290496826,0.6813045144081116,0.5349442958831787,0.5059869885444641,0.015063791535794735,0.1275915503501892,1,5
2932,1.358264446258545,0.656134843826294,0.5401662588119507,0.518878161907196,0.013721520081162453,0.10067462921142578,1,5
2933,1.4077413082122803,0.7424693703651428,0.5213336944580078,0.4759470224380493,0.00797521136701107,0.07071613520383835,1,5
2934,1.3794574737548828,0.7746560573577881,0.4874472916126251,0.46087199449539185,0.009910516440868378,0.08894797414541245,1,5
2935,1.3678408861160278,0.7348923683166504,0.4806673228740692,0.47957685589790344,0.010272144339978695,0.08501899242401123,1,5
2936,1.3904881477355957,0.7074124217033386,0.4874068796634674,0.49293050169944763,0.007383254356682301,0.06257455050945282,1,5
2937,1.378688097000122,0.724128782749176,0.5016108155250549,0.48476627469062805,0.008424617350101471,0.0785040482878685,1,5
2938,1.345224142074585,0.7372406125068665,0.5135923624038696,0.47846072912216187,0.010414906777441502,0.08737805485725403,1,5
2939,1.3569684028625488,0.7291861176490784,0.5026917457580566,0.4823269248008728,0.010082900524139404,0.09640811383724213,1,5
2940,1.3868085145950317,0.6916857361793518,0.49282532930374146,0.5007544755935669,0.008361888118088245,0.12778165936470032,1,5
2941,1.4490325450897217,0.6789337396621704,0.48374971747398376,0.5071946382522583,0.00965398270636797,0.08602744340896606,1,5
2942,1.4390357732772827,0.7064927816390991,0.49107253551483154,0.4933775067329407,0.007448581513017416,0.06807810813188553,1,5
2943,1.412574052810669,0.7118340730667114,0.4873383641242981,0.4907456636428833,0.011724025942385197,0.10896437615156174,1,5
2944,1.4220876693725586,0.690864622592926,0.48574376106262207,0.5011671781539917,0.01165042631328106,0.09620688855648041,1,5
2945,1.4192569255828857,0.6939964890480042,0.49913597106933594,0.4995808005332947,0.008402210660278797,0.06814960390329361,1,5
2946,1.395421028137207,0.7451494932174683,0.5017028450965881,0.4746735095977783,0.008511996828019619,0.0672539621591568,1,5
2947,1.35005784034729,0.7270921468734741,0.5000507831573486,0.4833470582962036,0.01178662944585085,0.08450964838266373,1,5
2948,1.3474302291870117,0.7135913372039795,0.5136674642562866,0.48989778757095337,0.010309447534382343,0.08393298834562302,1,5
2949,1.3775444030761719,0.6890878677368164,0.504967451095581,0.5020521283149719,0.012155169621109962,0.09997739642858505,1,5
2950,1.399214506149292,0.6830095648765564,0.5091756582260132,0.5051662921905518,0.011926901526749134,0.09701042622327805,1,5
2951,1.427391767501831,0.701034665107727,0.4980502724647522,0.49610552191734314,0.013685000129044056,0.10564469546079636,1,5
2952,1.4599318504333496,0.6261290907859802,0.4750758409500122,0.534683883190155,0.01860293187201023,0.16336095333099365,1,5
2953,1.5738418102264404,0.5991223454475403,0.4748363792896271,0.5493043661117554,0.009304678067564964,0.07016310840845108,1,5
2954,1.612487554550171,0.6621941328048706,0.45270949602127075,0.5157246589660645,0.010419179685413837,0.10683790594339371,1,5
2955,1.5860382318496704,0.6731138229370117,0.4360930323600769,0.5101251602172852,0.007665233686566353,0.08131621032953262,1,5
2956,1.5652073621749878,0.669998824596405,0.4348762631416321,0.5117219686508179,0.008908829651772976,0.08490359038114548,1,5
2957,1.5097689628601074,0.642858624458313,0.4631327986717224,0.5257996320724487,0.009286783635616302,0.07430389523506165,1,5
2958,1.4968421459197998,0.6338815689086914,0.4816852807998657,0.5305333137512207,0.011855806224048138,0.0919891819357872,1,5
2959,1.482636570930481,0.6478651762008667,0.4964592158794403,0.5231647491455078,0.0107265030965209,0.08684580773115158,1,5
2960,1.4631668329238892,0.6818393468856812,0.49410033226013184,0.5056930184364319,0.010349271818995476,0.0770983099937439,1,5
2961,1.4137822389602661,0.6593506336212158,0.5005297660827637,0.5171960592269897,0.01054819393903017,0.09623190760612488,1,5
2962,1.3855972290039062,0.6600877046585083,0.5320166349411011,0.5168103575706482,0.014758317731320858,0.0985834151506424,1,5
2963,1.3945211172103882,0.6230658292770386,0.5276228189468384,0.5362991094589233,0.012853939086198807,0.09645367413759232,1,5
2964,1.4335709810256958,0.6514405012130737,0.5273253321647644,0.5213030576705933,0.011348201893270016,0.089903824031353,1,5
2965,1.4248528480529785,0.6732296943664551,0.5125768184661865,0.5100709199905396,0.012074043042957783,0.10771998763084412,1,5
2966,1.4212541580200195,0.681707501411438,0.5029062032699585,0.5057559013366699,0.009408035315573215,0.08172191679477692,1,5
2967,1.430814504623413,0.7312156558036804,0.4912186563014984,0.4813271760940552,0.007164604030549526,0.05881335586309433,1,5
2968,1.3944934606552124,0.7669268846511841,0.4828324317932129,0.46444183588027954,0.008228440769016743,0.0731252059340477,1,5
2969,1.361285924911499,0.7550231218338013,0.4838957190513611,0.47000306844711304,0.006575627252459526,0.06383426487445831,1,5
2970,1.3597050905227661,0.789981484413147,0.4884541630744934,0.45385393500328064,0.00771747063845396,0.060162998735904694,1,5
2971,1.3196079730987549,0.775393009185791,0.49337446689605713,0.4605250358581543,0.006903423462063074,0.06713026016950607,1,5
2972,1.3154594898223877,0.8054988980293274,0.5024784803390503,0.4468660354614258,0.005495181307196617,0.05166500434279442,1,5
2973,1.2650139331817627,0.832875669002533,0.5134749412536621,0.4347981810569763,0.006311249919235706,0.053779248148202896,1,5
2974,1.2473043203353882,0.818283200263977,0.5118272304534912,0.4411894381046295,0.005984936840832233,0.0594264455139637,1,5
2975,1.2125378847122192,0.8131800293922424,0.5375314950942993,0.4434463679790497,0.006357080768793821,0.07993818074464798,1,5
2976,1.207815170288086,0.7968197464942932,0.5435445308685303,0.4507618844509125,0.010206553153693676,0.11424928158521652,1,5
2977,1.2029061317443848,0.7566527128219604,0.5573636889457703,0.46924054622650146,0.01017779391258955,0.10233841091394424,1,5
2978,1.2465119361877441,0.7158132791519165,0.5512995719909668,0.4888017773628235,0.009997008368372917,0.08783205598592758,1,5
2979,1.2917473316192627,0.7385631799697876,0.546094536781311,0.4778580665588379,0.01760939136147499,0.11676987260580063,1,5
2980,1.2809453010559082,0.6559461951255798,0.5469059944152832,0.5189763307571411,0.013926105573773384,0.10740679502487183,1,5
2981,1.382707118988037,0.5806612968444824,0.5364313125610352,0.559589147567749,0.01834465190768242,0.17369584739208221,1,5
2982,1.5145773887634277,0.5863264799118042,0.5280780792236328,0.5563797354698181,0.01564200595021248,0.08472440391778946,1,5
2983,1.4840421676635742,0.6699865460395813,0.5244535207748413,0.5117531418800354,0.015819929540157318,0.18783628940582275,1,5
2984,1.3539695739746094,0.7590713500976562,0.5406491160392761,0.46812471747398376,0.0142621835693717,0.10185249149799347,1,5
2985,1.1818629503250122,0.7867659330368042,0.588125467300415,0.45533275604248047,0.01745142973959446,0.13319765031337738,1,5
2986,1.1089322566986084,0.6925495862960815,0.6223084926605225,0.5003262162208557,0.016657754778862,0.2088324874639511,1,5
2987,1.1771845817565918,0.47217679023742676,0.6533235907554626,0.6236539483070374,0.019651321694254875,0.2574172019958496,1,5
2988,1.6276791095733643,0.649613618850708,0.5958378911018372,0.5222535133361816,0.015290966257452965,0.11955001205205917,1,5
2989,1.6510615348815918,0.917549729347229,0.41914498805999756,0.3994981646537781,0.009253756143152714,0.06025881692767143,1,5
2990,1.661502718925476,0.8630679845809937,0.324309378862381,0.4218733310699463,0.009080755524337292,0.06581731885671616,1,5
2991,1.5976983308792114,0.7412322759628296,0.35945719480514526,0.4765270948410034,0.005451783072203398,0.04042430594563484,1,5
2992,1.4604425430297852,0.7416479587554932,0.45050573348999023,0.4763314127922058,0.008256282657384872,0.04274418205022812,1,5
2993,1.408445119857788,0.803438127040863,0.4747765362262726,0.44778960943222046,0.006470858585089445,0.03475841134786606,1,5
2994,1.3123173713684082,0.8642718195915222,0.49286001920700073,0.42136162519454956,0.006056046113371849,0.050219278782606125,1,5
2995,1.2455147504806519,0.8706077337265015,0.503456711769104,0.4187026023864746,0.0077551607973873615,0.0732995867729187,1,5
2996,1.2189587354660034,0.826602578163147,0.5153331756591797,0.43754568696022034,0.011338231153786182,0.13217417895793915,1,5
2997,1.2109785079956055,0.7954395413398743,0.5423321723937988,0.45139217376708984,0.01017654687166214,0.09859928488731384,1,5
2998,1.204416036605835,0.8114604353904724,0.5576515197753906,0.4442100524902344,0.009684951044619083,0.09771451354026794,1,5
2999,1.2141497135162354,0.804013729095459,0.544756293296814,0.44754135608673096,0.01225892174988985,0.11525855213403702,1,5
3000,1.239030122756958,0.7938597202301025,0.5381485223770142,0.4521322548389435,0.010746353305876255,0.09706160426139832,1,5
