iter,d_loss,g_loss,D_x,D_G_z,g_grad_norm,g_full_grad_norm,d_steps,g_steps
1,1.394474983215332,0.7582221031188965,0.5558865070343018,0.47577670216560364,0.46811527013778687,2.7766287326812744,1,1
2,1.1535398960113525,0.939419150352478,0.6690939664840698,0.4011540412902832,0.5464090704917908,3.50266695022583,1,1
3,0.9709498882293701,1.068148136138916,0.7386089563369751,0.3510501980781555,0.5872745513916016,3.5868754386901855,1,1
4,0.8176330924034119,1.2892600297927856,0.7580423355102539,0.28354009985923767,0.6648679971694946,4.815402030944824,1,1
5,0.6760414242744446,1.4042837619781494,0.7798079252243042,0.25460758805274963,0.7016286849975586,5.759043216705322,1,1
6,0.6101619601249695,1.4803602695465088,0.8071892857551575,0.23684246838092804,0.75234454870224,6.221151351928711,1,1
7,0.5869718194007874,1.6379706859588623,0.8293598890304565,0.20277035236358643,0.7853280901908875,5.873863697052002,1,1
8,0.5373231768608093,1.7791707515716553,0.8215696811676025,0.1782217025756836,0.8396575450897217,6.40061092376709,1,1
9,0.48473238945007324,1.8591572046279907,0.8256948590278625,0.16561035811901093,0.8526459336280823,7.210583209991455,1,1
10,0.4628581702709198,1.9577689170837402,0.8253190517425537,0.15109743177890778,0.8900914788246155,7.248365879058838,1,1
11,0.39579761028289795,2.144545078277588,0.8637278079986572,0.12508082389831543,0.9271589517593384,8.532906532287598,1,1
12,0.3717106282711029,2.213136672973633,0.8628525733947754,0.11631286144256592,0.9564090967178345,10.76778793334961,1,1
13,0.43474775552749634,2.0740270614624023,0.8483761548995972,0.13613171875476837,0.9877662658691406,10.529230117797852,1,1
14,0.4309294521808624,2.080566883087158,0.8694084286689758,0.13445815443992615,0.9585902094841003,9.894624710083008,1,1
15,0.40925315022468567,2.2057242393493652,0.8709120750427246,0.11903072893619537,0.9992874264717102,8.215104103088379,1,1
16,0.345201700925827,2.567126750946045,0.8585141897201538,0.08421994745731354,0.9721603393554688,7.145877361297607,1,1
17,0.3057924509048462,2.690028190612793,0.8433560132980347,0.07317651808261871,0.9934216141700745,8.837882995605469,1,1
18,0.2549012005329132,2.5920369625091553,0.8911274075508118,0.0812685638666153,1.039340615272522,10.325135231018066,1,1
19,0.26433271169662476,2.4551806449890137,0.8991275429725647,0.09486754238605499,1.0613404512405396,9.603124618530273,1,1
20,0.25895318388938904,2.4179110527038574,0.9229025840759277,0.10084414482116699,1.0614534616470337,8.68493366241455,1,1
21,0.2699261009693146,2.460179328918457,0.9052857160568237,0.09526579827070236,1.1414742469787598,8.85744857788086,1,1
22,0.3010733127593994,2.4733943939208984,0.8822166323661804,0.09487579762935638,1.170722246170044,9.491726875305176,1,1
23,0.27744752168655396,2.3844897747039795,0.8961402177810669,0.1055186539888382,1.1421589851379395,8.402666091918945,1,1
24,0.2645530104637146,2.486185073852539,0.9135264158248901,0.09201765060424805,1.176270604133606,8.29151725769043,1,1
25,0.30053746700286865,2.4942712783813477,0.8795461058616638,0.0944434180855751,1.1916440725326538,9.373861312866211,1,1
26,0.2893703281879425,2.4965131282806396,0.8952330350875854,0.09378476440906525,1.250827670097351,12.852849960327148,1,1
27,0.3552780747413635,2.412342071533203,0.8851972818374634,0.10167956352233887,1.1902251243591309,9.37657642364502,1,1
28,0.3445444405078888,2.6503851413726807,0.8709681034088135,0.08398767560720444,1.2322371006011963,9.281002044677734,1,1
29,0.2794944643974304,2.715120792388916,0.8804889917373657,0.07528991997241974,1.2872291803359985,9.055842399597168,1,1
30,0.2647213637828827,2.677358865737915,0.8811361789703369,0.08268210291862488,1.3150521516799927,8.555359840393066,1,1
31,0.29364582896232605,2.5433199405670166,0.8660287857055664,0.09527204185724258,1.3323760032653809,8.017394065856934,1,1
32,0.30041420459747314,2.4241647720336914,0.8830516338348389,0.10448762029409409,1.3667442798614502,8.294045448303223,1,1
33,0.28987690806388855,2.708578109741211,0.8909977674484253,0.08131524920463562,1.4253818988800049,9.110554695129395,1,1
34,0.24413883686065674,2.7922444343566895,0.9098723530769348,0.07823027670383453,1.5336107015609741,10.148459434509277,1,1
35,0.2865639925003052,2.5524728298187256,0.8742220401763916,0.09855537861585617,1.5312297344207764,9.776410102844238,1,1
36,0.29423990845680237,2.501485824584961,0.8904111981391907,0.10333923995494843,1.5624096393585205,8.4967622756958,1,1
37,0.34942781925201416,2.425365447998047,0.8646227717399597,0.1106472909450531,1.5180412530899048,8.118284225463867,1,1
38,0.30310940742492676,2.2781882286071777,0.8659190535545349,0.1228988915681839,1.4606345891952515,7.479620933532715,1,1
39,0.32744473218917847,2.3252975940704346,0.8661917448043823,0.11971411108970642,1.501187801361084,7.624773025512695,1,1
40,0.3481561839580536,2.5436019897460938,0.8711398839950562,0.09707977622747421,1.5565509796142578,8.346381187438965,1,1
41,0.34702789783477783,2.3899049758911133,0.8513010740280151,0.11193158477544785,1.5262506008148193,7.919794082641602,1,1
42,0.33682316541671753,2.2757856845855713,0.847735583782196,0.1267516165971756,1.5513238906860352,7.985146999359131,1,1
43,0.3446524143218994,2.3267769813537598,0.864439845085144,0.12510788440704346,1.528551697731018,7.976217746734619,1,1
44,0.36036574840545654,2.2775983810424805,0.8435542583465576,0.12308450043201447,1.546582579612732,8.130343437194824,1,1
45,0.34807202219963074,2.6934573650360107,0.8777498602867126,0.08465814590454102,1.5020314455032349,8.387459754943848,1,1
46,0.3589339852333069,1.9927077293395996,0.8195956349372864,0.15705162286758423,1.4780412912368774,8.145259857177734,1,1
47,0.34487396478652954,2.3447937965393066,0.8854292631149292,0.11616845428943634,1.4982688426971436,7.674864292144775,1,1
48,0.4202336370944977,2.245006561279297,0.812125027179718,0.1305021196603775,1.46414315700531,7.43914794921875,1,1
49,0.3348764479160309,2.2553763389587402,0.8678564429283142,0.11887076497077942,1.4072625637054443,7.132411956787109,1,1
50,0.3610970377922058,2.117185592651367,0.8244176506996155,0.1396181881427765,1.4065279960632324,6.527739524841309,1,1
51,0.37337419390678406,2.5734782218933105,0.8749462962150574,0.09079861640930176,1.395460844039917,6.558353900909424,1,1
52,0.35252559185028076,1.9333977699279785,0.7959365844726562,0.1621115505695343,1.372269630432129,6.690825939178467,1,1
53,0.3636932373046875,2.8472280502319336,0.9067142009735107,0.06546450406312943,1.40024733543396,7.189459800720215,1,1
54,0.3381549119949341,2.0568361282348633,0.7975591421127319,0.14547640085220337,1.3670668601989746,7.470176696777344,1,1
55,0.3130147457122803,2.7520203590393066,0.9158794283866882,0.07394824922084808,1.4103012084960938,7.564065456390381,1,1
56,0.2932641804218292,2.322965145111084,0.8374758362770081,0.11273276805877686,1.4292120933532715,8.20240306854248,1,1
57,0.30325809121131897,2.327575206756592,0.8710557222366333,0.1089630126953125,1.447715163230896,8.686341285705566,1,1
58,0.2891814112663269,2.791233539581299,0.8844379782676697,0.0700303465127945,1.4331985712051392,8.819714546203613,1,1
59,0.31139856576919556,1.6270164251327515,0.8170679807662964,0.21765507757663727,1.3465321063995361,6.812251091003418,1,1
60,0.39035260677337646,3.669222831726074,0.9288160800933838,0.029371878132224083,1.4037243127822876,6.726035118103027,1,1
61,0.46011316776275635,1.043809175491333,0.6763074398040771,0.37076523900032043,1.1330443620681763,6.491799354553223,1,1
62,0.6174594759941101,3.2393975257873535,0.9564527869224548,0.0444607213139534,1.4455167055130005,9.585617065429688,1,1
63,0.39274677634239197,2.4471240043640137,0.7323062419891357,0.09844467043876648,1.4635835886001587,9.900891304016113,1,1
64,0.26507848501205444,2.1230087280273438,0.8769927620887756,0.13237735629081726,1.425764560699463,9.660284042358398,1,1
65,0.3090936541557312,2.7042222023010254,0.8932963609695435,0.0779670774936676,1.4321051836013794,11.518973350524902,1,1
66,0.3181777000427246,2.2253599166870117,0.8160666823387146,0.1179707944393158,1.3728442192077637,14.137040138244629,1,1
67,0.28195780515670776,2.2670531272888184,0.8739463090896606,0.11519057303667068,1.3196358680725098,17.39675521850586,1,1
68,0.2759621739387512,2.7829060554504395,0.8881957530975342,0.06843678653240204,1.3936851024627686,17.00827980041504,1,1
69,0.2622630298137665,2.309614896774292,0.8527470827102661,0.11005645990371704,1.3594363927841187,12.208160400390625,1,1
70,0.27796173095703125,2.744739294052124,0.8973883390426636,0.07319068908691406,1.4182686805725098,8.292248725891113,1,1
71,0.2782725691795349,2.06378173828125,0.8403430581092834,0.1370384395122528,1.374442219734192,7.326000690460205,1,1
72,0.2688506543636322,2.89483642578125,0.9177042245864868,0.06309236586093903,1.4187109470367432,8.151938438415527,1,1
73,0.27948033809661865,1.9863307476043701,0.8279448747634888,0.1499209851026535,1.3984532356262207,8.43173885345459,1,1
74,0.29021573066711426,2.920766830444336,0.916126549243927,0.06158028915524483,1.4562724828720093,7.926136016845703,1,1
75,0.30070269107818604,1.7193870544433594,0.8127262592315674,0.19351084530353546,1.3415240049362183,7.288355827331543,1,1
76,0.34599584341049194,3.5443363189697266,0.9165818691253662,0.033254168927669525,1.380150318145752,7.036862373352051,1,1
77,0.36955660581588745,1.404213547706604,0.733343243598938,0.26271021366119385,1.1977930068969727,7.1656904220581055,1,1
78,0.43198472261428833,3.7219045162200928,0.9547575116157532,0.029756585136055946,1.4201509952545166,11.607505798339844,1,1
79,0.28931137919425964,2.6288836002349854,0.7909219861030579,0.08254911005496979,1.506877064704895,14.185084342956543,1,1
80,0.37358227372169495,2.6871166229248047,0.8892643451690674,0.07664772123098373,1.4341293573379517,15.335844993591309,1,1
81,0.40102919936180115,2.800863265991211,0.8104435205459595,0.06810443103313446,1.3305330276489258,12.291057586669922,1,1
82,0.3462482988834381,2.0493886470794678,0.7938674092292786,0.13758434355258942,1.2080401182174683,8.829596519470215,1,1
83,0.24689972400665283,3.9540090560913086,0.937814474105835,0.02125232294201851,1.2570176124572754,9.432401657104492,1,1
84,0.1790860891342163,3.736074924468994,0.8671658039093018,0.02667422592639923,1.357488989830017,13.266480445861816,1,1
85,0.1199234277009964,3.3069334030151367,0.9385194182395935,0.04164391756057739,1.5393038988113403,18.417221069335938,1,1
86,0.27485501766204834,4.03486442565918,0.9626473188400269,0.021469036117196083,1.6833934783935547,24.438446044921875,1,1
87,0.49994754791259766,2.585202693939209,0.7601370811462402,0.0903308242559433,1.5071027278900146,19.193302154541016,1,1
88,0.674302875995636,2.2194669246673584,0.709707498550415,0.11720985174179077,1.1644245386123657,8.21094799041748,1,1
89,0.3404954671859741,3.070878505706787,0.8352494835853577,0.050525229424238205,1.108214020729065,8.803688049316406,1,1
90,0.18727868795394897,3.138916015625,0.8833907842636108,0.04721309244632721,1.0992194414138794,10.882745742797852,1,1
91,0.13180899620056152,3.2502684593200684,0.9407361745834351,0.04268074780702591,1.244131088256836,14.310050010681152,1,1
92,0.15215933322906494,3.64158296585083,0.9538547992706299,0.029325231909751892,1.4014198780059814,17.36477279663086,1,1
93,0.20302754640579224,3.575779438018799,0.9321293830871582,0.03205758333206177,1.5793359279632568,20.106420516967773,1,1
94,0.32652872800827026,2.8564536571502686,0.8585253953933716,0.06687948107719421,1.6700963973999023,19.103050231933594,1,1
95,0.508284866809845,1.5735222101211548,0.7393358945846558,0.22322207689285278,1.4127243757247925,14.037474632263184,1,1
96,0.4924517273902893,4.217776298522949,0.8894055485725403,0.017063545063138008,1.527585744857788,12.576093673706055,1,1
97,0.600207507610321,1.167273998260498,0.5859509706497192,0.3289649486541748,1.14419424533844,10.516704559326172,1,1
98,0.5329947471618652,3.511042356491089,0.9716426134109497,0.034187037497758865,1.5541160106658936,16.832735061645508,1,1
99,0.26888298988342285,3.5349953174591064,0.837660014629364,0.03531316667795181,1.7166459560394287,19.92456817626953,1,1
100,0.3634326159954071,1.709317922592163,0.7943336963653564,0.20125433802604675,1.5965477228164673,16.36639976501465,1,1
101,0.6410306692123413,3.9515719413757324,0.8957363963127136,0.024670707061886787,1.6660135984420776,10.250182151794434,1,1
102,1.0254325866699219,0.7810218930244446,0.41058486700057983,0.4754858911037445,0.9491100311279297,6.456146717071533,1,1
103,0.8036225438117981,3.4089677333831787,0.9618134498596191,0.03876136243343353,1.5152757167816162,13.589131355285645,1,1
104,0.3464139401912689,3.34304141998291,0.762377142906189,0.04196818172931671,1.5924197435379028,16.196691513061523,1,1
105,0.3286312222480774,1.9571272134780884,0.8048968315124512,0.15941981971263885,1.4980077743530273,15.1139554977417,1,1
106,0.4393100440502167,2.445453643798828,0.8897626399993896,0.10241764783859253,1.6051158905029297,11.594353675842285,1,1
107,0.44958770275115967,2.142805337905884,0.7705520391464233,0.13799774646759033,1.5238507986068726,8.28856372833252,1,1
108,0.4091963768005371,1.888136863708496,0.7963336706161499,0.16612818837165833,1.4399127960205078,8.089126586914062,1,1
109,0.38887959718704224,2.734626531600952,0.8617386817932129,0.07506313174962997,1.6168928146362305,10.218939781188965,1,1
110,0.36424845457077026,2.1826701164245605,0.7944803237915039,0.1334909349679947,1.601519227027893,10.497593879699707,1,1
111,0.32764768600463867,2.07541561126709,0.8615358471870422,0.15013530850410461,1.5657579898834229,9.816123008728027,1,1
112,0.34572499990463257,2.849134683609009,0.8974781632423401,0.07305771112442017,1.7191966772079468,8.199951171875,1,1
113,0.4742510914802551,1.215003490447998,0.6937236785888672,0.32500940561294556,1.3078926801681519,5.000401020050049,1,1
114,0.5846973657608032,3.2806005477905273,0.9224252104759216,0.04785097390413284,1.739176630973816,7.254995822906494,1,1
115,0.5671733617782593,1.4305853843688965,0.6266398429870605,0.26647475361824036,1.3653841018676758,6.259745121002197,1,1
116,0.504052996635437,2.363051414489746,0.8986690640449524,0.1106574684381485,1.5964795351028442,7.12227201461792,1,1
117,0.40463680028915405,2.0723681449890137,0.7698583006858826,0.1499531865119934,1.5373830795288086,6.3774919509887695,1,1
118,0.3925777077674866,2.431349277496338,0.8557465076446533,0.10490747541189194,1.7030504941940308,6.241936206817627,1,1
119,0.3559134006500244,1.8343639373779297,0.8032371401786804,0.18408218026161194,1.5458924770355225,5.412887096405029,1,1
120,0.4473511576652527,2.108440399169922,0.831710934638977,0.14437517523765564,1.6127936840057373,5.68873405456543,1,1
121,0.42158761620521545,2.409271240234375,0.8204981684684753,0.10851432383060455,1.6630479097366333,6.428130626678467,1,1
122,0.4161181151866913,1.6106247901916504,0.7765500545501709,0.2253493368625641,1.5168431997299194,5.665108680725098,1,1
123,0.4065016806125641,2.7663872241973877,0.8905922174453735,0.08043323457241058,1.7167192697525024,6.868678569793701,1,1
124,0.39354559779167175,1.6272425651550293,0.7641465663909912,0.2178259640932083,1.506471872329712,6.245487689971924,1,1
125,0.44646400213241577,2.3540191650390625,0.8668392896652222,0.11548461765050888,1.6697739362716675,6.221345901489258,1,1
126,0.46729743480682373,1.215240240097046,0.7169504165649414,0.3283805847167969,1.3579291105270386,4.524454593658447,1,1
127,0.5348744988441467,3.0975968837738037,0.9185177683830261,0.057585641741752625,1.710415005683899,6.2177228927612305,1,1
128,0.5666221380233765,1.1148203611373901,0.6247700452804565,0.3665611445903778,1.2733250856399536,4.322613716125488,1,1
129,0.7385662198066711,3.229484796524048,0.9216793775558472,0.051762789487838745,1.7523343563079834,5.601472854614258,1,1
130,0.6845488548278809,1.189892292022705,0.5609980821609497,0.3332236111164093,1.2206904888153076,4.222247123718262,1,1
131,0.5041090250015259,1.890916109085083,0.8933076858520508,0.17384321987628937,1.5011627674102783,5.8498077392578125,1,1
132,0.3882291913032532,2.3015758991241455,0.8264880776405334,0.1198941320180893,1.5787684917449951,6.199872016906738,1,1
133,0.47124603390693665,1.486783504486084,0.7371393442153931,0.2511559724807739,1.3918952941894531,4.422575950622559,1,1
134,0.4511227309703827,1.9637125730514526,0.8647246360778809,0.16423490643501282,1.544285535812378,5.01511812210083,1,1
135,0.38354045152664185,2.1259467601776123,0.8111850023269653,0.13897660374641418,1.5908970832824707,4.9974141120910645,1,1
136,0.40223079919815063,1.6646957397460938,0.7941444516181946,0.21073748171329498,1.424681305885315,4.788998603820801,1,1
137,0.441108375787735,2.234006404876709,0.8575602769851685,0.12583211064338684,1.6313464641571045,4.927530288696289,1,1
138,0.4434526562690735,1.6691904067993164,0.7637155055999756,0.21618762612342834,1.4493072032928467,4.67255163192749,1,1
139,0.3990321159362793,2.2247748374938965,0.8597766757011414,0.12763746082782745,1.6298270225524902,5.262678146362305,1,1
140,0.48099350929260254,1.8538470268249512,0.7588149905204773,0.18344490230083466,1.575463056564331,5.012365341186523,1,1
141,0.4342995285987854,2.2504334449768066,0.8441040515899658,0.12322961539030075,1.6253772974014282,5.097516059875488,1,1
142,0.41716817021369934,1.8644628524780273,0.7895547151565552,0.17652876675128937,1.587485671043396,5.232844829559326,1,1
143,0.4057157039642334,1.8209747076034546,0.8212069869041443,0.190994992852211,1.5394883155822754,4.773030757904053,1,1
144,0.43761804699897766,2.451460123062134,0.8420041799545288,0.10424651950597763,1.7179933786392212,5.346433639526367,1,1
145,0.543509304523468,1.0461058616638184,0.6900731325149536,0.38093435764312744,1.2343790531158447,3.690453290939331,1,1
146,0.7133222222328186,3.5618386268615723,0.9219048619270325,0.03660999983549118,1.6952396631240845,5.1270599365234375,1,1
147,0.983729898929596,0.7030602097511292,0.4275065064430237,0.5192105770111084,0.8908655643463135,2.924295425415039,1,1
148,0.9127777218818665,2.479963779449463,0.953694224357605,0.10261821746826172,1.5172312259674072,4.913436412811279,1,1
149,0.5444298982620239,2.158001661300659,0.6680527329444885,0.13740402460098267,1.4973593950271606,4.4311017990112305,1,1
150,0.5612064003944397,1.257743000984192,0.7093956470489502,0.30800795555114746,1.2186192274093628,3.496201992034912,1,1
151,0.5577263236045837,1.9162800312042236,0.8652541041374207,0.16750633716583252,1.4321345090866089,4.430448532104492,1,1
152,0.4676045775413513,1.94627845287323,0.7647978067398071,0.16249239444732666,1.4884113073349,4.507763862609863,1,1
153,0.5018024444580078,1.7680920362472534,0.7724657654762268,0.19280582666397095,1.4232863187789917,4.321928977966309,1,1
154,0.4498017132282257,1.9474165439605713,0.8202788829803467,0.1652570515871048,1.5049453973770142,4.306328773498535,1,1
155,0.47876083850860596,1.725836992263794,0.7773022651672363,0.2013694792985916,1.4260013103485107,4.400175094604492,1,1
156,0.45300978422164917,1.58757483959198,0.7787718772888184,0.23315221071243286,1.4424859285354614,4.296444892883301,1,1
157,0.5058804154396057,2.2097535133361816,0.8371368050575256,0.12786346673965454,1.5689351558685303,4.831075668334961,1,1
158,0.5287513732910156,1.403540849685669,0.7159868478775024,0.2777540683746338,1.2460395097732544,3.6722452640533447,1,1
159,0.5228472948074341,1.8883137702941895,0.8376874923706055,0.1763862818479538,1.432316541671753,4.100273609161377,1,1
160,0.4954036474227905,1.35958731174469,0.7307567596435547,0.28478506207466125,1.3081096410751343,3.8432884216308594,1,1
161,0.46628475189208984,2.0253477096557617,0.8614846467971802,0.15456807613372803,1.4974089860916138,4.482345104217529,1,1
162,0.5137581825256348,1.5868339538574219,0.7295418977737427,0.23138263821601868,1.3982899188995361,4.144333362579346,1,1
163,0.46496811509132385,2.0873618125915527,0.8412973880767822,0.14345887303352356,1.5320026874542236,4.807987213134766,1,1
164,0.4454672634601593,1.8462064266204834,0.7731739282608032,0.17903265357017517,1.578411340713501,4.439455032348633,1,1
165,0.44592440128326416,1.9946107864379883,0.8247805237770081,0.1674223244190216,1.5252503156661987,4.768702983856201,1,1
166,0.4391844570636749,1.7547197341918945,0.7872974872589111,0.19729217886924744,1.5078201293945312,4.180755138397217,1,1
167,0.4885319471359253,2.161027431488037,0.823289155960083,0.1323239803314209,1.6110602617263794,4.964268207550049,1,1
168,0.5093287229537964,1.5521734952926636,0.7354425191879272,0.23636768758296967,1.4406602382659912,4.342883110046387,1,1
169,0.5209508538246155,2.2364635467529297,0.8439398407936096,0.1258973479270935,1.5795537233352661,5.536644458770752,1,1
170,0.5199010372161865,1.358281135559082,0.7141025066375732,0.2853153645992279,1.3413671255111694,5.522140979766846,1,1
171,0.5269795060157776,2.0307326316833496,0.8417187929153442,0.1548154205083847,1.5527987480163574,5.380159378051758,1,1
172,0.5601339340209961,1.6613707542419434,0.724587082862854,0.22336363792419434,1.4356275796890259,4.424136161804199,1,1
173,0.4868620038032532,2.099958896636963,0.8303906917572021,0.1462436020374298,1.5496962070465088,4.613075256347656,1,1
174,0.5749985575675964,0.9224492907524109,0.671552836894989,0.4272270202636719,1.073198676109314,3.348489999771118,1,1
175,0.7031474709510803,3.113025188446045,0.9142836928367615,0.05801206827163696,1.7001490592956543,5.770659446716309,1,1
176,0.8568931221961975,0.7613476514816284,0.4830491542816162,0.4886999726295471,0.9615663886070251,3.4387407302856445,1,1
177,0.7894721627235413,2.601205348968506,0.9418860077857971,0.09087298810482025,1.6005536317825317,5.635859489440918,1,1
178,0.6383794546127319,1.7535278797149658,0.6374050378799438,0.19560284912586212,1.5005062818527222,5.3856916427612305,1,1
179,0.540490984916687,1.2925420999526978,0.7575737237930298,0.3031705319881439,1.2045050859451294,3.927194595336914,1,1
180,0.5587257146835327,1.8067960739135742,0.8232427835464478,0.18819919228553772,1.4380054473876953,5.3017897605896,1,1
181,0.5251010060310364,1.8490681648254395,0.7567144632339478,0.1770820915699005,1.4106392860412598,5.190468788146973,1,1
182,0.5104979276657104,1.4573307037353516,0.7579588294029236,0.25686201453208923,1.303547978401184,4.77011775970459,1,1
183,0.4996463656425476,1.7729945182800293,0.8273177146911621,0.1969701051712036,1.4522192478179932,5.1497087478637695,1,1
184,0.4938994348049164,1.4716700315475464,0.7539635896682739,0.25755393505096436,1.3744419813156128,4.824527263641357,1,1
185,0.5674794316291809,2.002192974090576,0.7922487258911133,0.155754953622818,1.5465469360351562,5.427319526672363,1,1
186,0.49555903673171997,2.0403857231140137,0.7851458787918091,0.15050972998142242,1.5672751665115356,6.585378170013428,1,1
187,0.49614259600639343,1.5642122030258179,0.7432071566581726,0.23818793892860413,1.3855305910110474,5.476572513580322,1,1
188,0.4903961420059204,2.1657543182373047,0.859412670135498,0.13975343108177185,1.5965105295181274,5.059784412384033,1,1
189,0.5411679148674011,1.2561569213867188,0.697736382484436,0.3177432417869568,1.2773497104644775,4.8164520263671875,1,1
190,0.5675263404846191,2.1207761764526367,0.8434823751449585,0.13827823102474213,1.5807087421417236,5.6685028076171875,1,1
191,0.5626018643379211,1.4438146352767944,0.7063965797424316,0.26412439346313477,1.3757538795471191,4.506918907165527,1,1
192,0.5522869229316711,1.7852965593338013,0.7999250888824463,0.19311971962451935,1.4466615915298462,4.580793380737305,1,1
193,0.5874661207199097,1.580029010772705,0.7332940697669983,0.232005774974823,1.3915516138076782,4.598512172698975,1,1
194,0.5344239473342896,1.5783147811889648,0.785740077495575,0.23484674096107483,1.3541440963745117,4.692853927612305,1,1
195,0.5041607022285461,1.8955233097076416,0.7984313368797302,0.173297718167305,1.483350396156311,5.214454174041748,1,1
196,0.6577193737030029,1.078596830368042,0.6698311567306519,0.3732640743255615,1.1445332765579224,3.8100850582122803,1,1
197,0.6549606323242188,3.2245876789093018,0.9042840003967285,0.047756001353263855,1.6638948917388916,5.7648749351501465,1,1
198,1.0336765050888062,0.4342723488807678,0.41020387411117554,0.6605623960494995,0.6206562519073486,2.245250940322876,1,1
199,1.2955214977264404,2.6851847171783447,0.9531189203262329,0.08188007026910782,1.5276652574539185,5.127171516418457,1,1
200,0.8589776754379272,1.4060451984405518,0.4998714327812195,0.2803339660167694,1.2443872690200806,4.152966022491455,1,1
201,0.6027240753173828,1.5786221027374268,0.8057597279548645,0.22976219654083252,1.2858532667160034,4.229406833648682,1,1
202,0.5656123161315918,1.9270355701446533,0.7931697368621826,0.1665990650653839,1.3947032690048218,4.834242343902588,1,1
203,0.6264153718948364,1.4779419898986816,0.6803801655769348,0.25632384419441223,1.2676447629928589,4.378603458404541,1,1
204,0.5451626777648926,1.6860334873199463,0.797510027885437,0.20317435264587402,1.4242839813232422,5.402235507965088,1,1
205,0.5556573867797852,1.6984721422195435,0.7610164284706116,0.20523205399513245,1.3989558219909668,4.962932109832764,1,1
206,0.5281070470809937,1.846176266670227,0.7812293767929077,0.17921248078346252,1.463111400604248,4.166045665740967,1,1
207,0.5419923663139343,1.5038918256759644,0.7422412633895874,0.24730351567268372,1.3290890455245972,3.7777764797210693,1,1
208,0.5187563300132751,1.8449326753616333,0.8092371225357056,0.17689430713653564,1.462935209274292,4.481632232666016,1,1
209,0.49852246046066284,1.5082095861434937,0.7525479793548584,0.24590517580509186,1.3331844806671143,5.091087818145752,1,1
210,0.546043872833252,1.95088529586792,0.7999330163002014,0.1618511974811554,1.4767142534255981,4.919731616973877,1,1
211,0.5385228395462036,1.4341636896133423,0.730543851852417,0.256522536277771,1.3351596593856812,4.977283954620361,1,1
212,0.619903028011322,1.6408003568649292,0.7714424133300781,0.21793675422668457,1.4191877841949463,4.591196537017822,1,1
213,0.5505818128585815,1.8597739934921265,0.7622484564781189,0.18009495735168457,1.4731125831604004,4.098257064819336,1,1
214,0.5368130803108215,1.5332963466644287,0.7454430460929871,0.2449282854795456,1.3858779668807983,4.382936954498291,1,1
215,0.46331432461738586,1.9434739351272583,0.8403352499008179,0.1627771258354187,1.4930037260055542,4.737656593322754,1,1
216,0.608316957950592,1.1148624420166016,0.6796915531158447,0.35475441813468933,1.2136551141738892,3.983924627304077,1,1
217,0.6790285110473633,2.704932451248169,0.8869369626045227,0.07841020822525024,1.6489039659500122,5.600250720977783,1,1
218,0.7740511894226074,0.7900469303131104,0.5297304391860962,0.47680699825286865,0.9270963668823242,2.9028496742248535,1,1
219,0.7571765184402466,2.128727436065674,0.9045531749725342,0.13403624296188354,1.5218660831451416,4.421763896942139,1,1
220,0.5795232653617859,1.5413131713867188,0.656859278678894,0.23946018517017365,1.3604446649551392,4.092495441436768,1,1
221,0.5673894286155701,1.5931895971298218,0.7895479798316956,0.22774118185043335,1.3690519332885742,4.238847732543945,1,1
222,0.5663102865219116,1.5624189376831055,0.7513155341148376,0.23577411472797394,1.341234803199768,4.20049524307251,1,1
223,0.5066409111022949,1.9002374410629272,0.8108043074607849,0.1718604862689972,1.5737336874008179,5.562291622161865,1,1
224,0.5426819324493408,1.6362993717193604,0.7386532425880432,0.21566595137119293,1.4668525457382202,4.450145721435547,1,1
225,0.5738927125930786,1.5148429870605469,0.7540750503540039,0.24104925990104675,1.3767032623291016,3.6665189266204834,1,1
226,0.5324130654335022,1.821958303451538,0.8018561005592346,0.1828164905309677,1.445327877998352,4.2709503173828125,1,1
227,0.576346218585968,1.2533178329467773,0.7084023356437683,0.31033122539520264,1.2662465572357178,3.555715560913086,1,1
228,0.5813237428665161,2.314145088195801,0.8499616384506226,0.11410935968160629,1.5566432476043701,5.1029157638549805,1,1
229,0.6319513916969299,1.0421868562698364,0.6215380430221558,0.38461369276046753,1.0976855754852295,3.5193095207214355,1,1
230,0.684047281742096,2.2119839191436768,0.8803569078445435,0.12874668836593628,1.64252769947052,4.837493896484375,1,1
231,0.6168314218521118,1.15716552734375,0.6367204785346985,0.3395783603191376,1.2375448942184448,3.517016887664795,1,1
232,0.6255654692649841,2.105478286743164,0.8479742407798767,0.13814419507980347,1.4938368797302246,4.6065168380737305,1,1
233,0.5408754944801331,1.4271628856658936,0.6896544098854065,0.265341579914093,1.3382024765014648,3.907289981842041,1,1
234,0.5822650194168091,1.5494496822357178,0.7823314666748047,0.23306483030319214,1.398761510848999,4.035726547241211,1,1
235,0.5221028327941895,1.9516470432281494,0.8061466217041016,0.1570642590522766,1.512382984161377,4.351159572601318,1,1
236,0.5461505651473999,1.224454402923584,0.704903781414032,0.3173900246620178,1.2495551109313965,3.842345714569092,1,1
237,0.606558084487915,2.049943447113037,0.8381784558296204,0.14673659205436707,1.5440044403076172,4.674031734466553,1,1
238,0.6664010286331177,1.0235583782196045,0.6347707509994507,0.379752516746521,1.085520625114441,3.03092622756958,1,1
239,0.636629581451416,2.310129165649414,0.8773103356361389,0.11103556305170059,1.5817822217941284,4.583676338195801,1,1
240,0.6686352491378784,0.9822978973388672,0.5954193472862244,0.3939342498779297,1.0870389938354492,2.9888033866882324,1,1
241,0.6545836925506592,2.1511611938476562,0.885238766670227,0.13363970816135406,1.611894965171814,4.8245720863342285,1,1
242,0.5695226788520813,1.5754865407943726,0.6843754649162292,0.22960752248764038,1.3620468378067017,3.877300977706909,1,1
243,0.5533946752548218,1.504296064376831,0.7765505313873291,0.24702227115631104,1.3592088222503662,4.026855945587158,1,1
244,0.5448631048202515,2.0822219848632812,0.7966529130935669,0.1461663693189621,1.6077821254730225,5.463573455810547,1,1
245,0.538733959197998,1.4654674530029297,0.7264120578765869,0.2519015669822693,1.4162390232086182,6.291370868682861,1,1
246,0.5469014048576355,2.236992359161377,0.8325767517089844,0.1204339861869812,1.6676024198532104,8.982935905456543,1,1
247,0.5175621509552002,1.3159732818603516,0.7035704255104065,0.2914525270462036,1.3286018371582031,9.911837577819824,1,1
248,0.5669643878936768,2.067619800567627,0.8374226689338684,0.14460957050323486,1.591911792755127,9.978163719177246,1,1
249,0.4341364800930023,1.7176144123077393,0.7698774337768555,0.19821703433990479,1.5319563150405884,7.439654350280762,1,1
250,0.4979512393474579,1.5666577816009521,0.7779966592788696,0.23552553355693817,1.4923601150512695,5.63449764251709,1,1
251,0.5184749960899353,1.8721169233322144,0.806717038154602,0.16775719821453094,1.618792176246643,6.7154340744018555,1,1
252,0.5160756707191467,1.337766170501709,0.7415404319763184,0.2835904061794281,1.3947046995162964,8.04397964477539,1,1
253,0.5804779529571533,2.591897487640381,0.8408855199813843,0.08801910281181335,1.7296925783157349,11.764867782592773,1,1
254,0.6451876163482666,0.6448193788528442,0.5840509533882141,0.5474899411201477,0.9392278790473938,8.167040824890137,1,1
255,0.977495551109314,3.055284023284912,0.9416272044181824,0.053823262453079224,1.666068196296692,7.930325031280518,1,1
256,0.9065214395523071,1.0321927070617676,0.4589976668357849,0.38451087474823,1.1184135675430298,11.488948822021484,1,1
257,0.7192631959915161,1.7820196151733398,0.8844892978668213,0.1851080358028412,1.478087306022644,5.79213285446167,1,1
258,0.5158404111862183,2.0178909301757812,0.7489079833030701,0.15042546391487122,1.5119500160217285,5.880838394165039,1,1
259,0.6496113538742065,0.9482590556144714,0.6436101794242859,0.40709254145622253,1.050059199333191,4.911731719970703,1,1
260,0.6723372936248779,2.122142791748047,0.865972101688385,0.13139969110488892,1.5754746198654175,4.999545097351074,1,1
261,0.47037285566329956,1.9146783351898193,0.7416236400604248,0.16193075478076935,1.4953052997589111,6.496616363525391,1,1
262,0.5400444865226746,1.3621759414672852,0.7232897281646729,0.27520906925201416,1.3872661590576172,5.3437700271606445,1,1
263,0.5289522409439087,1.859750509262085,0.8485203981399536,0.17401659488677979,1.5043402910232544,4.5487775802612305,1,1
264,0.5409036874771118,1.497086524963379,0.7196757197380066,0.2456798106431961,1.3319727182388306,3.6440441608428955,1,1
265,0.5226010084152222,1.9982705116271973,0.8216274380683899,0.1501905471086502,1.5865044593811035,4.949473857879639,1,1
266,0.4924941956996918,1.4319955110549927,0.742085874080658,0.2576724886894226,1.4019277095794678,4.367351055145264,1,1
267,0.5185334086418152,1.9169973134994507,0.8264875411987305,0.16477209329605103,1.561142921447754,4.57181978225708,1,1
268,0.5222047567367554,1.3471078872680664,0.721288800239563,0.2779819369316101,1.4061208963394165,4.401717185974121,1,1
269,0.5090354084968567,1.856825828552246,0.8439005017280579,0.1731114685535431,1.5930060148239136,4.553049564361572,1,1
270,0.5057341456413269,1.623861312866211,0.7464100122451782,0.2156444787979126,1.559659481048584,5.55849552154541,1,1
271,0.412506639957428,1.664333462715149,0.8274433016777039,0.21493610739707947,1.4962466955184937,7.772456645965576,1,1
272,0.5371630787849426,1.6338610649108887,0.771267831325531,0.21308773756027222,1.4469528198242188,8.425663948059082,1,1
273,0.500601589679718,1.8038690090179443,0.7843163013458252,0.1794513314962387,1.4899177551269531,7.042048454284668,1,1
274,0.4749157428741455,1.3486087322235107,0.7704986929893494,0.2756701111793518,1.4493293762207031,5.043737411499023,1,1
275,0.5247628688812256,2.0344126224517822,0.82245272397995,0.14461660385131836,1.610863208770752,5.054371356964111,1,1
276,0.5391192436218262,1.2570128440856934,0.7009002566337585,0.3038938641548157,1.3626749515533447,3.4817490577697754,1,1
277,0.5876189470291138,2.6721439361572266,0.8740903735160828,0.0767170786857605,1.7608280181884766,5.069676876068115,1,1
278,0.6304769515991211,0.8720415830612183,0.5987143516540527,0.4380570650100708,1.05507493019104,4.395992279052734,1,1
279,0.6914933919906616,2.5245132446289062,0.9262999892234802,0.09178300201892853,1.695978045463562,6.603928565979004,1,1
280,0.5800093412399292,1.4641289710998535,0.644500732421875,0.25336533784866333,1.41633141040802,6.298957347869873,1,1
281,0.5143454074859619,1.6270190477371216,0.822289764881134,0.2150765359401703,1.4916759729385376,5.141001224517822,1,1
282,0.47143125534057617,1.9337584972381592,0.8087018728256226,0.15984627604484558,1.5907808542251587,4.513786792755127,1,1
283,0.4907369017601013,1.3526923656463623,0.7319801449775696,0.28005319833755493,1.344892978668213,3.534169912338257,1,1
284,0.5219152569770813,2.234675407409668,0.853722333908081,0.11973399668931961,1.6821779012680054,6.425958633422852,1,1
285,0.5451083779335022,1.397965669631958,0.6958415508270264,0.2679913341999054,1.4076404571533203,9.05217456817627,1,1
286,0.5129467844963074,2.240405559539795,0.8667178153991699,0.12157637625932693,1.7110472917556763,11.531981468200684,1,1
287,0.5329225063323975,1.2262665033340454,0.6859813928604126,0.3158065378665924,1.397136926651001,11.256784439086914,1,1
288,0.5565090179443359,2.6304497718811035,0.9109803438186646,0.08191117644309998,1.7663438320159912,8.940495491027832,1,1
289,0.6204681396484375,1.1114455461502075,0.6026714444160461,0.34989503026008606,1.2089550495147705,5.099099159240723,1,1
290,0.5825982093811035,1.850457787513733,0.8931396007537842,0.17289939522743225,1.57306969165802,4.056708812713623,1,1
291,0.4804885983467102,1.668034553527832,0.7347884178161621,0.2058274894952774,1.5859925746917725,4.697384834289551,1,1
292,0.5127404928207397,1.7906430959701538,0.7928497791290283,0.18171826004981995,1.6363332271575928,4.770062446594238,1,1
293,0.4636789560317993,1.8326733112335205,0.789377748966217,0.17796576023101807,1.5329142808914185,3.717864990234375,1,1
294,0.4855496287345886,1.6282446384429932,0.7909092903137207,0.21518895030021667,1.572272777557373,3.9232969284057617,1,1
295,0.4238799214363098,1.9825942516326904,0.8291139602661133,0.15420565009117126,1.6516411304473877,4.34969425201416,1,1
296,0.506099283695221,1.2128393650054932,0.7280707955360413,0.32009071111679077,1.2614693641662598,3.860917568206787,1,1
297,0.5091650485992432,2.1937382221221924,0.8581017255783081,0.12404091656208038,1.736466884613037,5.170306205749512,1,1
298,0.4350726306438446,1.623591423034668,0.7576751708984375,0.21601718664169312,1.5416231155395508,5.289699554443359,1,1
299,0.4464722275733948,1.9981067180633545,0.8353121280670166,0.15114140510559082,1.7023159265518188,4.3347930908203125,1,1
300,0.46634435653686523,1.3360884189605713,0.7567363381385803,0.27980154752731323,1.4462472200393677,3.949066400527954,1,1
301,0.4788488745689392,2.214719533920288,0.8596630096435547,0.12130314856767654,1.6954184770584106,4.936220169067383,1,1
302,0.5457533001899719,1.0673587322235107,0.6813201904296875,0.36503612995147705,1.2901430130004883,4.077280044555664,1,1
303,0.610375702381134,2.7678208351135254,0.892249584197998,0.07049231231212616,1.8531513214111328,5.599177837371826,1,1
304,0.6275144815444946,0.8531755208969116,0.5984847545623779,0.44041019678115845,1.1094005107879639,4.1027984619140625,1,1
305,0.6803838610649109,2.347729206085205,0.9117599129676819,0.10741884261369705,1.7803122997283936,5.9086103439331055,1,1
306,0.6103238463401794,1.3232507705688477,0.6293044090270996,0.2854538559913635,1.47396981716156,4.981451988220215,1,1
307,0.5599688291549683,2.0038657188415527,0.8455979228019714,0.14987610280513763,1.704854965209961,5.3779144287109375,1,1
308,0.5230883359909058,1.4766781330108643,0.7149559259414673,0.24695725739002228,1.4678212404251099,5.852684020996094,1,1
309,0.5072817802429199,2.1911416053771973,0.8455198407173157,0.12427304685115814,1.735412836074829,7.275811672210693,1,1
310,0.47544750571250916,1.5362216234207153,0.7383441925048828,0.23117806017398834,1.4755948781967163,6.0286946296691895,1,1
311,0.49399083852767944,2.1360318660736084,0.8375710248947144,0.1310689002275467,1.747788667678833,5.684193134307861,1,1
312,0.4625247120857239,1.331508755683899,0.7469750642776489,0.283203125,1.4630064964294434,5.2054948806762695,1,1
313,0.4452001750469208,2.3864917755126953,0.8786171674728394,0.1028018519282341,1.827775478363037,6.181981086730957,1,1
314,0.5189605951309204,1.2445579767227173,0.6892432570457458,0.30861881375312805,1.3999332189559937,5.770033836364746,1,1
315,0.5636024475097656,2.7093915939331055,0.9043881893157959,0.07327894121408463,1.852582573890686,6.638925075531006,1,1
316,0.5653528571128845,1.3822669982910156,0.6531264185905457,0.27282625436782837,1.4295177459716797,4.545332431793213,1,1
317,0.4692087173461914,1.7275795936584473,0.8715963363647461,0.19627615809440613,1.5754711627960205,6.900997161865234,1,1
318,0.40634429454803467,2.0413851737976074,0.8056519031524658,0.14295940101146698,1.7072745561599731,8.449285507202148,1,1
319,0.4430866241455078,1.575768232345581,0.7798840403556824,0.2248201072216034,1.539430022239685,8.631893157958984,1,1
320,0.4510995149612427,1.8796958923339844,0.8374855518341064,0.1671237349510193,1.6561648845672607,10.074840545654297,1,1
321,0.43039506673812866,2.009444236755371,0.806418240070343,0.1516304612159729,1.6699055433273315,12.335338592529297,1,1
322,0.42768749594688416,1.4908636808395386,0.7748651504516602,0.24321378767490387,1.568123459815979,14.459458351135254,1,1
323,0.4371727705001831,2.3143057823181152,0.8757408857345581,0.10948877036571503,1.773472785949707,15.214374542236328,1,1
324,0.47681331634521484,1.2417962551116943,0.7138264179229736,0.30968624353408813,1.334411382675171,11.276083946228027,1,1
325,0.5320513844490051,3.005664825439453,0.9163864850997925,0.05597764253616333,1.8736196756362915,6.633039951324463,1,1
326,0.6738319396972656,0.6830946207046509,0.5657879710197449,0.5235267877578735,1.0012294054031372,4.7922821044921875,1,1
327,0.8169466257095337,2.7207212448120117,0.9469001889228821,0.07426850497722626,1.7751753330230713,6.4748735427856445,1,1
328,0.6548967957496643,1.573359727859497,0.5932106971740723,0.22813886404037476,1.590821385383606,4.91582727432251,1,1
329,0.44159138202667236,1.4362680912017822,0.8380004167556763,0.25473737716674805,1.4901152849197388,4.606744766235352,1,1
330,0.4459129273891449,2.0211520195007324,0.8416920900344849,0.1435115933418274,1.792289137840271,4.742647171020508,1,1
331,0.49562323093414307,1.609004259109497,0.7294744849205017,0.21702882647514343,1.5604368448257446,4.6020588874816895,1,1
332,0.4448729455471039,1.9338717460632324,0.8385266065597534,0.15990552306175232,1.7023299932479858,5.39544677734375,1,1
333,0.471111923456192,1.846196174621582,0.7810027599334717,0.17491650581359863,1.6153603792190552,6.0176568031311035,1,1
334,0.41776424646377563,1.4468482732772827,0.8050322532653809,0.2525171935558319,1.4952369928359985,5.773238182067871,1,1
335,0.4047052562236786,2.1245243549346924,0.8589876890182495,0.13400229811668396,1.802606463432312,5.9319281578063965,1,1
336,0.4142272472381592,2.0411529541015625,0.792593240737915,0.14208972454071045,1.742234468460083,5.433361530303955,1,1
337,0.4708873927593231,1.5472832918167114,0.7721248269081116,0.22703254222869873,1.6582446098327637,4.467844486236572,1,1
338,0.4396425485610962,2.3115015029907227,0.8642047643661499,0.11207223683595657,1.7917306423187256,4.747625350952148,1,1
339,0.4731784164905548,1.3889144659042358,0.7272027730941772,0.2671676576137543,1.517773985862732,5.099727630615234,1,1
340,0.449994832277298,2.3750619888305664,0.8905951380729675,0.10499177873134613,1.8577543497085571,7.61819314956665,1,1
341,0.35610371828079224,1.7033733129501343,0.7887433767318726,0.1959875226020813,1.6797209978103638,9.693634033203125,1,1
342,0.4616823196411133,1.5517325401306152,0.7954158782958984,0.23313559591770172,1.6212900876998901,10.373538970947266,1,1
343,0.43693453073501587,2.254493236541748,0.854346752166748,0.11661406606435776,1.8921667337417603,11.369550704956055,1,1
344,0.49321427941322327,1.3230787515640259,0.7197033166885376,0.2910793423652649,1.5315464735031128,12.734221458435059,1,1
345,0.4968544542789459,2.690051555633545,0.8900492191314697,0.07677574455738068,1.9043303728103638,15.85385513305664,1,1
346,0.4960746765136719,1.304430365562439,0.6831419467926025,0.29593348503112793,1.5498504638671875,16.47005271911621,1,1
347,0.5085359215736389,2.622584104537964,0.9175740480422974,0.08177882432937622,1.9899888038635254,16.162382125854492,1,1
348,0.40544483065605164,1.6858060359954834,0.7303221225738525,0.19988031685352325,1.7673776149749756,14.339778900146484,1,1
349,0.45297613739967346,2.048396110534668,0.8714590668678284,0.14110693335533142,1.739993929862976,10.510515213012695,1,1
350,0.4552743434906006,1.8457952737808228,0.7707113027572632,0.1729939877986908,1.6794772148132324,7.585694313049316,1,1
351,0.45802247524261475,1.485074520111084,0.7906856536865234,0.24603860080242157,1.5273144245147705,5.2407636642456055,1,1
352,0.41595369577407837,2.597921371459961,0.8739433288574219,0.08310471475124359,1.9778881072998047,6.003724575042725,1,1
353,0.4489562213420868,1.155771255493164,0.7128208875656128,0.3324950337409973,1.4912617206573486,5.192994117736816,1,1
354,0.522502601146698,2.4967308044433594,0.9020777940750122,0.09269638359546661,1.943914771080017,7.196225166320801,1,1
355,0.41588300466537476,1.956474781036377,0.7599244713783264,0.15339812636375427,1.8257564306259155,6.753481388092041,1,1
356,0.41784194111824036,1.4046021699905396,0.8032093048095703,0.26903074979782104,1.5397710800170898,4.580065727233887,1,1
357,0.43178585171699524,2.573505401611328,0.8765519857406616,0.08590570837259293,2.0652272701263428,5.3690290451049805,1,1
358,0.48685330152511597,1.071864366531372,0.6920841932296753,0.3602539002895355,1.3187434673309326,4.385113716125488,1,1
359,0.5810211300849915,2.8295645713806152,0.9142345190048218,0.06769982725381851,1.9278141260147095,7.233957767486572,1,1
360,0.5306000113487244,1.2743263244628906,0.6467252373695374,0.29868757724761963,1.509199857711792,5.273978233337402,1,1
361,0.5357926487922668,2.5684757232666016,0.9271472096443176,0.09046229720115662,1.8527462482452393,8.150379180908203,1,1
362,0.5081652402877808,1.3189709186553955,0.6758920550346375,0.28722479939460754,1.5270750522613525,8.617203712463379,1,1
363,0.5064098834991455,2.1119227409362793,0.8806765675544739,0.1338658332824707,1.7948845624923706,8.9717435836792,1,1
364,0.44033998250961304,1.6690526008605957,0.7518681287765503,0.205160453915596,1.6717579364776611,9.400590896606445,1,1
365,0.41122567653656006,1.8545329570770264,0.8362324237823486,0.17165453732013702,1.7477786540985107,10.335905075073242,1,1
366,0.3732949197292328,2.074948310852051,0.8344250917434692,0.14155113697052002,1.8792743682861328,9.2994966506958,1,1
367,0.3939075469970703,1.8714227676391602,0.8148404359817505,0.16927401721477509,1.8254648447036743,8.562756538391113,1,1
368,0.3816644549369812,1.9538949728012085,0.8423516750335693,0.15670965611934662,1.817673921585083,9.48764705657959,1,1
369,0.39707839488983154,2.0299291610717773,0.8178057670593262,0.14504361152648926,1.8415029048919678,10.03183364868164,1,1
370,0.44572126865386963,1.925531268119812,0.8019270896911621,0.16316746175289154,1.791567325592041,9.724343299865723,1,1
371,0.3691447973251343,1.65781831741333,0.8251532316207886,0.20497733354568481,1.7466181516647339,8.148172378540039,1,1
372,0.39111921191215515,2.504589557647705,0.8710581064224243,0.09385765343904495,2.0719079971313477,6.93133544921875,1,1
373,0.48469340801239014,0.896528422832489,0.6903964281082153,0.4252338111400604,1.3341046571731567,3.662928581237793,1,1
374,0.6620932817459106,3.3490686416625977,0.9388785362243652,0.039801035076379776,2.10420823097229,5.739658355712891,1,1
375,0.6474254131317139,1.0548970699310303,0.5724191665649414,0.3693583905696869,1.3399014472961426,4.3206634521484375,1,1
376,0.5540064573287964,2.2546911239624023,0.9340073466300964,0.11658542603254318,1.8449434041976929,5.28184700012207,1,1
377,0.48085397481918335,1.6654454469680786,0.7145467400550842,0.20801697671413422,1.766135811805725,3.8278181552886963,1,1
378,0.40547358989715576,2.0210719108581543,0.8589780330657959,0.14982344210147858,1.8375331163406372,5.610398769378662,1,1
379,0.38124537467956543,2.2688028812408447,0.8318318724632263,0.11585254222154617,1.9011653661727905,5.67212438583374,1,1
380,0.4521512985229492,1.206730842590332,0.7280277013778687,0.3246767818927765,1.4442261457443237,4.589696407318115,1,1
381,0.5765483975410461,2.683016300201416,0.8999148607254028,0.07795701920986176,1.9791581630706787,6.922422409057617,1,1
382,0.49735745787620544,1.3590457439422607,0.6788377165794373,0.2802335023880005,1.6500500440597534,5.803767204284668,1,1
383,0.42342591285705566,2.2227580547332764,0.9139705896377563,0.12357074022293091,1.8338806629180908,7.001849174499512,1,1
384,0.4049474596977234,1.7897822856903076,0.7724089026451111,0.17907366156578064,1.8636806011199951,7.520156383514404,1,1
385,0.3731697201728821,1.9317982196807861,0.8523030281066895,0.15900194644927979,1.7500500679016113,7.436618804931641,1,1
386,0.3786681890487671,2.061056613922119,0.8280463218688965,0.14250223338603973,1.9725373983383179,9.361702919006348,1,1
387,0.3717159032821655,2.0048680305480957,0.8307491540908813,0.1499415785074234,1.8312270641326904,11.321715354919434,1,1
388,0.33291226625442505,2.373530626296997,0.8677504658699036,0.10413318127393723,2.101625919342041,13.49990463256836,1,1
389,0.428331196308136,1.173764944076538,0.740785539150238,0.3282201588153839,1.513954520225525,11.393174171447754,1,1
390,0.5271845459938049,2.8970298767089844,0.9204069972038269,0.06499243527650833,2.1451005935668945,7.692921161651611,1,1
391,0.5084265470504761,1.1568405628204346,0.6585931777954102,0.3441304862499237,1.4841188192367554,4.232551574707031,1,1
392,0.5254954099655151,2.622345209121704,0.9262294769287109,0.08524290472269058,2.097379446029663,4.744168758392334,1,1
393,0.4920874536037445,1.5235962867736816,0.691116452217102,0.23862972855567932,1.708526849746704,4.523605823516846,1,1
394,0.45801350474357605,2.3074235916137695,0.8931884765625,0.11894277483224869,1.9325590133666992,5.5727715492248535,1,1
395,0.43434664607048035,1.7293860912322998,0.7422661781311035,0.19765448570251465,1.7355678081512451,6.691039562225342,1,1
396,0.4037811756134033,1.9037096500396729,0.8680136799812317,0.16523274779319763,1.9117701053619385,9.880685806274414,1,1
397,0.36861008405685425,2.087890863418579,0.8194001913070679,0.13827189803123474,1.8963284492492676,12.822680473327637,1,1
398,0.3598683476448059,2.1386399269104004,0.8461035490036011,0.13233092427253723,1.984787940979004,15.22286319732666,1,1
399,0.35535597801208496,1.8855153322219849,0.832792341709137,0.16847696900367737,1.8466930389404297,16.05670166015625,1,1
400,0.31570756435394287,1.9192094802856445,0.8568875789642334,0.164313405752182,1.924461841583252,14.333379745483398,1,1
401,0.36337289214134216,2.127027750015259,0.8499298691749573,0.13283950090408325,2.12693190574646,12.208730697631836,1,1
402,0.3448081612586975,2.03786563873291,0.8405182361602783,0.14570939540863037,1.9539750814437866,12.205275535583496,1,1
403,0.3494942784309387,1.7490283250808716,0.8295657634735107,0.195517897605896,1.9324171543121338,14.305883407592773,1,1
404,0.343705415725708,2.4008898735046387,0.8745059967041016,0.10415511578321457,2.1577792167663574,14.846384048461914,1,1
405,0.3435685634613037,1.7936813831329346,0.8098323941230774,0.18422745168209076,1.9516810178756714,13.387550354003906,1,1
406,0.4228067398071289,2.1655542850494385,0.8512182235717773,0.13267135620117188,2.0827841758728027,11.091470718383789,1,1
407,0.4263851046562195,1.367701768875122,0.7617036700248718,0.2830950617790222,1.7464334964752197,6.677937030792236,1,1
408,0.43088793754577637,3.2829294204711914,0.9328116774559021,0.04469236731529236,2.1769702434539795,5.675732135772705,1,1
409,0.6648896336555481,0.46926337480545044,0.5710887312889099,0.638532280921936,0.8174535036087036,4.024961471557617,1,1
410,1.0012270212173462,3.418844699859619,0.9779238104820251,0.03879701346158981,2.1782233715057373,6.440428733825684,1,1
411,0.7157817482948303,1.5892143249511719,0.5366837978363037,0.2251773178577423,1.7580695152282715,9.089670181274414,1,1
412,0.4234319031238556,1.769008994102478,0.8960932493209839,0.18965131044387817,1.7985384464263916,7.111693859100342,1,1
413,0.39016953110694885,2.336515426635742,0.8508123755455017,0.11124949157238007,2.0041539669036865,4.5727219581604,1,1
414,0.3618893325328827,1.982215404510498,0.7938023209571838,0.15651123225688934,1.9248449802398682,4.395164966583252,1,1
415,0.38679906725883484,1.8648120164871216,0.8375568389892578,0.17662397027015686,1.9218299388885498,4.775907039642334,1,1
416,0.38244307041168213,2.0865869522094727,0.8545463681221008,0.13988709449768066,1.99550199508667,5.675350666046143,1,1
417,0.3932594656944275,1.7913858890533447,0.7913931608200073,0.1859060674905777,1.840714454650879,4.812189102172852,1,1
418,0.3247557580471039,2.204163074493408,0.8894219398498535,0.12394334375858307,1.949088454246521,5.514526844024658,1,1
419,0.3859160542488098,1.8196375370025635,0.8021352887153625,0.17998863756656647,1.865087866783142,4.880795478820801,1,1
420,0.36508697271347046,1.5478978157043457,0.8207369446754456,0.2351309061050415,1.8491109609603882,4.547485828399658,1,1
421,0.41285377740859985,2.7196366786956787,0.9009790420532227,0.07406598329544067,2.192887306213379,6.865691184997559,1,1
422,0.4499973654747009,1.479264736175537,0.708859384059906,0.2496078759431839,1.7801209688186646,7.389286518096924,1,1
423,0.40240421891212463,2.302685499191284,0.9162039160728455,0.11736643314361572,2.0325634479522705,9.963809967041016,1,1
424,0.3161860704421997,2.229703664779663,0.8381667137145996,0.12126049399375916,2.0685219764709473,12.068562507629395,1,1
425,0.34732523560523987,1.886954426765442,0.8141862154006958,0.17182451486587524,1.9816070795059204,11.974631309509277,1,1
426,0.3495076894760132,2.426271438598633,0.8866844773292542,0.10250614583492279,2.129868984222412,11.692227363586426,1,1
427,0.3098519444465637,1.9123494625091553,0.8185639381408691,0.17287930846214294,2.0286993980407715,9.651151657104492,1,1
428,0.32013070583343506,2.229714870452881,0.8914036750793457,0.12572208046913147,2.208108425140381,8.01974105834961,1,1
429,0.3366023004055023,1.884178638458252,0.8177514672279358,0.1720156967639923,1.9830687046051025,5.9567718505859375,1,1
430,0.36696553230285645,2.3008313179016113,0.8686423301696777,0.11152677983045578,2.2646052837371826,5.196092128753662,1,1
431,0.36074888706207275,1.7032010555267334,0.8078038692474365,0.20414188504219055,1.9352174997329712,4.412106990814209,1,1
432,0.38901591300964355,2.508289337158203,0.8775309324264526,0.09197625517845154,2.1274619102478027,4.776688098907471,1,1
433,0.4028116464614868,1.4096510410308838,0.7558902502059937,0.26780253648757935,1.738640308380127,3.8245787620544434,1,1
434,0.4032464623451233,2.968902826309204,0.9173136949539185,0.06069832667708397,2.3256959915161133,6.077247142791748,1,1
435,0.4726140797138214,0.9917739629745483,0.6936623454093933,0.3933480978012085,1.481594204902649,4.319622993469238,1,1
436,0.600458025932312,3.301154136657715,0.9450032711029053,0.04326289892196655,2.3242688179016113,6.397526264190674,1,1
437,0.5937795042991638,1.1901886463165283,0.6086952686309814,0.32900381088256836,1.580289363861084,4.041505813598633,1,1
438,0.48271456360816956,2.1921725273132324,0.937254786491394,0.13326337933540344,2.2406485080718994,5.389589309692383,1,1
439,0.39090967178344727,2.3749639987945557,0.7958993911743164,0.11196202784776688,2.0586726665496826,8.332000732421875,1,1
440,0.3327776789665222,2.0426559448242188,0.8222733736038208,0.14495447278022766,1.9795100688934326,9.844545364379883,1,1
441,0.3777366280555725,1.9194974899291992,0.8411120772361755,0.1669274866580963,1.8923957347869873,9.35159969329834,1,1
442,0.3706629276275635,2.342714548110962,0.8580234050750732,0.1158558577299118,2.1132309436798096,7.515330791473389,1,1
443,0.32220473885536194,2.121000051498413,0.8377765417098999,0.1359291672706604,2.0572621822357178,5.59563684463501,1,1
444,0.3296501934528351,2.0845487117767334,0.8534034490585327,0.14116160571575165,2.141890525817871,5.927922248840332,1,1
445,0.3303910493850708,2.0373356342315674,0.8575239181518555,0.14867283403873444,2.08675217628479,6.331645488739014,1,1
446,0.36775994300842285,1.8734300136566162,0.8274070024490356,0.173153817653656,1.9647189378738403,6.1053338050842285,1,1
447,0.33234137296676636,2.093374013900757,0.8559325933456421,0.14065776765346527,2.1676292419433594,6.370009899139404,1,1
448,0.3087601661682129,2.133147954940796,0.8705745339393616,0.13863734900951385,2.1908411979675293,6.935545921325684,1,1
449,0.3450359106063843,1.5788755416870117,0.8056930899620056,0.23223918676376343,1.9734439849853516,7.3701863288879395,1,1
450,0.36787256598472595,3.081662178039551,0.9242535829544067,0.05344374477863312,2.3855583667755127,10.219772338867188,1,1
451,0.41969844698905945,1.1797171831130981,0.7127231359481812,0.3399306833744049,1.7150081396102905,8.80773639678955,1,1
452,0.45879361033439636,2.6376302242279053,0.9450714588165283,0.08357281982898712,2.331997871398926,6.802646160125732,1,1
453,0.342868447303772,2.262784957885742,0.7897079586982727,0.11944195628166199,2.153049945831299,6.679455757141113,1,1
454,0.3213757276535034,1.7475281953811646,0.8420008420944214,0.19641683995723724,1.945542573928833,5.3435492515563965,1,1
455,0.33000147342681885,2.536632776260376,0.9036810398101807,0.09194403886795044,2.363213062286377,5.937592506408691,1,1
456,0.33588939905166626,1.9824728965759277,0.8139219284057617,0.1567516326904297,2.191331148147583,5.536935806274414,1,1
457,0.3098986744880676,1.9047775268554688,0.8628400564193726,0.17036683857440948,2.129535436630249,5.012475490570068,1,1
458,0.31963804364204407,2.80617618560791,0.8921757340431213,0.07018159329891205,2.335493326187134,7.121018886566162,1,1
459,0.33225396275520325,1.454728603363037,0.7846699953079224,0.25744640827178955,1.8340502977371216,8.562694549560547,1,1
460,0.38697350025177,2.5277867317199707,0.9146482944488525,0.09363023936748505,2.273829221725464,11.816717147827148,1,1
461,0.35639631748199463,1.8457794189453125,0.7825760841369629,0.1749422252178192,2.1543092727661133,13.170883178710938,1,1
462,0.36708545684814453,2.6483304500579834,0.8889690041542053,0.08643290400505066,2.328080654144287,14.531476974487305,1,1
463,0.34299466013908386,1.5541783571243286,0.7898939847946167,0.23519650101661682,1.9191944599151611,15.876368522644043,1,1
464,0.34041452407836914,2.8693737983703613,0.9349035024642944,0.066255584359169,2.3472187519073486,18.46993064880371,1,1
465,0.3384147882461548,1.7488453388214111,0.7813491821289062,0.19536685943603516,2.1073033809661865,17.99256706237793,1,1
466,0.32377076148986816,2.0790693759918213,0.9024657011032104,0.1443067193031311,2.15677547454834,14.28339958190918,1,1
467,0.33635228872299194,2.3150107860565186,0.8452627658843994,0.11322411894798279,2.213177442550659,9.736907005310059,1,1
468,0.30581551790237427,1.8226025104522705,0.8394442796707153,0.18242990970611572,2.024895668029785,5.293529033660889,1,1
469,0.3447355628013611,2.2706780433654785,0.877622127532959,0.12065181136131287,2.2737650871276855,6.978652477264404,1,1
470,0.30544209480285645,1.751032829284668,0.8386956453323364,0.19687598943710327,2.1071248054504395,8.379812240600586,1,1
471,0.33258146047592163,2.5032455921173096,0.8887914419174194,0.09470371901988983,2.262666940689087,7.030026912689209,1,1
472,0.3378428816795349,1.7503337860107422,0.8052055835723877,0.19763009250164032,2.0898733139038086,5.1323347091674805,1,1
473,0.3090323209762573,3.0331873893737793,0.9369484186172485,0.05791302025318146,2.4096732139587402,7.7753376960754395,1,1
474,0.3808140754699707,1.4599171876907349,0.7459947466850281,0.25864332914352417,1.8892762660980225,8.835774421691895,1,1
475,0.46382883191108704,3.378722906112671,0.937133252620697,0.040651652961969376,2.518786907196045,11.653706550598145,1,1
476,0.42582035064697266,1.3724076747894287,0.7100237011909485,0.2813703715801239,1.7777420282363892,11.042170524597168,1,1
477,0.40252047777175903,2.4156360626220703,0.9327298998832703,0.10698648542165756,2.271341323852539,6.861099720001221,1,1
478,0.3483206629753113,2.1464130878448486,0.7972629070281982,0.13048774003982544,2.3217601776123047,5.046049118041992,1,1
479,0.32600030303001404,1.7648353576660156,0.8421033620834351,0.18900823593139648,2.1054861545562744,5.156209945678711,1,1
480,0.31216442584991455,2.5918734073638916,0.9071699380874634,0.08721497654914856,2.3957180976867676,5.786696910858154,1,1
481,0.33060717582702637,1.7686611413955688,0.7994856834411621,0.19299648702144623,2.1446456909179688,5.08396053314209,1,1
482,0.36190730333328247,2.274474620819092,0.877528727054596,0.11790813505649567,2.326093912124634,5.226436138153076,1,1
483,0.3302394151687622,2.308274745941162,0.8428722620010376,0.11651371419429779,2.383239507675171,5.99733304977417,1,1
484,0.32386213541030884,1.715724229812622,0.8329340219497681,0.20636498928070068,2.108299970626831,5.859795093536377,1,1
485,0.3551119863986969,2.9318273067474365,0.9065173864364624,0.0624462254345417,2.521239757537842,7.997025489807129,1,1
486,0.3226521611213684,1.75121009349823,0.7923414707183838,0.19622167944908142,2.1327884197235107,9.533305168151855,1,1
487,0.38370418548583984,2.499439239501953,0.8907347321510315,0.09704384207725525,2.3470940589904785,10.060165405273438,1,1
488,0.3232784569263458,1.9119908809661865,0.824033260345459,0.16757352650165558,2.1259140968322754,9.170649528503418,1,1
489,0.3053569793701172,2.150364398956299,0.8747538924217224,0.13706864416599274,2.332136631011963,10.30518913269043,1,1
490,0.27106761932373047,2.5484395027160645,0.8943054676055908,0.0953822061419487,2.359743118286133,12.939982414245605,1,1
491,0.2543335556983948,2.198883056640625,0.8557770252227783,0.12807278335094452,2.3412606716156006,14.861072540283203,1,1
492,0.33224067091941833,2.0375776290893555,0.8551677465438843,0.15377500653266907,2.2848081588745117,16.428539276123047,1,1
493,0.26867568492889404,2.5920281410217285,0.9090548157691956,0.08808594942092896,2.3954739570617676,15.176969528198242,1,1
494,0.34117573499679565,1.603935956954956,0.7965567111968994,0.22825875878334045,2.121274709701538,11.538506507873535,1,1
495,0.3997035026550293,3.21651554107666,0.9238153100013733,0.04938393831253052,2.6616744995117188,9.205689430236816,1,1
496,0.446102499961853,1.1191842555999756,0.7022463083267212,0.3520365357398987,1.811387300491333,5.518056869506836,1,1
497,0.6053889989852905,4.497696399688721,0.9779794216156006,0.014222689904272556,2.6242575645446777,8.98414421081543,1,1
498,1.0202492475509644,0.5129970908164978,0.41322970390319824,0.6241090297698975,0.9810723066329956,5.146052837371826,1,1
499,1.2678699493408203,3.6076507568359375,0.9813865423202515,0.03551805019378662,2.238750457763672,9.732234001159668,1,1
500,0.9188718199729919,1.353525996208191,0.47428035736083984,0.29055213928222656,1.658942461013794,7.755298614501953,1,1
501,0.5383533239364624,1.9233322143554688,0.9142031073570251,0.17530523240566254,1.814638376235962,6.116964817047119,1,1
502,0.40727707743644714,2.2640960216522217,0.8169810175895691,0.12140489369630814,1.9707362651824951,7.022616386413574,1,1
503,0.4599824845790863,1.4656651020050049,0.7436702251434326,0.2552221715450287,1.7774522304534912,4.856403827667236,1,1
504,0.4023609459400177,2.2920477390289307,0.9002399444580078,0.11819829046726227,2.095628261566162,5.801886558532715,1,1
505,0.3063533902168274,2.468502998352051,0.8462759256362915,0.10163422673940659,2.138697624206543,5.079460620880127,1,1
506,0.3580518960952759,1.7197438478469849,0.7924654483795166,0.2013406902551651,1.9392200708389282,5.25783634185791,1,1
507,0.39192208647727966,1.9500229358673096,0.8735238909721375,0.16258104145526886,2.0844004154205322,6.415184020996094,1,1
508,0.33297839760780334,2.4128475189208984,0.8683414459228516,0.10824345052242279,2.210913896560669,6.255499362945557,1,1
509,0.3331424593925476,1.8815515041351318,0.8123311996459961,0.1686982810497284,2.0407748222351074,5.951626777648926,1,1
510,0.3300931751728058,2.243582010269165,0.8772474527359009,0.12166991084814072,2.279156446456909,5.530309200286865,1,1
511,0.30006203055381775,2.1886954307556152,0.8655598163604736,0.13004224002361298,2.138523817062378,5.820696830749512,1,1
512,0.3444851040840149,1.9965418577194214,0.829544186592102,0.15637356042861938,2.1692728996276855,6.38496208190918,1,1
513,0.2997911274433136,2.4863791465759277,0.895026683807373,0.09507299959659576,2.4057741165161133,6.626893997192383,1,1
514,0.27919813990592957,2.4969167709350586,0.8681989908218384,0.09802450984716415,2.2783362865448,5.874373912811279,1,1
515,0.30998358130455017,1.982235312461853,0.8400846719741821,0.1591026484966278,2.1344285011291504,4.79848575592041,1,1
516,0.28923913836479187,2.1718525886535645,0.8820152878761292,0.13323818147182465,2.282033920288086,6.439541816711426,1,1
517,0.2964615225791931,2.351616621017456,0.8653676509857178,0.11045524477958679,2.36037540435791,5.295497894287109,1,1
518,0.28508418798446655,2.134056568145752,0.8681930303573608,0.13669608533382416,2.2430992126464844,6.95768928527832,1,1
519,0.27876347303390503,2.3766064643859863,0.8803938031196594,0.10907552391290665,2.345924139022827,5.987455368041992,1,1
520,0.33292198181152344,2.5642521381378174,0.8595296144485474,0.09556857496500015,2.424140453338623,5.861971855163574,1,1
521,0.32073548436164856,1.7813690900802612,0.825326681137085,0.19149138033390045,2.0985186100006104,5.00482702255249,1,1
522,0.34219375252723694,2.994105577468872,0.9254822731018066,0.06387806683778763,2.524167537689209,5.91212797164917,1,1
523,0.38270944356918335,1.5631901025772095,0.7529183626174927,0.23883160948753357,2.100336790084839,5.088623523712158,1,1
524,0.33606645464897156,2.2314414978027344,0.9238710403442383,0.12633922696113586,2.355005979537964,5.478166103363037,1,1
525,0.29521244764328003,2.38106107711792,0.8520740270614624,0.1093391627073288,2.4977164268493652,6.360531330108643,1,1
526,0.32276588678359985,1.5575120449066162,0.8187230825424194,0.23496884107589722,2.1308767795562744,5.4788007736206055,1,1
527,0.3858722448348999,3.1681020259857178,0.9307388067245483,0.05020296946167946,2.596977710723877,7.030752658843994,1,1
528,0.37446361780166626,1.6017656326293945,0.7381608486175537,0.22801537811756134,2.083360433578491,7.018430709838867,1,1
529,0.3648027777671814,2.736769199371338,0.9363892078399658,0.07930604368448257,2.528674602508545,9.031656265258789,1,1
530,0.2759072184562683,2.265012264251709,0.832515299320221,0.12268700450658798,2.332474946975708,9.581686019897461,1,1
531,0.26545989513397217,2.2566487789154053,0.8908060193061829,0.12410163879394531,2.4857375621795654,10.500064849853516,1,1
532,0.29186731576919556,2.3294761180877686,0.8669426441192627,0.11422416567802429,2.3553106784820557,11.282752990722656,1,1
533,0.24153369665145874,2.1347851753234863,0.8824842572212219,0.1372777223587036,2.1791982650756836,9.707378387451172,1,1
534,0.3257847726345062,2.0986952781677246,0.8521623611450195,0.14482350647449493,2.3329179286956787,7.784591197967529,1,1
535,0.293415367603302,2.602306365966797,0.8920597434043884,0.08810584247112274,2.5007505416870117,6.755204677581787,1,1
536,0.251779168844223,1.9951119422912598,0.8535911440849304,0.16041797399520874,2.3986763954162598,5.524588584899902,1,1
537,0.2396082580089569,2.167163372039795,0.9163670539855957,0.1364458203315735,2.2780890464782715,6.80411434173584,1,1
538,0.30209290981292725,1.995880365371704,0.8499611020088196,0.16116228699684143,2.314525842666626,6.387578964233398,1,1
539,0.23536676168441772,2.2560715675354004,0.9015573263168335,0.1223660558462143,2.4238641262054443,6.32960844039917,1,1
540,0.24254989624023438,2.3451991081237793,0.8909987211227417,0.10975823551416397,2.567702531814575,6.342466354370117,1,1
541,0.27440494298934937,1.782122254371643,0.849098801612854,0.1948987990617752,2.1738810539245605,6.096707344055176,1,1
542,0.324186772108078,3.0266366004943848,0.9202728867530823,0.05794964358210564,2.6319103240966797,6.404044151306152,1,1
543,0.3557617962360382,1.3285176753997803,0.7617905139923096,0.29335376620292664,1.9857417345046997,4.666077136993408,1,1
544,0.4507492184638977,3.784127950668335,0.9649679660797119,0.02782589942216873,2.606942892074585,6.7149128913879395,1,1
545,0.6495959758758545,0.5827392935752869,0.5676972270011902,0.5830513834953308,1.2302900552749634,2.654003620147705,1,1
546,0.8354136347770691,3.323909282684326,0.9805579781532288,0.04390297085046768,2.5509817600250244,8.780614852905273,1,1
547,0.49079975485801697,2.1822855472564697,0.6805460453033447,0.13490498065948486,2.2048802375793457,7.462767601013184,1,1
548,0.31435254216194153,1.779853343963623,0.8621896505355835,0.1974567174911499,2.101357936859131,5.244531631469727,1,1
549,0.3126544952392578,2.1459059715270996,0.8944732546806335,0.1424853801727295,2.2053136825561523,5.6874237060546875,1,1
550,0.3407471179962158,2.5629255771636963,0.8583533763885498,0.09154605865478516,2.329914093017578,6.703679084777832,1,1
551,0.3090628385543823,1.990321159362793,0.8204512000083923,0.1562136709690094,2.2844574451446533,7.492898941040039,1,1
552,0.3159429430961609,2.3476791381835938,0.887739896774292,0.11519504338502884,2.4636619091033936,9.2529878616333,1,1
553,0.2991001307964325,2.264162063598633,0.8636195659637451,0.12155012041330338,2.4319446086883545,8.840840339660645,1,1
554,0.3182787001132965,2.633822202682495,0.8617405295372009,0.08475668728351593,2.501365900039673,8.540452003479004,1,1
555,0.3252246081829071,1.9622151851654053,0.8247592449188232,0.16128404438495636,2.3512630462646484,6.873051643371582,1,1
556,0.28150269389152527,2.525580883026123,0.9135439395904541,0.09629060328006744,2.5273141860961914,6.157169342041016,1,1
557,0.27819395065307617,2.3851497173309326,0.8509184122085571,0.11031657457351685,2.4851014614105225,6.383859634399414,1,1
558,0.27093762159347534,2.276454448699951,0.8747291564941406,0.12303142994642258,2.57883358001709,7.833102226257324,1,1
559,0.316389799118042,2.41461181640625,0.8691245913505554,0.10614971816539764,2.575237989425659,12.41246223449707,1,1
560,0.24893836677074432,2.585238456726074,0.8899037837982178,0.0878499299287796,2.56085205078125,19.192358016967773,1,1
561,0.271885484457016,2.062906265258789,0.8447426557540894,0.14697754383087158,2.4523210525512695,23.541288375854492,1,1
562,0.24239322543144226,2.318091630935669,0.9265242218971252,0.1182638481259346,2.548488140106201,21.21731948852539,1,1
563,0.29324713349342346,2.3056583404541016,0.8651816844940186,0.1221161037683487,2.467207908630371,14.908441543579102,1,1
564,0.2818925976753235,1.8089994192123413,0.8446308374404907,0.186932772397995,2.301417350769043,8.44455337524414,1,1
565,0.3275040090084076,3.414844036102295,0.9443023204803467,0.040346767753362656,2.725327968597412,5.864796161651611,1,1
566,0.4656704068183899,0.9958717226982117,0.6793866157531738,0.41163545846939087,1.6906909942626953,3.802455425262451,1,1
567,0.5481510162353516,3.4756813049316406,0.9766747355461121,0.03977949172258377,2.8251521587371826,6.775434494018555,1,1
568,0.46146032214164734,1.87322998046875,0.7011527419090271,0.17998352646827698,2.21073055267334,5.5371527671813965,1,1
569,0.27230656147003174,1.8905893564224243,0.9139671325683594,0.1772419512271881,2.287322759628296,5.876266956329346,1,1
570,0.2736237347126007,2.543653964996338,0.9003410339355469,0.09797565639019012,2.4749414920806885,5.9169020652771,1,1
571,0.40648069977760315,1.4380621910095215,0.7602847814559937,0.269899845123291,2.048177480697632,4.76309871673584,1,1
572,0.4359162747859955,3.2028932571411133,0.9460818767547607,0.05284951254725456,2.50679349899292,6.186408042907715,1,1
573,0.43554556369781494,1.6393702030181885,0.7090104818344116,0.22924739122390747,2.171224594116211,4.926002502441406,1,1
574,0.35385259985923767,2.677441120147705,0.9428406953811646,0.08573876321315765,2.5766751766204834,6.668949127197266,1,1
575,0.26243531703948975,2.6030685901641846,0.8501653671264648,0.08792274445295334,2.6559579372406006,8.874780654907227,1,1
576,0.29097190499305725,2.025040626525879,0.842149555683136,0.16123807430267334,2.290592670440674,11.062682151794434,1,1
577,0.28622451424598694,2.526444673538208,0.9015328884124756,0.09745381027460098,2.6316237449645996,13.003539085388184,1,1
578,0.26046961545944214,2.0928690433502197,0.8585692048072815,0.14398442208766937,2.379030227661133,13.763277053833008,1,1
579,0.2427074909210205,2.520554780960083,0.9189715385437012,0.09811234474182129,2.5083818435668945,14.017609596252441,1,1
580,0.24512092769145966,2.357853412628174,0.8631880283355713,0.11068815737962723,2.584498643875122,15.464266777038574,1,1
581,0.2732545733451843,2.315800905227661,0.8733728528022766,0.11827029287815094,2.4618849754333496,16.400617599487305,1,1
582,0.2600995898246765,2.4413063526153564,0.8957163691520691,0.10354563593864441,2.5764517784118652,15.222942352294922,1,1
583,0.3021448850631714,2.152125835418701,0.8539152145385742,0.1410973072052002,2.381232261657715,12.273159980773926,1,1
584,0.2899419963359833,2.3059515953063965,0.8807342648506165,0.11922571063041687,2.4244327545166016,9.1745023727417,1,1
585,0.2917814254760742,2.7515902519226074,0.8798015713691711,0.07824556529521942,2.494393825531006,6.712784290313721,1,1
586,0.2722923457622528,1.4814579486846924,0.8297019600868225,0.2576865255832672,2.1417465209960938,5.662641525268555,1,1
587,0.33266788721084595,2.5629868507385254,0.9261215925216675,0.0951944962143898,2.6180419921875,9.165264129638672,1,1
588,0.2723097801208496,2.40860652923584,0.8497372269630432,0.10826437175273895,2.5827364921569824,11.638051986694336,1,1
589,0.2247968167066574,2.279686212539673,0.8944445252418518,0.11948707699775696,2.573594093322754,11.48701000213623,1,1
590,0.24793632328510284,2.676285743713379,0.9012936353683472,0.0851346030831337,2.821688413619995,11.67912483215332,1,1
591,0.25202298164367676,2.247235059738159,0.8690478801727295,0.12796354293823242,2.5840957164764404,11.776503562927246,1,1
592,0.2607630789279938,2.476872682571411,0.8961753249168396,0.10027793049812317,2.704881429672241,10.700450897216797,1,1
593,0.2587384283542633,1.9906980991363525,0.8683870434761047,0.15669921040534973,2.516679525375366,7.369807243347168,1,1
594,0.3165365159511566,3.2273192405700684,0.9029905796051025,0.050550490617752075,2.9971213340759277,6.238551139831543,1,1
595,0.323202908039093,1.3601515293121338,0.7896772623062134,0.28663986921310425,2.1009023189544678,5.944150447845459,1,1
596,0.37620073556900024,3.338315486907959,0.9440692663192749,0.04440353810787201,2.757711410522461,8.862574577331543,1,1
597,0.3763853907585144,1.561173677444458,0.7503210306167603,0.24483446776866913,2.1815102100372314,9.604199409484863,1,1
598,0.32327961921691895,2.7487618923187256,0.9430630207061768,0.07628828287124634,2.643869161605835,10.231678009033203,1,1
599,0.24820126593112946,2.6128127574920654,0.85921311378479,0.0851515382528305,2.741978406906128,10.365423202514648,1,1
600,0.23954492807388306,2.2024760246276855,0.8680034875869751,0.13113749027252197,2.5088000297546387,10.472904205322266,1,1
601,0.24570298194885254,2.387179136276245,0.9120845198631287,0.11393678933382034,2.5677435398101807,11.35263442993164,1,1
602,0.27353939414024353,2.3183488845825195,0.8718870282173157,0.11936622858047485,2.5018579959869385,9.227093696594238,1,1
603,0.2394937127828598,2.5233709812164307,0.8947365283966064,0.09790614247322083,2.5942602157592773,6.928958415985107,1,1
604,0.2342689037322998,2.471557140350342,0.8900146484375,0.10644318908452988,2.687608242034912,6.76247501373291,1,1
605,0.23172831535339355,2.6397974491119385,0.9031565189361572,0.09128277003765106,2.6426002979278564,7.1519317626953125,1,1
606,0.23326972126960754,2.025867223739624,0.8676750063896179,0.16113752126693726,2.480520009994507,7.143824100494385,1,1
607,0.2597299814224243,3.2180399894714355,0.9333943128585815,0.04875704646110535,2.8437631130218506,7.812871932983398,1,1
608,0.30733880400657654,1.638887643814087,0.7987809181213379,0.22389309108257294,2.303964614868164,6.960202217102051,1,1
609,0.3392627239227295,2.8530163764953613,0.9338180422782898,0.07532220333814621,2.757624626159668,8.041977882385254,1,1
610,0.27983567118644714,2.206320285797119,0.8284178376197815,0.1305975317955017,2.6599037647247314,6.901199817657471,1,1
611,0.2855757474899292,2.254751682281494,0.8904590606689453,0.12559649348258972,2.625216484069824,6.074337959289551,1,1
612,0.26121586561203003,2.6411638259887695,0.8950021266937256,0.08781641721725464,2.7208847999572754,5.961184024810791,1,1
613,0.27017930150032043,2.2769434452056885,0.8617128133773804,0.12286236137151718,2.5431909561157227,9.504881858825684,1,1
614,0.24744118750095367,2.350062847137451,0.889506459236145,0.11299125105142593,2.6730480194091797,11.86496639251709,1,1
615,0.25606614351272583,2.9506640434265137,0.9141515493392944,0.06720565259456635,2.8510849475860596,14.016494750976562,1,1
616,0.31576353311538696,1.4365382194519043,0.8012042045593262,0.267211377620697,2.285648822784424,15.006869316101074,1,1
617,0.35796672105789185,3.4176764488220215,0.9579118490219116,0.041374728083610535,2.747370958328247,15.080759048461914,1,1
618,0.3736130893230438,1.4283456802368164,0.7388522624969482,0.27933263778686523,2.126119375228882,9.527007102966309,1,1
619,0.36591988801956177,3.1312103271484375,0.9589728116989136,0.055651724338531494,2.666348695755005,6.632632255554199,1,1
620,0.3534359335899353,1.709193229675293,0.7640117406845093,0.2094680517911911,2.368428945541382,8.74133586883545,1,1
621,0.2835155427455902,2.5321826934814453,0.9295894503593445,0.09438317269086838,2.768801212310791,12.73056697845459,1,1
622,0.248422771692276,3.123687267303467,0.8916299939155579,0.055417634546756744,2.797910451889038,18.34904670715332,1,1
623,0.2602946162223816,2.125458240509033,0.8390932679176331,0.1452993005514145,2.6306798458099365,20.506681442260742,1,1
624,0.28342342376708984,2.668840169906616,0.925262451171875,0.08647164702415466,2.6194188594818115,17.571931838989258,1,1
625,0.23502884805202484,2.705552101135254,0.8748313784599304,0.0870923399925232,2.7787771224975586,10.90138053894043,1,1
626,0.3334565758705139,1.6843831539154053,0.8186784386634827,0.2177148014307022,2.376234769821167,5.539431095123291,1,1
627,0.31557756662368774,3.009765386581421,0.9370617270469666,0.06308721750974655,2.902731418609619,6.133745193481445,1,1
628,0.35588106513023376,1.654988408088684,0.7814692258834839,0.2229374647140503,2.304795265197754,5.383256435394287,1,1
629,0.32899194955825806,2.9885926246643066,0.94293212890625,0.06365178525447845,2.9766902923583984,6.439619064331055,1,1
630,0.3185862898826599,1.8059746026992798,0.7849915027618408,0.1949891597032547,2.4079582691192627,5.834657192230225,1,1
631,0.28341346979141235,2.901329517364502,0.944275975227356,0.07080303132534027,2.943282127380371,8.459704399108887,1,1
632,0.24154382944107056,2.8107082843780518,0.8597972393035889,0.07327859848737717,2.8496956825256348,10.99303913116455,1,1
633,0.23424425721168518,2.1974637508392334,0.882210373878479,0.14282730221748352,2.6686205863952637,13.263601303100586,1,1
634,0.2982385754585266,2.7812881469726562,0.901655375957489,0.07718861103057861,2.729998826980591,12.62455940246582,1,1
635,0.24625253677368164,2.3696141242980957,0.854911744594574,0.11388864368200302,2.778975486755371,7.684032917022705,1,1
636,0.2349538505077362,2.5468459129333496,0.9243017435073853,0.09771957248449326,2.6461575031280518,7.559157371520996,1,1
637,0.2727256417274475,2.238985538482666,0.8600915670394897,0.1304360181093216,2.5367772579193115,10.682988166809082,1,1
638,0.2678542733192444,2.706962823867798,0.8898699879646301,0.0831221416592598,2.700303792953491,10.398075103759766,1,1
639,0.22652959823608398,2.3633532524108887,0.896188497543335,0.11381198465824127,2.584446668624878,10.390507698059082,1,1
640,0.2631354033946991,2.170043468475342,0.8729811906814575,0.13375446200370789,2.5822064876556396,8.901601791381836,1,1
641,0.2749249339103699,2.9583375453948975,0.9183142185211182,0.06551441550254822,2.795884847640991,7.908571720123291,1,1
642,0.2699134349822998,1.4491183757781982,0.8172606229782104,0.2732442021369934,2.265406608581543,5.956405162811279,1,1
643,0.31730562448501587,3.331953525543213,0.9609947204589844,0.047062426805496216,2.9942808151245117,6.250337600708008,1,1
644,0.4673416018486023,0.8644316792488098,0.6902730464935303,0.46245014667510986,1.7512240409851074,4.8219075202941895,1,1
645,0.7394616007804871,4.684823989868164,0.980178713798523,0.013192133978009224,2.9378833770751953,7.187756538391113,1,1
646,0.9302948117256165,0.8400039672851562,0.4673556685447693,0.47294771671295166,1.623571515083313,4.377200126647949,1,1
647,0.7867470979690552,3.233421802520752,0.9791358113288879,0.05664486065506935,2.5138211250305176,7.835079669952393,1,1
648,0.4300786554813385,2.5246946811676025,0.7392738461494446,0.10655280947685242,2.4792306423187256,5.802989959716797,1,1
649,0.3237299919128418,1.6012568473815918,0.824331521987915,0.2502710223197937,2.093885660171509,5.182750701904297,1,1
650,0.3955216705799103,2.655777931213379,0.9180207252502441,0.08594442158937454,2.594548463821411,7.801397800445557,1,1
651,0.34191688895225525,2.529235363006592,0.8094931840896606,0.10276399552822113,2.643406629562378,8.569745063781738,1,1
652,0.2934504747390747,1.7902835607528687,0.8570051193237305,0.19560280442237854,2.221116542816162,5.801405906677246,1,1
653,0.3098689913749695,2.5433127880096436,0.905762255191803,0.10253101587295532,2.6138381958007812,6.4470438957214355,1,1
654,0.3296127915382385,2.34047269821167,0.8302288055419922,0.11697795987129211,2.5731074810028076,8.466136932373047,1,1
655,0.3175422251224518,2.302844762802124,0.8612867593765259,0.1201186254620552,2.4734842777252197,6.287632465362549,1,1
656,0.29578539729118347,2.535405397415161,0.8881137371063232,0.09883812069892883,2.6634042263031006,5.510734558105469,1,1
657,0.26952674984931946,2.2924046516418457,0.8570538759231567,0.11751106381416321,2.657482147216797,6.201627254486084,1,1
658,0.2670360803604126,2.4656877517700195,0.8884789943695068,0.1011117547750473,2.711214780807495,6.464305400848389,1,1
659,0.28969311714172363,2.753378391265869,0.8876583576202393,0.0744408667087555,2.6519935131073,6.372195243835449,1,1
660,0.2889755666255951,1.8200006484985352,0.832175076007843,0.19000007212162018,2.4740171432495117,6.178140163421631,1,1
661,0.2862497568130493,2.4609267711639404,0.923496425151825,0.10226937383413315,2.6446533203125,6.324409484863281,1,1
662,0.24411898851394653,2.5682568550109863,0.874973475933075,0.09285223484039307,2.7000274658203125,6.8155999183654785,1,1
663,0.23195835947990417,2.2708346843719482,0.879831075668335,0.12308835983276367,2.613865375518799,9.043750762939453,1,1
664,0.2557309865951538,3.002605438232422,0.9153302311897278,0.05983712524175644,2.981813669204712,13.69261646270752,1,1
665,0.2501037120819092,2.116025924682617,0.8421972990036011,0.15226402878761292,2.666066884994507,12.897570610046387,1,1
666,0.2693871259689331,2.970609426498413,0.9383896589279175,0.06700948625802994,2.6702229976654053,10.31952953338623,1,1
667,0.26576969027519226,2.268486499786377,0.8418562412261963,0.13001255691051483,2.757920265197754,7.2947773933410645,1,1
668,0.26515835523605347,1.9464836120605469,0.8812050819396973,0.17184750735759735,2.542149305343628,5.543698787689209,1,1
669,0.26760444045066833,3.3330588340759277,0.9294886589050293,0.04563015326857567,2.867722272872925,7.2633891105651855,1,1
670,0.2949827015399933,1.9769034385681152,0.8057358860969543,0.16445988416671753,2.695244789123535,7.1469879150390625,1,1
671,0.28803467750549316,3.233452320098877,0.9413732290267944,0.05158628523349762,2.845165967941284,7.066640377044678,1,1
672,0.2192126214504242,2.8385977745056152,0.873558759689331,0.07380326837301254,2.8547372817993164,6.476325035095215,1,1
673,0.26474907994270325,1.8217442035675049,0.8469633460044861,0.19701549410820007,2.4888532161712646,6.188763618469238,1,1
674,0.3421618342399597,3.3562145233154297,0.9388749599456787,0.042904168367385864,2.9950873851776123,6.887325286865234,1,1
675,0.354655385017395,1.6586345434188843,0.7531768083572388,0.22084525227546692,2.5348501205444336,5.538434982299805,1,1
676,0.42688626050949097,3.7824063301086426,0.9667753577232361,0.029894579201936722,2.893810510635376,7.152315139770508,1,1
677,0.3730626106262207,1.7037742137908936,0.731631338596344,0.21994557976722717,2.370270252227783,6.125361919403076,1,1
678,0.33174198865890503,2.9431161880493164,0.9368722438812256,0.06783981621265411,2.8119568824768066,6.761888027191162,1,1
679,0.2674478590488434,2.7894067764282227,0.8656309843063354,0.08173111826181412,2.921142816543579,6.418544292449951,1,1
680,0.2442767173051834,2.407106876373291,0.867037296295166,0.11165596544742584,2.6640498638153076,5.570857524871826,1,1
681,0.24572017788887024,2.4865870475769043,0.9075614213943481,0.10337288677692413,2.771428346633911,6.237124919891357,1,1
682,0.2546265721321106,2.7948107719421387,0.8926270008087158,0.08126229047775269,2.827442169189453,7.3691840171813965,1,1
683,0.2692655026912689,2.053504228591919,0.843687117099762,0.15331964194774628,2.6668782234191895,6.920328617095947,1,1
684,0.27807292342185974,3.115992546081543,0.942389190196991,0.057840049266815186,2.9310460090637207,8.408910751342773,1,1
685,0.2992406189441681,1.9602857828140259,0.8025166988372803,0.16555818915367126,2.6266181468963623,8.305487632751465,1,1
686,0.28495660424232483,3.0725433826446533,0.950238049030304,0.06294909119606018,3.0450305938720703,8.243951797485352,1,1
687,0.30738452076911926,2.1201677322387695,0.8094614744186401,0.15575766563415527,2.7810704708099365,7.4537434577941895,1,1
688,0.26935458183288574,2.4738664627075195,0.9124460220336914,0.10598466545343399,2.8736250400543213,6.822668552398682,1,1
689,0.25479719042778015,2.531219720840454,0.879241943359375,0.09940600395202637,2.9075002670288086,6.237689971923828,1,1
690,0.21399450302124023,2.3926918506622314,0.8945888876914978,0.12234516441822052,2.84311580657959,7.411694049835205,1,1
691,0.21923595666885376,2.67052960395813,0.916596531867981,0.08757422864437103,2.980924129486084,11.057491302490234,1,1
692,0.1784418821334839,2.8047232627868652,0.9081479907035828,0.07394245266914368,3.0810787677764893,15.146231651306152,1,1
693,0.24197697639465332,1.8532960414886475,0.8597356081008911,0.1916050761938095,2.626830816268921,16.7412052154541,1,1
694,0.270805299282074,3.5205025672912598,0.950200080871582,0.04244126379489899,3.094088315963745,17.404237747192383,1,1
695,0.26165032386779785,2.159842014312744,0.8176950216293335,0.14133965969085693,2.708887815475464,16.30006980895996,1,1
696,0.2831275463104248,3.0781712532043457,0.9432450532913208,0.060046058148145676,3.0045175552368164,13.733046531677246,1,1
697,0.2693836987018585,2.0971927642822266,0.8286418318748474,0.15141108632087708,2.7962028980255127,10.808988571166992,1,1
698,0.2557829022407532,2.8478171825408936,0.9304961562156677,0.07595643401145935,2.8666884899139404,9.0691556930542,1,1
699,0.29862546920776367,1.7667303085327148,0.8223556280136108,0.19571995735168457,2.5860235691070557,6.8158111572265625,1,1
700,0.25801151990890503,3.048689842224121,0.9438856840133667,0.06031155213713646,3.1856772899627686,6.8018364906311035,1,1
701,0.2475573718547821,2.2844905853271484,0.8480534553527832,0.12729480862617493,2.7984743118286133,6.457132816314697,1,1
702,0.2407713383436203,2.8033721446990967,0.9167277812957764,0.0756152868270874,2.8581440448760986,6.198706150054932,1,1
703,0.27458709478378296,1.886484146118164,0.8475737571716309,0.1834028661251068,2.6483840942382812,6.656889915466309,1,1
704,0.25953295826911926,3.377048969268799,0.9496825337409973,0.047637712210416794,3.08543062210083,6.492562294006348,1,1
705,0.3403501808643341,1.1738500595092773,0.7672877311706543,0.35393112897872925,2.007662773132324,4.817173957824707,1,1
706,0.43535158038139343,4.262391090393066,0.9718762636184692,0.018028290942311287,3.2305402755737305,7.189648151397705,1,1
707,0.5136451125144958,1.305217981338501,0.6609277129173279,0.31371772289276123,2.195905923843384,4.570955753326416,1,1
708,0.3970191776752472,3.1524085998535156,0.9823940396308899,0.06080753728747368,2.9076123237609863,6.748101234436035,1,1
709,0.33309435844421387,2.131112575531006,0.7814813852310181,0.16037362813949585,2.699674129486084,6.574505805969238,1,1
710,0.2864740192890167,2.7713141441345215,0.9202603697776794,0.08184260874986649,3.066232919692993,7.020580768585205,1,1
711,0.28884357213974,2.3627562522888184,0.8504540324211121,0.11744704842567444,2.8680882453918457,5.721473217010498,1,1
712,0.27864497900009155,2.5794739723205566,0.8824856281280518,0.0966353714466095,2.9110734462738037,7.247189521789551,1,1
713,0.21337202191352844,2.5346460342407227,0.9006414413452148,0.10104536265134811,2.8917977809906006,10.06039810180664,1,1
714,0.19753426313400269,3.041996479034424,0.9271364808082581,0.0605454295873642,3.101064682006836,11.968924522399902,1,1
715,0.23843076825141907,2.255307197570801,0.8547483086585999,0.13105027377605438,2.7887065410614014,12.143310546875,1,1
716,0.28296414017677307,2.8715438842773438,0.924317479133606,0.07185325026512146,2.97507905960083,13.317317008972168,1,1
717,0.2688462734222412,2.27236270904541,0.8449863195419312,0.1335667371749878,2.8549258708953857,13.79764461517334,1,1
718,0.26014450192451477,3.1392555236816406,0.9284451603889465,0.0599527582526207,3.052567958831787,14.639568328857422,1,1
719,0.2705230116844177,2.2517457008361816,0.8297430276870728,0.1354445517063141,2.9278476238250732,13.907133102416992,1,1
720,0.24244028329849243,2.673015832901001,0.9289442300796509,0.08760476857423782,2.9425137042999268,12.560052871704102,1,1
721,0.23816600441932678,3.326737880706787,0.9069899320602417,0.04698251932859421,3.02732515335083,12.882875442504883,1,1
722,0.22687648236751556,1.9805259704589844,0.8472915887832642,0.16284623742103577,2.6128945350646973,11.354557991027832,1,1
723,0.3002040982246399,3.4827680587768555,0.941396176815033,0.042484309524297714,3.0879409313201904,8.433093070983887,1,1
724,0.2810571491718292,2.077028751373291,0.8129000067710876,0.15673920512199402,2.721388339996338,5.915266990661621,1,1
725,0.26592904329299927,2.5906805992126465,0.9275588989257812,0.09455449879169464,3.014641046524048,8.210700035095215,1,1
726,0.18972690403461456,2.938876152038574,0.9104176759719849,0.0682322159409523,2.9801855087280273,9.152406692504883,1,1
727,0.2271246761083603,2.2780284881591797,0.8793800473213196,0.12597617506980896,2.773144483566284,8.07422924041748,1,1
728,0.23544183373451233,2.647317409515381,0.9181631803512573,0.09146647900342941,2.934342861175537,6.6638407707214355,1,1
729,0.2119177281856537,2.3770952224731445,0.8829126358032227,0.11853569746017456,2.845745801925659,6.511051654815674,1,1
730,0.21901582181453705,2.2169957160949707,0.8980422616004944,0.13447502255439758,2.9352879524230957,7.712828159332275,1,1
731,0.25576430559158325,3.4675936698913574,0.9372150301933289,0.0435771718621254,3.015883445739746,10.321049690246582,1,1
732,0.2662549316883087,2.4285058975219727,0.8395065069198608,0.11096236854791641,2.9211554527282715,11.274270057678223,1,1
733,0.25094252824783325,2.1684045791625977,0.8987786769866943,0.14032693207263947,2.918290376663208,11.902254104614258,1,1
734,0.22313210368156433,2.8122806549072266,0.9183813333511353,0.08097831159830093,3.078007936477661,11.873279571533203,1,1
735,0.21935002505779266,2.714064121246338,0.8841233849525452,0.0857035294175148,2.972888946533203,11.141485214233398,1,1
736,0.24296416342258453,2.6513023376464844,0.8999184370040894,0.08886900544166565,2.9298810958862305,10.518559455871582,1,1
737,0.2089540660381317,2.3271212577819824,0.8938933610916138,0.11912687867879868,2.739755630493164,7.5231852531433105,1,1
738,0.17137010395526886,2.8118700981140137,0.9425064325332642,0.07845263183116913,3.067091226577759,7.294121742248535,1,1
739,0.25706928968429565,2.2654247283935547,0.8547883033752441,0.13225042819976807,2.8424673080444336,7.28060245513916,1,1
740,0.26618123054504395,2.9374423027038574,0.9200040102005005,0.07538644969463348,3.0090572834014893,10.832273483276367,1,1
741,0.24100910127162933,2.234335422515869,0.8610950708389282,0.1323051154613495,3.017918109893799,12.018277168273926,1,1
742,0.23236194252967834,3.2370762825012207,0.937421977519989,0.052846796810626984,3.1064350605010986,11.356512069702148,1,1
743,0.24156007170677185,2.277027130126953,0.8478423357009888,0.1344590187072754,2.9772753715515137,9.244904518127441,1,1
744,0.2972315549850464,3.54044771194458,0.9319269061088562,0.03857985883951187,3.2047481536865234,8.650389671325684,1,1
745,0.27903133630752563,1.660679578781128,0.8096936345100403,0.23162074387073517,2.5177407264709473,6.061868190765381,1,1
746,0.2679843008518219,3.3264477252960205,0.9631048440933228,0.050707925111055374,3.1799967288970947,7.275936603546143,1,1
747,0.2739190459251404,2.4360175132751465,0.8293271660804749,0.11403322219848633,2.937284469604492,6.903506278991699,1,1
748,0.2716350555419922,2.8688058853149414,0.9183866381645203,0.07453322410583496,3.002936601638794,7.760243892669678,1,1
749,0.2417525053024292,2.666653871536255,0.8751500844955444,0.093203105032444,3.0852439403533936,7.411254405975342,1,1
750,0.2225152850151062,2.5197300910949707,0.9038846492767334,0.10284487158060074,3.0503993034362793,6.823129653930664,1,1
751,0.22656556963920593,2.9638190269470215,0.904455840587616,0.06803244352340698,3.2627456188201904,8.670198440551758,1,1
752,0.22711540758609772,1.9740747213363647,0.8738445043563843,0.1742967963218689,2.7347323894500732,9.283736228942871,1,1
753,0.24011701345443726,3.2581586837768555,0.933320164680481,0.049941591918468475,3.31960391998291,9.577841758728027,1,1
754,0.2256941795349121,2.67378830909729,0.8791378736495972,0.08616968989372253,2.930509090423584,8.561413764953613,1,1
755,0.20931166410446167,1.8146084547042847,0.87856125831604,0.1945388913154602,2.8154542446136475,7.423312187194824,1,1
756,0.28699231147766113,4.036619186401367,0.9509677886962891,0.023781634867191315,3.3346002101898193,9.379358291625977,1,1
757,0.3583050072193146,1.3672363758087158,0.763733983039856,0.29594725370407104,2.37337064743042,7.479730129241943,1,1
758,0.3835401237010956,3.90848445892334,0.9627705812454224,0.028021611273288727,3.300124168395996,8.988265991210938,1,1
759,0.28899693489074707,2.2161638736724854,0.7974576950073242,0.13709816336631775,2.945558786392212,8.709643363952637,1,1
760,0.2546125054359436,2.355356216430664,0.9100630283355713,0.12695463001728058,2.974903106689453,9.220324516296387,1,1
761,0.25004416704177856,3.1966700553894043,0.9239251613616943,0.053699955344200134,3.0541889667510986,9.19580078125,1,1
762,0.29359257221221924,1.8228150606155396,0.8123041391372681,0.21109351515769958,2.673537492752075,6.184858322143555,1,1
763,0.30413201451301575,3.3749032020568848,0.941939651966095,0.04556950554251671,3.1949520111083984,8.45785140991211,1,1
764,0.2581483721733093,2.333770513534546,0.8317403793334961,0.1281498819589615,2.9011282920837402,11.252816200256348,1,1
765,0.2817643880844116,2.4566354751586914,0.9031063914299011,0.10802659392356873,2.844533920288086,12.82032299041748,1,1
766,0.24756976962089539,3.1304025650024414,0.9039045572280884,0.05730549618601799,3.1698670387268066,10.865682601928711,1,1
767,0.22190676629543304,2.237541437149048,0.8645941615104675,0.13659833371639252,2.746720314025879,6.673707962036133,1,1
768,0.2482018917798996,3.3312277793884277,0.9359631538391113,0.04932915419340134,3.1540703773498535,7.8528642654418945,1,1
769,0.22147950530052185,2.0775160789489746,0.8522301912307739,0.15537336468696594,2.964019775390625,7.64508581161499,1,1
770,0.21325038373470306,3.17863130569458,0.9557479619979858,0.05150805786252022,3.2710914611816406,9.412405014038086,1,1
771,0.22181732952594757,2.273391008377075,0.8646756410598755,0.12723737955093384,2.9716126918792725,8.514299392700195,1,1
772,0.18263405561447144,2.733220100402832,0.9345024824142456,0.08770355582237244,3.011279821395874,7.561995983123779,1,1
773,0.20605775713920593,2.623728036880493,0.9000995755195618,0.09261874854564667,3.1818103790283203,7.005974769592285,1,1
774,0.17542442679405212,2.873429298400879,0.931591808795929,0.0729687437415123,3.2406013011932373,8.533673286437988,1,1
775,0.26574963331222534,1.4168750047683716,0.8298871517181396,0.2857127785682678,2.4413115978240967,8.436190605163574,1,1
776,0.43504616618156433,5.3364763259887695,0.9796419739723206,0.0069024390541017056,3.2645516395568848,9.445225715637207,1,1
777,0.8248769044876099,0.3972604274749756,0.5106315612792969,0.6935664415359497,1.0015572309494019,3.121480941772461,1,1
778,1.230148196220398,5.358170509338379,0.9918652772903442,0.007751753553748131,2.70184326171875,12.902921676635742,1,1
779,1.4103318452835083,0.9194306135177612,0.34554120898246765,0.44658201932907104,1.6852725744247437,5.1032867431640625,1,1
780,0.6861600875854492,2.88895320892334,0.9817913770675659,0.07246151566505432,2.6166648864746094,12.31074333190918,1,1
781,0.3393763601779938,2.890409469604492,0.8218544721603394,0.07465299218893051,2.54701828956604,9.228899002075195,1,1
782,0.4972720444202423,1.2674962282180786,0.6981783509254456,0.3246421813964844,1.8985142707824707,5.160933494567871,1,1
783,0.5317890048027039,2.6821722984313965,0.9523204565048218,0.08658595383167267,2.5835437774658203,11.123223304748535,1,1
784,0.3032812774181366,2.573615074157715,0.8249806761741638,0.09959054738283157,2.620943546295166,7.2135748863220215,1,1
785,0.3232804536819458,2.151015281677246,0.8283276557922363,0.15252181887626648,2.553356885910034,7.327590465545654,1,1
786,0.2717662453651428,2.2848854064941406,0.907730221748352,0.12683111429214478,2.661520004272461,7.076146602630615,1,1
787,0.2915499806404114,2.6844587326049805,0.8867882490158081,0.08565603196620941,2.7310452461242676,6.624016761779785,1,1
788,0.32686468958854675,2.0163516998291016,0.8133615851402283,0.16120925545692444,2.586041212081909,5.662628650665283,1,1
789,0.3291586935520172,2.3226661682128906,0.8972878456115723,0.13297775387763977,2.6016647815704346,6.428318500518799,1,1
790,0.2602151036262512,2.8606138229370117,0.9019241333007812,0.07731252908706665,2.8247711658477783,5.975020408630371,1,1
791,0.3207283616065979,2.152146100997925,0.8139736652374268,0.14758619666099548,2.6553449630737305,6.982950210571289,1,1
792,0.2967042922973633,2.536102056503296,0.9171850681304932,0.10108630359172821,2.9387595653533936,10.238402366638184,1,1
793,0.2814585864543915,2.5225958824157715,0.8608921766281128,0.10728621482849121,2.8839778900146484,12.206171989440918,1,1
794,0.22193117439746857,2.4316048622131348,0.8960484266281128,0.11418023705482483,3.0292179584503174,8.428735733032227,1,1
795,0.2583829164505005,2.9272632598876953,0.9046828746795654,0.06740815937519073,3.002507209777832,6.647801876068115,1,1
796,0.3109241724014282,1.624892234802246,0.8023665547370911,0.23856592178344727,2.574685573577881,8.46619987487793,1,1
797,0.3577782213687897,2.859830379486084,0.9432809948921204,0.07763122022151947,2.974802255630493,9.790821075439453,1,1
798,0.22923211753368378,2.683588743209839,0.8644355535507202,0.08438819646835327,2.820615291595459,7.856672286987305,1,1
799,0.25846660137176514,2.4547390937805176,0.8730072379112244,0.10404115915298462,2.7485060691833496,5.923647403717041,1,1
800,0.23277080059051514,2.5170583724975586,0.9109799861907959,0.10412155091762543,2.8566715717315674,6.247425079345703,1,1
801,0.20902806520462036,2.7594573497772217,0.9035421013832092,0.0885951817035675,2.8371710777282715,6.092756271362305,1,1
802,0.24042360484600067,2.337559223175049,0.8696690797805786,0.12105739116668701,2.926724433898926,5.968774795532227,1,1
803,0.20377808809280396,2.425137996673584,0.9321989417076111,0.11236211657524109,2.911022663116455,6.788347244262695,1,1
804,0.19341684877872467,3.1779396533966064,0.9190155267715454,0.056589387357234955,3.1338493824005127,7.853836536407471,1,1
805,0.2538650631904602,1.8584985733032227,0.8383116722106934,0.20057478547096252,2.5752573013305664,6.64854097366333,1,1
806,0.2961728572845459,3.079592227935791,0.9493768215179443,0.06222255155444145,3.196761131286621,6.7272467613220215,1,1
807,0.28197064995765686,2.475489377975464,0.8302096128463745,0.10651245713233948,3.029712200164795,6.316107749938965,1,1
808,0.2177162766456604,2.3003954887390137,0.9115312695503235,0.1237218976020813,2.783144235610962,5.692561149597168,1,1
809,0.19931524991989136,2.8664402961730957,0.9276160001754761,0.07181044667959213,3.060762405395508,6.049904823303223,1,1
810,0.25223952531814575,2.448594808578491,0.8639415502548218,0.11447098851203918,3.0188302993774414,6.720019340515137,1,1
811,0.22853463888168335,2.7380709648132324,0.9219053983688354,0.08323803544044495,3.1100029945373535,7.549408912658691,1,1
812,0.22347918152809143,2.677314519882202,0.8887407779693604,0.09058759361505508,3.1128039360046387,7.612178325653076,1,1
813,0.2687945067882538,3.357816696166992,0.9036535024642944,0.045581139624118805,3.1763205528259277,7.125589847564697,1,1
814,0.27426308393478394,2.100095748901367,0.8357381820678711,0.15382039546966553,2.8940157890319824,6.783998966217041,1,1
815,0.29083847999572754,3.5913727283477783,0.9536293745040894,0.035315774381160736,3.279445171356201,9.049324989318848,1,1
816,0.4256710708141327,1.1167993545532227,0.7118203639984131,0.37413907051086426,2.183223247528076,6.102357864379883,1,1
817,0.6118936538696289,4.141693115234375,0.9794027805328369,0.021838273853063583,3.1059951782226562,7.963685512542725,1,1
818,0.35564836859703064,2.8804659843444824,0.763128399848938,0.0750323235988617,3.0706703662872314,7.625458717346191,1,1
819,0.20863254368305206,2.2381691932678223,0.8905808925628662,0.1349009871482849,2.945333957672119,7.365853309631348,1,1
820,0.2617183029651642,2.4659476280212402,0.899324357509613,0.1068841814994812,3.020101547241211,6.171684741973877,1,1
821,0.28428977727890015,3.173262596130371,0.9141443967819214,0.05439280718564987,3.1484274864196777,7.184299468994141,1,1
822,0.2449626624584198,2.310479164123535,0.8458276987075806,0.1215304434299469,2.930697441101074,6.453244209289551,1,1
823,0.21795985102653503,2.6008479595184326,0.9163482189178467,0.0930485725402832,2.9474966526031494,7.300766468048096,1,1
824,0.2021215409040451,3.0535035133361816,0.9246461391448975,0.06103783845901489,3.3126142024993896,9.009064674377441,1,1
825,0.26208996772766113,2.112011432647705,0.8422322273254395,0.15510150790214539,2.8431479930877686,9.029133796691895,1,1
826,0.2834855318069458,3.121626853942871,0.936097264289856,0.056668736040592194,3.2562873363494873,9.01223087310791,1,1
827,0.25438451766967773,3.1930394172668457,0.874148964881897,0.05323391780257225,3.1657907962799072,8.310846328735352,1,1
828,0.20266667008399963,2.358963966369629,0.8740817308425903,0.12369604408740997,2.983543634414673,6.877919673919678,1,1
829,0.2595179080963135,3.519587755203247,0.9504399299621582,0.04239075630903244,3.351917266845703,7.370267391204834,1,1
830,0.26169058680534363,2.2750697135925293,0.8305937051773071,0.125656858086586,3.09839129447937,6.584342956542969,1,1
831,0.2193002849817276,2.3805994987487793,0.922220766544342,0.11308770626783371,3.0424559116363525,7.386654376983643,1,1
832,0.23910042643547058,2.8468058109283447,0.9030665755271912,0.07925519347190857,3.1612117290496826,7.570247173309326,1,1
833,0.20457196235656738,2.37117862701416,0.8887527585029602,0.12341833114624023,3.102252244949341,7.018311023712158,1,1
834,0.2293536216020584,3.162410020828247,0.9302607774734497,0.060700006783008575,3.1062443256378174,7.695095062255859,1,1
835,0.33316466212272644,2.1124367713928223,0.8159480094909668,0.152447909116745,2.8873729705810547,7.381699562072754,1,1
836,0.22082632780075073,2.810709238052368,0.9420777559280396,0.07952471077442169,3.2732293605804443,9.558764457702637,1,1
837,0.2547943592071533,2.368959903717041,0.8647515773773193,0.12550798058509827,2.951061725616455,10.037342071533203,1,1
838,0.20339921116828918,3.1217739582061768,0.943490743637085,0.06146999076008797,3.1869966983795166,9.192728042602539,1,1
839,0.2172825038433075,2.5127968788146973,0.8607040047645569,0.10756796598434448,3.297069787979126,7.78795862197876,1,1
840,0.2230430543422699,2.8817877769470215,0.9367287158966064,0.07691840082406998,3.182185411453247,7.640192985534668,1,1
841,0.17577385902404785,2.807727336883545,0.9068154096603394,0.08155994117259979,3.2503631114959717,7.6135663986206055,1,1
842,0.2686450481414795,1.7266080379486084,0.8578152060508728,0.22697000205516815,2.77785587310791,7.473570823669434,1,1
843,0.25673043727874756,3.675443649291992,0.9637578725814819,0.033374935388565063,3.3555140495300293,7.127047538757324,1,1
844,0.2521737217903137,2.1647751331329346,0.8265032768249512,0.14887356758117676,2.9350991249084473,6.74941349029541,1,1
845,0.18762712180614471,2.7607035636901855,0.947828471660614,0.08281663805246353,3.4094462394714355,9.259491920471191,1,1
846,0.23538804054260254,2.2109837532043457,0.8758406639099121,0.13234633207321167,2.828077793121338,9.506278991699219,1,1
847,0.20932742953300476,2.658273935317993,0.9198627471923828,0.09546539187431335,3.1543962955474854,8.972789764404297,1,1
848,0.16560335457324982,3.01183819770813,0.929740309715271,0.06913678348064423,3.2597882747650146,8.24862289428711,1,1
849,0.16035108268260956,2.854651927947998,0.9148427248001099,0.07702958583831787,3.2040324211120605,8.270004272460938,1,1
850,0.22983549535274506,1.9460501670837402,0.8837788105010986,0.17324650287628174,2.939314842224121,6.677341938018799,1,1
851,0.21528105437755585,3.5141546726226807,0.9502435326576233,0.043399494141340256,3.5104522705078125,7.413885593414307,1,1
852,0.18021203577518463,2.8592886924743652,0.8941686153411865,0.07406264543533325,3.3017666339874268,7.129851818084717,1,1
853,0.22526997327804565,1.9816057682037354,0.8774353265762329,0.1718784123659134,2.85416579246521,6.891984462738037,1,1
854,0.2758220434188843,3.6658711433410645,0.9371188879013062,0.034676358103752136,3.4405159950256348,8.043682098388672,1,1
855,0.22775548696517944,2.400233268737793,0.8497030735015869,0.11501862108707428,3.0983619689941406,7.768643856048584,1,1
856,0.22847917675971985,2.732992649078369,0.9259028434753418,0.08954795449972153,3.1902379989624023,7.229345798492432,1,1
857,0.1863345056772232,2.8928098678588867,0.9090120196342468,0.07529494166374207,3.247908592224121,7.5091681480407715,1,1
858,0.23894362151622772,2.67875337600708,0.8945589661598206,0.08837831020355225,3.207606792449951,7.751362323760986,1,1
859,0.1987861543893814,2.3086776733398438,0.9026098847389221,0.13569268584251404,3.1687095165252686,9.68716812133789,1,1
860,0.21034514904022217,3.0880026817321777,0.9425846338272095,0.06005588173866272,3.2664074897766113,10.26694107055664,1,1
861,0.21785075962543488,2.1519908905029297,0.8599700927734375,0.14662832021713257,3.005702495574951,8.836288452148438,1,1
862,0.25113868713378906,3.6876697540283203,0.9491533041000366,0.03564516454935074,3.469388246536255,8.312060356140137,1,1
863,0.3076488971710205,1.4457404613494873,0.7915573120117188,0.2841496169567108,2.519493579864502,5.205958366394043,1,1
864,0.42246511578559875,3.9514927864074707,0.9679961204528809,0.027367478236556053,3.2536962032318115,7.806676387786865,1,1
865,0.3566553592681885,2.2119154930114746,0.7609543800354004,0.1425129473209381,3.076270818710327,7.885959148406982,1,1
866,0.2346339076757431,2.4555439949035645,0.9393270015716553,0.11784785985946655,3.0868563652038574,7.7507734298706055,1,1
867,0.19059614837169647,3.0129828453063965,0.9194433689117432,0.06482850015163422,3.1792190074920654,8.408967971801758,1,1
868,0.2528596520423889,1.9118651151657104,0.8573316931724548,0.18416047096252441,2.8129074573516846,7.4857635498046875,1,1
869,0.25779327750205994,3.0541229248046875,0.9300744533538818,0.06502660363912582,3.1900365352630615,6.5931878089904785,1,1
870,0.1909019500017166,3.2559032440185547,0.9082597494125366,0.05509992316365242,3.0896506309509277,7.10307502746582,1,1
871,0.26605314016342163,2.0147337913513184,0.8378130197525024,0.17902322113513947,2.798527717590332,6.560388565063477,1,1
872,0.25716960430145264,3.3566246032714844,0.9581769704818726,0.05015171319246292,3.244703769683838,7.7541375160217285,1,1
873,0.26951536536216736,1.8352982997894287,0.8181768655776978,0.19598141312599182,2.929126262664795,7.080804824829102,1,1
874,0.3279536962509155,3.2671141624450684,0.9325557947158813,0.052480217069387436,3.3491671085357666,8.194145202636719,1,1
875,0.2711380124092102,2.0374417304992676,0.8214085698127747,0.16491056978702545,2.9778542518615723,7.057323455810547,1,1
876,0.2856869399547577,3.6464200019836426,0.9515544176101685,0.03788706660270691,3.3511452674865723,7.745297431945801,1,1
877,0.2970500588417053,1.9225443601608276,0.8017005920410156,0.17448201775550842,2.9215519428253174,6.212591648101807,1,1
878,0.2979969382286072,3.430833339691162,0.9607435464859009,0.04620631784200668,3.44808030128479,8.05846118927002,1,1
879,0.23610103130340576,2.705272674560547,0.8471242189407349,0.0920102596282959,3.413013458251953,9.17630672454834,1,1
880,0.21320155262947083,2.5908803939819336,0.905671238899231,0.10045525431632996,3.416569232940674,11.188297271728516,1,1
881,0.2458372712135315,2.971867561340332,0.9081768989562988,0.07209475338459015,3.2740776538848877,13.427656173706055,1,1
882,0.21610142290592194,2.4805126190185547,0.8799297213554382,0.10935906320810318,3.2703099250793457,11.439197540283203,1,1
883,0.18365582823753357,3.081188440322876,0.9383877515792847,0.06514766812324524,3.3519139289855957,8.381645202636719,1,1
884,0.20324641466140747,2.419851779937744,0.8863518238067627,0.1122346818447113,3.1445271968841553,7.773174285888672,1,1
885,0.2038196325302124,2.9785397052764893,0.9404095411300659,0.07395366579294205,3.233567476272583,7.863442420959473,1,1
886,0.21399015188217163,2.3375139236450195,0.8724274635314941,0.12911200523376465,3.2525346279144287,6.466736793518066,1,1
887,0.2054464966058731,3.0296411514282227,0.938861608505249,0.06533883512020111,3.285682201385498,7.86404275894165,1,1
888,0.19228924810886383,2.577493667602539,0.8883165121078491,0.10362322628498077,3.3993592262268066,8.299613952636719,1,1
889,0.18362805247306824,3.1093742847442627,0.9393768310546875,0.05876888334751129,3.328861713409424,7.1879072189331055,1,1
890,0.23250626027584076,2.3707261085510254,0.867215633392334,0.12340947985649109,3.1881086826324463,6.854998588562012,1,1
891,0.1974736899137497,3.168059825897217,0.9510942697525024,0.057574838399887085,3.412243366241455,10.85397720336914,1,1
892,0.27693018317222595,1.9084820747375488,0.8313862085342407,0.18190865218639374,2.943051815032959,11.274858474731445,1,1
893,0.27586403489112854,3.825979709625244,0.9679814577102661,0.029819238930940628,3.459273338317871,10.19739055633545,1,1
894,0.365958034992218,1.3588600158691406,0.7570390105247498,0.3036803901195526,2.4442620277404785,6.6098151206970215,1,1
895,0.4288347065448761,4.265866279602051,0.9784108400344849,0.020695479586720467,3.270206928253174,7.348286151885986,1,1
896,0.5763049125671387,1.229089379310608,0.6578512191772461,0.3473736643791199,2.251389503479004,4.842086315155029,1,1
897,0.4815332591533661,3.597461223602295,0.9686590433120728,0.038840800523757935,3.2057535648345947,7.7300333976745605,1,1
898,0.27995169162750244,2.631448268890381,0.813175618648529,0.09548072516918182,2.8751721382141113,8.950946807861328,1,1
899,0.21777880191802979,2.37923002243042,0.9019417762756348,0.12243200838565826,3.0700204372406006,7.680328845977783,1,1
900,0.26707834005355835,2.6906185150146484,0.8947441577911377,0.08669322729110718,3.1174399852752686,6.558603763580322,1,1
901,0.23270271718502045,3.173281669616699,0.9191856384277344,0.05628586560487747,3.2651565074920654,8.310220718383789,1,1
902,0.2642359733581543,2.5219521522521973,0.8467735648155212,0.10600882768630981,3.243415117263794,9.364262580871582,1,1
903,0.2535560727119446,1.9792578220367432,0.8793703317642212,0.17506639659404755,2.8298261165618896,7.504555702209473,1,1
904,0.23891206085681915,3.4573283195495605,0.9494879245758057,0.04283992201089859,3.501420497894287,7.638247966766357,1,1
905,0.2312709391117096,2.6476616859436035,0.8563899397850037,0.09478846192359924,3.4523253440856934,8.948554039001465,1,1
906,0.22255751490592957,2.212883472442627,0.9038385152816772,0.13824255764484406,2.9551355838775635,8.536293029785156,1,1
907,0.23385386168956757,3.115339756011963,0.917499303817749,0.05887268856167793,3.451331853866577,7.6782145500183105,1,1
908,0.21001435816287994,2.418755531311035,0.8786374926567078,0.1154845729470253,3.1586005687713623,6.792318820953369,1,1
909,0.23830243945121765,2.7368698120117188,0.9104446172714233,0.09390296041965485,3.351996660232544,7.261420726776123,1,1
910,0.19823110103607178,2.6521105766296387,0.914107084274292,0.1021098867058754,3.1051526069641113,6.742220401763916,1,1
911,0.21552443504333496,2.2466511726379395,0.8801640272140503,0.14060597121715546,3.2592568397521973,7.945441246032715,1,1
912,0.20618762075901031,2.9061527252197266,0.9487778544425964,0.07433626055717468,3.483975648880005,7.419925212860107,1,1
913,0.2459944784641266,2.2534494400024414,0.8496750593185425,0.13477341830730438,3.1020596027374268,6.751718044281006,1,1
914,0.21991264820098877,3.2873551845550537,0.9563788175582886,0.055965397506952286,3.419668436050415,8.485502243041992,1,1
915,0.24145355820655823,2.193589925765991,0.8493260145187378,0.1424618810415268,3.0600874423980713,8.132835388183594,1,1
916,0.2101840376853943,2.7090506553649902,0.9311569929122925,0.0933501198887825,3.3662290573120117,7.8930487632751465,1,1
917,0.20933960378170013,2.992692470550537,0.9105909466743469,0.06620616465806961,3.38449764251709,6.664064884185791,1,1
918,0.23249973356723785,1.9082953929901123,0.8562902212142944,0.18576784431934357,3.0034732818603516,7.545014381408691,1,1
919,0.2853221595287323,3.6673433780670166,0.9566348791122437,0.03713816776871681,3.6548333168029785,7.810701370239258,1,1
920,0.3113533556461334,1.817861557006836,0.7947382926940918,0.19683942198753357,2.8391194343566895,6.13037109375,1,1
921,0.37176841497421265,3.9020752906799316,0.9448704123497009,0.02727520652115345,3.523355007171631,8.234230041503906,1,1
922,0.30318593978881836,2.0719962120056152,0.7877035140991211,0.1610613763332367,3.0255844593048096,9.37159252166748,1,1
923,0.27443361282348633,3.073293924331665,0.9560320973396301,0.060645926743745804,3.389759063720703,11.691015243530273,1,1
924,0.23985491693019867,2.2585806846618652,0.8511740565299988,0.13174369931221008,3.0689821243286133,9.514327049255371,1,1
925,0.1937011033296585,2.7356483936309814,0.9351016283035278,0.08439670503139496,3.204385995864868,7.554582118988037,1,1
926,0.25124073028564453,2.2098934650421143,0.8588964939117432,0.13498470187187195,3.004809617996216,6.192704677581787,1,1
927,0.2358831763267517,3.3637824058532715,0.9532498121261597,0.048806317150592804,3.3577675819396973,7.775506019592285,1,1
928,0.28055432438850403,1.8094817399978638,0.8116734027862549,0.2019025981426239,2.9275095462799072,6.419106483459473,1,1
929,0.30326083302497864,2.873204469680786,0.9562283754348755,0.07909457385540009,3.296879291534424,8.76970100402832,1,1
930,0.2607666254043579,2.936293601989746,0.8496953845024109,0.07343141734600067,3.4128410816192627,8.752348899841309,1,1
931,0.2529968023300171,2.0318856239318848,0.8650059700012207,0.1656453013420105,3.159263849258423,7.604457378387451,1,1
932,0.24092382192611694,3.309560775756836,0.9519174695014954,0.055222995579242706,3.445218086242676,7.233932971954346,1,1
933,0.24790465831756592,2.5083062648773193,0.8525081276893616,0.10324576497077942,3.100606679916382,6.926348686218262,1,1
934,0.2004658579826355,3.0952718257904053,0.9324699640274048,0.05995047092437744,3.592447280883789,8.424468994140625,1,1
935,0.21964913606643677,2.3283066749572754,0.8801758885383606,0.1305714249610901,3.189011573791504,6.924993515014648,1,1
936,0.21463143825531006,3.148127555847168,0.9278179407119751,0.06184403598308563,3.631098747253418,9.249267578125,1,1
937,0.17369386553764343,3.056886672973633,0.9170308709144592,0.06823214888572693,3.438106060028076,8.29527759552002,1,1
938,0.2765690088272095,1.4378498792648315,0.8342660665512085,0.2852271795272827,2.6148576736450195,6.855485439300537,1,1
939,0.4178609549999237,4.749762535095215,0.9664831161499023,0.013355543836951256,3.5515594482421875,8.19938850402832,1,1
940,0.774660050868988,0.47664743661880493,0.5574128031730652,0.6564490795135498,1.3234550952911377,3.7332611083984375,1,1
941,1.4077684879302979,6.017206192016602,0.9915735721588135,0.0034063351340591908,2.900683879852295,12.851105690002441,1,1
942,1.3820117712020874,1.6617225408554077,0.37892958521842957,0.244050532579422,2.4579200744628906,13.72570514678955,1,1
943,0.484046995639801,2.2668275833129883,0.9173809289932251,0.1493147909641266,2.46873140335083,7.123239994049072,1,1
944,0.3596874475479126,2.608980178833008,0.853468656539917,0.1026068851351738,2.7741034030914307,12.714426040649414,1,1
945,0.3448168933391571,2.17911696434021,0.840958297252655,0.14306123554706573,2.5949301719665527,6.861086368560791,1,1
946,0.27449965476989746,2.4500739574432373,0.8920955061912537,0.11541850119829178,2.702282428741455,8.570810317993164,1,1
947,0.35452955961227417,1.7964274883270264,0.8256083130836487,0.206976056098938,2.568509340286255,7.115180015563965,1,1
948,0.3141899108886719,3.2290964126586914,0.9351856708526611,0.05377808213233948,3.056718349456787,8.025065422058105,1,1
949,0.3440823256969452,2.096468925476074,0.7888010740280151,0.15279029309749603,2.7819931507110596,6.854892730712891,1,1
950,0.2649666666984558,2.5355336666107178,0.936686098575592,0.09936591982841492,2.8742470741271973,6.406632423400879,1,1
951,0.26472336053848267,2.6909232139587402,0.8771770000457764,0.0927625223994255,3.144239902496338,7.135743618011475,1,1
952,0.28820377588272095,2.263010025024414,0.8485074639320374,0.13840451836585999,3.034637451171875,6.684508800506592,1,1
953,0.2644602656364441,2.9453234672546387,0.9335777759552002,0.07231505215167999,3.346369743347168,7.190329074859619,1,1
954,0.29748737812042236,2.557969093322754,0.8287187814712524,0.10172335803508759,3.2951931953430176,8.552762985229492,1,1
955,0.24004822969436646,2.4534530639648438,0.9095306992530823,0.10734695196151733,3.0417346954345703,6.88606071472168,1,1
956,0.24676479399204254,3.197160243988037,0.9019173979759216,0.059920065104961395,3.3288536071777344,7.034776210784912,1,1
957,0.22208581864833832,2.473344564437866,0.8816951513290405,0.10924530774354935,3.043377637863159,6.295110702514648,1,1
958,0.2262706160545349,2.310399055480957,0.8986412882804871,0.12325406819581985,3.0391898155212402,6.387157440185547,1,1
959,0.22944635152816772,2.8738980293273926,0.9234272837638855,0.07917006313800812,3.2203798294067383,6.630916595458984,1,1
960,0.25917500257492065,2.436919689178467,0.8649752140045166,0.11493496596813202,3.0254549980163574,6.779513359069824,1,1
961,0.24015693366527557,2.3574681282043457,0.8916242718696594,0.1255258172750473,3.0628437995910645,6.511620998382568,1,1
962,0.3090592622756958,2.9195609092712402,0.8910908102989197,0.07710926234722137,3.130847215652466,6.653448581695557,1,1
963,0.2569390833377838,1.9952398538589478,0.8517720103263855,0.16800987720489502,2.9092280864715576,5.971773624420166,1,1
964,0.21687999367713928,3.1162185668945312,0.944916307926178,0.05859611928462982,3.326444149017334,7.036717891693115,1,1
965,0.2256818413734436,3.0751943588256836,0.8884715437889099,0.06124024838209152,3.2952158451080322,6.617886543273926,1,1
966,0.268662691116333,2.03314471244812,0.8443293571472168,0.16380971670150757,2.843818426132202,6.707052230834961,1,1
967,0.29377108812332153,3.6580424308776855,0.9559969902038574,0.03862752020359039,3.5354719161987305,7.201296329498291,1,1
968,0.2979525923728943,2.019570827484131,0.8060898780822754,0.1753803789615631,2.707017183303833,6.387670516967773,1,1
969,0.23237663507461548,2.6164867877960205,0.9418697357177734,0.09550970792770386,3.1081454753875732,6.277754306793213,1,1
970,0.1743127405643463,2.9334473609924316,0.9181218147277832,0.06763198971748352,3.1458489894866943,7.1657328605651855,1,1
971,0.21568027138710022,2.469749927520752,0.8850398659706116,0.11034800112247467,3.219871759414673,6.258803844451904,1,1
972,0.2328292578458786,3.6815097332000732,0.935063362121582,0.03465414047241211,3.457502603530884,7.640325546264648,1,1
973,0.16904328763484955,2.8297154903411865,0.8884803056716919,0.07933960855007172,3.2688581943511963,7.769514083862305,1,1
974,0.26335906982421875,1.7464313507080078,0.8596706390380859,0.21822509169578552,2.784790277481079,5.88755464553833,1,1
975,0.2815687358379364,3.473557472229004,0.962855339050293,0.0449107363820076,3.384443759918213,7.325610160827637,1,1
976,0.2688392400741577,2.5854716300964355,0.8260220289230347,0.10162769258022308,3.2884631156921387,6.804213047027588,1,1
977,0.2256956398487091,2.6575164794921875,0.917267382144928,0.09424161911010742,3.269927740097046,7.183925151824951,1,1
978,0.20954060554504395,2.8285512924194336,0.9127230644226074,0.07859223335981369,3.467731237411499,7.240237236022949,1,1
979,0.21495261788368225,2.376347541809082,0.8862318992614746,0.1264018416404724,3.297802448272705,6.76801872253418,1,1
980,0.20493367314338684,2.6957178115844727,0.931694746017456,0.0919875055551529,3.100776433944702,6.185863971710205,1,1
981,0.25086498260498047,2.633708953857422,0.874147355556488,0.09455103427171707,3.408428907394409,7.548543453216553,1,1
982,0.2310619354248047,2.0199878215789795,0.882087767124176,0.1813025027513504,3.1802961826324463,7.145156383514404,1,1
983,0.27026039361953735,3.8019938468933105,0.9487930536270142,0.03523316979408264,3.6437087059020996,7.822089195251465,1,1
984,0.2853037118911743,2.10377836227417,0.8166438341140747,0.1573810875415802,2.9817755222320557,7.3658881187438965,1,1
985,0.24829186499118805,2.539076328277588,0.9317527413368225,0.10355055332183838,3.2529358863830566,7.335029602050781,1,1
986,0.2372124195098877,2.4325084686279297,0.8815333843231201,0.12442877143621445,3.3908984661102295,7.418540954589844,1,1
987,0.24757719039916992,3.191864013671875,0.9255571365356445,0.05871439725160599,3.4171481132507324,7.168941974639893,1,1
988,0.21894381940364838,2.4408020973205566,0.8700383901596069,0.11625590175390244,3.130222797393799,7.81148099899292,1,1
989,0.19160334765911102,2.276482105255127,0.9134662747383118,0.13930313289165497,3.1403398513793945,6.549135208129883,1,1
990,0.24236397445201874,3.143937349319458,0.9301424622535706,0.06426063179969788,3.280775785446167,7.49416971206665,1,1
991,0.2518192529678345,2.085150718688965,0.8383791446685791,0.16083110868930817,3.147554636001587,6.351083755493164,1,1
992,0.25422051548957825,3.5249643325805664,0.9538734555244446,0.044103674590587616,3.5692715644836426,7.6421051025390625,1,1
993,0.281335711479187,1.878838062286377,0.8184291124343872,0.1865955889225006,2.9772167205810547,6.5689873695373535,1,1
994,0.25811049342155457,3.3477253913879395,0.9635436534881592,0.050965987145900726,3.3921585083007812,7.9848504066467285,1,1
995,0.28388139605522156,2.1616177558898926,0.8157568573951721,0.1510297805070877,3.005685806274414,7.904280662536621,1,1
996,0.24415096640586853,3.0292625427246094,0.9450358152389526,0.06834075599908829,3.3857619762420654,7.661940574645996,1,1
997,0.23801939189434052,2.4506521224975586,0.8585138320922852,0.11235034465789795,3.228058099746704,8.105923652648926,1,1
998,0.2399463653564453,2.784830331802368,0.9131130576133728,0.08840879797935486,3.534270763397217,7.993805408477783,1,1
999,0.24622826278209686,3.089104175567627,0.8996409177780151,0.06554609537124634,3.65090012550354,7.673275947570801,1,1
1000,0.17932963371276855,2.7567501068115234,0.9066771268844604,0.08293025195598602,3.429251194000244,7.3517069816589355,1,1
1001,0.20178240537643433,3.213897228240967,0.930005669593811,0.058730121701955795,3.454352855682373,7.270309925079346,1,1
1002,0.29374897480010986,1.6377005577087402,0.825444221496582,0.24112403392791748,2.846738815307617,5.7458953857421875,1,1
1003,0.3230549097061157,3.838824510574341,0.958666980266571,0.0289759561419487,3.6113178730010986,8.161566734313965,1,1
1004,0.39373883605003357,1.1745855808258057,0.737464189529419,0.3672405481338501,2.397202730178833,5.8738179206848145,1,1
1005,0.5316429734230042,4.482429504394531,0.975472629070282,0.017669064924120903,3.602322578430176,9.327329635620117,1,1
1006,0.5336049199104309,1.6505851745605469,0.6632068157196045,0.2418207824230194,2.7103044986724854,6.119977951049805,1,1
1007,0.38350167870521545,2.960635185241699,0.9506687521934509,0.06897932291030884,3.238224983215332,10.062273025512695,1,1
1008,0.2698228657245636,2.164546489715576,0.8394873738288879,0.14928728342056274,3.1662445068359375,9.249876976013184,1,1
1009,0.18222256004810333,2.7078938484191895,0.9320547580718994,0.09454577416181564,3.407651901245117,8.663666725158691,1,1
1010,0.24711430072784424,3.1516213417053223,0.906643271446228,0.06569920480251312,3.6088621616363525,7.717866897583008,1,1
1011,0.24289542436599731,2.259261131286621,0.859790027141571,0.13296733796596527,3.207515001296997,6.66755485534668,1,1
1012,0.2168022096157074,2.683368682861328,0.9430136680603027,0.09260452538728714,3.298375129699707,6.469380855560303,1,1
1013,0.21910865604877472,2.8182547092437744,0.8962360620498657,0.08960258960723877,3.2981648445129395,7.5734453201293945,1,1
1014,0.25767815113067627,2.1885061264038086,0.8596453666687012,0.146039217710495,3.1619954109191895,7.3247270584106445,1,1
1015,0.2227860987186432,3.1419219970703125,0.9534602761268616,0.06072216480970383,3.574688673019409,7.747580528259277,1,1
1016,0.21080033481121063,3.0913963317871094,0.8850548267364502,0.06180990859866142,3.4853415489196777,7.865082740783691,1,1
1017,0.16602420806884766,2.7362351417541504,0.9225950241088867,0.0840272381901741,3.3219375610351562,7.67807149887085,1,1
1018,0.23506729304790497,2.59116792678833,0.8888250589370728,0.09999635070562363,3.467466354370117,7.822065830230713,1,1
1019,0.26473334431648254,2.7167038917541504,0.8926807641983032,0.08833039551973343,3.456934690475464,7.1695356369018555,1,1
1020,0.26296740770339966,2.551328182220459,0.8803097009658813,0.10696828365325928,3.367917776107788,8.982094764709473,1,1
1021,0.2306547313928604,2.276301383972168,0.8920844793319702,0.1338394284248352,3.157975435256958,6.485578536987305,1,1
1022,0.20860828459262848,3.9431724548339844,0.9474578499794006,0.026715759187936783,3.5380022525787354,9.379900932312012,1,1
1023,0.2784775495529175,1.4766367673873901,0.8129440546035767,0.277342289686203,2.7820470333099365,7.765013217926025,1,1
1024,0.2503029704093933,3.427259922027588,0.9769308567047119,0.04940800368785858,3.3865301609039307,8.181365966796875,1,1
1025,0.24220870435237885,2.5646445751190186,0.8531281352043152,0.1042042076587677,2.9705169200897217,7.824938774108887,1,1
1026,0.18195413053035736,2.340907573699951,0.9236305952072144,0.13499502837657928,3.1940457820892334,7.810762405395508,1,1
1027,0.2300979197025299,2.699805974960327,0.9044963121414185,0.09308242797851562,3.186481475830078,7.259840965270996,1,1
1028,0.19339337944984436,3.4557628631591797,0.9304593801498413,0.043070487678050995,3.3858790397644043,9.022442817687988,1,1
1029,0.23250578343868256,2.224477767944336,0.8599550724029541,0.1363295465707779,3.1607370376586914,7.963004112243652,1,1
1030,0.2513650357723236,3.4463939666748047,0.9526438117027283,0.04492773488163948,3.4771251678466797,9.012057304382324,1,1
1031,0.2223077118396759,2.1437554359436035,0.8532053232192993,0.15165510773658752,3.1832056045532227,7.27349328994751,1,1
1032,0.22765685617923737,2.8107776641845703,0.9294106960296631,0.08656089007854462,3.5645012855529785,8.303268432617188,1,1
1033,0.20131047070026398,3.1908833980560303,0.9216399788856506,0.055861204862594604,3.504117727279663,10.308269500732422,1,1
1034,0.25925910472869873,1.801351547241211,0.8351585865020752,0.2121010422706604,2.9189438819885254,8.908221244812012,1,1
1035,0.40208056569099426,4.370866775512695,0.9563812613487244,0.018516570329666138,3.6036486625671387,9.121908187866211,1,1
1036,0.4050107002258301,1.842750072479248,0.7216885685920715,0.20127363502979279,3.053431510925293,7.138364315032959,1,1
1037,0.3853554129600525,3.159240484237671,0.9589711427688599,0.06208610534667969,3.398513078689575,8.41366195678711,1,1
1038,0.27760979533195496,2.5169730186462402,0.8267422914505005,0.10678243637084961,3.3307740688323975,6.742983818054199,1,1
1039,0.19274376332759857,2.5229780673980713,0.9296624660491943,0.10813052207231522,3.256531000137329,7.008270740509033,1,1
1040,0.1932213306427002,2.77593994140625,0.9117418527603149,0.08858176320791245,3.319018602371216,7.302135944366455,1,1
1041,0.20984943211078644,2.877241373062134,0.9131727814674377,0.0750785768032074,3.4225969314575195,7.110143661499023,1,1
1042,0.22187992930412292,1.989166021347046,0.8622331619262695,0.1675749123096466,3.156536102294922,7.48994779586792,1,1
1043,0.27372509241104126,3.2906763553619385,0.943087100982666,0.0515085868537426,3.5797269344329834,6.881818771362305,1,1
1044,0.2738666832447052,1.717740535736084,0.819893479347229,0.2270728349685669,2.7108089923858643,6.564630031585693,1,1
1045,0.2552192211151123,2.852454423904419,0.9503259658813477,0.07436201721429825,3.464141607284546,7.801446914672852,1,1
1046,0.20355018973350525,3.4423046112060547,0.895653486251831,0.04597768187522888,3.8030025959014893,7.6746625900268555,1,1
1047,0.18870368599891663,2.21274471282959,0.8852908611297607,0.14593857526779175,3.325812339782715,7.672343730926514,1,1
1048,0.1951734721660614,3.2219414710998535,0.9501615762710571,0.05567149817943573,3.8755035400390625,10.523496627807617,1,1
1049,0.23411303758621216,2.545053005218506,0.8586970567703247,0.10927444696426392,3.54716157913208,12.493376731872559,1,1
1050,0.22880035638809204,3.002723217010498,0.9253740310668945,0.07625557482242584,3.5857203006744385,12.436053276062012,1,1
1051,0.21617019176483154,2.3247413635253906,0.8837935924530029,0.1308872103691101,3.3037078380584717,9.855860710144043,1,1
1052,0.28093862533569336,3.605604887008667,0.9251419305801392,0.0418878011405468,3.653660774230957,9.088722229003906,1,1
1053,0.23258352279663086,2.207364797592163,0.8423873782157898,0.15025192499160767,3.2043206691741943,7.605419635772705,1,1
1054,0.22954773902893066,3.213275909423828,0.9497107267379761,0.05919254943728447,3.576090097427368,8.314689636230469,1,1
1055,0.23199480772018433,2.6514501571655273,0.8752001523971558,0.09911617636680603,3.399463176727295,7.911104202270508,1,1
1056,0.206052765250206,3.182835102081299,0.9260445833206177,0.06112409383058548,3.731441020965576,7.401514053344727,1,1
1057,0.23335176706314087,1.841261386871338,0.8574519157409668,0.19121010601520538,3.160382032394409,6.032450199127197,1,1
1058,0.2964944541454315,4.619230270385742,0.9650843739509583,0.014725377783179283,3.8637468814849854,9.074195861816406,1,1
1059,0.4835667014122009,0.8189874887466431,0.6835455894470215,0.5017518997192383,1.9581167697906494,5.773290157318115,1,1
1060,0.7971744537353516,5.094803810119629,0.9876235723495483,0.011178551241755486,3.3523106575012207,8.99245834350586,1,1
1061,0.6662556529045105,2.2393605709075928,0.6054570078849792,0.16398392617702484,2.9108710289001465,7.957128047943115,1,1
1062,0.25342345237731934,2.2458667755126953,0.9341747760772705,0.16110849380493164,3.125215768814087,6.4893903732299805,1,1
1063,0.3019949197769165,3.7510814666748047,0.9454963207244873,0.035552363842725754,3.2807345390319824,7.792654037475586,1,1
1064,0.4475638270378113,1.4937081336975098,0.7358565330505371,0.28057193756103516,2.5631349086761475,5.308926105499268,1,1
1065,0.36725759506225586,3.035214424133301,0.968323826789856,0.07152004539966583,3.1816635131835938,7.559841156005859,1,1
1066,0.28806328773498535,2.9830868244171143,0.8507082462310791,0.07243146002292633,3.2614493370056152,7.032345294952393,1,1
1067,0.30691245198249817,2.554584503173828,0.8477471470832825,0.10793092846870422,3.1380112171173096,6.4319233894348145,1,1
1068,0.22125369310379028,2.1649351119995117,0.8939108848571777,0.15227051079273224,3.00441312789917,6.720038414001465,1,1
1069,0.23064583539962769,3.078094244003296,0.9468512535095215,0.06326493620872498,3.393834352493286,7.0382890701293945,1,1
1070,0.2846803665161133,2.406649589538574,0.8309381604194641,0.1197270005941391,3.176007032394409,6.972223281860352,1,1
1071,0.22542798519134521,2.9652650356292725,0.9359279870986938,0.0770217776298523,3.7516374588012695,8.42229175567627,1,1
1072,0.2539597153663635,2.283097267150879,0.863983690738678,0.13592678308486938,3.1181702613830566,7.836332321166992,1,1
1073,0.22632652521133423,3.115902900695801,0.9288535714149475,0.0594986230134964,3.6396758556365967,7.600274562835693,1,1
1074,0.20631474256515503,2.9576871395111084,0.8923549056053162,0.07194264233112335,3.6351253986358643,7.966055870056152,1,1
1075,0.2849884033203125,1.838082194328308,0.8489925265312195,0.20005834102630615,2.856234073638916,6.642275333404541,1,1
1076,0.2819610834121704,3.189227342605591,0.9343088865280151,0.056176669895648956,3.4618659019470215,7.133961200714111,1,1
1077,0.2457655668258667,2.5134377479553223,0.859432578086853,0.11011259257793427,3.4915049076080322,7.146731853485107,1,1
1078,0.21864241361618042,2.399757146835327,0.9084526300430298,0.1249181255698204,3.191863775253296,6.871885299682617,1,1
1079,0.20639681816101074,3.262887477874756,0.9291404485702515,0.051485151052474976,3.706556558609009,7.747893333435059,1,1
1080,0.17760613560676575,2.5689666271209717,0.8978845477104187,0.1008794754743576,3.419109344482422,6.916416168212891,1,1
1081,0.19748075306415558,2.427335500717163,0.9138567447662354,0.12324084341526031,3.4135162830352783,7.256341934204102,1,1
1082,0.24724680185317993,3.2228500843048096,0.9164649248123169,0.05688079819083214,3.440690279006958,6.766439437866211,1,1
1083,0.23897844552993774,2.0485973358154297,0.8540672659873962,0.17181095480918884,3.1538736820220947,7.248491287231445,1,1
1084,0.24459132552146912,3.0221972465515137,0.9404184222221375,0.0706721693277359,3.779646158218384,8.635919570922852,1,1
1085,0.2940102815628052,2.0138027667999268,0.8264570236206055,0.16977950930595398,3.175032138824463,7.025642395019531,1,1
1086,0.2385289967060089,2.5773987770080566,0.942501962184906,0.11133823543787003,3.345798969268799,7.970837593078613,1,1
1087,0.20064233243465424,3.8005566596984863,0.9214116334915161,0.03239080309867859,3.6295058727264404,7.224745273590088,1,1
1088,0.29926976561546326,1.2701940536499023,0.7956732511520386,0.33591264486312866,2.534501314163208,5.79893684387207,1,1
1089,0.3877164125442505,3.8491344451904297,0.973469614982605,0.031732041388750076,3.6025612354278564,8.470222473144531,1,1
1090,0.34795325994491577,2.24655818939209,0.7761683464050293,0.13983656466007233,3.1204307079315186,7.3846611976623535,1,1
1091,0.2716909945011139,2.7576117515563965,0.9243650436401367,0.08608832955360413,3.4140636920928955,7.078386306762695,1,1
1092,0.22795189917087555,2.4845950603485107,0.8830204010009766,0.11105064302682877,3.3820979595184326,7.874307155609131,1,1
1093,0.21049830317497253,2.616497755050659,0.9117344617843628,0.09964392334222794,3.2255125045776367,7.635693073272705,1,1
1094,0.2316461205482483,3.058170795440674,0.9103918075561523,0.06084577739238739,3.597888946533203,7.9239935874938965,1,1
1095,0.23148882389068604,2.6187169551849365,0.8843437433242798,0.09787187725305557,3.4450931549072266,8.426193237304688,1,1
1096,0.23698486387729645,2.828251838684082,0.9080537557601929,0.08689063787460327,3.607534646987915,9.432997703552246,1,1
1097,0.25211167335510254,2.7073006629943848,0.887741208076477,0.08960327506065369,3.611013889312744,8.269158363342285,1,1
1098,0.19949597120285034,3.0302910804748535,0.9154362678527832,0.06886769831180573,3.7411086559295654,7.608504772186279,1,1
1099,0.25509369373321533,2.1995811462402344,0.874664306640625,0.14038491249084473,3.1464269161224365,6.722657680511475,1,1
1100,0.22786077857017517,2.4930243492126465,0.9121995568275452,0.10423271358013153,3.4554688930511475,8.776915550231934,1,1
1101,0.1853843629360199,3.2688608169555664,0.9228732585906982,0.057771116495132446,3.7014925479888916,10.117446899414062,1,1
1102,0.21499639749526978,2.5986735820770264,0.8875696659088135,0.10015779733657837,3.4224588871002197,8.914341926574707,1,1
1103,0.17572417855262756,3.1052191257476807,0.9397078156471252,0.062031958252191544,3.7441298961639404,7.806512832641602,1,1
1104,0.36931222677230835,2.0781149864196777,0.8221986293792725,0.1677006483078003,3.301187753677368,7.590566158294678,1,1
1105,0.33484622836112976,4.465967655181885,0.9341434836387634,0.0176913533359766,3.9276492595672607,9.32958984375,1,1
1106,0.48550641536712646,0.6197805404663086,0.6845220923423767,0.583972692489624,1.7387182712554932,4.529323577880859,1,1
1107,1.030856728553772,5.98257303237915,0.9935123920440674,0.004241990391165018,3.4422950744628906,13.936738967895508,1,1
1108,1.333341360092163,1.2909832000732422,0.38373807072639465,0.33576053380966187,2.3467745780944824,9.173722267150879,1,1
1109,0.47581785917282104,2.6335644721984863,0.9701447486877441,0.1084393784403801,2.9043140411376953,14.256300926208496,1,1
1110,0.3585440516471863,3.315948486328125,0.8457646369934082,0.057169511914253235,3.0028131008148193,7.446572303771973,1,1
1111,0.3866543471813202,1.262345552444458,0.7698427438735962,0.33088570833206177,2.163278579711914,7.935413360595703,1,1
1112,0.5395236611366272,3.6163926124572754,0.9631989002227783,0.04056030884385109,3.129873514175415,11.84714126586914,1,1
1113,0.4699650704860687,1.9985495805740356,0.7185867428779602,0.1777094304561615,2.643670082092285,5.498208045959473,1,1
1114,0.3096284866333008,2.047297716140747,0.9018765091896057,0.16455888748168945,2.7786436080932617,7.202225208282471,1,1
1115,0.29666393995285034,2.5092082023620605,0.9136937856674194,0.11142682284116745,2.8494064807891846,7.1022491455078125,1,1
1116,0.32802775502204895,2.690650463104248,0.8236563801765442,0.08807627856731415,3.120462656021118,7.128311634063721,1,1
1117,0.25936293601989746,2.294243812561035,0.8831731677055359,0.13333134353160858,3.1279168128967285,7.985586166381836,1,1
1118,0.2560298442840576,2.5846285820007324,0.9118471741676331,0.10463114827871323,3.0364763736724854,8.843439102172852,1,1
1119,0.2736125588417053,2.6625571250915527,0.8725225925445557,0.09167355298995972,3.2033872604370117,6.349465847015381,1,1
1120,0.2693886160850525,1.9808928966522217,0.855465292930603,0.17256438732147217,2.8598058223724365,7.136322498321533,1,1
1121,0.26916199922561646,2.671630859375,0.914069652557373,0.1005874052643776,3.194755792617798,6.763481140136719,1,1
1122,0.2540237009525299,2.456272840499878,0.8762102127075195,0.1130247712135315,3.3095407485961914,6.9290242195129395,1,1
1123,0.2236078977584839,2.3558120727539062,0.8911420106887817,0.1309451311826706,3.1640896797180176,7.105479717254639,1,1
1124,0.22981494665145874,3.254067897796631,0.933465838432312,0.0614154078066349,3.4238131046295166,7.277133464813232,1,1
1125,0.21307004988193512,2.309152364730835,0.8674975633621216,0.13241639733314514,3.157062292098999,7.252165794372559,1,1
1126,0.23099933564662933,2.7627673149108887,0.919543445110321,0.08733037859201431,3.4040658473968506,6.709228992462158,1,1
1127,0.24278898537158966,2.7705459594726562,0.8909062147140503,0.09813463687896729,3.2176520824432373,8.143604278564453,1,1
1128,0.23977696895599365,2.395390510559082,0.8834066987037659,0.12233452498912811,3.2118875980377197,6.316530704498291,1,1
1129,0.19799713790416718,2.945467472076416,0.9247100949287415,0.07147924602031708,3.5090363025665283,7.930066108703613,1,1
1130,0.21516288816928864,2.8037943840026855,0.8985026478767395,0.08286245912313461,3.6136887073516846,7.686445236206055,1,1
1131,0.2496471107006073,2.4403886795043945,0.8821291923522949,0.12090004235506058,3.2917513847351074,6.691063404083252,1,1
1132,0.2354920208454132,2.922030448913574,0.9177937507629395,0.07519607245922089,3.4050636291503906,7.143808364868164,1,1
1133,0.20268142223358154,2.867142915725708,0.8975955247879028,0.07519730925559998,3.5460927486419678,8.047171592712402,1,1
1134,0.22082209587097168,2.1329853534698486,0.883021354675293,0.1542961299419403,3.168459177017212,7.999802589416504,1,1
1135,0.22884999215602875,3.693512439727783,0.9517766237258911,0.03712812811136246,3.8042502403259277,7.3081159591674805,1,1
1136,0.33149975538253784,1.283572793006897,0.7771151661872864,0.32604408264160156,2.4944632053375244,6.400610446929932,1,1
1137,0.4932793378829956,4.40013313293457,0.9766843914985657,0.018406253308057785,3.58429217338562,8.27677059173584,1,1
1138,0.6518918871879578,1.3276499509811401,0.6183487772941589,0.331115186214447,2.475834846496582,7.52559232711792,1,1
1139,0.5502310395240784,3.45654559135437,0.9668724536895752,0.04302516207098961,3.4780325889587402,8.841962814331055,1,1
1140,0.42827969789505005,2.003404140472412,0.7353471517562866,0.1725085973739624,2.796492576599121,6.578810214996338,1,1
1141,0.29388511180877686,2.6661970615386963,0.9396387934684753,0.09377376735210419,3.3158202171325684,9.435439109802246,1,1
1142,0.24559727311134338,3.1335911750793457,0.9030854105949402,0.058306481689214706,3.351677417755127,6.914641380310059,1,1
1143,0.3438819348812103,1.9085311889648438,0.7958719730377197,0.18465223908424377,2.855165958404541,7.034565448760986,1,1
1144,0.26287874579429626,1.940490484237671,0.9183075428009033,0.18822766840457916,2.862996816635132,6.217483997344971,1,1
1145,0.28320184350013733,3.644756555557251,0.9418606758117676,0.03610065206885338,3.6152760982513428,8.927046775817871,1,1
1146,0.3712124824523926,2.26127552986145,0.7727227210998535,0.1412210464477539,3.2661383152008057,6.8123674392700195,1,1
1147,0.2428179681301117,2.079932689666748,0.9094728231430054,0.16705749928951263,3.0886144638061523,7.236589431762695,1,1
1148,0.25015515089035034,3.0654234886169434,0.9411134719848633,0.06730982661247253,3.4024839401245117,7.597219467163086,1,1
1149,0.2685803174972534,2.569240093231201,0.8391495943069458,0.102676160633564,3.3329195976257324,7.179361343383789,1,1
1150,0.2555610239505768,2.449666738510132,0.8957477807998657,0.11925918608903885,3.2930588722229004,7.485154151916504,1,1
1151,0.21275831758975983,3.434659481048584,0.9381080865859985,0.04375232756137848,3.4701175689697266,8.96625804901123,1,1
1152,0.25737816095352173,2.4771926403045654,0.8460116386413574,0.11739291250705719,3.200963020324707,6.886945724487305,1,1
1153,0.2337632179260254,2.7711665630340576,0.9239770174026489,0.08267559111118317,3.6372714042663574,6.890420436859131,1,1
1154,0.2535540461540222,2.684199333190918,0.8821738958358765,0.09821678698062897,3.543962001800537,7.862153053283691,1,1
1155,0.2606108486652374,2.4397389888763428,0.878270149230957,0.11554086208343506,3.569298505783081,9.042773246765137,1,1
1156,0.22936668992042542,3.432407855987549,0.9332430362701416,0.04797359183430672,3.772961378097534,10.46660327911377,1,1
1157,0.2229245901107788,2.5236260890960693,0.8684760928153992,0.10652833431959152,3.3833515644073486,7.37723970413208,1,1
1158,0.2091037929058075,2.9583683013916016,0.9291074275970459,0.07877130806446075,3.4128153324127197,8.104874610900879,1,1
1159,0.24132518470287323,2.0092334747314453,0.857438862323761,0.18364064395427704,3.3424489498138428,7.649272441864014,1,1
1160,0.2794540524482727,3.7586898803710938,0.9654159545898438,0.03253106027841568,3.7407681941986084,8.670352935791016,1,1
1161,0.32403790950775146,1.6302152872085571,0.7732266187667847,0.24060720205307007,3.0016791820526123,7.193255424499512,1,1
1162,0.3200322985649109,3.2002692222595215,0.9632473587989807,0.057361964136362076,3.606708288192749,6.972504138946533,1,1
1163,0.26717743277549744,2.7613868713378906,0.845201849937439,0.08836250007152557,3.4102983474731445,7.032808303833008,1,1
1164,0.26039522886276245,1.9106440544128418,0.8628337383270264,0.19068214297294617,3.0029871463775635,8.048016548156738,1,1
1165,0.2645312547683716,3.3693079948425293,0.9461596012115479,0.05404049903154373,3.715801239013672,9.510893821716309,1,1
1166,0.20890723168849945,3.0272376537323,0.8773474097251892,0.07272210717201233,3.602684736251831,9.037137985229492,1,1
1167,0.25710001587867737,1.8925907611846924,0.8593829870223999,0.19402362406253815,3.098271369934082,6.319797992706299,1,1
1168,0.22139683365821838,3.3209097385406494,0.9669895172119141,0.053160086274147034,3.606043815612793,8.248784065246582,1,1
1169,0.28346943855285645,2.5162768363952637,0.8354178667068481,0.10856779664754868,3.537397623062134,8.5079927444458,1,1
1170,0.1777414232492447,3.05953311920166,0.9467278718948364,0.0725165605545044,3.6287248134613037,8.247751235961914,1,1
1171,0.18210935592651367,2.690577507019043,0.8968709707260132,0.09845753014087677,3.544147491455078,7.72645902633667,1,1
1172,0.20156455039978027,2.704056739807129,0.9205242991447449,0.09288780391216278,3.453580141067505,7.78607177734375,1,1
1173,0.1950320303440094,2.9370675086975098,0.9116097092628479,0.08051887899637222,3.6286461353302,7.310762405395508,1,1
1174,0.17699328064918518,2.8858814239501953,0.921524167060852,0.0791008323431015,3.699547290802002,8.138907432556152,1,1
1175,0.2554541528224945,2.105452537536621,0.8669962286949158,0.1586417257785797,3.4125053882598877,7.160033702850342,1,1
1176,0.25165867805480957,3.7098546028137207,0.9496541023254395,0.038159795105457306,3.952540874481201,8.839158058166504,1,1
1177,0.27280309796333313,2.393251895904541,0.8303414583206177,0.1223297119140625,3.6590211391448975,8.610540390014648,1,1
1178,0.25958251953125,3.0833535194396973,0.9340659976005554,0.06730087101459503,3.8018436431884766,8.425592422485352,1,1
1179,0.23731112480163574,2.607283592224121,0.873511016368866,0.10989169776439667,3.5592753887176514,7.803618431091309,1,1
1180,0.22092315554618835,3.4703450202941895,0.9328123331069946,0.04552976042032242,3.8462705612182617,8.391486167907715,1,1
1181,0.28843969106674194,1.7676677703857422,0.832927405834198,0.22516250610351562,2.9902353286743164,6.794996738433838,1,1
1182,0.2865569591522217,3.4039220809936523,0.9477472305297852,0.05319959670305252,3.672333002090454,9.256638526916504,1,1
1183,0.24148151278495789,2.3560094833374023,0.8427698612213135,0.1292082965373993,3.4680399894714355,7.688900947570801,1,1
1184,0.22912544012069702,2.8195979595184326,0.9365324974060059,0.08419831097126007,3.496814727783203,6.921722888946533,1,1
1185,0.18739205598831177,3.0718770027160645,0.9136362671852112,0.06424318253993988,3.7433815002441406,7.218835830688477,1,1
1186,0.18155871331691742,2.780228614807129,0.902283787727356,0.08804619312286377,3.7401909828186035,7.4156317710876465,1,1
1187,0.19196216762065887,2.487786293029785,0.9042267799377441,0.11546958982944489,3.6314187049865723,7.647113800048828,1,1
1188,0.26935750246047974,3.219109058380127,0.9178193807601929,0.05791693553328514,3.82533597946167,8.382664680480957,1,1
1189,0.22921043634414673,2.716769218444824,0.8709650039672852,0.09219221770763397,3.6905016899108887,8.578413963317871,1,1
1190,0.20589931309223175,2.603362560272217,0.91878342628479,0.10141167044639587,3.6171882152557373,7.786184787750244,1,1
1191,0.18533414602279663,2.6398184299468994,0.9153693318367004,0.09592896699905396,3.7152559757232666,8.501721382141113,1,1
1192,0.15960821509361267,3.5160865783691406,0.9462406635284424,0.04895492270588875,3.77311110496521,9.535758018493652,1,1
1193,0.2721232771873474,1.6694331169128418,0.833511471748352,0.2353489100933075,2.9461658000946045,8.174415588378906,1,1
1194,0.2901853919029236,3.787510395050049,0.9673951268196106,0.03337978571653366,3.842174530029297,8.688697814941406,1,1
1195,0.3773042857646942,1.4228508472442627,0.7544766664505005,0.28466299176216125,2.83083438873291,6.464163303375244,1,1
1196,0.3866320252418518,4.176271438598633,0.976288378238678,0.02182598039507866,3.8398044109344482,9.7564697265625,1,1
1197,0.3668200969696045,2.048431158065796,0.759131908416748,0.1680775284767151,3.3813223838806152,7.5392937660217285,1,1
1198,0.3059840798377991,3.089083194732666,0.9492242336273193,0.06684325635433197,3.6283490657806396,8.124221801757812,1,1
1199,0.23641842603683472,2.394273519515991,0.84763503074646,0.12415958940982819,3.4762120246887207,7.071938514709473,1,1
1200,0.2737698554992676,2.9164087772369385,0.9264185428619385,0.07696184515953064,3.481631278991699,7.8717169761657715,1,1
1201,0.25902944803237915,2.7093255519866943,0.8724687099456787,0.09432592988014221,3.661942481994629,7.280404567718506,1,1
1202,0.22643494606018066,2.364619016647339,0.8774948120117188,0.12723125517368317,3.4911282062530518,7.185327529907227,1,1
1203,0.25722411274909973,3.20591139793396,0.9336093068122864,0.0689232274889946,3.952746868133545,7.997679710388184,1,1
1204,0.25795778632164,2.245543956756592,0.8450846672058105,0.14201897382736206,3.4173836708068848,7.251465320587158,1,1
1205,0.2031557261943817,2.737722158432007,0.9354316592216492,0.0908542275428772,3.541153907775879,7.702259540557861,1,1
1206,0.2037256360054016,3.25357985496521,0.9265555143356323,0.05451904982328415,3.8809189796447754,7.946207046508789,1,1
1207,0.2997213304042816,2.033241033554077,0.8198372721672058,0.17606624960899353,3.396902561187744,7.5158538818359375,1,1
1208,0.23020018637180328,2.950331687927246,0.960462212562561,0.07438729703426361,3.7426469326019287,8.353510856628418,1,1
1209,0.24420076608657837,3.170300006866455,0.8780422210693359,0.06286822259426117,3.8123738765716553,9.100190162658691,1,1
1210,0.19048286974430084,2.2442405223846436,0.8917012214660645,0.1393943578004837,3.4167888164520264,8.637762069702148,1,1
1211,0.22263361513614655,2.9100406169891357,0.9337134957313538,0.07598646730184555,3.73710560798645,8.103548049926758,1,1
1212,0.2701389491558075,2.9240424633026123,0.8742921352386475,0.0793159008026123,3.718989372253418,8.19845199584961,1,1
1213,0.18330687284469604,3.1324586868286133,0.9209083914756775,0.06715025752782822,3.8047661781311035,8.470658302307129,1,1
1214,0.2393214851617813,2.33990478515625,0.8773437142372131,0.13250023126602173,3.459019184112549,7.303802967071533,1,1
1215,0.2191002517938614,2.966932773590088,0.9209727048873901,0.07622483372688293,3.813713312149048,8.578485488891602,1,1
1216,0.23856890201568604,3.332782506942749,0.9032391309738159,0.05265907198190689,4.0869903564453125,9.088319778442383,1,1
1217,0.26449909806251526,1.6699267625808716,0.8414259552955627,0.2386402040719986,3.272156238555908,6.434777736663818,1,1
1218,0.3626611828804016,4.72794771194458,0.9628925323486328,0.016656391322612762,4.1769304275512695,9.254034042358398,1,1
1219,0.5221091508865356,0.7009230256080627,0.6636110544204712,0.5496233105659485,1.9575068950653076,4.7993597984313965,1,1
1220,0.7685502171516418,4.85968542098999,0.9893900156021118,0.014871709048748016,3.4324729442596436,7.798388957977295,1,1
1221,0.9477710723876953,1.2553266286849976,0.5156232118606567,0.33841827511787415,2.502948522567749,6.818001747131348,1,1
1222,0.5722666382789612,3.4863767623901367,0.9629155397415161,0.05977592244744301,3.3824493885040283,7.3925395011901855,1,1
1223,0.4026739001274109,2.1801719665527344,0.7799177765846252,0.15253061056137085,3.1064939498901367,7.257404804229736,1,1
1224,0.34312257170677185,2.7893359661102295,0.9027994275093079,0.08866278827190399,3.2914254665374756,8.013641357421875,1,1
1225,0.3347480297088623,2.6738195419311523,0.8460050821304321,0.09670072793960571,3.3052916526794434,7.924347877502441,1,1
1226,0.25977951288223267,3.2745795249938965,0.9121220111846924,0.05213399976491928,3.6555724143981934,7.645500659942627,1,1
1227,0.29228079319000244,1.8050644397735596,0.8206818103790283,0.21173620223999023,3.0629260540008545,6.132335186004639,1,1
1228,0.26659804582595825,2.71134090423584,0.9409191608428955,0.09762178361415863,3.5287392139434814,7.887621879577637,1,1
1229,0.22744570672512054,2.5933640003204346,0.8843529224395752,0.09833589196205139,3.3081557750701904,7.6447343826293945,1,1
1230,0.18972915410995483,2.414320468902588,0.9088479280471802,0.12493818253278732,3.4107272624969482,7.166806697845459,1,1
1231,0.25799649953842163,1.955535650253296,0.8689801692962646,0.18364934623241425,3.1646957397460938,6.503437519073486,1,1
1232,0.26331841945648193,2.5715818405151367,0.9163182973861694,0.103305384516716,3.67659592628479,7.924274921417236,1,1
1233,0.23253929615020752,3.2691736221313477,0.9092159271240234,0.05321507155895233,3.778447151184082,8.23412036895752,1,1
1234,0.24978448450565338,2.164412021636963,0.8496733903884888,0.1507352888584137,3.2653000354766846,7.078091621398926,1,1
1235,0.2791551947593689,2.7814126014709473,0.9136266708374023,0.08235505223274231,3.6986746788024902,7.532199859619141,1,1
1236,0.209610253572464,3.1154372692108154,0.9163097143173218,0.06677692383527756,3.7070517539978027,7.883379936218262,1,1
1237,0.29426199197769165,1.5934233665466309,0.8193540573120117,0.25659066438674927,2.918642044067383,6.414116859436035,1,1
1238,0.3111984133720398,3.532360553741455,0.9697640538215637,0.04048602655529976,3.8215370178222656,8.00802993774414,1,1
1239,0.26530441641807556,2.552724599838257,0.8172101974487305,0.10545498132705688,3.651224136352539,8.002795219421387,1,1
1240,0.23503835499286652,1.9707304239273071,0.8994282484054565,0.1802559494972229,3.085143566131592,6.6233649253845215,1,1
1241,0.2854956388473511,3.3374364376068115,0.9250831604003906,0.058649592101573944,3.8234169483184814,7.78021240234375,1,1
1242,0.23892734944820404,2.6126673221588135,0.8602912425994873,0.09948370605707169,3.569161891937256,7.081916332244873,1,1
1243,0.19419324398040771,2.4119558334350586,0.9139623045921326,0.1243884488940239,3.4458982944488525,7.2171854972839355,1,1
1244,0.25006306171417236,2.6573519706726074,0.9004004001617432,0.09349007904529572,3.6371865272521973,7.700886249542236,1,1
1245,0.24542680382728577,2.7544641494750977,0.8948835730552673,0.08846662193536758,3.6027393341064453,7.234692096710205,1,1
1246,0.29621273279190063,2.0058743953704834,0.8405296802520752,0.1709127575159073,3.415937662124634,7.376506805419922,1,1
1247,0.24938875436782837,3.225621461868286,0.9450259208679199,0.05940776690840721,3.849156379699707,8.83005142211914,1,1
1248,0.2333322912454605,2.1805779933929443,0.8544663786888123,0.1412411779165268,3.4417877197265625,6.623712539672852,1,1
1249,0.20826712250709534,3.208859920501709,0.942956805229187,0.05809519439935684,3.93847393989563,8.417969703674316,1,1
1250,0.23318032920360565,2.410651445388794,0.8675713539123535,0.12147524952888489,3.6949024200439453,8.551153182983398,1,1
1251,0.1867467164993286,3.2151694297790527,0.944465696811676,0.06136469915509224,4.30510950088501,9.518494606018066,1,1
1252,0.2166975885629654,2.682499408721924,0.880761981010437,0.09137390553951263,3.733006477355957,8.815047264099121,1,1
1253,0.16653774678707123,2.272658586502075,0.9225258827209473,0.14570890367031097,3.4596915245056152,7.378656387329102,1,1
1254,0.2640969753265381,4.267155170440674,0.9480635523796082,0.025866707786917686,3.72705078125,10.193268775939941,1,1
1255,0.31959855556488037,1.5947293043136597,0.7742457389831543,0.2600395679473877,3.0936367511749268,7.119083881378174,1,1
1256,0.3578508198261261,3.7098684310913086,0.9611353874206543,0.03851841390132904,3.9848134517669678,7.942800998687744,1,1
1257,0.2751050293445587,2.246168613433838,0.8258707523345947,0.14043235778808594,3.46557354927063,7.932332992553711,1,1
1258,0.2816570997238159,2.36331844329834,0.8951196670532227,0.1271262764930725,3.5336391925811768,7.76737642288208,1,1
1259,0.17101533710956573,2.9367194175720215,0.9358428716659546,0.0806206613779068,3.7397749423980713,8.169520378112793,1,1
1260,0.21819248795509338,2.533785820007324,0.8811405301094055,0.10797951370477676,3.648266553878784,8.114437103271484,1,1
1261,0.22719518840312958,3.039560317993164,0.9274926781654358,0.06858372688293457,3.8612327575683594,8.609707832336426,1,1
1262,0.21233713626861572,2.5360031127929688,0.8748658299446106,0.11234521865844727,3.7879178524017334,8.194753646850586,1,1
1263,0.22870777547359467,3.003654718399048,0.927017092704773,0.07209042459726334,3.811121940612793,7.2703447341918945,1,1
1264,0.2582175135612488,2.482468605041504,0.8634284734725952,0.12013678252696991,3.6009604930877686,7.338399887084961,1,1
1265,0.19083702564239502,3.4341928958892822,0.953605055809021,0.051507141441106796,3.8857555389404297,7.674773693084717,1,1
1266,0.23704765737056732,2.654493808746338,0.8691396713256836,0.09145404398441315,3.705472469329834,7.686929702758789,1,1
1267,0.22876155376434326,2.835643768310547,0.9019476175308228,0.07845506072044373,3.872420072555542,7.537631988525391,1,1
1268,0.19338539242744446,2.2094199657440186,0.9124789237976074,0.14381039142608643,3.4717345237731934,7.4183197021484375,1,1
1269,0.24935100972652435,3.460610866546631,0.9202007055282593,0.05018533766269684,4.073389530181885,9.98192310333252,1,1
1270,0.29103711247444153,1.38545560836792,0.8073663711547852,0.3024403154850006,3.2394192218780518,7.25931453704834,1,1
1271,0.44141751527786255,4.123673439025879,0.9638098478317261,0.025644220411777496,3.895082712173462,9.876680374145508,1,1
1272,0.4736703336238861,1.4135866165161133,0.6915537118911743,0.288571298122406,2.780447244644165,6.354940414428711,1,1
1273,0.5265885591506958,3.8915085792541504,0.9686649441719055,0.03156428784132004,3.552572250366211,9.092806816101074,1,1
1274,0.375486820936203,2.6326184272766113,0.7600248456001282,0.0991424173116684,3.4923691749572754,9.959258079528809,1,1
1275,0.21357962489128113,2.551851511001587,0.9311802387237549,0.11428003013134003,3.321565866470337,7.462186813354492,1,1
1276,0.1982061266899109,2.921773910522461,0.9209696650505066,0.07779519259929657,3.6413869857788086,8.666380882263184,1,1
1277,0.20204326510429382,3.037014961242676,0.9095845222473145,0.07430880516767502,3.6323306560516357,10.278318405151367,1,1
1278,0.21220625936985016,2.4447646141052246,0.8900232911109924,0.11965014040470123,3.6240594387054443,7.525208950042725,1,1
1279,0.2548934519290924,3.1444268226623535,0.9214980602264404,0.06221750006079674,3.626025438308716,9.043022155761719,1,1
1280,0.24294213950634003,2.4863650798797607,0.8564207553863525,0.11787980794906616,3.674325942993164,10.43903923034668,1,1
1281,0.26870644092559814,2.4191761016845703,0.9073464870452881,0.11691735684871674,3.406409740447998,8.024264335632324,1,1
1282,0.2869074046611786,3.3664464950561523,0.8976759910583496,0.04991360008716583,3.884434700012207,7.4975762367248535,1,1
1283,0.25882774591445923,1.7223459482192993,0.8296480178833008,0.222004696726799,3.2535150051116943,6.3983001708984375,1,1
1284,0.2963656187057495,3.8340859413146973,0.9727215766906738,0.02991464175283909,4.079859256744385,8.366191864013672,1,1
1285,0.34757402539253235,1.7011618614196777,0.7736672163009644,0.22315305471420288,3.053500175476074,6.556629657745361,1,1
1286,0.290711909532547,3.007768154144287,0.9426608085632324,0.06902652978897095,3.8500897884368896,9.547725677490234,1,1
1287,0.24409069120883942,2.773132085800171,0.867915153503418,0.08423053473234177,3.7861502170562744,7.940680503845215,1,1
1288,0.22980517148971558,2.215968608856201,0.8809934258460999,0.14200252294540405,3.609919309616089,8.250277519226074,1,1
1289,0.22386914491653442,3.2618136405944824,0.9416464567184448,0.05223778262734413,3.793503761291504,7.8078789710998535,1,1
1290,0.23008468747138977,2.525576591491699,0.8614634275436401,0.11006057262420654,3.6607837677001953,8.203715324401855,1,1
1291,0.22125285863876343,3.296295166015625,0.9309126138687134,0.05102162063121796,3.909428119659424,8.760234832763672,1,1
1292,0.22176852822303772,2.2018494606018066,0.8682242631912231,0.14852723479270935,3.5403623580932617,9.258949279785156,1,1
1293,0.2373337298631668,3.436882495880127,0.9421389102935791,0.045681603252887726,3.8947694301605225,9.463153839111328,1,1
1294,0.1982089877128601,2.7285826206207275,0.877260684967041,0.0845123901963234,3.852449417114258,8.605840682983398,1,1
1295,0.18819890916347504,2.9984753131866455,0.9356751441955566,0.07380873709917068,3.817265033721924,8.552486419677734,1,1
1296,0.2174900323152542,2.015324354171753,0.8740805983543396,0.1724787801504135,3.3824586868286133,8.021307945251465,1,1
1297,0.21317178010940552,2.7739500999450684,0.9290608167648315,0.09697657823562622,3.9353363513946533,8.116988182067871,1,1
1298,0.2046736478805542,3.259168863296509,0.9174456596374512,0.05914769321680069,4.109412670135498,8.690614700317383,1,1
1299,0.18247130513191223,2.869896411895752,0.9038702249526978,0.07720302045345306,4.2033891677856445,8.670609474182129,1,1
1300,0.20128630101680756,2.702871799468994,0.904469907283783,0.08902785927057266,3.9793331623077393,7.943654537200928,1,1
1301,0.20570549368858337,2.40096378326416,0.9165836572647095,0.12959478795528412,3.773728370666504,7.765335559844971,1,1
1302,0.2618979215621948,3.1292383670806885,0.9079580307006836,0.06570062041282654,3.8692984580993652,7.9496049880981445,1,1
1303,0.23437239229679108,2.3334364891052246,0.8580177426338196,0.1358761489391327,3.75763201713562,7.786224365234375,1,1
1304,0.3304429054260254,3.958186388015747,0.9265938997268677,0.03435315191745758,4.2456865310668945,10.897012710571289,1,1
1305,0.35857093334198,1.2441604137420654,0.7782391309738159,0.3556462526321411,2.629997968673706,7.08023738861084,1,1
1306,0.4836844205856323,4.705777168273926,0.9672847986221313,0.016448866575956345,4.0178303718566895,11.731541633605957,1,1
1307,0.5102292895317078,1.327195644378662,0.6612575054168701,0.32790860533714294,2.7031090259552,6.935219764709473,1,1
1308,0.5447048544883728,4.390935897827148,0.9805610179901123,0.016891904175281525,3.7138524055480957,13.432638168334961,1,1
1309,0.5028960108757019,1.9408180713653564,0.6967306733131409,0.1931522935628891,3.2803454399108887,8.686808586120605,1,1
1310,0.291276216506958,2.4894070625305176,0.9462904930114746,0.11356371641159058,3.4386823177337646,11.182845115661621,1,1
1311,0.2730879783630371,3.330988883972168,0.9011576175689697,0.04946316033601761,3.5100185871124268,8.346673965454102,1,1
1312,0.30742400884628296,1.978940725326538,0.8011850118637085,0.17518512904644012,3.3561723232269287,9.948620796203613,1,1
1313,0.23656947910785675,2.1602182388305664,0.9430054426193237,0.1454710066318512,3.520101547241211,6.790599822998047,1,1
1314,0.2984059154987335,3.7255845069885254,0.9297692179679871,0.03784582018852234,3.9853951930999756,8.468031883239746,1,1
1315,0.4225955605506897,1.7101725339889526,0.7281498908996582,0.22325953841209412,3.1734848022460938,6.778115749359131,1,1
1316,0.3596649467945099,3.2135214805603027,0.9618852138519287,0.05569138005375862,3.833796977996826,8.620706558227539,1,1
1317,0.2898702621459961,2.8668699264526367,0.8342241048812866,0.08212164044380188,3.7583250999450684,7.401077747344971,1,1
1318,0.260962575674057,2.065330743789673,0.8612369894981384,0.16656902432441711,3.3946781158447266,7.154210090637207,1,1
1319,0.28594741225242615,3.3317489624023438,0.9393312335014343,0.05199068412184715,3.9430007934570312,7.735124588012695,1,1
1320,0.24777674674987793,2.813568353652954,0.8630861043930054,0.08215074241161346,3.762133836746216,7.453009605407715,1,1
1321,0.29173600673675537,1.941144347190857,0.8382059335708618,0.1849936991930008,3.582535982131958,7.422685623168945,1,1
1322,0.28760871291160583,3.284170627593994,0.9573293924331665,0.05462959408760071,3.890387773513794,9.396120071411133,1,1
1323,0.25981393456459045,2.8983194828033447,0.8457998037338257,0.086480513215065,3.8821277618408203,8.94094181060791,1,1
1324,0.244225412607193,2.2129225730895996,0.8705803155899048,0.14170926809310913,3.5539844036102295,8.278854370117188,1,1
1325,0.33208250999450684,3.3375425338745117,0.9443860054016113,0.05320268124341965,4.027992248535156,9.247369766235352,1,1
1326,0.2914331257343292,2.3130388259887695,0.8014139533042908,0.13187307119369507,3.7503137588500977,8.716547012329102,1,1
1327,0.1701161116361618,2.3373348712921143,0.948017954826355,0.13480009138584137,3.654491901397705,8.837867736816406,1,1
1328,0.22530154883861542,3.457404613494873,0.9334696531295776,0.05231630429625511,4.285993576049805,8.691943168640137,1,1
1329,0.1919313222169876,3.1457724571228027,0.8902897834777832,0.0660797506570816,4.104919910430908,8.829609870910645,1,1
1330,0.24148529767990112,1.7763304710388184,0.8598737716674805,0.22614464163780212,3.1616692543029785,6.910041332244873,1,1
1331,0.2878931760787964,3.6204419136047363,0.9513283967971802,0.04004008322954178,4.340394020080566,9.71008586883545,1,1
1332,0.25047987699508667,2.4158310890197754,0.8371716141700745,0.13525590300559998,3.673689842224121,7.941768169403076,1,1
1333,0.21225309371948242,2.755828380584717,0.935936689376831,0.09243912994861603,3.811892509460449,7.867239475250244,1,1
1334,0.23994678258895874,2.12716007232666,0.8744289875030518,0.1544584333896637,3.4138574600219727,7.401109218597412,1,1
1335,0.26013025641441345,2.988913059234619,0.9092133641242981,0.0727945864200592,4.136214733123779,8.429427146911621,1,1
1336,0.2325046956539154,2.3179574012756348,0.8748317360877991,0.13440820574760437,3.749903917312622,7.916198253631592,1,1
1337,0.2788074314594269,2.721860408782959,0.8978815078735352,0.09274447709321976,3.847109794616699,8.426678657531738,1,1
1338,0.2453746199607849,3.644253969192505,0.9070521593093872,0.0418248176574707,4.164800643920898,9.286398887634277,1,1
1339,0.29124367237091064,1.3891048431396484,0.8067871332168579,0.3108906149864197,2.85317325592041,6.04686164855957,1,1
1340,0.4336111545562744,4.312636375427246,0.9679635167121887,0.020944703370332718,4.141993522644043,9.861576080322266,1,1
1341,0.5113158822059631,1.028493881225586,0.6722592711448669,0.4235706329345703,2.2651281356811523,5.797297954559326,1,1
1342,0.6251606941223145,4.623490810394287,0.9813098907470703,0.014932645484805107,3.9653818607330322,9.88164234161377,1,1
1343,0.6267865896224976,1.729871392250061,0.627926230430603,0.2357150912284851,3.0218355655670166,7.600922584533691,1,1
1344,0.3291606307029724,2.1018850803375244,0.9250513315200806,0.1783091425895691,3.410442352294922,8.510923385620117,1,1
1345,0.2680196464061737,3.271874189376831,0.9311900734901428,0.055308517068624496,3.6618330478668213,8.334477424621582,1,1
1346,0.31563207507133484,2.3635709285736084,0.8085705041885376,0.13522553443908691,3.7317147254943848,8.017775535583496,1,1
1347,0.21283626556396484,2.6028196811676025,0.9373756647109985,0.1030166894197464,3.5467278957366943,7.712361812591553,1,1
1348,0.27285057306289673,3.1466901302337646,0.9036219716072083,0.06004573032259941,3.9662938117980957,9.110658645629883,1,1
1349,0.26615220308303833,2.499443769454956,0.8460441827774048,0.11418604850769043,3.477619171142578,7.722686767578125,1,1
1350,0.2588769793510437,2.514702320098877,0.906469464302063,0.12048095464706421,3.8994688987731934,7.569012641906738,1,1
1351,0.2157490998506546,2.9072065353393555,0.9102264642715454,0.07646042108535767,4.031793117523193,8.80014419555664,1,1
1352,0.26044249534606934,3.538386583328247,0.9012380838394165,0.046106696128845215,3.977785110473633,9.775150299072266,1,1
1353,0.26793837547302246,1.8937073945999146,0.83467036485672,0.19419315457344055,3.3366873264312744,6.967429161071777,1,1
1354,0.2540874779224396,2.9292261600494385,0.9401614665985107,0.0771719366312027,3.7811577320098877,8.4600830078125,1,1
1355,0.22581885755062103,3.5633673667907715,0.9078643321990967,0.04384422302246094,4.135473251342773,8.8543119430542,1,1
1356,0.31245073676109314,1.479819655418396,0.8040308952331543,0.27681583166122437,3.0025620460510254,6.52854585647583,1,1
1357,0.3797184228897095,3.537227153778076,0.9574151039123535,0.053432121872901917,3.8359405994415283,8.377934455871582,1,1
1358,0.4156138598918915,1.4387516975402832,0.7383438348770142,0.286442369222641,2.855640411376953,7.298943042755127,1,1
1359,0.30881229043006897,2.8770699501037598,0.9625605344772339,0.07675062119960785,3.8257627487182617,7.947058200836182,1,1
1360,0.2108091413974762,2.7391843795776367,0.880192756652832,0.0958954244852066,3.583949327468872,8.00774097442627,1,1
1361,0.16448968648910522,2.7207982540130615,0.9221124649047852,0.08976365625858307,3.4687981605529785,7.723609924316406,1,1
1362,0.27066129446029663,2.42504620552063,0.8680082559585571,0.12030090391635895,3.4224140644073486,8.279163360595703,1,1
1363,0.24359792470932007,2.342741012573242,0.9019819498062134,0.13501954078674316,3.665762186050415,7.404334545135498,1,1
1364,0.20908711850643158,2.8651435375213623,0.9135743379592896,0.08020307123661041,4.0187578201293945,8.054441452026367,1,1
1365,0.18752168118953705,2.437906265258789,0.908483624458313,0.12212496995925903,3.5307528972625732,7.931198596954346,1,1
1366,0.2690091133117676,2.120116710662842,0.8679448366165161,0.16371449828147888,3.702332019805908,7.032927513122559,1,1
1367,0.30909866094589233,4.527878284454346,0.9516652822494507,0.01909015141427517,4.22072696685791,9.262661933898926,1,1
1368,0.41111764311790466,1.6431515216827393,0.7422107458114624,0.2494005411863327,3.0622856616973877,7.768535614013672,1,1
1369,0.37529510259628296,3.741940975189209,0.9692757725715637,0.03699212521314621,4.1032490730285645,8.632418632507324,1,1
1370,0.3015742599964142,2.576845645904541,0.8013681173324585,0.10869903862476349,3.452881097793579,7.733808517456055,1,1
1371,0.22506003081798553,2.6243505477905273,0.9288251399993896,0.0954887866973877,3.6315841674804688,7.9538469314575195,1,1
1372,0.23538199067115784,2.7512478828430176,0.885989785194397,0.09124469757080078,3.844856023788452,7.523210048675537,1,1
1373,0.1678362935781479,2.3886263370513916,0.919372022151947,0.12194178998470306,3.376495599746704,7.911312103271484,1,1
1374,0.20171113312244415,2.8410797119140625,0.9164350628852844,0.08322394639253616,3.6819357872009277,8.760430335998535,1,1
1375,0.19683188199996948,2.942173957824707,0.9153677821159363,0.08532927930355072,3.9283666610717773,8.41232967376709,1,1
1376,0.2372802197933197,2.289060592651367,0.8813840746879578,0.14061503112316132,3.7727653980255127,8.271510124206543,1,1
1377,0.23884277045726776,2.6751961708068848,0.9154460430145264,0.09736152738332748,4.179185390472412,8.160918235778809,1,1
1378,0.20053628087043762,3.001274585723877,0.9092267751693726,0.07200934737920761,4.008854389190674,8.804439544677734,1,1
1379,0.21369117498397827,2.0794920921325684,0.8795864582061768,0.17679807543754578,3.4048497676849365,7.3055338859558105,1,1
1380,0.25024157762527466,3.124889612197876,0.9280438423156738,0.06236089766025543,4.108337879180908,10.187230110168457,1,1
1381,0.19907845556735992,2.9945876598358154,0.9097607135772705,0.07626649737358093,4.031306266784668,9.797147750854492,1,1
1382,0.19838601350784302,2.7811808586120605,0.907421886920929,0.09102954715490341,4.007216453552246,9.82494831085205,1,1
1383,0.2243902087211609,2.5701842308044434,0.8959659337997437,0.10439696907997131,4.122453212738037,8.542837142944336,1,1
1384,0.1969885528087616,3.109429359436035,0.9247733950614929,0.0776749923825264,4.130882740020752,9.58591079711914,1,1
1385,0.2591671943664551,1.8177268505096436,0.8538751602172852,0.216030091047287,3.3776135444641113,7.776952266693115,1,1
1386,0.27465134859085083,3.3250138759613037,0.938630223274231,0.05319970101118088,4.075529098510742,8.848952293395996,1,1
1387,0.23904654383659363,2.4053454399108887,0.8540984392166138,0.12107181549072266,3.9280247688293457,7.454234600067139,1,1
1388,0.27505382895469666,2.906047821044922,0.9114978909492493,0.08363370597362518,3.836637496948242,8.250048637390137,1,1
1389,0.24387554824352264,2.21958327293396,0.8664804697036743,0.14383721351623535,3.636901617050171,8.403632164001465,1,1
1390,0.2163151353597641,3.541149377822876,0.947605311870575,0.04837527126073837,4.356138229370117,8.971549987792969,1,1
1391,0.2501499354839325,2.0203518867492676,0.840180516242981,0.18343350291252136,3.778189182281494,7.808876037597656,1,1
1392,0.2910171449184418,4.096680164337158,0.9505627155303955,0.02963409014046192,4.326840400695801,9.780423164367676,1,1
1393,0.32463714480400085,1.8616100549697876,0.7857511043548584,0.21109086275100708,3.656952381134033,8.692062377929688,1,1
1394,0.35461005568504333,3.603849411010742,0.9501627683639526,0.041805218905210495,4.465653896331787,9.003098487854004,1,1
1395,0.2437337040901184,3.029822587966919,0.8526576161384583,0.06644438207149506,4.132199764251709,9.556465148925781,1,1
1396,0.27459830045700073,1.8597700595855713,0.8590734601020813,0.2008240520954132,3.635239601135254,7.418751239776611,1,1
1397,0.2722560167312622,3.7216525077819824,0.9544599056243896,0.03670407086610794,4.107012748718262,9.271712303161621,1,1
1398,0.34438303112983704,1.914370059967041,0.7738420963287354,0.19861716032028198,3.5535542964935303,8.619330406188965,1,1
1399,0.4125921130180359,4.3281683921813965,0.9708061218261719,0.019718190655112267,4.02829122543335,8.667834281921387,1,1
1400,0.7061706781387329,0.9195510149002075,0.6050134301185608,0.4642428755760193,2.354745388031006,5.516627788543701,1,1
1401,0.9122143387794495,5.85064172744751,0.988616943359375,0.00477975606918335,4.25380277633667,13.225509643554688,1,1
1402,1.1212624311447144,1.1789488792419434,0.458357036113739,0.36852067708969116,2.569611072540283,9.815319061279297,1,1
1403,0.6306346654891968,4.152326583862305,0.9786865711212158,0.026731815189123154,3.317603826522827,14.295839309692383,1,1
1404,0.757901132106781,0.9478654265403748,0.5911986827850342,0.45006853342056274,2.037142038345337,5.675620079040527,1,1
1405,0.6377779245376587,3.536879062652588,0.9699770212173462,0.04936647415161133,3.4429943561553955,15.746159553527832,1,1
1406,0.34395352005958557,2.9073610305786133,0.8056302070617676,0.07808423787355423,3.3846311569213867,7.885086536407471,1,1
1407,0.36365485191345215,1.8644239902496338,0.8140321969985962,0.20307448506355286,2.863428831100464,7.8291916847229,1,1
1408,0.33852213621139526,2.7350192070007324,0.9342895746231079,0.09552758932113647,3.239690065383911,10.407136917114258,1,1
1409,0.3258626461029053,2.347418785095215,0.8223783373832703,0.12723363935947418,3.275106191635132,7.008194923400879,1,1
1410,0.3226873278617859,2.070394992828369,0.8605115413665771,0.16325265169143677,3.302263021469116,8.390739440917969,1,1
1411,0.27363520860671997,2.4741861820220947,0.9058105945587158,0.11210638284683228,3.0808939933776855,8.221799850463867,1,1
1412,0.31835049390792847,2.2313339710235596,0.8430737257003784,0.14673326909542084,3.438283681869507,7.584320068359375,1,1
1413,0.30627137422561646,2.9326400756835938,0.903291642665863,0.07559032738208771,3.680769920349121,7.9797163009643555,1,1
1414,0.33288854360580444,2.071165084838867,0.8096810579299927,0.1637808382511139,3.2058002948760986,7.206812858581543,1,1
1415,0.2585401237010956,2.5004920959472656,0.9352399110794067,0.11363720893859863,3.5728211402893066,7.998008728027344,1,1
1416,0.26070666313171387,2.523444652557373,0.8766034841537476,0.10587352514266968,3.6853718757629395,7.629345417022705,1,1
1417,0.2743918299674988,1.9667903184890747,0.8554774522781372,0.17689314484596252,3.170983076095581,6.705816268920898,1,1
1418,0.33746010065078735,3.602281093597412,0.9373886585235596,0.0429251454770565,3.7330117225646973,9.615508079528809,1,1
1419,0.34257403016090393,2.1628308296203613,0.7899327278137207,0.1618562936782837,3.5678582191467285,7.0892014503479,1,1
1420,0.24540305137634277,2.6314353942871094,0.9389756917953491,0.10128806531429291,3.5535054206848145,8.04181957244873,1,1
1421,0.2104899287223816,3.0974488258361816,0.9116048216819763,0.0654386505484581,3.617879629135132,7.382668495178223,1,1
1422,0.27243924140930176,2.2929978370666504,0.8389548063278198,0.1341467946767807,3.66900372505188,7.700722694396973,1,1
1423,0.2461123913526535,2.490727186203003,0.9253238439559937,0.10981763154268265,3.6971521377563477,8.217498779296875,1,1
1424,0.2627381682395935,2.8697853088378906,0.8876441121101379,0.08000731468200684,3.601452350616455,7.745372295379639,1,1
1425,0.2574348449707031,2.1788010597229004,0.8680993318557739,0.14886705577373505,3.519641876220703,7.480580806732178,1,1
1426,0.28772857785224915,1.9078559875488281,0.8635824918746948,0.19612936675548553,3.262000799179077,7.222269058227539,1,1
1427,0.2627840042114258,3.3500187397003174,0.9392704367637634,0.04990217089653015,3.808642625808716,8.67348575592041,1,1
1428,0.23661813139915466,2.6400065422058105,0.867942750453949,0.10185003280639648,3.705831289291382,7.400087356567383,1,1
1429,0.22598761320114136,2.313416004180908,0.8826725482940674,0.1420348584651947,3.833874225616455,7.696885108947754,1,1
1430,0.2001330554485321,2.972352981567383,0.9541844725608826,0.07226170599460602,3.8938982486724854,7.813127040863037,1,1
1431,0.2345021814107895,2.607846736907959,0.8579001426696777,0.09934061765670776,3.7470602989196777,8.203469276428223,1,1
1432,0.3082205653190613,2.3862133026123047,0.8667432069778442,0.13513974845409393,3.8559539318084717,8.104430198669434,1,1
1433,0.25637003779411316,3.133509635925293,0.9257577061653137,0.06779889762401581,3.7897446155548096,8.551082611083984,1,1
1434,0.2696334719657898,2.113532066345215,0.8385601043701172,0.16284406185150146,3.586111068725586,7.918715476989746,1,1
1435,0.2617211937904358,3.2198009490966797,0.9301695227622986,0.058365728706121445,4.3668341636657715,8.439955711364746,1,1
1436,0.200110524892807,3.357741594314575,0.9112356901168823,0.05568992346525192,4.344491958618164,9.006661415100098,1,1
1437,0.3106774687767029,1.302677035331726,0.8080790042877197,0.3305529057979584,2.599414825439453,5.492758750915527,1,1
1438,0.4246365427970886,4.197096824645996,0.9678264260292053,0.026052502915263176,4.012592315673828,9.754717826843262,1,1
1439,0.4963795840740204,1.6914026737213135,0.6848627328872681,0.25207749009132385,3.3256072998046875,8.485615730285645,1,1
1440,0.49415093660354614,3.663938522338867,0.9626703262329102,0.041964709758758545,4.10366153717041,8.986990928649902,1,1
1441,0.4847252368927002,1.8784985542297363,0.7090453505516052,0.19867481291294098,3.3906943798065186,7.098714351654053,1,1
1442,0.2635374367237091,2.108501434326172,0.9381488561630249,0.16525386273860931,3.3274776935577393,6.698699474334717,1,1
1443,0.29638785123825073,3.5934176445007324,0.9130128026008606,0.04122817888855934,3.874420166015625,8.056852340698242,1,1
1444,0.28211691975593567,2.1754355430603027,0.8181180953979492,0.14957347512245178,3.650686740875244,7.2622246742248535,1,1
1445,0.23710943758487701,2.429522752761841,0.921589732170105,0.1261860430240631,3.830106019973755,8.58991813659668,1,1
1446,0.2257201373577118,3.2660229206085205,0.9280526041984558,0.05959714949131012,3.88631272315979,8.59062671661377,1,1
1447,0.2817574739456177,2.3629000186920166,0.8257770538330078,0.128975048661232,3.585712194442749,7.381385326385498,1,1
1448,0.22273695468902588,2.5280189514160156,0.9356781244277954,0.11460822075605392,4.032859802246094,8.887950897216797,1,1
1449,0.21708418428897858,3.119955539703369,0.9030694365501404,0.06781241297721863,4.294178485870361,8.876791954040527,1,1
1450,0.23332083225250244,2.5505199432373047,0.8762522339820862,0.11349816620349884,3.7830471992492676,8.827101707458496,1,1
1451,0.2574053704738617,2.7374072074890137,0.9013165235519409,0.09431399405002594,4.346872329711914,8.604267120361328,1,1
1452,0.2583661377429962,3.3477590084075928,0.9094427824020386,0.05205128714442253,4.070466041564941,8.630940437316895,1,1
1453,0.34502312541007996,2.1541478633880615,0.8174769282341003,0.16125427186489105,3.7486422061920166,7.810586452484131,1,1
1454,0.28643599152565,3.3614377975463867,0.9372654557228088,0.05590604245662689,4.223722457885742,8.58687973022461,1,1
1455,0.28696364164352417,2.1222026348114014,0.8282709121704102,0.15476444363594055,3.6489570140838623,7.662925720214844,1,1
1456,0.3063620924949646,3.525120973587036,0.9296280145645142,0.04893314093351364,4.528187274932861,9.021064758300781,1,1
1457,0.2558000981807709,2.1112141609191895,0.8380252718925476,0.16864830255508423,3.757462501525879,7.758249759674072,1,1
1458,0.2230132818222046,2.9016904830932617,0.9395334720611572,0.07584647834300995,4.143044948577881,8.17546272277832,1,1
1459,0.21291838586330414,2.282684326171875,0.883245050907135,0.13606728613376617,3.699005365371704,7.779214859008789,1,1
1460,0.22095926105976105,3.65120267868042,0.9431983828544617,0.039730723947286606,4.231232166290283,9.17716121673584,1,1
1461,0.3174753487110138,1.6284117698669434,0.7994176149368286,0.24850749969482422,3.298675060272217,7.826188564300537,1,1
1462,0.29849016666412354,3.802307605743408,0.9685122966766357,0.035364940762519836,4.617966175079346,10.438803672790527,1,1
1463,0.2839677929878235,2.4560608863830566,0.8195271492004395,0.11579933762550354,3.9130544662475586,9.345208168029785,1,1
1464,0.21252065896987915,2.3469347953796387,0.9210864305496216,0.1339457631111145,3.9847817420959473,7.586819171905518,1,1
1465,0.22697457671165466,3.1233041286468506,0.9284165501594543,0.06459379196166992,4.1998515129089355,8.991859436035156,1,1
1466,0.28259584307670593,1.8621792793273926,0.8274059295654297,0.20015454292297363,3.607738733291626,7.892633438110352,1,1
1467,0.29663610458374023,3.5041375160217285,0.957973062992096,0.047780584543943405,4.242240905761719,8.971977233886719,1,1
1468,0.23129555583000183,2.76399564743042,0.8570374250411987,0.09117305278778076,4.166865825653076,8.422731399536133,1,1
1469,0.2517121434211731,2.181379556655884,0.8735967874526978,0.16525183618068695,3.7804830074310303,7.9031171798706055,1,1
1470,0.28313153982162476,3.6784920692443848,0.944216787815094,0.03782065585255623,4.084546089172363,8.38056755065918,1,1
1471,0.2951348125934601,2.345531940460205,0.8129499554634094,0.12734347581863403,4.1046295166015625,8.147427558898926,1,1
1472,0.20028376579284668,2.290971279144287,0.9376139640808105,0.1421043872833252,3.7796401977539062,8.27806282043457,1,1
1473,0.24251681566238403,3.484982967376709,0.9210497140884399,0.04690111055970192,4.293324947357178,9.590296745300293,1,1
1474,0.22443053126335144,2.6542906761169434,0.8625426888465881,0.09323066473007202,3.9403982162475586,7.751672267913818,1,1
1475,0.2145005464553833,2.357220411300659,0.9136413335800171,0.13526660203933716,3.9001846313476562,8.333479881286621,1,1
1476,0.23798513412475586,3.5406076908111572,0.9300320148468018,0.04570157825946808,4.483292579650879,8.962489128112793,1,1
1477,0.24976465106010437,2.474442481994629,0.8564807176589966,0.1127086877822876,4.174671649932861,8.087740898132324,1,1
1478,0.20420756936073303,2.9406323432922363,0.9271562695503235,0.07870281487703323,4.107532978057861,8.391910552978516,1,1
1479,0.2346993237733841,1.9757691621780396,0.8697566986083984,0.17652375996112823,3.8904266357421875,8.168351173400879,1,1
1480,0.32750415802001953,4.2642621994018555,0.9305846691131592,0.020836222916841507,4.73517370223999,10.17586898803711,1,1
1481,0.42115774750709534,0.9528135061264038,0.7181119918823242,0.44340136647224426,2.723702907562256,5.920497894287109,1,1
1482,0.7641245722770691,5.4739556312561035,0.988680899143219,0.0071701779961586,4.247954368591309,11.466584205627441,1,1
1483,1.1269855499267578,1.0276072025299072,0.4409620463848114,0.4107958972454071,2.7257156372070312,8.01193618774414,1,1
1484,0.6906188130378723,4.235136032104492,0.9796392321586609,0.02495477721095085,3.6536865234375,11.206559181213379,1,1
1485,0.7158622741699219,1.174134612083435,0.617506742477417,0.36568111181259155,2.3703558444976807,8.792781829833984,1,1
1486,0.6207261085510254,3.2009692192077637,0.9744921922683716,0.07229789346456528,3.6004574298858643,12.843314170837402,1,1
1487,0.4130767285823822,2.6142735481262207,0.7558248043060303,0.10507531464099884,3.3726119995117188,9.223965644836426,1,1
1488,0.32899802923202515,2.357922077178955,0.8710197806358337,0.13255318999290466,3.3154850006103516,8.479387283325195,1,1
1489,0.30625033378601074,2.8735268115997314,0.8964331150054932,0.08831988275051117,3.5278990268707275,8.083457946777344,1,1
1490,0.3154940605163574,2.36508846282959,0.8381661176681519,0.13589388132095337,3.4948227405548096,7.754069805145264,1,1
1491,0.28641027212142944,2.6056814193725586,0.9035384654998779,0.10537897795438766,3.609025001525879,8.551115989685059,1,1
1492,0.21592530608177185,2.9262466430664062,0.9153326153755188,0.0759500116109848,4.149738311767578,8.118056297302246,1,1
1493,0.2978907823562622,2.159027099609375,0.8273675441741943,0.1537242829799652,3.583254098892212,8.138782501220703,1,1
1494,0.287136435508728,2.623291254043579,0.9220845699310303,0.09948460012674332,3.6156747341156006,7.539243698120117,1,1
1495,0.24286366999149323,3.172870635986328,0.8997381925582886,0.05416743457317352,3.7729599475860596,7.830998420715332,1,1
1496,0.3150045573711395,1.6152877807617188,0.8077369928359985,0.25271546840667725,2.9411115646362305,5.909573554992676,1,1
1497,0.40751326084136963,3.6688144207000732,0.9585210084915161,0.03982070833444595,3.8212008476257324,8.219578742980957,1,1
1498,0.2872454822063446,2.973870038986206,0.8190264701843262,0.07284042239189148,3.886547565460205,8.930500030517578,1,1
1499,0.27529460191726685,1.7942728996276855,0.8479053974151611,0.2116624414920807,3.3908450603485107,7.175290584564209,1,1
1500,0.2718559503555298,2.791438102722168,0.9405912160873413,0.08107870817184448,3.973358154296875,8.956378936767578,1,1
1501,0.2540332078933716,2.8684122562408447,0.8675158619880676,0.08283058553934097,4.064453601837158,8.1668701171875,1,1
1502,0.27001529932022095,1.9333823919296265,0.8558453321456909,0.18911153078079224,3.6158254146575928,7.487934112548828,1,1
1503,0.24449646472930908,2.511582851409912,0.9323474168777466,0.11376828700304031,3.732257843017578,9.582474708557129,1,1
1504,0.24441201984882355,2.5162861347198486,0.8808214664459229,0.11244118213653564,3.999321699142456,8.319076538085938,1,1
1505,0.214064359664917,2.71779465675354,0.9065823554992676,0.09239152073860168,3.9865691661834717,9.138919830322266,1,1
1506,0.22762294113636017,2.688626289367676,0.9009307622909546,0.10122840106487274,4.305358409881592,8.419995307922363,1,1
1507,0.25664693117141724,2.9480350017547607,0.8862835168838501,0.07359908521175385,4.141224384307861,9.360311508178711,1,1
1508,0.22204965353012085,2.475472927093506,0.8942382335662842,0.11394542455673218,3.8013787269592285,7.319422245025635,1,1
1509,0.29108479619026184,2.7346911430358887,0.8820561766624451,0.09462238103151321,4.050386905670166,8.334554672241211,1,1
1510,0.19901804625988007,2.706183910369873,0.9050586223602295,0.09071748703718185,4.0464982986450195,8.886453628540039,1,1
1511,0.22287625074386597,2.6873927116394043,0.9035580158233643,0.09288480132818222,4.131349563598633,9.145370483398438,1,1
1512,0.24036888778209686,2.6843910217285156,0.8922542929649353,0.09420813620090485,4.25709342956543,8.097597122192383,1,1
1513,0.24111586809158325,3.030555486679077,0.9098063111305237,0.07237081229686737,4.400209903717041,8.709476470947266,1,1
1514,0.22511988878250122,2.093446731567383,0.8677490949630737,0.17538957297801971,3.864367723464966,8.574079513549805,1,1
1515,0.24379955232143402,3.4725003242492676,0.9465600252151489,0.05021197348833084,4.577011585235596,9.555736541748047,1,1
1516,0.27731186151504517,1.956252098083496,0.8198408484458923,0.18764285743236542,3.6230833530426025,8.43366527557373,1,1
1517,0.3058362603187561,3.4803290367126465,0.9460654258728027,0.05005370080471039,4.350762367248535,9.006593704223633,1,1
1518,0.24764810502529144,2.4910151958465576,0.8393155932426453,0.11949397623538971,4.039641380310059,8.460482597351074,1,1
1519,0.23569242656230927,2.734818696975708,0.9268805980682373,0.09732026606798172,4.083333492279053,9.229278564453125,1,1
1520,0.24244815111160278,2.57139253616333,0.8730008602142334,0.11228735744953156,4.115744590759277,7.90229606628418,1,1
1521,0.2830686867237091,3.661080837249756,0.9218640327453613,0.040180549025535583,4.470446586608887,8.597917556762695,1,1
1522,0.20764896273612976,2.1735687255859375,0.8580015301704407,0.15307828783988953,3.861340284347534,7.902865409851074,1,1
1523,0.2321571260690689,2.4957327842712402,0.9265093803405762,0.12108177691698074,4.021872043609619,8.364989280700684,1,1
1524,0.1985354870557785,2.9458608627319336,0.9110256433486938,0.07590106129646301,4.214935302734375,8.673457145690918,1,1
1525,0.24074527621269226,2.304412364959717,0.8738575577735901,0.1476285457611084,3.914137840270996,7.993671417236328,1,1
1526,0.25520774722099304,3.3814244270324707,0.9197941422462463,0.04759924113750458,4.5939412117004395,9.545703887939453,1,1
1527,0.2153167724609375,2.7159836292266846,0.894341230392456,0.10280945897102356,4.276395797729492,8.429322242736816,1,1
1528,0.2141382098197937,2.0217275619506836,0.8809401988983154,0.16640791296958923,3.5829250812530518,7.463891506195068,1,1
1529,0.23023423552513123,3.5608084201812744,0.9521962404251099,0.04492028057575226,4.529024600982666,8.95291519165039,1,1
1530,0.2598559260368347,2.4757468700408936,0.8403128981590271,0.12161885201931,4.101003646850586,8.906494140625,1,1
1531,0.23637287318706512,2.4555554389953613,0.9112551212310791,0.12963998317718506,3.8114049434661865,8.264822006225586,1,1
1532,0.2471453845500946,2.523909568786621,0.8982614278793335,0.12376715987920761,3.896519422531128,8.154335021972656,1,1
1533,0.20468318462371826,3.4263315200805664,0.935249924659729,0.04801597073674202,4.220262050628662,8.906426429748535,1,1
1534,0.2582329213619232,1.8093287944793701,0.8249446749687195,0.21929213404655457,3.705155611038208,6.987613677978516,1,1
1535,0.3370366096496582,3.7786245346069336,0.9651726484298706,0.03500903770327568,4.3564324378967285,9.457427978515625,1,1
1536,0.3269503712654114,1.7365970611572266,0.7765737175941467,0.22667661309242249,3.481058120727539,7.470918655395508,1,1
1537,0.2467782199382782,2.4113688468933105,0.9521006941795349,0.1324230134487152,4.0032453536987305,8.44978141784668,1,1
1538,0.2336343228816986,3.738943576812744,0.9216815829277039,0.03426919877529144,4.553854942321777,9.014962196350098,1,1
1539,0.2457771599292755,2.7327656745910645,0.8445156812667847,0.0961717888712883,4.228460788726807,9.191797256469727,1,1
1540,0.2154737412929535,2.219210386276245,0.8978991508483887,0.15023837983608246,3.877821922302246,7.928596019744873,1,1
1541,0.28602334856987,3.8211469650268555,0.9426490664482117,0.03564899414777756,4.232746124267578,10.061323165893555,1,1
1542,0.27997025847435,2.115866184234619,0.8074532747268677,0.16610784828662872,4.07118034362793,8.53128719329834,1,1
1543,0.3157089948654175,3.6983752250671387,0.9489988088607788,0.04181602969765663,4.421828746795654,9.78551197052002,1,1
1544,0.3615999221801758,1.8738598823547363,0.7772729396820068,0.20692740380764008,3.4963691234588623,9.188021659851074,1,1
1545,0.37447723746299744,3.1771087646484375,0.9402675032615662,0.06298565864562988,3.8556711673736572,8.813104629516602,1,1
1546,0.2887478768825531,2.4375829696655273,0.830230712890625,0.11840175092220306,3.994368076324463,7.816113471984863,1,1
1547,0.3391066789627075,2.4639434814453125,0.869809627532959,0.12858623266220093,3.914138078689575,9.190385818481445,1,1
1548,0.2339213788509369,3.2242281436920166,0.9249433279037476,0.06910058856010437,4.143232345581055,9.405658721923828,1,1
1549,0.302571177482605,1.920465111732483,0.8264591693878174,0.19425047934055328,3.8340165615081787,8.158557891845703,1,1
1550,0.22695481777191162,2.9086391925811768,0.9535813331604004,0.09096376597881317,4.248795509338379,8.35987377166748,1,1
1551,0.226265087723732,2.37772798538208,0.876567006111145,0.12539727985858917,3.943190336227417,8.05310344696045,1,1
1552,0.29902946949005127,2.6065025329589844,0.878501296043396,0.10463763028383255,3.7510571479797363,7.916206359863281,1,1
1553,0.22339248657226562,2.7348647117614746,0.9018197059631348,0.09512688219547272,4.14713716506958,8.929936408996582,1,1
1554,0.19811728596687317,3.513094663619995,0.9285852909088135,0.04336412996053696,4.576371669769287,10.104375839233398,1,1
1555,0.2697084844112396,1.653518557548523,0.8305985927581787,0.24405129253864288,3.5457963943481445,7.502391815185547,1,1
1556,0.3235718011856079,3.2841145992279053,0.9371639490127563,0.062394656240940094,4.316283226013184,8.525959014892578,1,1
1557,0.2866140902042389,2.452031135559082,0.830496609210968,0.12932288646697998,4.24406099319458,8.4219970703125,1,1
1558,0.21920210123062134,2.5022075176239014,0.9212401509284973,0.11450441926717758,4.005734443664551,8.64073371887207,1,1
1559,0.2109619826078415,2.766359329223633,0.9131870865821838,0.08807411044836044,4.224275588989258,8.562960624694824,1,1
1560,0.2893654704093933,3.1579768657684326,0.8737956285476685,0.06514717638492584,4.530632972717285,9.645383834838867,1,1
1561,0.225062757730484,2.4383718967437744,0.884250819683075,0.12286588549613953,4.023031234741211,8.26128101348877,1,1
1562,0.24234312772750854,2.434938907623291,0.9016205072402954,0.12255760282278061,4.2348504066467285,10.493512153625488,1,1
1563,0.23570546507835388,2.6541059017181396,0.8955434560775757,0.10542374104261398,4.570085048675537,10.157822608947754,1,1
1564,0.2514461278915405,3.1477081775665283,0.9044687151908875,0.06421510875225067,4.517566204071045,9.47607707977295,1,1
1565,0.20079752802848816,3.297438621520996,0.9132974147796631,0.050983741879463196,4.782047748565674,10.330976486206055,1,1
1566,0.27875080704689026,1.3272358179092407,0.8281283378601074,0.32747089862823486,3.2174575328826904,7.308155536651611,1,1
1567,0.4653793275356293,5.563931465148926,0.974469780921936,0.008802532218396664,4.691239356994629,12.074872016906738,1,1
1568,0.5283787846565247,1.3661482334136963,0.6663841009140015,0.3203105330467224,3.043193817138672,8.395180702209473,1,1
1569,0.5564545392990112,4.2195210456848145,0.9639909267425537,0.022708378732204437,4.27642297744751,8.927773475646973,1,1
1570,0.3986385464668274,2.2231781482696533,0.7442783117294312,0.15358670055866241,3.4550039768218994,7.444987773895264,1,1
1571,0.3090614080429077,2.6988778114318848,0.9051632285118103,0.10074913501739502,3.9412596225738525,9.011068344116211,1,1
1572,0.25742432475090027,3.2098939418792725,0.9067837595939636,0.06385064870119095,4.312211513519287,8.482148170471191,1,1
1573,0.29082047939300537,2.1078922748565674,0.8276278972625732,0.16319222748279572,3.6384353637695312,7.468991756439209,1,1
1574,0.34325385093688965,3.2327065467834473,0.9428670406341553,0.06416314840316772,4.163256645202637,8.800058364868164,1,1
1575,0.42740195989608765,1.5567317008972168,0.7342782020568848,0.2602524161338806,3.3170149326324463,6.641773700714111,1,1
1576,0.44691091775894165,4.040223121643066,0.9742671251296997,0.030000068247318268,4.239247798919678,9.851203918457031,1,1
1577,0.5070018768310547,1.6594853401184082,0.6903277039527893,0.2482333779335022,3.402937173843384,7.916460990905762,1,1
1578,0.32283779978752136,2.623401165008545,0.9452615976333618,0.1071249321103096,4.009637355804443,10.676606178283691,1,1
1579,0.27897125482559204,3.0069093704223633,0.8802372217178345,0.07174301147460938,4.143518924713135,10.190790176391602,1,1
1580,0.22598952054977417,2.961597204208374,0.8854638338088989,0.07583983242511749,4.17340087890625,8.154208183288574,1,1
1581,0.20015324652194977,2.686188220977783,0.9103848934173584,0.10234694927930832,4.066202640533447,8.62869930267334,1,1
1582,0.20750468969345093,2.767051935195923,0.9052913188934326,0.09408507496118546,4.219806671142578,8.625631332397461,1,1
1583,0.2458672821521759,2.415517568588257,0.889836311340332,0.12114160507917404,4.018739700317383,8.05739688873291,1,1
1584,0.2146981805562973,2.507401466369629,0.9086268544197083,0.12208127975463867,4.231433391571045,8.544699668884277,1,1
1585,0.20965945720672607,2.9827771186828613,0.9195333123207092,0.07588782161474228,4.28720235824585,9.671355247497559,1,1
1586,0.2930239737033844,2.2020761966705322,0.8452596664428711,0.14157983660697937,4.154599666595459,8.972536087036133,1,1
1587,0.2602996826171875,2.76932430267334,0.9308463335037231,0.0898420512676239,4.225910663604736,9.468244552612305,1,1
1588,0.19516029953956604,3.3495469093322754,0.9089652895927429,0.05501239001750946,4.607981204986572,9.900684356689453,1,1
1589,0.22490490972995758,2.39748477935791,0.8755429983139038,0.134405255317688,3.9345498085021973,8.044960975646973,1,1
1590,0.201996311545372,2.28434419631958,0.9137271642684937,0.14310891926288605,4.070057392120361,8.671279907226562,1,1
1591,0.21657103300094604,2.9523847103118896,0.9265561699867249,0.07795370370149612,4.580740451812744,8.953490257263184,1,1
1592,0.25007396936416626,2.0970892906188965,0.8588513135910034,0.16635370254516602,3.853419780731201,9.106629371643066,1,1
1593,0.27432259917259216,3.4309239387512207,0.944582462310791,0.048196159303188324,4.444580554962158,8.870981216430664,1,1
1594,0.2589259147644043,2.523270606994629,0.8362584710121155,0.11170168220996857,4.372990131378174,8.87489128112793,1,1
1595,0.2680869996547699,2.5151822566986084,0.9097704291343689,0.12275619804859161,4.230471134185791,8.864307403564453,1,1
1596,0.27101874351501465,2.5160253047943115,0.8753641843795776,0.11241225898265839,4.661019325256348,9.303284645080566,1,1
1597,0.23764047026634216,2.5208404064178467,0.8966296911239624,0.12212821841239929,4.128301620483398,8.750646591186523,1,1
1598,0.25245121121406555,2.971464157104492,0.9092351198196411,0.06981387734413147,4.3074235916137695,8.804622650146484,1,1
1599,0.26190346479415894,2.3545188903808594,0.8646724820137024,0.12788048386573792,4.209677696228027,9.179605484008789,1,1
1600,0.2777155637741089,3.5373597145080566,0.9123237133026123,0.046218059957027435,4.812727451324463,9.813131332397461,1,1
1601,0.2990211248397827,1.6797583103179932,0.8178026676177979,0.22300027310848236,3.5506956577301025,7.325028896331787,1,1
1602,0.3794351816177368,4.540987014770508,0.9670487642288208,0.017622176557779312,4.8533244132995605,11.088601112365723,1,1
1603,0.5807285308837891,0.7984405755996704,0.6523892879486084,0.50652676820755,2.03841495513916,5.312336444854736,1,1
1604,0.8595439791679382,5.741293907165527,0.9825623035430908,0.005633546970784664,4.425622940063477,14.151679992675781,1,1
1605,1.215577483177185,1.0885980129241943,0.4281970262527466,0.4185448884963989,2.3108081817626953,7.638361930847168,1,1
1606,0.7446480989456177,4.658142566680908,0.9695224761962891,0.024617960676550865,3.8901476860046387,15.264585494995117,1,1
1607,1.129766821861267,0.3934100866317749,0.5220136642456055,0.704087495803833,1.1987720727920532,2.817429542541504,1,1
1608,1.589294195175171,5.643575668334961,0.9943677186965942,0.007053890265524387,3.156881332397461,14.568471908569336,1,1
1609,1.5400936603546143,1.3938579559326172,0.381460964679718,0.30613943934440613,2.3956708908081055,5.552026271820068,1,1
1610,0.47480273246765137,1.7879157066345215,0.9051909446716309,0.2223406732082367,2.726687431335449,8.57492733001709,1,1
1611,0.4469536542892456,3.0834972858428955,0.8840007781982422,0.07341828942298889,3.092195749282837,9.112153053283691,1,1
1612,0.4923933148384094,1.6733653545379639,0.7311623096466064,0.2388717383146286,2.7519655227661133,6.805485248565674,1,1
1613,0.366815984249115,2.081047296524048,0.8963062763214111,0.16382835805416107,3.2757253646850586,7.882046699523926,1,1
1614,0.340032160282135,3.0548129081726074,0.9103695750236511,0.0653376430273056,3.476841449737549,7.173895359039307,1,1
1615,0.34955132007598877,2.2060706615448,0.7948808073997498,0.14459246397018433,3.093672275543213,6.884047985076904,1,1
1616,0.29305094480514526,1.8698318004608154,0.8862923383712769,0.19731470942497253,3.035902500152588,6.459980487823486,1,1
1617,0.38639065623283386,2.7830891609191895,0.8828701972961426,0.08635719120502472,3.5140957832336426,6.450653076171875,1,1
1618,0.30254507064819336,2.3393924236297607,0.8389989137649536,0.12573543190956116,3.372922658920288,6.524306297302246,1,1
1619,0.33543604612350464,2.1559317111968994,0.8666986227035522,0.15299473702907562,3.20821213722229,7.87633752822876,1,1
1620,0.3170194923877716,2.599391460418701,0.8893243074417114,0.10083343088626862,3.548834800720215,7.747186660766602,1,1
1621,0.30576878786087036,2.0006814002990723,0.8315518498420715,0.17696784436702728,3.1495954990386963,7.091575622558594,1,1
1622,0.34392300248146057,3.2982864379882812,0.917464017868042,0.051956795156002045,3.638685464859009,8.33487606048584,1,1
1623,0.38043880462646484,1.9689109325408936,0.773006796836853,0.18809539079666138,3.404195785522461,6.325019836425781,1,1
1624,0.3211132884025574,2.7872283458709717,0.9276823997497559,0.08992170542478561,3.6910057067871094,7.450358867645264,1,1
1625,0.2859029173851013,2.253492593765259,0.8412916660308838,0.1452520489692688,3.5974361896514893,7.1186652183532715,1,1
1626,0.30205047130584717,2.83394193649292,0.9103813171386719,0.07453271001577377,3.68819522857666,7.346792697906494,1,1
1627,0.32595521211624146,2.4281351566314697,0.8356034159660339,0.12185826152563095,3.4514808654785156,7.38011360168457,1,1
1628,0.30256548523902893,2.239366054534912,0.8727538585662842,0.13991355895996094,3.4915518760681152,7.312861919403076,1,1
1629,0.25167691707611084,2.6077821254730225,0.8978967666625977,0.10865524411201477,3.6709718704223633,7.371511936187744,1,1
1630,0.2843819260597229,2.57356333732605,0.8602532744407654,0.09995254874229431,3.7921478748321533,7.942107677459717,1,1
1631,0.2817348837852478,2.3613944053649902,0.8860735297203064,0.11998047679662704,3.551966667175293,6.999354839324951,1,1
1632,0.30620360374450684,2.4062001705169678,0.8615350127220154,0.12136325240135193,3.640578269958496,7.033699035644531,1,1
1633,0.2268083691596985,2.6709885597229004,0.9113812446594238,0.09479549527168274,3.887340545654297,7.530551433563232,1,1
1634,0.3058488667011261,2.1660265922546387,0.8517156839370728,0.14374634623527527,3.704557418823242,7.2330193519592285,1,1
1635,0.26809021830558777,3.1703710556030273,0.9101600646972656,0.06070266664028168,4.25143575668335,9.07285213470459,1,1
1636,0.26661503314971924,2.1846847534179688,0.8478373885154724,0.1583920121192932,3.643709182739258,7.430178165435791,1,1
1637,0.26841112971305847,2.1108269691467285,0.8993396759033203,0.16187487542629242,3.37296986579895,7.311404705047607,1,1
1638,0.2345903515815735,2.5855534076690674,0.9256870746612549,0.10185734927654266,3.679919958114624,8.394261360168457,1,1
1639,0.23133857548236847,2.068899154663086,0.862566351890564,0.16364291310310364,3.78041672706604,7.969151496887207,1,1
1640,0.24172711372375488,2.869691848754883,0.9281606674194336,0.0883580893278122,4.136967182159424,8.905426979064941,1,1
1641,0.24882712960243225,2.6065900325775146,0.8658736944198608,0.09938894957304001,4.0618181228637695,8.079387664794922,1,1
1642,0.2822418808937073,2.540961742401123,0.8935032486915588,0.10619621723890305,4.049145698547363,8.275677680969238,1,1
1643,0.2635565400123596,2.5007987022399902,0.8748407363891602,0.1062650978565216,4.153570175170898,8.522830963134766,1,1
1644,0.2752634882926941,2.5000996589660645,0.8887850046157837,0.11499154567718506,3.7831318378448486,7.701663494110107,1,1
1645,0.285900354385376,2.872974157333374,0.8860026597976685,0.07834621518850327,4.123737812042236,9.27425765991211,1,1
1646,0.24435213208198547,2.59281063079834,0.8767073154449463,0.10247190296649933,4.006070137023926,8.46694278717041,1,1
1647,0.2785477936267853,2.2990670204162598,0.8819981217384338,0.1354517638683319,4.074962615966797,8.771491050720215,1,1
1648,0.27031391859054565,2.6492080688476562,0.8941876888275146,0.10224597901105881,4.016895294189453,10.235121726989746,1,1
1649,0.22705653309822083,3.185957908630371,0.9087614417076111,0.06408484280109406,4.25475549697876,11.055103302001953,1,1
1650,0.24529697000980377,1.9811086654663086,0.8536186218261719,0.17870524525642395,3.580751419067383,7.145978927612305,1,1
1651,0.3121989071369171,3.3605761528015137,0.9303658604621887,0.051578108221292496,4.290698051452637,9.529732704162598,1,1
1652,0.2950342297554016,1.5744693279266357,0.8049713373184204,0.255388468503952,3.408905029296875,6.838773727416992,1,1
1653,0.3296520709991455,4.040802955627441,0.9771122932434082,0.02553461864590645,4.176761627197266,9.112061500549316,1,1
1654,0.417416512966156,1.5536253452301025,0.7295383214950562,0.26685822010040283,3.080991506576538,6.8886494636535645,1,1
1655,0.4078461229801178,2.9113616943359375,0.9308700561523438,0.08458192646503448,3.749922275543213,7.966633319854736,1,1
1656,0.28506946563720703,2.555110216140747,0.8380004167556763,0.1071058139204979,4.067843437194824,8.825183868408203,1,1
1657,0.23882272839546204,2.199103355407715,0.8986756205558777,0.14457689225673676,3.8252623081207275,8.684836387634277,1,1
1658,0.25516632199287415,2.58310604095459,0.9099949598312378,0.11593203246593475,4.090214729309082,7.9936370849609375,1,1
1659,0.2841115891933441,2.4911417961120605,0.8604057431221008,0.11633002012968063,3.717862844467163,7.6808085441589355,1,1
1660,0.2674122452735901,2.6202001571655273,0.8848707675933838,0.10284343361854553,4.137976169586182,8.532943725585938,1,1
1661,0.23416437208652496,2.236316680908203,0.8889657258987427,0.14776115119457245,3.6129770278930664,8.022448539733887,1,1
1662,0.23929667472839355,2.639936923980713,0.9038615822792053,0.10620476305484772,4.208996295928955,8.658843040466309,1,1
1663,0.2083372175693512,2.693188190460205,0.8978984355926514,0.10135336965322495,4.259835243225098,8.980751037597656,1,1
1664,0.2685031592845917,3.056548595428467,0.900227427482605,0.06277427822351456,4.354963779449463,8.367228507995605,1,1
1665,0.21629539132118225,2.7223496437072754,0.8877441883087158,0.08740505576133728,4.342498779296875,8.398754119873047,1,1
1666,0.23778976500034332,2.1373133659362793,0.8848451972007751,0.16989275813102722,3.6548638343811035,7.020602703094482,1,1
1667,0.2169133722782135,3.2402071952819824,0.9391766786575317,0.05953444913029671,4.542079925537109,9.994872093200684,1,1
1668,0.2532319724559784,1.8097732067108154,0.837611198425293,0.20780044794082642,3.725715160369873,8.19044017791748,1,1
1669,0.3245161473751068,4.19340705871582,0.9618738889694214,0.023859607055783272,4.403470993041992,9.149911880493164,1,1
1670,0.564626932144165,0.7810001373291016,0.66129070520401,0.5054327249526978,2.318173885345459,5.092894554138184,1,1
1671,0.8591287136077881,5.186513423919678,0.9837350249290466,0.009338725358247757,3.9063830375671387,11.667765617370605,1,1
1672,1.0828825235366821,1.626373291015625,0.4636787176132202,0.24058382213115692,3.2416346073150635,8.939223289489746,1,1
1673,0.48670828342437744,2.813502311706543,0.9545058608055115,0.09796569496393204,3.60194993019104,9.599708557128906,1,1
1674,0.3697611689567566,2.5661661624908447,0.8072838187217712,0.11951705813407898,3.7047016620635986,8.226581573486328,1,1
1675,0.3704073429107666,1.97609281539917,0.8522516489028931,0.19713008403778076,3.3841185569763184,7.0904998779296875,1,1
1676,0.39735984802246094,2.998960494995117,0.8983520269393921,0.07762366533279419,3.701174259185791,9.404573440551758,1,1
1677,0.3611410856246948,2.0655670166015625,0.7832134962081909,0.17530880868434906,3.323760986328125,7.54291296005249,1,1
1678,0.3702096939086914,2.3482115268707275,0.8867078423500061,0.1363651305437088,3.707285165786743,8.766173362731934,1,1
1679,0.3964281678199768,2.4884696006774902,0.842336893081665,0.11255413293838501,3.4839372634887695,7.672311782836914,1,1
1680,0.27695444226264954,2.131087303161621,0.8553742170333862,0.16778028011322021,3.378683567047119,6.926872730255127,1,1
1681,0.3159750998020172,2.5631048679351807,0.8963898420333862,0.10988534241914749,3.7371981143951416,8.415014266967773,1,1
1682,0.3039270043373108,2.244617223739624,0.839680016040802,0.13504751026630402,3.458101749420166,7.926558971405029,1,1
1683,0.2968617081642151,2.9702301025390625,0.9171821475028992,0.07924039661884308,4.129166126251221,9.048364639282227,1,1
1684,0.2889496684074402,2.4347479343414307,0.8376591205596924,0.12026526033878326,3.940941095352173,8.394376754760742,1,1
1685,0.26319420337677,2.894151210784912,0.9204196929931641,0.08110587298870087,4.060914516448975,8.140619277954102,1,1
1686,0.3247132897377014,2.414673089981079,0.8412507176399231,0.128878653049469,3.742189407348633,7.583949565887451,1,1
1687,0.25829747319221497,2.9401583671569824,0.907940149307251,0.07580059766769409,4.248745441436768,8.79368782043457,1,1
1688,0.3383854031562805,1.9664380550384521,0.8256518244743347,0.18783167004585266,3.626286029815674,7.275513648986816,1,1
1689,0.3027970492839813,2.948378562927246,0.9134013056755066,0.07170556485652924,4.018697738647461,8.67258358001709,1,1
1690,0.24337345361709595,2.4736433029174805,0.8768041729927063,0.11145159602165222,3.877073049545288,8.113523483276367,1,1
1691,0.30181169509887695,2.8693294525146484,0.877439022064209,0.08070532977581024,4.123778343200684,8.163164138793945,1,1
1692,0.22211922705173492,3.323953628540039,0.9166074991226196,0.05184177681803703,4.136954307556152,8.699186325073242,1,1
1693,0.30269649624824524,1.5748679637908936,0.8172789812088013,0.26027733087539673,3.193880796432495,6.808975696563721,1,1
1694,0.3984089493751526,3.503821849822998,0.9343271851539612,0.04510057717561722,4.292408466339111,8.914901733398438,1,1
1695,0.35210999846458435,1.8561513423919678,0.7689740657806396,0.21309491991996765,3.4618606567382812,7.384866714477539,1,1
1696,0.3557969629764557,3.539715528488159,0.9526863098144531,0.044574711471796036,4.052713871002197,9.656804084777832,1,1
1697,0.2792358696460724,2.6697402000427246,0.8188716769218445,0.10003043711185455,3.787092447280884,7.6468987464904785,1,1
1698,0.2589365839958191,2.4700746536254883,0.8938609957695007,0.12039346992969513,3.8806514739990234,8.922120094299316,1,1
1699,0.2766369581222534,2.382542133331299,0.8904553651809692,0.1315983235836029,3.855064868927002,7.457427024841309,1,1
1700,0.24433010816574097,2.6281800270080566,0.8879773020744324,0.10300347208976746,4.118002414703369,8.586094856262207,1,1
1701,0.20323172211647034,3.1213085651397705,0.9220288991928101,0.06413362920284271,4.063899040222168,9.135077476501465,1,1
1702,0.2775364816188812,1.8205746412277222,0.8432079553604126,0.21762973070144653,3.5224030017852783,7.385669231414795,1,1
1703,0.32760339975357056,3.3257973194122314,0.9314180612564087,0.05211687088012695,4.1460652351379395,8.874757766723633,1,1
1704,0.33126816153526306,1.8401381969451904,0.7874781489372253,0.21417683362960815,3.370905637741089,7.029398441314697,1,1
1705,0.28136539459228516,3.2517480850219727,0.9524449110031128,0.05557667836546898,4.427340030670166,9.060893058776855,1,1
1706,0.285687655210495,2.6681442260742188,0.8476400375366211,0.09977647662162781,3.963409423828125,8.32136058807373,1,1
1707,0.29009515047073364,2.8139560222625732,0.8902126550674438,0.0853586196899414,4.132663726806641,8.80335807800293,1,1
1708,0.2914508581161499,1.9557149410247803,0.8464047908782959,0.19127511978149414,3.580503463745117,7.792777061462402,1,1
1709,0.3105594515800476,3.7119011878967285,0.9446409940719604,0.034935738891363144,4.382542610168457,9.37370491027832,1,1
1710,0.4306350350379944,1.301727056503296,0.7316084504127502,0.3358086943626404,2.923248767852783,7.777162075042725,1,1
1711,0.4992886483669281,3.7255499362945557,0.9695134162902832,0.03582551330327988,4.450732231140137,9.4805269241333,1,1
1712,0.40357187390327454,2.300264358520508,0.7333505153656006,0.1409933865070343,3.7312357425689697,7.952267646789551,1,1
1713,0.2788206934928894,1.9888432025909424,0.8935975432395935,0.17641285061836243,3.5469534397125244,7.3363542556762695,1,1
1714,0.28947335481643677,3.3555541038513184,0.9410130381584167,0.05054343119263649,3.9853007793426514,9.547599792480469,1,1
1715,0.3196675181388855,2.048673629760742,0.797325074672699,0.17534813284873962,3.701667547225952,8.025952339172363,1,1
1716,0.30268165469169617,2.897475004196167,0.93897545337677,0.07763593643903732,4.168656826019287,9.711874008178711,1,1
1717,0.31557774543762207,2.2576398849487305,0.8271627426147461,0.1443946361541748,3.8310933113098145,8.111062049865723,1,1
1718,0.30128568410873413,2.0806005001068115,0.8668701648712158,0.16980236768722534,3.5857431888580322,8.394948959350586,1,1
1719,0.2181171327829361,2.5426387786865234,0.9171598553657532,0.1055319607257843,3.891587734222412,8.897126197814941,1,1
1720,0.2774919271469116,2.792933464050293,0.8878158926963806,0.0924413800239563,4.2710795402526855,8.637669563293457,1,1
1721,0.20968027412891388,2.4738247394561768,0.8985354900360107,0.12247933447360992,4.00829553604126,9.245677947998047,1,1
1722,0.2583162784576416,2.990865468978882,0.8893983364105225,0.070956289768219,4.35515832901001,10.017037391662598,1,1
1723,0.23741436004638672,2.411695718765259,0.8897093534469604,0.12835454940795898,3.9003164768218994,10.152277946472168,1,1
1724,0.272043913602829,2.894394636154175,0.898043155670166,0.07420869916677475,4.3185715675354,10.265290260314941,1,1
1725,0.24383175373077393,2.6636767387390137,0.8762854337692261,0.09944452345371246,4.166099548339844,8.868731498718262,1,1
1726,0.21763348579406738,3.234187126159668,0.9228043556213379,0.05655018985271454,4.782215118408203,9.144804000854492,1,1
1727,0.25845253467559814,2.791444778442383,0.8642357587814331,0.08650819212198257,4.276250839233398,10.437177658081055,1,1
1728,0.2237202525138855,2.469951629638672,0.9077845811843872,0.12010721117258072,3.8438706398010254,8.088568687438965,1,1
1729,0.2120818942785263,2.1626882553100586,0.8869332075119019,0.15092957019805908,4.147610664367676,8.456255912780762,1,1
1730,0.26298683881759644,3.4772262573242188,0.9382783770561218,0.04819105938076973,4.300478935241699,8.98203182220459,1,1
1731,0.34013116359710693,1.285128116607666,0.777940034866333,0.33434319496154785,2.9665122032165527,6.599649906158447,1,1
1732,0.45330965518951416,4.447094917297363,0.9719691872596741,0.017537850886583328,4.447978973388672,9.107502937316895,1,1
1733,0.5902711153030396,1.0381278991699219,0.6482259631156921,0.4092841148376465,2.805800199508667,6.5816450119018555,1,1
1734,0.6358024477958679,4.146303176879883,0.9698560237884521,0.025369592010974884,4.3541178703308105,9.920232772827148,1,1
1735,0.4285382032394409,2.20760440826416,0.719288170337677,0.15046051144599915,3.74187970161438,8.120786666870117,1,1
1736,0.28332316875457764,2.114528179168701,0.8861124515533447,0.16591206192970276,3.6344542503356934,7.716983795166016,1,1
1737,0.3218972384929657,3.351381540298462,0.9496484994888306,0.057190533727407455,4.0709228515625,8.679332733154297,1,1
1738,0.32603421807289124,2.327514410018921,0.7797226905822754,0.13247498869895935,3.6613690853118896,8.353437423706055,1,1
1739,0.26629793643951416,2.781291961669922,0.9357834458351135,0.09253585338592529,4.195709228515625,8.22732925415039,1,1
1740,0.26400044560432434,2.3565094470977783,0.85848069190979,0.1257646083831787,4.176479816436768,8.224839210510254,1,1
1741,0.2548389732837677,3.0451571941375732,0.9211826920509338,0.06868451088666916,4.13824462890625,8.431928634643555,1,1
1742,0.32108888030052185,1.7900593280792236,0.8072317242622375,0.21034154295921326,3.5719029903411865,7.847571849822998,1,1
1743,0.3179367780685425,3.190272808074951,0.9327583312988281,0.0620838925242424,4.250053405761719,9.108698844909668,1,1
1744,0.2613733410835266,2.3334052562713623,0.8550177812576294,0.12778618931770325,4.071019172668457,7.892661094665527,1,1
1745,0.2758304178714752,2.3252358436584473,0.8747323751449585,0.14306627213954926,3.96809458732605,7.957854747772217,1,1
1746,0.28252363204956055,3.1368045806884766,0.9135974645614624,0.06650853157043457,4.68627405166626,10.024639129638672,1,1
1747,0.3331092596054077,1.6426782608032227,0.8061926364898682,0.23989185690879822,3.5350356101989746,7.8938069343566895,1,1
1748,0.3160739243030548,3.655515670776367,0.9713139533996582,0.035100653767585754,4.196043491363525,10.49699878692627,1,1
1749,0.22850055992603302,2.7218618392944336,0.8420175313949585,0.09588883817195892,4.220376491546631,8.596405029296875,1,1
1750,0.22668345272541046,2.046461582183838,0.8928781747817993,0.171652153134346,3.615323305130005,8.579987525939941,1,1
1751,0.21451009809970856,2.695836305618286,0.9332537651062012,0.09753405302762985,4.134865760803223,8.671810150146484,1,1
1752,0.21535035967826843,3.0856504440307617,0.8981355428695679,0.07458913326263428,4.643796443939209,9.020169258117676,1,1
1753,0.31750649213790894,1.6617648601531982,0.8160899877548218,0.235957071185112,3.655092239379883,6.918833255767822,1,1
1754,0.4647136330604553,4.446638107299805,0.948764443397522,0.019072607159614563,4.692642688751221,9.13219165802002,1,1
1755,0.4029706120491028,1.9134163856506348,0.7346943616867065,0.19054895639419556,3.7376041412353516,8.049047470092773,1,1
1756,0.3562120199203491,2.5793676376342773,0.9182252883911133,0.10483679175376892,3.9463298320770264,7.998841762542725,1,1
1757,0.2901855707168579,2.246427297592163,0.8508820533752441,0.13818931579589844,4.096041202545166,8.636983871459961,1,1
1758,0.2549799084663391,3.231815814971924,0.9287217855453491,0.06168782338500023,4.178808689117432,9.484122276306152,1,1
1759,0.2810107469558716,1.9576058387756348,0.8304438591003418,0.19232892990112305,3.5848169326782227,7.88810396194458,1,1
1760,0.2520037889480591,2.4378583431243896,0.8970311880111694,0.12114512920379639,4.10868501663208,8.457194328308105,1,1
1761,0.29057836532592773,3.7609786987304688,0.928613007068634,0.03687978908419609,4.491819858551025,10.762812614440918,1,1
1762,0.30326980352401733,1.9268221855163574,0.8048977851867676,0.20241376757621765,3.6234378814697266,7.765567302703857,1,1
1763,0.3452208936214447,3.202089309692383,0.9370779395103455,0.056808240711688995,4.261198997497559,9.345488548278809,1,1
1764,0.3548412322998047,1.7504178285598755,0.7858074903488159,0.21707074344158173,3.489629030227661,7.8033671379089355,1,1
1765,0.30458253622055054,2.965527057647705,0.9345724582672119,0.07785598933696747,4.733785152435303,8.880367279052734,1,1
1766,0.29180747270584106,2.587440252304077,0.8524421453475952,0.10854893922805786,4.2010908126831055,9.167976379394531,1,1
1767,0.19921457767486572,2.4717068672180176,0.9049861431121826,0.121405228972435,3.9514033794403076,7.799867153167725,1,1
1768,0.24336789548397064,2.814314842224121,0.8986693024635315,0.0947125032544136,4.150201320648193,9.536111831665039,1,1
1769,0.2133426070213318,2.7969722747802734,0.9050034284591675,0.09614706039428711,4.0572285652160645,9.417963027954102,1,1
1770,0.20599773526191711,3.2889833450317383,0.9214872121810913,0.054182231426239014,4.669124126434326,9.9401216506958,1,1
1771,0.3313209116458893,1.2369097471237183,0.7861297726631165,0.3403143286705017,3.245171308517456,6.679001808166504,1,1
1772,0.5216993689537048,4.626580715179443,0.9783297777175903,0.015648212283849716,4.676428318023682,10.764311790466309,1,1
1773,0.5675724148750305,1.5485174655914307,0.6511492133140564,0.27123400568962097,3.0804827213287354,6.8832173347473145,1,1
1774,0.3929722011089325,2.6349363327026367,0.9503225088119507,0.10290156304836273,3.7092926502227783,8.456169128417969,1,1
1775,0.3208075165748596,3.1590986251831055,0.8632606267929077,0.06703536212444305,3.9004969596862793,8.853898048400879,1,1
1776,0.3440166711807251,2.2413249015808105,0.8099839091300964,0.14492034912109375,4.060932159423828,9.040453910827637,1,1
1777,0.2802730202674866,2.626095771789551,0.919171929359436,0.09840375185012817,3.8004400730133057,9.489173889160156,1,1
1778,0.257530152797699,2.554741621017456,0.8742860555648804,0.11281569302082062,4.023576736450195,9.246342658996582,1,1
1779,0.19151486456394196,2.733799695968628,0.9149807095527649,0.09615182876586914,4.217261791229248,9.259638786315918,1,1
1780,0.30099499225616455,1.5707666873931885,0.831412136554718,0.25069940090179443,3.579223394393921,7.632106304168701,1,1
1781,0.33692488074302673,2.903728485107422,0.948961615562439,0.07535380125045776,4.065634727478027,8.00983715057373,1,1
1782,0.327567994594574,2.302593231201172,0.7975504398345947,0.14013032615184784,4.115819931030273,8.549098014831543,1,1
1783,0.22713932394981384,3.2215471267700195,0.9523413181304932,0.063643679022789,4.504948139190674,10.423834800720215,1,1
1784,0.2383490800857544,2.4030048847198486,0.8570589423179626,0.12264714390039444,4.204919815063477,8.950154304504395,1,1
1785,0.22063134610652924,2.6997556686401367,0.918500542640686,0.09630843251943588,4.175479412078857,9.087751388549805,1,1
1786,0.2488413155078888,2.286240816116333,0.8695147633552551,0.14039872586727142,4.135076522827148,8.427522659301758,1,1
1787,0.26721397042274475,2.978271007537842,0.9287080764770508,0.07077956199645996,4.318470478057861,9.579076766967773,1,1
1788,0.2842586934566498,2.1953423023223877,0.8302959203720093,0.1571560651063919,4.170595645904541,8.619331359863281,1,1
1789,0.2535249590873718,2.8736844062805176,0.9391735196113586,0.08482886850833893,4.175160884857178,9.026520729064941,1,1
1790,0.29457831382751465,2.665743350982666,0.8600629568099976,0.09779595583677292,4.33403205871582,8.943561553955078,1,1
1791,0.2718270421028137,2.561251640319824,0.8954474925994873,0.10494677722454071,4.305636882781982,8.559208869934082,1,1
1792,0.2173531949520111,2.848313570022583,0.9076052904129028,0.08417312800884247,4.559146404266357,9.502581596374512,1,1
1793,0.24911175668239594,2.3241896629333496,0.8662786483764648,0.13994616270065308,4.067393779754639,8.990547180175781,1,1
1794,0.29212769865989685,3.1224794387817383,0.9184614419937134,0.0656358152627945,4.44763708114624,11.095149040222168,1,1
1795,0.23324549198150635,2.7801673412323,0.8688569068908691,0.0948510617017746,4.307643890380859,8.774822235107422,1,1
1796,0.19134777784347534,2.5490851402282715,0.9158852100372314,0.10548565536737442,4.306933879852295,10.536656379699707,1,1
1797,0.2117578387260437,2.713986873626709,0.9149525761604309,0.0923440009355545,4.562101364135742,8.782490730285645,1,1
1798,0.2651904225349426,2.5055184364318848,0.8728229999542236,0.11164538562297821,4.154670238494873,9.235395431518555,1,1
1799,0.2216470092535019,2.5861921310424805,0.9131457805633545,0.10992880910634995,4.406031608581543,9.197959899902344,1,1
1800,0.20395654439926147,3.1045544147491455,0.9211606383323669,0.0649198442697525,4.667029857635498,9.751359939575195,1,1
1801,0.2035176306962967,2.3329989910125732,0.8859755396842957,0.1353309452533722,4.080153465270996,8.59893798828125,1,1
1802,0.2038707733154297,2.4481101036071777,0.9221388101577759,0.1256045550107956,4.343303203582764,9.70014476776123,1,1
1803,0.19837763905525208,3.2001850605010986,0.9251147508621216,0.06250409781932831,4.815248012542725,9.920268058776855,1,1
1804,0.31337594985961914,1.172532558441162,0.8141285181045532,0.369259774684906,3.131418466567993,8.084999084472656,1,1
1805,0.565245509147644,6.792759895324707,0.9733058214187622,0.0020699575543403625,4.857875347137451,10.914775848388672,1,1
1806,2.0349345207214355,0.15030881762504578,0.26104116439819336,0.8704850673675537,0.5748327970504761,1.409327507019043,1,1
1807,2.309638500213623,8.102400779724121,0.9965844750404358,0.0005701510235667229,2.922239303588867,12.384913444519043,1,1
1808,3.834007501602173,0.9667283296585083,0.10257278382778168,0.4565955400466919,1.6188287734985352,5.7039971351623535,1,1
1809,1.151595950126648,3.278165340423584,0.9255548715591431,0.06933124363422394,2.861348867416382,9.381431579589844,1,1
1810,0.7116304636001587,1.8429114818572998,0.6708409786224365,0.22209113836288452,2.109330415725708,6.181596755981445,1,1
1811,0.49765685200691223,1.4309704303741455,0.7985559701919556,0.30317679047584534,1.9979761838912964,4.914837837219238,1,1
1812,0.6414389610290527,2.9904627799987793,0.8686004877090454,0.07629577070474625,2.4654386043548584,7.032917499542236,1,1
1813,0.6794804334640503,0.8866366147994995,0.6260232329368591,0.4785093069076538,1.5870124101638794,3.6445815563201904,1,1
1814,0.8589734435081482,3.5356853008270264,0.9429693222045898,0.050151411443948746,2.586960792541504,5.629266738891602,1,1
1815,0.7252718210220337,1.8459763526916504,0.6123465299606323,0.2059302031993866,2.2151951789855957,5.734212875366211,1,1
1816,0.4361899495124817,1.308257818222046,0.8403091430664062,0.3203781247138977,1.9888147115707397,4.6807074546813965,1,1
1817,0.626640796661377,3.392519235610962,0.9237061738967896,0.05072136968374252,2.736003875732422,6.178418159484863,1,1
1818,0.7257377505302429,1.5509653091430664,0.6025021076202393,0.25806641578674316,2.242587089538574,4.834090709686279,1,1
1819,0.4590052664279938,1.618368148803711,0.8848876953125,0.24664711952209473,2.1037776470184326,5.364936828613281,1,1
1820,0.47986072301864624,2.380967617034912,0.8665563464164734,0.1323658525943756,2.5360536575317383,6.911984443664551,1,1
1821,0.579025387763977,1.3355176448822021,0.6829067468643188,0.3189511299133301,2.0689713954925537,4.974331855773926,1,1
1822,0.5197601914405823,2.6536176204681396,0.9212501049041748,0.09825879335403442,2.682222843170166,5.937366962432861,1,1
1823,0.4662249982357025,2.0601725578308105,0.7456867694854736,0.17263174057006836,2.340534210205078,5.804233551025391,1,1
1824,0.44721728563308716,1.6194641590118408,0.8154491186141968,0.2453484684228897,2.1230833530426025,4.6423845291137695,1,1
1825,0.46720364689826965,2.516171932220459,0.8647221922874451,0.11621519923210144,2.709584951400757,5.9042887687683105,1,1
1826,0.5446247458457947,1.7574669122695923,0.7445745468139648,0.21189691126346588,2.435288190841675,4.9916815757751465,1,1
1827,0.5024192929267883,1.9118530750274658,0.8168294429779053,0.19160833954811096,2.4619228839874268,5.3855671882629395,1,1
1828,0.402218759059906,2.640796184539795,0.8766181468963623,0.09665575623512268,2.617332696914673,5.639898300170898,1,1
1829,0.49130648374557495,1.712343692779541,0.7433756589889526,0.219320148229599,2.5407896041870117,5.474161624908447,1,1
1830,0.4094594717025757,2.4183926582336426,0.8974759578704834,0.12318960577249527,2.888024091720581,6.065003395080566,1,1
1831,0.42474400997161865,2.1688246726989746,0.8089219927787781,0.14551009237766266,2.801398277282715,5.932160377502441,1,1
1832,0.39761996269226074,2.0334699153900146,0.8297921419143677,0.1663564145565033,2.880101442337036,6.0414018630981445,1,1
1833,0.368751585483551,2.256565570831299,0.8570698499679565,0.13977015018463135,2.8588523864746094,6.080288410186768,1,1
1834,0.41048330068588257,1.8547446727752686,0.8075443506240845,0.201378732919693,2.6692848205566406,5.740447998046875,1,1
1835,0.3617815673351288,2.910874843597412,0.9052002429962158,0.07707322388887405,2.9482710361480713,6.050714015960693,1,1
1836,0.4849138557910919,1.5541434288024902,0.7373046875,0.2678396701812744,2.317171812057495,5.46851921081543,1,1
1837,0.4959060251712799,2.854674816131592,0.9059883952140808,0.07844635844230652,2.902094602584839,6.698867321014404,1,1
1838,0.48092225193977356,1.4054512977600098,0.7148368954658508,0.29415827989578247,2.4177682399749756,4.948245525360107,1,1
1839,0.44126927852630615,2.610400676727295,0.9169317483901978,0.1038835346698761,3.1880619525909424,7.094695091247559,1,1
1840,0.38811221718788147,2.3064956665039062,0.7972444295883179,0.14013096690177917,2.9597437381744385,6.101513862609863,1,1
1841,0.3227555751800537,1.8792527914047241,0.8522291779518127,0.19818992912769318,2.78664231300354,6.456017971038818,1,1
1842,0.386810839176178,1.9566597938537598,0.8610360026359558,0.1871737241744995,2.822385311126709,6.600722789764404,1,1
1843,0.3294173777103424,2.75819730758667,0.870994508266449,0.08051970601081848,3.339362859725952,7.278365612030029,1,1
1844,0.32529881596565247,2.170790195465088,0.8352686762809753,0.15155011415481567,2.839038610458374,5.9993672370910645,1,1
1845,0.40994924306869507,2.0330886840820312,0.84369957447052,0.16550472378730774,2.9483742713928223,6.325257778167725,1,1
1846,0.3752564787864685,1.9319980144500732,0.8309794664382935,0.18975594639778137,3.0593297481536865,5.85844087600708,1,1
1847,0.3505805730819702,2.3585991859436035,0.8779984712600708,0.12782719731330872,2.9965696334838867,6.456892013549805,1,1
1848,0.3256758451461792,2.9900596141815186,0.8725998401641846,0.07403264194726944,3.4086220264434814,7.174910068511963,1,1
1849,0.4431800842285156,1.6020472049713135,0.7618601322174072,0.25828319787979126,2.642960786819458,5.5030341148376465,1,1
1850,0.4624306261539459,2.933189630508423,0.9233191013336182,0.0743902325630188,3.4715311527252197,7.666448593139648,1,1
1851,0.3430640697479248,2.3980112075805664,0.801616907119751,0.1186048835515976,3.253784656524658,7.061717510223389,1,1
1852,0.3685380816459656,1.3105151653289795,0.8085259795188904,0.32405728101730347,2.6930158138275146,5.427796363830566,1,1
1853,0.4482261538505554,3.611349582672119,0.9512337446212769,0.03895092010498047,3.4105935096740723,7.47944974899292,1,1
1854,0.46851933002471924,1.8145049810409546,0.7125531435012817,0.205396831035614,3.0480892658233643,6.6231584548950195,1,1
1855,0.3965578079223633,2.537313461303711,0.9135274291038513,0.11054015159606934,3.436105728149414,7.1052374839782715,1,1
1856,0.3416660726070404,2.479757785797119,0.8313729763031006,0.11277037858963013,3.3820528984069824,7.313007354736328,1,1
1857,0.3477698266506195,2.1950042247772217,0.8443067073822021,0.14864960312843323,3.091712713241577,6.972800254821777,1,1
1858,0.3210587799549103,2.2602202892303467,0.8660417795181274,0.14351481199264526,3.148725748062134,6.989541053771973,1,1
1859,0.3399572968482971,2.474628448486328,0.855959415435791,0.11767140030860901,3.475210666656494,7.474118709564209,1,1
1860,0.3376099765300751,2.738861560821533,0.8739136457443237,0.09307007491588593,3.6611857414245605,7.863347053527832,1,1
1861,0.3670002520084381,2.1998510360717773,0.8261868953704834,0.14460963010787964,3.4983417987823486,7.263034343719482,1,1
1862,0.3325904607772827,2.1896252632141113,0.8616142868995667,0.15128740668296814,3.3617794513702393,7.056848526000977,1,1
1863,0.3104632496833801,2.8168997764587402,0.9028652906417847,0.07864554226398468,3.437471866607666,7.63468074798584,1,1
1864,0.3991246819496155,1.6439330577850342,0.7687840461730957,0.24679027497768402,2.7771215438842773,6.036407470703125,1,1
1865,0.4253399968147278,3.0408549308776855,0.9142234325408936,0.07007254660129547,3.474411964416504,8.348370552062988,1,1
1866,0.3845597505569458,1.8446383476257324,0.771990954875946,0.20857620239257812,3.1681084632873535,7.314421653747559,1,1
1867,0.37169551849365234,3.2136082649230957,0.9344275593757629,0.063707634806633,3.5004611015319824,8.497472763061523,1,1
1868,0.4996458888053894,1.2793922424316406,0.6910613775253296,0.33352869749069214,2.7159464359283447,6.900070667266846,1,1
1869,0.5810216665267944,3.1947498321533203,0.9622529745101929,0.06332729756832123,3.4504387378692627,9.304980278015137,1,1
1870,0.4128018021583557,2.3269197940826416,0.7437257766723633,0.1288551688194275,3.556025505065918,10.894887924194336,1,1
1871,0.2983120083808899,2.1471757888793945,0.8863668441772461,0.16004252433776855,3.1439285278320312,7.140600681304932,1,1
1872,0.32696565985679626,2.928712844848633,0.9015237092971802,0.07372330129146576,3.6074023246765137,7.90035343170166,1,1
1873,0.36668717861175537,1.6987932920455933,0.7920408248901367,0.22269071638584137,3.1892175674438477,6.302313327789307,1,1
1874,0.3513009250164032,2.134838104248047,0.8862681984901428,0.15834927558898926,3.631135940551758,7.741269111633301,1,1
1875,0.27855655550956726,3.03094744682312,0.9014323949813843,0.07404497265815735,3.6507813930511475,7.674747943878174,1,1
1876,0.33891773223876953,1.623748540878296,0.7863668203353882,0.25609326362609863,3.118664264678955,6.3945136070251465,1,1
1877,0.4089932441711426,3.652430295944214,0.9522534608840942,0.04006629064679146,3.9137234687805176,8.062931060791016,1,1
1878,0.4215329885482788,1.8342132568359375,0.7400190830230713,0.2053041160106659,3.167762041091919,6.749958515167236,1,1
1879,0.32339680194854736,2.2191321849823,0.9096724987030029,0.14305955171585083,3.48515248298645,7.197184085845947,1,1
1880,0.30524829030036926,3.429746627807617,0.9117985367774963,0.049053046852350235,3.9522006511688232,8.420367240905762,1,1
1881,0.39104530215263367,1.998600959777832,0.770684003829956,0.1776476800441742,3.399928092956543,8.09386920928955,1,1
1882,0.2841244339942932,2.5978057384490967,0.9392858743667603,0.10209750384092331,3.7390666007995605,7.412019729614258,1,1
1883,0.30192744731903076,2.3935184478759766,0.8595647215843201,0.11656007170677185,3.695371150970459,7.760209083557129,1,1
1884,0.3150968551635742,2.1257050037384033,0.8570196032524109,0.15550947189331055,3.5224485397338867,7.601951599121094,1,1
1885,0.300569623708725,2.777665615081787,0.8913565874099731,0.08815434575080872,3.9125919342041016,7.866145133972168,1,1
1886,0.33791303634643555,1.4524707794189453,0.8032940626144409,0.27837875485420227,3.09635329246521,6.948797702789307,1,1
1887,0.43290892243385315,3.708261013031006,0.9519945383071899,0.03639853000640869,4.503780841827393,9.193692207336426,1,1
1888,0.6200805902481079,1.0278834104537964,0.6277410387992859,0.4235406517982483,2.466040849685669,5.32865571975708,1,1
1889,0.6942657232284546,3.44543719291687,0.9668949842453003,0.04803575575351715,3.702590227127075,8.544305801391602,1,1
1890,0.42168253660202026,2.8133671283721924,0.7375173568725586,0.08812755346298218,3.732125759124756,9.295186042785645,1,1
1891,0.3445565402507782,1.4188801050186157,0.8142538666725159,0.3014999032020569,2.8124771118164062,6.395681381225586,1,1
1892,0.46320080757141113,3.4523422718048096,0.9562157392501831,0.05005732178688049,4.173244953155518,8.85145378112793,1,1
1893,0.5020708441734314,1.7993061542510986,0.6775940656661987,0.21821525692939758,3.0343785285949707,7.683215141296387,1,1
1894,0.4059510827064514,2.655831813812256,0.9433498382568359,0.10444153845310211,3.8448503017425537,8.581053733825684,1,1
1895,0.34172603487968445,2.4591166973114014,0.8170998096466064,0.11709810793399811,3.7473044395446777,7.81901741027832,1,1
1896,0.28440988063812256,2.673842191696167,0.8774567246437073,0.09285767376422882,3.819744825363159,8.8037748336792,1,1
1897,0.24385879933834076,2.313310384750366,0.8915460109710693,0.13223505020141602,3.8231911659240723,8.239588737487793,1,1
1898,0.361295610666275,2.706449031829834,0.8668971657752991,0.09209190309047699,4.272329330444336,8.438719749450684,1,1
1899,0.2795961797237396,2.136591672897339,0.8484091758728027,0.16013842821121216,3.8382506370544434,8.223624229431152,1,1
1900,0.25957489013671875,2.7076504230499268,0.9115469455718994,0.10065990686416626,4.255374908447266,8.262328147888184,1,1
1901,0.27892619371414185,2.850480079650879,0.8854854106903076,0.09040118753910065,4.170080661773682,8.3710355758667,1,1
1902,0.2361871898174286,2.7266783714294434,0.8825486898422241,0.09035737812519073,3.99592661857605,8.522364616394043,1,1
1903,0.28466740250587463,2.3670010566711426,0.8654676675796509,0.13100078701972961,4.189233303070068,8.493517875671387,1,1
1904,0.2635263204574585,2.674933671951294,0.9090133905410767,0.09428761899471283,4.168806076049805,8.769290924072266,1,1
1905,0.3043271005153656,2.195702075958252,0.836724042892456,0.15788644552230835,4.027770519256592,7.8905181884765625,1,1
1906,0.32165253162384033,3.0336203575134277,0.9187667369842529,0.07033266127109528,4.571409225463867,9.525557518005371,1,1
1907,0.26377058029174805,2.818624496459961,0.8589719533920288,0.08827121555805206,4.087412357330322,8.632638931274414,1,1
1908,0.297646701335907,1.9972889423370361,0.858561635017395,0.17902003228664398,3.7323741912841797,9.02830982208252,1,1
1909,0.29325127601623535,3.1194069385528564,0.9346064925193787,0.06544961780309677,4.340934753417969,8.941362380981445,1,1
1910,0.3866388201713562,1.6442363262176514,0.7628598213195801,0.2393006980419159,3.3099112510681152,7.2626566886901855,1,1
1911,0.4676434397697449,3.9128777980804443,0.958808183670044,0.032692618668079376,4.268022537231445,9.248825073242188,1,1
1912,0.48658591508865356,1.819749355316162,0.6921385526657104,0.21160101890563965,3.6225664615631104,8.537200927734375,1,1
1913,0.34691014885902405,2.54227352142334,0.9445552229881287,0.11620879918336868,3.8929965496063232,7.954463005065918,1,1
1914,0.3067547678947449,3.390141248703003,0.8963629007339478,0.04978084936738014,4.039228916168213,9.406410217285156,1,1
1915,0.3701687753200531,1.9770523309707642,0.7635830044746399,0.17914271354675293,3.396320104598999,7.14245080947876,1,1
1916,0.25177377462387085,2.433901786804199,0.9581754207611084,0.12118798494338989,3.6997079849243164,7.808113098144531,1,1
1917,0.2390965223312378,3.077387809753418,0.9074074029922485,0.05956064164638519,4.336757183074951,9.11313533782959,1,1
1918,0.2662562429904938,2.6240499019622803,0.8447551727294922,0.1045699194073677,4.375006198883057,8.74647331237793,1,1
1919,0.2571762204170227,2.096440076828003,0.882567286491394,0.1710992157459259,3.6840672492980957,7.577420711517334,1,1
1920,0.3585832118988037,1.9983680248260498,0.8669946789741516,0.17894089221954346,3.5715200901031494,7.586437702178955,1,1
1921,0.294144868850708,3.0258750915527344,0.9042370319366455,0.07230221480131149,4.1328253746032715,8.975500106811523,1,1
1922,0.27565884590148926,2.4590587615966797,0.8430945873260498,0.12112189829349518,4.217121124267578,8.586158752441406,1,1
1923,0.251034140586853,2.4747276306152344,0.9023792743682861,0.11502432078123093,4.236104965209961,8.506314277648926,1,1
1924,0.30593377351760864,3.448911666870117,0.8998290300369263,0.04969627037644386,4.512864112854004,9.340182304382324,1,1
1925,0.3301669657230377,1.7458515167236328,0.7946033477783203,0.22133170068264008,3.5318028926849365,8.522560119628906,1,1
1926,0.37491917610168457,3.677107095718384,0.9431841373443604,0.0371730700135231,4.570806980133057,10.511541366577148,1,1
1927,0.3661566972732544,2.055602550506592,0.7663144469261169,0.18282872438430786,3.9244790077209473,8.265649795532227,1,1
1928,0.30262964963912964,2.7374181747436523,0.9378844499588013,0.09591126441955566,4.10474157333374,9.494943618774414,1,1
1929,0.2894561290740967,2.5497024059295654,0.840959370136261,0.11338923871517181,4.185453414916992,8.727082252502441,1,1
1930,0.3526003956794739,2.3375844955444336,0.8615358471870422,0.13107925653457642,4.202459812164307,9.309167861938477,1,1
1931,0.2754167318344116,2.972717761993408,0.9055639505386353,0.08221960067749023,4.142553329467773,9.368156433105469,1,1
1932,0.29792845249176025,2.292956829071045,0.8539601564407349,0.13272613286972046,4.136915683746338,8.288871765136719,1,1
1933,0.26182591915130615,2.6912569999694824,0.9022325277328491,0.09371711313724518,4.33315372467041,9.272412300109863,1,1
1934,0.28228941559791565,2.4203360080718994,0.8611804246902466,0.12207277864217758,4.218566417694092,9.3872652053833,1,1
1935,0.2616173326969147,3.1034162044525146,0.9237134456634521,0.06980384886264801,4.289180755615234,9.50913143157959,1,1
1936,0.28036659955978394,2.3175644874572754,0.8496429920196533,0.14095379412174225,3.9282283782958984,7.83314323425293,1,1
1937,0.28201091289520264,2.920396089553833,0.89689040184021,0.07319509983062744,4.342988014221191,9.490538597106934,1,1
1938,0.21896015107631683,2.142925262451172,0.871685266494751,0.1600838303565979,4.248937129974365,8.408886909484863,1,1
1939,0.32590726017951965,3.7442336082458496,0.9185264110565186,0.037855468690395355,4.957835674285889,10.83434772491455,1,1
1940,0.27517232298851013,2.15651798248291,0.8306647539138794,0.15449047088623047,3.8144278526306152,8.76126480102539,1,1
1941,0.33359190821647644,3.0026421546936035,0.8988088369369507,0.07456635683774948,4.601797580718994,10.68950366973877,1,1
1942,0.278775155544281,1.9760899543762207,0.8447742462158203,0.18142764270305634,3.995331287384033,9.858599662780762,1,1
1943,0.2955799102783203,3.278031349182129,0.9315109252929688,0.05878164619207382,4.592249393463135,10.031721115112305,1,1
1944,0.30325615406036377,2.2541744709014893,0.8202722072601318,0.14230802655220032,3.9422802925109863,8.67101764678955,1,1
1945,0.2717295289039612,2.368553876876831,0.9093265533447266,0.12229129672050476,4.361111164093018,10.137500762939453,1,1
1946,0.30151376128196716,1.991084098815918,0.8557642102241516,0.18779131770133972,3.73398494720459,8.154115676879883,1,1
1947,0.28264087438583374,3.3648297786712646,0.9308288097381592,0.05376511812210083,4.575428485870361,11.108077049255371,1,1
1948,0.2825130522251129,2.1171553134918213,0.83024001121521,0.17088377475738525,3.8981213569641113,9.075750350952148,1,1
1949,0.2810593843460083,3.1228103637695312,0.9227959513664246,0.07282694429159164,4.871552467346191,9.159116744995117,1,1
1950,0.2517125904560089,2.357949733734131,0.8501748442649841,0.12920311093330383,4.335360050201416,9.208600044250488,1,1
1951,0.31144168972969055,3.0508463382720947,0.917460560798645,0.0705217570066452,4.611125469207764,9.32999324798584,1,1
1952,0.29223495721817017,2.0309066772460938,0.8250463008880615,0.17775148153305054,4.264021396636963,9.494343757629395,1,1
1953,0.31439679861068726,3.0886034965515137,0.9366061091423035,0.06952963769435883,4.3754072189331055,10.339876174926758,1,1
1954,0.32343560457229614,1.8364149332046509,0.8021135330200195,0.20499199628829956,3.9298408031463623,10.30721664428711,1,1
1955,0.30212539434432983,3.0888893604278564,0.9298514127731323,0.0730237066745758,4.621504306793213,9.648616790771484,1,1
1956,0.222804456949234,2.499521493911743,0.8681039810180664,0.11989249289035797,4.408263683319092,8.772065162658691,1,1
1957,0.31745442748069763,2.6504104137420654,0.883296549320221,0.10612268000841141,4.438270568847656,9.052081108093262,1,1
1958,0.2785387635231018,2.8132052421569824,0.8842581510543823,0.08880849182605743,4.516238212585449,9.432161331176758,1,1
1959,0.22874335944652557,2.617255687713623,0.8830828070640564,0.09787642955780029,4.274784088134766,9.440961837768555,1,1
1960,0.2284984141588211,3.1051745414733887,0.9264786243438721,0.06633275747299194,4.731083869934082,9.968457221984863,1,1
1961,0.2174350917339325,3.036661148071289,0.8967336416244507,0.07194383442401886,4.730559349060059,9.985886573791504,1,1
1962,0.27848580479621887,1.392179250717163,0.8353927731513977,0.3137671947479248,3.346984624862671,6.562167644500732,1,1
1963,0.3161994516849518,3.7886834144592285,0.969295859336853,0.03209424763917923,5.003373146057129,10.376441955566406,1,1
1964,0.2911871075630188,2.6416289806365967,0.8100327253341675,0.09979607164859772,4.584667205810547,9.212608337402344,1,1
1965,0.23372314870357513,2.02945876121521,0.9028369188308716,0.17008018493652344,3.934109926223755,8.531292915344238,1,1
1966,0.26698651909828186,3.338599443435669,0.9299030303955078,0.05107595771551132,4.5113396644592285,9.912784576416016,1,1
1967,0.289816677570343,2.7222511768341064,0.8405985832214355,0.0971168801188469,4.470127582550049,9.212363243103027,1,1
1968,0.3518981337547302,1.5533561706542969,0.8267594575881958,0.2683418095111847,3.772033214569092,7.768584251403809,1,1
1969,0.4565993845462799,4.6610798835754395,0.9527437090873718,0.01724877394735813,5.033664703369141,10.802793502807617,1,1
1970,0.7838782668113708,0.7875220775604248,0.5678298473358154,0.5279132127761841,2.1996562480926514,5.229689121246338,1,1
1971,0.9578768014907837,6.48670768737793,0.9777804613113403,0.0035040630027651787,3.922905206680298,13.651697158813477,1,1
1972,2.313345193862915,0.30812111496925354,0.2007322609424591,0.7639064192771912,1.1211148500442505,3.7364025115966797,1,1
1973,1.8355166912078857,7.899913787841797,0.9949656128883362,0.0013743832241743803,4.035769939422607,17.333410263061523,1,1
1974,3.53066086769104,0.47056591510772705,0.14780066907405853,0.6786521077156067,1.1102354526519775,3.159228563308716,1,1
1975,1.3531416654586792,2.8054559230804443,0.9733814597129822,0.10678262263536453,2.8322670459747314,9.031989097595215,1,1
1976,0.7604396939277649,2.896831512451172,0.6692596077919006,0.08760950714349747,2.404484272003174,7.8081464767456055,1,1
1977,0.5421764850616455,1.2675487995147705,0.7359979152679443,0.35845947265625,1.9098201990127563,4.74704122543335,1,1
1978,0.588451623916626,2.3745992183685303,0.9165170192718506,0.14432169497013092,2.457937479019165,7.469913959503174,1,1
1979,0.6106075048446655,1.4719653129577637,0.6790359616279602,0.301675021648407,2.0664494037628174,5.089049816131592,1,1
1980,0.515293538570404,2.217195510864258,0.8937810659408569,0.16187632083892822,2.2373101711273193,5.333744525909424,1,1
1981,0.464454710483551,1.9523969888687134,0.7625464200973511,0.18987098336219788,2.4544553756713867,5.722701072692871,1,1
1982,0.4832465648651123,1.9458541870117188,0.8297150731086731,0.19593653082847595,2.3643908500671387,5.550848007202148,1,1
1983,0.416553258895874,1.898234248161316,0.8266947865486145,0.1909957379102707,2.4601449966430664,6.094662189483643,1,1
1984,0.37734490633010864,2.4126875400543213,0.8776323795318604,0.11585240811109543,2.82873797416687,6.295866966247559,1,1
1985,0.5248543620109558,1.529430627822876,0.7364384531974792,0.2660428583621979,2.163938283920288,5.156577110290527,1,1
1986,0.4642165005207062,2.1406571865081787,0.8828376531600952,0.14941711723804474,2.691314935684204,6.85671854019165,1,1
1987,0.4950028657913208,1.9082956314086914,0.761002779006958,0.1910930871963501,2.531946897506714,5.41364049911499,1,1
1988,0.3940539062023163,1.9154421091079712,0.8489528894424438,0.18604695796966553,2.552517890930176,5.861310005187988,1,1
1989,0.3627966344356537,1.9817074537277222,0.8439388275146484,0.18237949907779694,2.6745591163635254,5.659111022949219,1,1
1990,0.4287777543067932,2.000692367553711,0.8222901821136475,0.18245764076709747,2.6563608646392822,5.752912521362305,1,1
1991,0.37642741203308105,2.1018548011779785,0.8515558242797852,0.16126498579978943,2.648305654525757,5.436020851135254,1,1
1992,0.39836013317108154,2.010852336883545,0.8239774703979492,0.16735097765922546,2.6822073459625244,5.541297912597656,1,1
1993,0.47381484508514404,1.6770975589752197,0.8062484264373779,0.2222072184085846,2.363398790359497,5.573721885681152,1,1
1994,0.4325176775455475,2.623148202896118,0.8634669780731201,0.10380677133798599,3.072754383087158,6.998973369598389,1,1
1995,0.4750247299671173,1.3578104972839355,0.7450209856033325,0.31166282296180725,2.238044500350952,5.274155139923096,1,1
1996,0.5089535713195801,2.96043062210083,0.901767373085022,0.07044804096221924,3.3862926959991455,7.061446189880371,1,1
1997,0.5472438335418701,1.391601324081421,0.6848365664482117,0.2968754470348358,2.268281936645508,5.438349723815918,1,1
1998,0.5363353490829468,2.922996997833252,0.9189307689666748,0.06795352697372437,3.112361431121826,7.341555595397949,1,1
1999,0.482024610042572,1.8321404457092285,0.736363410949707,0.2009042203426361,2.6750619411468506,5.610788345336914,1,1
2000,0.3385515511035919,1.9162191152572632,0.8701321482658386,0.18940392136573792,2.9865612983703613,6.526512145996094,1,1
2001,0.4080110192298889,2.3979225158691406,0.8616197109222412,0.12694001197814941,3.334584951400757,7.133869171142578,1,1
2002,0.32785072922706604,2.0483837127685547,0.8316497206687927,0.16718754172325134,2.9791042804718018,6.649133682250977,1,1
2003,0.36371177434921265,1.7760086059570312,0.8510861992835999,0.2161066085100174,2.816150426864624,5.894467830657959,1,1
2004,0.4411886930465698,3.3416714668273926,0.899095892906189,0.053850047290325165,3.816391944885254,7.565837860107422,1,1
2005,0.6120147109031677,1.0260424613952637,0.637234628200531,0.41672301292419434,2.434056043624878,4.750434875488281,1,1
2006,0.7501786947250366,3.441460132598877,0.9591003060340881,0.049984026700258255,3.242734909057617,7.030304431915283,1,1
2007,0.5510696768760681,2.022817611694336,0.6596013307571411,0.17317549884319305,2.983471393585205,6.9165778160095215,1,1
2008,0.4144102931022644,1.5993804931640625,0.8458142280578613,0.25029322504997253,2.748408555984497,6.327982425689697,1,1
2009,0.44228026270866394,3.140951633453369,0.9211592674255371,0.0634123682975769,3.52242374420166,7.924683570861816,1,1
2010,0.588508665561676,1.3906564712524414,0.6434097290039062,0.2856341600418091,2.6349241733551025,5.906765460968018,1,1
2011,0.41234397888183594,2.1147592067718506,0.9498052000999451,0.15734410285949707,3.1985061168670654,6.760087490081787,1,1
2012,0.34814485907554626,2.6133992671966553,0.8533965945243835,0.09446178376674652,3.23408579826355,6.937793254852295,1,1
2013,0.39114677906036377,2.0471014976501465,0.779321551322937,0.17779865860939026,3.374516248703003,7.03790283203125,1,1
2014,0.32495546340942383,2.1106104850769043,0.9017816781997681,0.15210877358913422,3.331728458404541,7.34609842300415,1,1
2015,0.4438091516494751,2.9533791542053223,0.858910083770752,0.07457464188337326,3.6793534755706787,7.927353858947754,1,1
2016,0.4325382113456726,1.7361204624176025,0.7424721717834473,0.23027384281158447,3.0479536056518555,5.99240779876709,1,1
2017,0.39958906173706055,2.649812936782837,0.9294040203094482,0.10160113871097565,3.713102102279663,7.670380592346191,1,1
2018,0.3246634006500244,2.374298572540283,0.8257275819778442,0.1232997253537178,3.3320624828338623,7.4795145988464355,1,1
2019,0.3954073190689087,1.7189198732376099,0.8127516508102417,0.2229396402835846,2.9463374614715576,6.291571140289307,1,1
2020,0.29435670375823975,2.6807565689086914,0.9227536916732788,0.0970463901758194,3.9185924530029297,7.832310199737549,1,1
2021,0.29499322175979614,2.6046557426452637,0.8602281808853149,0.10395058989524841,3.5026023387908936,7.812259674072266,1,1
2022,0.3481775224208832,1.8225094079971313,0.8158155679702759,0.21530106663703918,3.1020331382751465,6.240530490875244,1,1
2023,0.43603700399398804,2.7206897735595703,0.894720196723938,0.10169665515422821,3.6307928562164307,8.833402633666992,1,1
2024,0.3491469919681549,2.3238048553466797,0.8085744976997375,0.14959949254989624,3.358968496322632,7.550871849060059,1,1
2025,0.31410497426986694,3.0231447219848633,0.9011603593826294,0.07058283686637878,3.8425028324127197,8.278732299804688,1,1
2026,0.3624117970466614,1.6957085132598877,0.8009169101715088,0.23990756273269653,3.0893547534942627,6.615006446838379,1,1
2027,0.40113773941993713,3.0850977897644043,0.9146021604537964,0.06871646642684937,3.922053575515747,7.775723934173584,1,1
2028,0.3805820643901825,1.7859933376312256,0.7641328573226929,0.21979691088199615,3.3772616386413574,7.400044918060303,1,1
2029,0.3752894401550293,2.200408697128296,0.9127272963523865,0.1551460325717926,3.2976951599121094,7.25868034362793,1,1
2030,0.3777105212211609,2.569213628768921,0.8434085249900818,0.10700558125972748,3.5504071712493896,8.026152610778809,1,1
2031,0.28360116481781006,2.2127556800842285,0.848284125328064,0.14128392934799194,3.572261333465576,7.7227783203125,1,1
2032,0.32253193855285645,2.5869195461273193,0.8863686919212341,0.09652078151702881,4.017994403839111,8.680898666381836,1,1
2033,0.31678661704063416,2.3664755821228027,0.8555209040641785,0.1278495490550995,3.655583143234253,7.5308146476745605,1,1
2034,0.2935791611671448,2.3554458618164062,0.874181866645813,0.14199230074882507,3.610645055770874,7.453368663787842,1,1
2035,0.31689953804016113,2.368447780609131,0.8726382851600647,0.13014258444309235,3.730393886566162,7.899678707122803,1,1
2036,0.33668720722198486,1.7361711263656616,0.8355836272239685,0.22514265775680542,3.2710936069488525,6.902278423309326,1,1
2037,0.274261474609375,2.702204465866089,0.9166098237037659,0.09611925482749939,3.904752731323242,8.794391632080078,1,1
2038,0.2923421859741211,2.3139426708221436,0.8497817516326904,0.13484784960746765,3.8510735034942627,9.53939151763916,1,1
2039,0.32036757469177246,2.1588058471679688,0.8628628253936768,0.15422821044921875,3.8092377185821533,8.08627700805664,1,1
2040,0.27224200963974,3.3499860763549805,0.9247515201568604,0.05021611601114273,4.007577896118164,9.10252857208252,1,1
2041,0.3491833508014679,1.5392687320709229,0.7714188098907471,0.26422277092933655,3.161113977432251,6.885846138000488,1,1
2042,0.47393709421157837,4.263826370239258,0.967257022857666,0.02465800940990448,4.124408721923828,9.006704330444336,1,1
2043,0.5299909114837646,1.5714839696884155,0.673425018787384,0.26957932114601135,3.039586305618286,6.512217044830322,1,1
2044,0.37628668546676636,2.5105319023132324,0.9558649659156799,0.1146714836359024,3.6915013790130615,8.267245292663574,1,1
2045,0.3116985857486725,2.6908621788024902,0.8496788144111633,0.10143259167671204,3.812382221221924,8.474770545959473,1,1
2046,0.2734711766242981,2.266937732696533,0.8605297803878784,0.14038877189159393,3.532829761505127,7.463327884674072,1,1
2047,0.26948386430740356,2.1683249473571777,0.8902164697647095,0.1532280445098877,3.7090706825256348,8.03258991241455,1,1
2048,0.33350804448127747,2.406775951385498,0.8675063848495483,0.12290523946285248,3.8017942905426025,8.13835334777832,1,1
2049,0.2453356683254242,2.870723009109497,0.9047476053237915,0.07748816907405853,3.853447437286377,8.40916633605957,1,1
2050,0.29494568705558777,2.293442726135254,0.8378480672836304,0.14514973759651184,3.743821144104004,8.081962585449219,1,1
2051,0.30244749784469604,3.2364280223846436,0.9310201406478882,0.05710203945636749,4.296303749084473,8.70235538482666,1,1
2052,0.27702564001083374,2.1590754985809326,0.8233524560928345,0.1520778238773346,3.882467746734619,7.825871467590332,1,1
2053,0.21746748685836792,2.455571174621582,0.9390044212341309,0.11608967185020447,3.9098663330078125,8.21566104888916,1,1
2054,0.30340683460235596,2.3242783546447754,0.8553186655044556,0.13959690928459167,3.9547598361968994,8.212635040283203,1,1
2055,0.25974446535110474,2.4447970390319824,0.8933144807815552,0.1222040206193924,4.271707057952881,8.006685256958008,1,1
2056,0.26680511236190796,2.6010794639587402,0.8955844640731812,0.10981303453445435,4.07651424407959,8.611726760864258,1,1
2057,0.2569350004196167,2.6027345657348633,0.8668501973152161,0.10833649337291718,4.300131797790527,8.455450057983398,1,1
2058,0.31538116931915283,2.148808002471924,0.8576277494430542,0.16096359491348267,4.077267646789551,8.01360034942627,1,1
2059,0.33842867612838745,2.3269524574279785,0.8820353746414185,0.1407032310962677,3.674260139465332,7.690086364746094,1,1
2060,0.25886696577072144,1.9858832359313965,0.8677167892456055,0.17925262451171875,3.6341712474823,7.757238864898682,1,1
2061,0.34000110626220703,3.472219467163086,0.9031030535697937,0.04392135143280029,4.443563461303711,9.495079040527344,1,1
2062,0.3706952631473541,1.4126689434051514,0.7628730535507202,0.3088621497154236,3.2142174243927,7.285381317138672,1,1
2063,0.4484895169734955,3.4363584518432617,0.9550585150718689,0.04527480900287628,4.724601745605469,10.097379684448242,1,1
2064,0.4461856186389923,1.4104280471801758,0.7174230813980103,0.2937690019607544,3.283851146697998,7.557579040527344,1,1
2065,0.38558217883110046,3.2231507301330566,0.9604140520095825,0.05974595621228218,4.81614351272583,10.509234428405762,1,1
2066,0.3908369839191437,1.6939096450805664,0.760443925857544,0.2275983840227127,3.424329996109009,7.9892683029174805,1,1
2067,0.33029723167419434,2.600770950317383,0.9258139133453369,0.11045081168413162,4.079732894897461,8.52126407623291,1,1
2068,0.295442134141922,2.565122604370117,0.8498910665512085,0.12791229784488678,4.080409049987793,9.15182876586914,1,1
2069,0.29177233576774597,2.2282028198242188,0.8669118285179138,0.1468631476163864,3.757772922515869,8.976941108703613,1,1
2070,0.34073302149772644,2.312394380569458,0.8700065612792969,0.13828006386756897,4.336406707763672,8.939371109008789,1,1
2071,0.24158380925655365,2.297791004180908,0.8819764852523804,0.14646446704864502,4.472639083862305,9.494291305541992,1,1
2072,0.2614271342754364,3.2324106693267822,0.9214112758636475,0.059355419129133224,4.71015739440918,9.217020034790039,1,1
2073,0.36887991428375244,1.6472766399383545,0.7753324508666992,0.24867242574691772,3.425975799560547,6.925012111663818,1,1
2074,0.45817095041275024,3.9578843116760254,0.9571367502212524,0.02856561541557312,4.853508949279785,10.942216873168945,1,1
2075,0.5055475831031799,1.4319705963134766,0.6830322742462158,0.30478596687316895,3.3247227668762207,7.820874214172363,1,1
2076,0.39183181524276733,2.564023494720459,0.9653469324111938,0.10772552341222763,4.069581985473633,10.091130256652832,1,1
2077,0.25142791867256165,3.213660717010498,0.879098117351532,0.05875854939222336,4.325268268585205,9.5287446975708,1,1
2078,0.3950410485267639,1.5843144655227661,0.7570037245750427,0.2548685669898987,3.403392791748047,8.094549179077148,1,1
2079,0.4171757996082306,3.0386977195739746,0.9500383138656616,0.0682993233203888,4.517226219177246,8.942633628845215,1,1
2080,0.4504909813404083,1.6461985111236572,0.7317671775817871,0.2453269362449646,3.4799611568450928,7.368587017059326,1,1
2081,0.4429508149623871,3.0520615577697754,0.9152154922485352,0.07556883990764618,4.330062389373779,9.604823112487793,1,1
2082,0.38905614614486694,2.204732894897461,0.7708413600921631,0.15422874689102173,4.0040459632873535,9.085049629211426,1,1
2083,0.3256494402885437,2.6865835189819336,0.9186506271362305,0.09269706159830093,4.168631553649902,10.818695068359375,1,1
2084,0.2888373136520386,2.1386194229125977,0.8391126394271851,0.1651555299758911,3.931802749633789,8.148478507995605,1,1
2085,0.2688213884830475,2.2323646545410156,0.8968760967254639,0.14281490445137024,3.832366943359375,9.417763710021973,1,1
2086,0.25699812173843384,2.1170132160186768,0.8870570659637451,0.1709490716457367,3.9260571002960205,7.990812301635742,1,1
2087,0.33893507719039917,2.517887592315674,0.8504190444946289,0.11686304211616516,4.306885242462158,9.426840782165527,1,1
2088,0.2209801971912384,2.4859933853149414,0.9060766100883484,0.11681994795799255,4.156948089599609,9.534300804138184,1,1
2089,0.21164429187774658,2.8643434047698975,0.9145306348800659,0.07933443784713745,4.523815155029297,9.051273345947266,1,1
2090,0.2856304347515106,3.0914063453674316,0.8771457076072693,0.06517334282398224,4.993072509765625,10.418742179870605,1,1
2091,0.2977663278579712,1.9460269212722778,0.8309493064880371,0.1913928985595703,3.9740500450134277,8.279555320739746,1,1
2092,0.2598598301410675,3.503279209136963,0.9639097452163696,0.04977879673242569,4.693136215209961,10.25129508972168,1,1
2093,0.41136038303375244,1.7421422004699707,0.7632883787155151,0.2256871610879898,3.945992946624756,9.992350578308105,1,1
2094,0.29832667112350464,2.8091647624969482,0.9588645696640015,0.0860159695148468,4.402873992919922,9.065594673156738,1,1
2095,0.26767778396606445,2.5134260654449463,0.8443186283111572,0.11749120056629181,4.053096771240234,8.67247200012207,1,1
2096,0.2997593879699707,1.9259922504425049,0.8578699827194214,0.19483304023742676,3.8479878902435303,8.251995086669922,1,1
2097,0.31498897075653076,4.008313179016113,0.9517154693603516,0.030648507177829742,4.934657096862793,10.48255729675293,1,1
2098,0.37786629796028137,1.849488377571106,0.7567287087440491,0.19449079036712646,3.8197124004364014,8.4918794631958,1,1
2099,0.341821551322937,3.0788636207580566,0.9367533922195435,0.0669902041554451,4.730094909667969,10.238224983215332,1,1
2100,0.24608510732650757,2.6926894187927246,0.8509290218353271,0.09789128601551056,4.5422282218933105,9.164807319641113,1,1
2101,0.25365149974823,2.435304641723633,0.9046081304550171,0.12024207413196564,4.372396945953369,8.931413650512695,1,1
2102,0.24394479393959045,2.6068315505981445,0.892164945602417,0.10151209682226181,4.430304527282715,9.135212898254395,1,1
2103,0.24921977519989014,2.603524684906006,0.8888566493988037,0.10768702626228333,4.801308631896973,10.220046997070312,1,1
2104,0.2991596460342407,2.5906903743743896,0.8753849267959595,0.10452213883399963,4.301774501800537,8.584208488464355,1,1
2105,0.27606385946273804,2.1085004806518555,0.8594658374786377,0.16506385803222656,4.190497875213623,8.708069801330566,1,1
2106,0.46016114950180054,3.738931894302368,0.8871540427207947,0.03563165292143822,5.157332420349121,10.99143123626709,1,1
2107,0.42798322439193726,1.4168882369995117,0.7216920852661133,0.29692548513412476,3.5409250259399414,7.2686662673950195,1,1
2108,0.5058176517486572,3.6149802207946777,0.9529853463172913,0.04166930168867111,4.834939002990723,11.010547637939453,1,1
2109,0.4400040805339813,1.9614753723144531,0.7150572538375854,0.19099664688110352,3.7305245399475098,7.940664768218994,1,1
2110,0.2795993685722351,2.645573616027832,0.9535347819328308,0.10774226486682892,4.644955158233643,10.714410781860352,1,1
2111,0.30854523181915283,3.1940133571624756,0.8869976997375488,0.06479077786207199,4.6254496574401855,10.115381240844727,1,1
2112,0.31421560049057007,1.9807028770446777,0.814354419708252,0.19183939695358276,4.029937267303467,7.918205261230469,1,1
2113,0.3212071657180786,2.9609780311584473,0.9169921875,0.07410287111997604,4.634629249572754,9.37047004699707,1,1
2114,0.3889486491680145,2.093106746673584,0.786346971988678,0.16529923677444458,3.8537962436676025,8.757366180419922,1,1
2115,0.27859869599342346,3.008143901824951,0.940481424331665,0.0736784040927887,4.612353324890137,10.175725936889648,1,1
2116,0.2916301488876343,2.3711330890655518,0.8409346342086792,0.13022422790527344,4.203031063079834,9.072269439697266,1,1
2117,0.2076268494129181,2.4771556854248047,0.9119843244552612,0.12883858382701874,4.203884601593018,9.166935920715332,1,1
2118,0.2836506962776184,1.921410083770752,0.8576710224151611,0.19363513588905334,3.8071448802948,7.96747350692749,1,1
2119,0.3801417648792267,4.066608428955078,0.943636953830719,0.024273592978715897,4.740837097167969,10.038869857788086,1,1
2120,0.6709972620010376,0.7021307349205017,0.6140187978744507,0.5416741371154785,2.1493144035339355,5.00642204284668,1,1
2121,0.7285083532333374,4.068544387817383,0.978022575378418,0.029688403010368347,4.154439449310303,11.371936798095703,1,1
2122,0.6654524803161621,1.8684887886047363,0.6343449354171753,0.2106422632932663,3.661637544631958,10.87541389465332,1,1
2123,0.331234335899353,2.464414119720459,0.9501181840896606,0.12176582217216492,3.846123695373535,9.53389835357666,1,1
2124,0.25954103469848633,3.2045419216156006,0.9021793007850647,0.06075785309076309,4.289409637451172,11.48482894897461,1,1
2125,0.31247738003730774,2.2367606163024902,0.80098557472229,0.15358678996562958,4.244480133056641,9.773517608642578,1,1
2126,0.32592976093292236,2.7069835662841797,0.9170306921005249,0.10213442891836166,4.374955654144287,10.128573417663574,1,1
2127,0.274416446685791,2.370192527770996,0.8598652482032776,0.13571509718894958,4.095880031585693,8.365401268005371,1,1
2128,0.28263700008392334,2.0423004627227783,0.8756856918334961,0.18483038246631622,4.037466526031494,9.480185508728027,1,1
2129,0.2541886270046234,2.3574986457824707,0.9051951169967651,0.13396954536437988,4.162874221801758,8.707133293151855,1,1
2130,0.2867211699485779,3.0478386878967285,0.901900589466095,0.06842300295829773,4.682519435882568,11.745759010314941,1,1
2131,0.31900304555892944,1.81577730178833,0.8019775152206421,0.20401136577129364,3.981090784072876,9.160470962524414,1,1
2132,0.3465818166732788,2.6443097591400146,0.9219563007354736,0.09917467087507248,4.483765602111816,9.886983871459961,1,1
2133,0.2884112298488617,2.130855083465576,0.84354567527771,0.15609972178936005,4.102342128753662,9.778534889221191,1,1
2134,0.32801157236099243,3.19630765914917,0.9105143547058105,0.05877106636762619,4.891671180725098,10.96229076385498,1,1
2135,0.5206512212753296,1.252116084098816,0.7064676284790039,0.34017831087112427,3.4019176959991455,7.581020355224609,1,1
2136,0.6751058101654053,4.496862411499023,0.964258074760437,0.01734245754778385,4.663096904754639,11.55894660949707,1,1
2137,0.6687079071998596,1.5147686004638672,0.5962888598442078,0.2680203914642334,3.45393967628479,6.874033451080322,1,1
2138,0.3878213167190552,2.5387067794799805,0.9510248303413391,0.10938303917646408,3.9714515209198,9.411918640136719,1,1
2139,0.2878691256046295,3.488640785217285,0.8978663682937622,0.042475372552871704,4.802331924438477,10.377799987792969,1,1
2140,0.3928140103816986,1.713686466217041,0.7471952438354492,0.2328471690416336,3.6749415397644043,7.61443567276001,1,1
2141,0.4140220284461975,3.218813180923462,0.9459917545318604,0.05630674958229065,4.600358009338379,9.999483108520508,1,1
2142,0.34334424138069153,2.377159595489502,0.7931360006332397,0.12817932665348053,3.884289026260376,8.093128204345703,1,1
2143,0.25259873270988464,2.3361082077026367,0.9022517800331116,0.13073742389678955,4.61055850982666,10.145263671875,1,1
2144,0.36266031861305237,2.6650450229644775,0.8763439655303955,0.0959194004535675,4.130756378173828,8.855903625488281,1,1
2145,0.27866750955581665,2.679659366607666,0.8483572602272034,0.10174281150102615,4.398204803466797,9.42248249053955,1,1
2146,0.24423976242542267,2.2799367904663086,0.8894458413124084,0.15171754360198975,4.083708763122559,8.299928665161133,1,1
2147,0.2897784411907196,2.8413965702056885,0.9160950779914856,0.08580207824707031,4.4876322746276855,9.54289722442627,1,1
2148,0.2852763235569,2.259479522705078,0.842014729976654,0.14411136507987976,4.4047160148620605,8.572850227355957,1,1
2149,0.2995107173919678,1.9973256587982178,0.8759600520133972,0.18327325582504272,4.020034313201904,9.114521026611328,1,1
2150,0.29442310333251953,3.295947551727295,0.9232316017150879,0.058736830949783325,4.999503135681152,10.330613136291504,1,1
2151,0.29973524808883667,2.6528680324554443,0.8195022940635681,0.09519047290086746,4.621772766113281,11.027552604675293,1,1
2152,0.4068320095539093,2.710493326187134,0.8684787154197693,0.09889943897724152,4.917665481567383,10.836634635925293,1,1
2153,0.28613460063934326,2.9431300163269043,0.8790339827537537,0.08321448415517807,4.565117835998535,9.461610794067383,1,1
2154,0.30862754583358765,2.052577018737793,0.8336665034294128,0.17209622263908386,4.025928974151611,8.301848411560059,1,1
2155,0.3565361201763153,2.9955666065216064,0.9092842936515808,0.08108426630496979,4.30620813369751,9.935006141662598,1,1
2156,0.3223249614238739,1.9462881088256836,0.8062652349472046,0.18320482969284058,4.170581340789795,9.371367454528809,1,1
2157,0.27617865800857544,2.951894521713257,0.9400556087493896,0.07994335144758224,4.898832321166992,10.37179946899414,1,1
2158,0.2489539533853531,2.866428852081299,0.8738616704940796,0.08609102666378021,4.484286308288574,11.327972412109375,1,1
2159,0.23986484110355377,2.419422149658203,0.8790215253829956,0.12341372668743134,4.525679111480713,9.854540824890137,1,1
2160,0.24115541577339172,3.032287120819092,0.9101929664611816,0.07659110426902771,4.844977378845215,9.661225318908691,1,1
2161,0.25649553537368774,2.743178367614746,0.886935830116272,0.08735813200473785,4.684327125549316,9.606099128723145,1,1
2162,0.2975570261478424,1.9400999546051025,0.8404445052146912,0.190384641289711,4.576965808868408,9.683953285217285,1,1
2163,0.3054637908935547,3.052788734436035,0.9333922266960144,0.07174315303564072,4.848617076873779,9.477372169494629,1,1
2164,0.28519874811172485,2.5518860816955566,0.8399302959442139,0.11107806861400604,4.515682220458984,9.484573364257812,1,1
2165,0.30930179357528687,2.2159268856048584,0.8608138561248779,0.15979786217212677,4.467336177825928,9.368571281433105,1,1
2166,0.30729353427886963,3.446854829788208,0.9246909618377686,0.05127580463886261,5.06965970993042,10.842723846435547,1,1
2167,0.2901460826396942,2.1408309936523438,0.8172031044960022,0.1554183065891266,4.516726016998291,9.008057594299316,1,1
2168,0.2615261375904083,2.608062744140625,0.9294886589050293,0.10352122783660889,4.487762928009033,10.319890975952148,1,1
2169,0.23944690823554993,3.1377182006835938,0.8886358141899109,0.07189682126045227,5.230327606201172,10.273059844970703,1,1
2170,0.3176784813404083,2.125983715057373,0.8418813347816467,0.15348544716835022,4.416130065917969,9.17831802368164,1,1
2171,0.28301697969436646,3.6012520790100098,0.9344609975814819,0.04159809648990631,4.816751480102539,10.491231918334961,1,1
2172,0.35634827613830566,1.90513277053833,0.7864201068878174,0.1975577473640442,4.509585380554199,9.527307510375977,1,1
2173,0.39079901576042175,3.6576249599456787,0.9542522430419922,0.042047515511512756,4.946051120758057,10.283271789550781,1,1
2174,0.2955436706542969,2.591564893722534,0.8016967177391052,0.10806331783533096,4.884112358093262,10.41746997833252,1,1
2175,0.22512783110141754,2.42716121673584,0.9037772417068481,0.12555280327796936,4.597849369049072,9.219572067260742,1,1
2176,0.28644147515296936,2.5047194957733154,0.8977709412574768,0.11517220735549927,4.813151836395264,9.752435684204102,1,1
2177,0.2804584503173828,3.0497360229492188,0.8811591863632202,0.06957170367240906,4.574166297912598,9.707980155944824,1,1
2178,0.2657356560230255,1.8047432899475098,0.8504575490951538,0.2206345647573471,4.20559024810791,8.854341506958008,1,1
2179,0.20696735382080078,2.4595518112182617,0.9461705684661865,0.12031033635139465,4.5598297119140625,9.563577651977539,1,1
2180,0.2723698318004608,2.9693007469177246,0.883548378944397,0.07937364280223846,5.078731536865234,10.667336463928223,1,1
2181,0.21567678451538086,2.424462080001831,0.8828052282333374,0.12837570905685425,4.676782608032227,9.34508991241455,1,1
2182,0.2776746451854706,2.5835957527160645,0.8965123891830444,0.10431666672229767,4.704330921173096,10.430588722229004,1,1
2183,0.276337593793869,2.9082231521606445,0.8880574703216553,0.07878195494413376,4.7906694412231445,10.303812026977539,1,1
2184,0.24100132286548615,3.2148637771606445,0.8948389291763306,0.06088617816567421,5.0131306648254395,11.443328857421875,1,1
2185,0.23797747492790222,1.9180340766906738,0.853056788444519,0.19760575890541077,4.447355270385742,8.841375350952148,1,1
2186,0.3122275769710541,3.3217933177948,0.9486827850341797,0.05506144464015961,4.901447772979736,11.417282104492188,1,1
2187,0.47296103835105896,0.9368146657943726,0.7011946439743042,0.4506070017814636,2.6770124435424805,6.208530426025391,1,1
2188,0.6597543954849243,4.390623092651367,0.9765008687973022,0.02063927799463272,4.848411560058594,11.57579517364502,1,1
2189,0.6939358115196228,1.2005600929260254,0.5927027463912964,0.36999428272247314,3.073051691055298,6.434147357940674,1,1
2190,0.6407907605171204,3.744861125946045,0.9694381952285767,0.04082367941737175,4.616135120391846,10.210268020629883,1,1
2191,0.4685433804988861,2.3323798179626465,0.7266671657562256,0.14377200603485107,4.25208044052124,8.962571144104004,1,1
2192,0.28697508573532104,2.1864898204803467,0.891214907169342,0.15399110317230225,4.043884754180908,9.253461837768555,1,1
2193,0.24618664383888245,2.271698474884033,0.9040305018424988,0.13996659219264984,3.8259053230285645,8.831393241882324,1,1
2194,0.31244587898254395,3.092971086502075,0.8933432698249817,0.07249000668525696,4.562613010406494,10.228686332702637,1,1
2195,0.3173752427101135,2.251560688018799,0.823681116104126,0.1481727957725525,4.201344013214111,10.21618366241455,1,1
2196,0.2480618953704834,2.1223130226135254,0.8950279951095581,0.15985290706157684,4.0279765129089355,8.147664070129395,1,1
2197,0.33383193612098694,2.4675188064575195,0.8673292398452759,0.128579780459404,4.912978649139404,10.224961280822754,1,1
2198,0.24390912055969238,3.002105712890625,0.9212146401405334,0.07561847567558289,4.611510276794434,9.906085968017578,1,1
2199,0.25466299057006836,2.4014334678649902,0.8534609079360962,0.12986686825752258,4.550248146057129,8.980161666870117,1,1
2200,0.32285138964653015,2.0171968936920166,0.8696947693824768,0.17262667417526245,4.16165018081665,8.605525016784668,1,1
2201,0.28717246651649475,2.759524345397949,0.9082610011100769,0.09510743618011475,4.867807865142822,9.486820220947266,1,1
2202,0.31380343437194824,2.094230890274048,0.8280712962150574,0.16823327541351318,3.7761118412017822,8.377999305725098,1,1
2203,0.3022530674934387,3.260629177093506,0.928764820098877,0.05853617191314697,5.054589748382568,11.167510032653809,1,1
2204,0.3153980076313019,2.581216812133789,0.8190605044364929,0.11016575992107391,4.788071155548096,10.201424598693848,1,1
2205,0.2247845083475113,3.088632106781006,0.937587559223175,0.06518581509590149,4.745043754577637,9.830188751220703,1,1
2206,0.3510593771934509,1.8488359451293945,0.8040977716445923,0.20460033416748047,3.829451560974121,8.362933158874512,1,1
2207,0.2912953197956085,2.966951847076416,0.9395818710327148,0.08160340785980225,4.6899895668029785,10.230517387390137,1,1
2208,0.26676154136657715,2.1115126609802246,0.8456200361251831,0.16996876895427704,3.979281425476074,8.640785217285156,1,1
2209,0.312880277633667,2.1776974201202393,0.8649178743362427,0.15871283411979675,4.309218883514404,9.556964874267578,1,1
2210,0.29764488339424133,2.969874382019043,0.9175212383270264,0.07951372861862183,4.670423984527588,9.447614669799805,1,1
2211,0.3216182589530945,2.5364091396331787,0.8307908177375793,0.10629597306251526,4.390831470489502,9.702366828918457,1,1
2212,0.24281615018844604,2.4357333183288574,0.9047790169715881,0.13509893417358398,4.662734508514404,9.990198135375977,1,1
2213,0.2349216639995575,2.961026906967163,0.923277735710144,0.07891024649143219,4.7799973487854,9.912353515625,1,1
2214,0.41687700152397156,1.1345586776733398,0.753899872303009,0.379125714302063,3.0634772777557373,6.723771095275879,1,1
2215,0.6723095774650574,4.991877555847168,0.9778369665145874,0.012678873725235462,5.275443077087402,11.928528785705566,1,1
2216,0.8995880484580994,1.1099538803100586,0.5257283449172974,0.393947958946228,3.123657464981079,7.361876964569092,1,1
2217,0.5208742618560791,3.054413318634033,0.9712479114532471,0.07707248628139496,4.894106388092041,12.234757423400879,1,1
2218,0.24277113378047943,3.3665122985839844,0.8778409957885742,0.050130873918533325,4.766016483306885,10.563570976257324,1,1
2219,0.40808653831481934,1.5085283517837524,0.7568647861480713,0.26641952991485596,3.4200820922851562,9.006159782409668,1,1
2220,0.4638734459877014,2.8538079261779785,0.9414139986038208,0.08836854994297028,4.627470016479492,10.844325065612793,1,1
2221,0.40209871530532837,1.8708405494689941,0.7741547226905823,0.1947627067565918,3.5117576122283936,8.027159690856934,1,1
2222,0.2582358121871948,2.4950194358825684,0.9382809400558472,0.13259461522102356,4.067539691925049,10.591970443725586,1,1
2223,0.30582475662231445,2.6948065757751465,0.8518797755241394,0.09438548237085342,4.636929512023926,13.154045104980469,1,1
2224,0.23733985424041748,2.3413596153259277,0.8848065733909607,0.12997691333293915,4.47412109375,10.234148979187012,1,1
2225,0.26523903012275696,2.8642988204956055,0.9206994771957397,0.09308549761772156,4.253417491912842,10.122740745544434,1,1
2226,0.2606930732727051,2.624990463256836,0.8661839365959167,0.10277038812637329,4.872267246246338,10.957059860229492,1,1
2227,0.24676387012004852,2.409003257751465,0.8844409584999084,0.1287326067686081,4.20234489440918,9.046854972839355,1,1
2228,0.31169137358665466,2.3004353046417236,0.8599214553833008,0.13937801122665405,4.422142505645752,9.730016708374023,1,1
2229,0.3108280301094055,2.8380911350250244,0.9009094834327698,0.09475897252559662,4.497401237487793,9.631892204284668,1,1
2230,0.28967592120170593,2.383528232574463,0.8399479389190674,0.13403379917144775,4.92915678024292,9.706929206848145,1,1
2231,0.23253124952316284,2.499706745147705,0.9144325256347656,0.10940220952033997,4.537971496582031,10.371033668518066,1,1
2232,0.21277305483818054,2.46307635307312,0.9059277772903442,0.11863087862730026,4.493062496185303,10.430388450622559,1,1
2233,0.27280569076538086,2.5490314960479736,0.8817943334579468,0.11593058705329895,4.489490509033203,10.082056999206543,1,1
2234,0.2527267336845398,2.985252857208252,0.8964155912399292,0.0777643620967865,4.974334716796875,11.753779411315918,1,1
2235,0.2945247292518616,2.074275493621826,0.849641740322113,0.1866447627544403,4.2736334800720215,8.36672306060791,1,1
2236,0.23450422286987305,2.808403491973877,0.9248067140579224,0.08534546196460724,4.856644630432129,10.532659530639648,1,1
2237,0.21681927144527435,3.1889891624450684,0.910817563533783,0.06305274367332458,5.150416851043701,11.296684265136719,1,1
2238,0.3067886233329773,2.1683287620544434,0.8325600624084473,0.16548554599285126,4.845590591430664,9.508950233459473,1,1
2239,0.2805478870868683,3.3968348503112793,0.9367754459381104,0.04652976989746094,5.312082290649414,11.974234580993652,1,1
2240,0.334228515625,2.399662971496582,0.8222110867500305,0.12475752085447311,4.927313327789307,10.446846961975098,1,1
2241,0.2879311144351959,2.0576000213623047,0.8731739521026611,0.17378577589988708,4.448483467102051,9.184835433959961,1,1
2242,0.3046066462993622,2.7768611907958984,0.901579737663269,0.09248144924640656,4.745505332946777,10.528462409973145,1,1
2243,0.33215779066085815,2.5430426597595215,0.8394626975059509,0.11527480185031891,4.736212253570557,9.72905158996582,1,1
2244,0.2942073345184326,2.36572265625,0.89897620677948,0.13468635082244873,4.758427143096924,10.103106498718262,1,1
2245,0.33416420221328735,2.3428659439086914,0.8333118557929993,0.1306304931640625,5.054042339324951,11.069268226623535,1,1
2246,0.275939404964447,3.1098875999450684,0.9233399033546448,0.06338035315275192,5.263684272766113,10.492554664611816,1,1
2247,0.2794143557548523,2.716064214706421,0.8490400910377502,0.1050868108868599,4.725496292114258,9.89522647857666,1,1
2248,0.25732845067977905,3.0644726753234863,0.9157813191413879,0.07085511088371277,4.775153160095215,9.81053638458252,1,1
2249,0.20837213099002838,2.5977649688720703,0.8807094097137451,0.10769432783126831,4.751298427581787,10.187378883361816,1,1
2250,0.3163222074508667,3.406393051147461,0.9015665054321289,0.048890046775341034,5.105433464050293,9.991910934448242,1,1
2251,0.3374907970428467,1.4801218509674072,0.7969741821289062,0.2861301898956299,3.7029168605804443,8.224637985229492,1,1
2252,0.36775973439216614,3.466878652572632,0.9622237682342529,0.04589253291487694,4.953517913818359,10.630813598632812,1,1
2253,0.38990938663482666,2.122019052505493,0.7609294056892395,0.16371461749076843,4.462499141693115,9.425225257873535,1,1
2254,0.35822850465774536,3.454354763031006,0.9408446550369263,0.052013419568538666,5.002001762390137,11.27771282196045,1,1
2255,0.328403115272522,2.2958264350891113,0.8074782490730286,0.13419634103775024,4.592779159545898,10.762083053588867,1,1
2256,0.31869229674339294,2.756882667541504,0.9120903611183167,0.09416867792606354,4.5315775871276855,10.596024513244629,1,1
2257,0.389143168926239,1.221232533454895,0.7752275466918945,0.3579701781272888,3.161353826522827,7.349954128265381,1,1
2258,0.5964428186416626,4.583203315734863,0.9682111740112305,0.01953696645796299,5.131036281585693,11.457282066345215,1,1
2259,0.6825087666511536,1.1743927001953125,0.5783100128173828,0.37645238637924194,3.158144235610962,6.758087635040283,1,1
2260,0.5771216750144958,3.2772984504699707,0.9675782918930054,0.06765857338905334,4.297079086303711,11.612128257751465,1,1
2261,0.3833959400653839,2.3345048427581787,0.7599800825119019,0.1346898376941681,3.9004831314086914,8.962750434875488,1,1
2262,0.3716138005256653,2.192619800567627,0.8641870021820068,0.1668148934841156,4.352271556854248,9.727178573608398,1,1
2263,0.30490466952323914,2.650053024291992,0.8789275288581848,0.11096182465553284,5.000271797180176,10.342504501342773,1,1
2264,0.2903909385204315,2.511962890625,0.8896304965019226,0.10874925553798676,4.630307197570801,9.886331558227539,1,1
2265,0.262687087059021,2.6470284461975098,0.8721467852592468,0.10761701315641403,4.613124847412109,10.32056713104248,1,1
2266,0.3116987347602844,1.5599197149276733,0.8385301828384399,0.26860058307647705,3.7307751178741455,7.690143585205078,1,1
2267,0.3324395716190338,3.0049490928649902,0.9529935121536255,0.07389608025550842,4.439988613128662,9.539626121520996,1,1
2268,0.3363935947418213,2.067751407623291,0.7888379693031311,0.17069683969020844,4.401157855987549,8.892623901367188,1,1
2269,0.2656024396419525,2.705091714859009,0.9282713532447815,0.10310515761375427,4.45059871673584,9.233577728271484,1,1
2270,0.3369295001029968,1.9917036294937134,0.8242154121398926,0.1763412058353424,4.289473056793213,9.22353458404541,1,1
2271,0.2842821478843689,3.0308027267456055,0.9242860078811646,0.07079944014549255,5.0949273109436035,10.9802827835083,1,1
2272,0.32429447770118713,2.0307741165161133,0.8055659532546997,0.17321793735027313,4.7339067459106445,10.298555374145508,1,1
2273,0.2694507837295532,2.8759241104125977,0.9545041918754578,0.08223885297775269,4.771948337554932,11.802506446838379,1,1
2274,0.290078341960907,3.151521921157837,0.8638335466384888,0.06631645560264587,4.820174217224121,11.316483497619629,1,1
2275,0.2518705725669861,2.5194835662841797,0.8586006164550781,0.13015010952949524,4.8100152015686035,11.40701961517334,1,1
2276,0.25693315267562866,3.0245678424835205,0.9233893156051636,0.06762512028217316,5.272169589996338,10.625574111938477,1,1
2277,0.3249299228191376,1.6649534702301025,0.8104920387268066,0.2476751208305359,3.8873414993286133,9.69721794128418,1,1
2278,0.3663838505744934,3.8430819511413574,0.9588601589202881,0.036437027156353,5.453820705413818,11.189200401306152,1,1
2279,0.4472137689590454,1.4463777542114258,0.7170023918151855,0.2847491502761841,3.497307062149048,9.168993949890137,1,1
2280,0.3417744040489197,2.8213138580322266,0.96775221824646,0.09030795097351074,4.481747627258301,11.487663269042969,1,1
2281,0.3052677810192108,2.852611541748047,0.8299464583396912,0.10000701248645782,5.007607460021973,12.913899421691895,1,1
2282,0.2233262062072754,2.258329391479492,0.8894714713096619,0.1559968888759613,4.250236988067627,9.86598014831543,1,1
2283,0.2738531529903412,2.4375319480895996,0.8947957754135132,0.1286841779947281,4.451643466949463,10.10089111328125,1,1
2284,0.23808075487613678,2.442927837371826,0.8992365002632141,0.11653690040111542,4.7169952392578125,10.117356300354004,1,1
2285,0.32902681827545166,3.034614086151123,0.8743306398391724,0.08075185120105743,5.073732852935791,10.38671875,1,1
2286,0.3029964566230774,2.186361312866211,0.8394326567649841,0.14789950847625732,4.359645366668701,8.975796699523926,1,1
2287,0.3142145276069641,3.2320199012756348,0.9299631118774414,0.056292757391929626,5.104256629943848,10.268022537231445,1,1
2288,0.29309502243995667,2.132801055908203,0.8204383850097656,0.1522095501422882,4.286585807800293,9.455573081970215,1,1
2289,0.2567158341407776,2.525726556777954,0.9222015142440796,0.10689611732959747,4.74048376083374,9.408857345581055,1,1
2290,0.32977619767189026,1.9689087867736816,0.8235357999801636,0.19866737723350525,4.6570210456848145,10.269756317138672,1,1
2291,0.3068833649158478,3.44541072845459,0.943747341632843,0.051733724772930145,5.215664386749268,10.321647644042969,1,1
2292,0.387458860874176,1.4271491765975952,0.7610419988632202,0.29621756076812744,3.6621921062469482,7.919144153594971,1,1
2293,0.39193621277809143,3.1608519554138184,0.947874128818512,0.06212744489312172,4.713229179382324,11.868648529052734,1,1
2294,0.3692198395729065,1.6277730464935303,0.7744081020355225,0.2568610906600952,4.191960334777832,7.83768367767334,1,1
2295,0.30559903383255005,3.3420920372009277,0.9461545944213867,0.06459074467420578,5.218122482299805,12.37842845916748,1,1
2296,0.29284363985061646,2.5978174209594727,0.8255821466445923,0.10994170606136322,4.792936325073242,11.890459060668945,1,1
2297,0.273964524269104,1.999011754989624,0.8827733993530273,0.18373385071754456,4.04028844833374,10.065434455871582,1,1
2298,0.24785780906677246,3.1135406494140625,0.9292915463447571,0.06727330386638641,5.798158168792725,11.740434646606445,1,1
2299,0.32455122470855713,1.6562671661376953,0.7996835708618164,0.24849596619606018,4.14603328704834,8.116175651550293,1,1
2300,0.4441990852355957,4.597912788391113,0.9678865671157837,0.015251663513481617,5.301755905151367,12.412810325622559,1,1
2301,0.49956169724464417,1.451064109802246,0.6793699264526367,0.28852343559265137,3.4720067977905273,8.951632499694824,1,1
2302,0.3716222941875458,2.686781883239746,0.9588874578475952,0.1061624139547348,4.963591575622559,10.625321388244629,1,1
2303,0.2863157391548157,3.3013463020324707,0.8806353807449341,0.05631018429994583,4.895374774932861,11.260499954223633,1,1
2304,0.444400429725647,1.4266357421875,0.7331717014312744,0.30680617690086365,3.7181904315948486,8.684221267700195,1,1
2305,0.4890400767326355,3.489461660385132,0.9650892019271851,0.0491313673555851,5.212343692779541,12.367827415466309,1,1
2306,0.33757293224334717,2.5266919136047363,0.7849700450897217,0.11410239338874817,4.521233558654785,11.161584854125977,1,1
2307,0.31440263986587524,2.3307905197143555,0.8806025385856628,0.1331305354833603,4.199657917022705,9.708516120910645,1,1
2308,0.2581576406955719,2.6020662784576416,0.8900851011276245,0.10646755993366241,4.66363525390625,10.424291610717773,1,1
2309,0.23244768381118774,2.7117719650268555,0.9032618999481201,0.0910772904753685,4.817058086395264,9.917964935302734,1,1
2310,0.24466098845005035,2.559170961380005,0.8865029215812683,0.11007238924503326,4.787714958190918,11.108087539672852,1,1
2311,0.2863274812698364,2.5077717304229736,0.8607474565505981,0.12218119204044342,5.007795810699463,11.03004264831543,1,1
2312,0.2507855296134949,2.8114168643951416,0.9182431697845459,0.08989569544792175,5.063731670379639,11.390913009643555,1,1
2313,0.295776903629303,1.965226411819458,0.848092794418335,0.18618033826351166,4.052859306335449,8.802967071533203,1,1
2314,0.24137133359909058,3.083789348602295,0.9225077629089355,0.06743191182613373,5.148489952087402,11.85142707824707,1,1
2315,0.3103714883327484,2.779228687286377,0.8542085886001587,0.09093127399682999,4.7589192390441895,10.587343215942383,1,1
2316,0.2776804268360138,2.6325936317443848,0.8787313103675842,0.10062266886234283,4.962902545928955,11.310251235961914,1,1
2317,0.26155519485473633,2.789043426513672,0.8993195295333862,0.08494320511817932,4.955018043518066,10.839410781860352,1,1
2318,0.23486775159835815,2.650832176208496,0.8763056993484497,0.10023266822099686,5.064401149749756,12.103612899780273,1,1
2319,0.32527559995651245,2.0402274131774902,0.8573614358901978,0.17225898802280426,4.584037780761719,9.671258926391602,1,1
2320,0.25888243317604065,2.8474721908569336,0.9189808368682861,0.08377762138843536,4.896090984344482,10.8577880859375,1,1
2321,0.2502029538154602,2.154975652694702,0.862661600112915,0.16842985153198242,4.390395641326904,10.317597389221191,1,1
2322,0.28219565749168396,3.288693904876709,0.9049692153930664,0.05236987769603729,5.984899520874023,12.142106056213379,1,1
2323,0.31703799962997437,2.182922840118408,0.838857889175415,0.15994048118591309,4.367869853973389,10.347007751464844,1,1
2324,0.30411261320114136,2.784738779067993,0.8936001658439636,0.08918187022209167,5.0680413246154785,11.850934028625488,1,1
2325,0.25022265315055847,2.5763132572174072,0.8801969289779663,0.10673046857118607,4.618268966674805,10.830110549926758,1,1
2326,0.30339550971984863,2.3500008583068848,0.8670558929443359,0.14164969325065613,4.725029945373535,9.945752143859863,1,1
2327,0.27731820940971375,3.7188258171081543,0.921130895614624,0.0433492511510849,5.203926086425781,11.94669246673584,1,1
2328,0.48028504848480225,0.6757032871246338,0.708740234375,0.5600453615188599,2.4364211559295654,5.184772968292236,1,1
2329,0.7942204475402832,5.22163200378418,0.9871532917022705,0.008729171007871628,5.008388042449951,15.407318115234375,1,1
2330,1.233575701713562,0.7975599765777588,0.42387279868125916,0.5093705654144287,2.3707306385040283,7.334184169769287,1,1
2331,0.8275257349014282,4.401962757110596,0.9801383018493652,0.02580687217414379,4.0572357177734375,15.507776260375977,1,1
2332,0.8817628622055054,0.8217049837112427,0.5483362674713135,0.4985176622867584,2.250436782836914,5.653784275054932,1,1
2333,0.8421019315719604,3.5820016860961914,0.9643049240112305,0.05303974449634552,4.058126926422119,12.937335968017578,1,1
2334,0.531088650226593,2.237522602081299,0.6963549256324768,0.15848907828330994,3.6897807121276855,8.752646446228027,1,1
2335,0.4307156205177307,1.8194644451141357,0.8153769969940186,0.23498454689979553,4.055585861206055,9.207382202148438,1,1
2336,0.423286497592926,3.3473968505859375,0.939528226852417,0.04856351017951965,4.085712432861328,8.86143970489502,1,1
2337,0.47620922327041626,1.8068804740905762,0.7078855633735657,0.21990731358528137,3.6433029174804688,9.156161308288574,1,1
2338,0.36767449975013733,2.305272340774536,0.9040466547012329,0.13858725130558014,3.9015073776245117,8.405052185058594,1,1
2339,0.31754520535469055,3.357332229614258,0.906363844871521,0.049225814640522,4.842672348022461,10.58061695098877,1,1
2340,0.26623421907424927,2.780714511871338,0.8390617370605469,0.0877494364976883,4.04463529586792,8.405683517456055,1,1
2341,0.3457404375076294,1.8529021739959717,0.8276398777961731,0.1930730789899826,3.5708258152008057,8.923381805419922,1,1
2342,0.32185807824134827,2.73543119430542,0.9372499585151672,0.09598535299301147,4.30670690536499,8.961076736450195,1,1
2343,0.34229928255081177,2.5616607666015625,0.8249009251594543,0.10309898853302002,4.513214111328125,9.407747268676758,1,1
2344,0.2716001868247986,2.669463872909546,0.8966134190559387,0.09972931444644928,4.542132377624512,9.368599891662598,1,1
2345,0.2987397611141205,2.089334011077881,0.8388184309005737,0.16669410467147827,4.225414276123047,8.455878257751465,1,1
2346,0.29615625739097595,2.51050066947937,0.909664511680603,0.11338227242231369,4.41808557510376,9.301581382751465,1,1
2347,0.3380827307701111,2.501685619354248,0.8587619066238403,0.11618755012750626,4.269385814666748,9.60498332977295,1,1
2348,0.3180251717567444,2.412221908569336,0.8599024415016174,0.12717700004577637,4.367839813232422,9.32703685760498,1,1
2349,0.30491912364959717,2.291524887084961,0.8643171787261963,0.14302211999893188,4.6451849937438965,10.272599220275879,1,1
2350,0.21505668759346008,2.548456907272339,0.9154772758483887,0.10568076372146606,4.479111671447754,10.26556396484375,1,1
2351,0.2797420024871826,2.5437188148498535,0.8846978545188904,0.10838834941387177,4.6689772605896,9.722564697265625,1,1
2352,0.2413981854915619,2.737797498703003,0.8912978172302246,0.09503776580095291,4.761495590209961,9.663304328918457,1,1
2353,0.3387027084827423,2.03886342048645,0.8275836706161499,0.16558507084846497,4.746829509735107,9.59199333190918,1,1
2354,0.317849338054657,3.46844744682312,0.9437110424041748,0.04699956625699997,4.85592794418335,10.942204475402832,1,1
2355,0.291856974363327,2.87320613861084,0.8192909359931946,0.08065961301326752,5.051732540130615,10.76608657836914,1,1
2356,0.26149851083755493,2.387857437133789,0.8904621601104736,0.1261151134967804,4.369103908538818,8.929990768432617,1,1
2357,0.3307146728038788,2.375034809112549,0.8720774054527283,0.13319805264472961,4.987112045288086,9.861698150634766,1,1
2358,0.2371457815170288,3.1411428451538086,0.9114402532577515,0.06447481364011765,5.5404953956604,11.181973457336426,1,1
2359,0.3367539048194885,2.067452907562256,0.8217738270759583,0.16898900270462036,4.428466320037842,9.074810981750488,1,1
2360,0.363517701625824,2.9171879291534424,0.8992462158203125,0.0776757225394249,4.860844612121582,10.015069961547852,1,1
2361,0.30897054076194763,1.7682762145996094,0.8172410726547241,0.22250762581825256,3.7458655834198,8.4475736618042,1,1
2362,0.4059688150882721,3.437460422515869,0.9225975871086121,0.045846208930015564,5.184844017028809,11.337361335754395,1,1
2363,0.45359161496162415,1.2991225719451904,0.7179819345474243,0.33279499411582947,3.5461246967315674,8.450272560119629,1,1
2364,0.48543262481689453,3.5822296142578125,0.9575016498565674,0.04172041267156601,5.183133602142334,11.644856452941895,1,1
2365,0.34553879499435425,2.814545154571533,0.7793036103248596,0.09166663885116577,4.438837051391602,10.095734596252441,1,1
2366,0.3220002055168152,2.2977256774902344,0.8613251447677612,0.14484651386737823,4.244129180908203,9.57542896270752,1,1
2367,0.2710001468658447,2.7495946884155273,0.9329008460044861,0.09678404033184052,4.883117198944092,10.736891746520996,1,1
2368,0.38280001282691956,1.4877922534942627,0.7722217440605164,0.27518439292907715,4.071501731872559,8.056425094604492,1,1
2369,0.3230012059211731,3.1074914932250977,0.9646896123886108,0.07037612050771713,4.705441951751709,10.493191719055176,1,1
2370,0.2702500522136688,2.6171891689300537,0.8334075212478638,0.09729476273059845,5.081277847290039,12.126667976379395,1,1
2371,0.2874298095703125,2.3351216316223145,0.8799163103103638,0.13684627413749695,4.810795783996582,9.820477485656738,1,1
2372,0.23026210069656372,2.4062769412994385,0.8987400531768799,0.11831586062908173,5.062843322753906,11.305904388427734,1,1
2373,0.25206753611564636,2.705273151397705,0.8892267942428589,0.1134299710392952,5.169552326202393,11.386650085449219,1,1
2374,0.23292306065559387,3.1637635231018066,0.9275878667831421,0.07240524888038635,5.267643451690674,11.984383583068848,1,1
2375,0.2933379113674164,2.4284250736236572,0.8505100011825562,0.11476300656795502,4.758548736572266,9.854393005371094,1,1
2376,0.3016200661659241,1.8755412101745605,0.8484812378883362,0.20442187786102295,4.292782783508301,9.96932601928711,1,1
2377,0.3320385217666626,3.783200263977051,0.9404780864715576,0.03517759591341019,5.223907470703125,11.290568351745605,1,1
2378,0.3268579840660095,1.752015471458435,0.7805041074752808,0.2234060913324356,4.089531421661377,8.547943115234375,1,1
2379,0.31836339831352234,3.0352840423583984,0.9462822079658508,0.07550135254859924,5.161779880523682,13.017129898071289,1,1
2380,0.3654850125312805,2.5366392135620117,0.8147979378700256,0.11224350333213806,4.932129383087158,10.902867317199707,1,1
2381,0.23329347372055054,2.491283416748047,0.895845890045166,0.12341155111789703,4.7633161544799805,10.13219928741455,1,1
2382,0.2924470007419586,2.373560905456543,0.8744663596153259,0.13758757710456848,4.816854476928711,10.758033752441406,1,1
2383,0.2991601824760437,3.037118911743164,0.9082647562026978,0.06847859174013138,4.968575954437256,10.500836372375488,1,1
2384,0.36778125166893005,1.3388118743896484,0.7849615216255188,0.3353278636932373,3.487539529800415,7.390779972076416,1,1
2385,0.444581538438797,3.8182287216186523,0.9569548964500427,0.03496377915143967,4.9413909912109375,10.585542678833008,1,1
2386,0.460480660200119,1.673585295677185,0.7108293175697327,0.2249891310930252,4.256144046783447,8.152433395385742,1,1
2387,0.39006102085113525,2.3561606407165527,0.9254882335662842,0.13290807604789734,4.514771461486816,10.275832176208496,1,1
2388,0.22827066481113434,3.487834930419922,0.9060423374176025,0.05002281814813614,5.058751583099365,9.703564643859863,1,1
2389,0.4633667469024658,1.3985315561294556,0.7287747859954834,0.31686633825302124,3.524860143661499,7.457040309906006,1,1
2390,0.5413225293159485,3.758796215057373,0.9679385423660278,0.03873734921216965,5.243725776672363,10.737060546875,1,1
2391,0.39964601397514343,2.6738595962524414,0.7533296346664429,0.10160233825445175,4.720952987670898,10.271929740905762,1,1
2392,0.3439302444458008,1.8078548908233643,0.836747407913208,0.21804654598236084,4.105832099914551,9.52476692199707,1,1
2393,0.3822777569293976,3.4937448501586914,0.9623201489448547,0.04954874515533447,5.379334926605225,10.739768981933594,1,1
2394,0.3485606610774994,2.5022029876708984,0.7804415225982666,0.1132073700428009,4.6592512130737305,9.987994194030762,1,1
2395,0.35066109895706177,2.6891729831695557,0.8659391403198242,0.09685103595256805,4.867388725280762,9.945427894592285,1,1
2396,0.2622482478618622,2.533114433288574,0.889750599861145,0.11622221022844315,4.684204578399658,9.647428512573242,1,1
2397,0.2702592611312866,2.632449150085449,0.8850773572921753,0.1031406968832016,5.3820695877075195,10.57099437713623,1,1
2398,0.23590008914470673,2.3030149936676025,0.8878386616706848,0.1389618217945099,4.955238342285156,9.22503662109375,1,1
2399,0.2813858985900879,2.3322384357452393,0.8752797245979309,0.1375432312488556,5.007607936859131,9.775859832763672,1,1
2400,0.2639482021331787,2.972604751586914,0.9188889861106873,0.07299429178237915,4.847565650939941,10.317962646484375,1,1
2401,0.2662830054759979,2.5629098415374756,0.8653738498687744,0.11000701040029526,4.693413257598877,10.528660774230957,1,1
2402,0.26856550574302673,2.3291373252868652,0.8777979612350464,0.14319294691085815,4.7749857902526855,10.421021461486816,1,1
2403,0.3099712133407593,2.1672420501708984,0.8602224588394165,0.1619933545589447,4.632721900939941,9.507265090942383,1,1
2404,0.3231858015060425,3.6427853107452393,0.9239615201950073,0.04449837654829025,5.4541802406311035,11.857057571411133,1,1
2405,0.32976067066192627,1.7824313640594482,0.7935339212417603,0.23823466897010803,4.118314743041992,8.534146308898926,1,1
2406,0.33180898427963257,2.8164806365966797,0.9357866644859314,0.09182402491569519,4.8066205978393555,10.369214057922363,1,1
2407,0.29493531584739685,2.2819504737854004,0.8250311613082886,0.14978323876857758,4.321578502655029,9.480806350708008,1,1
2408,0.2580631971359253,2.431192398071289,0.9103925228118896,0.12571775913238525,4.592579364776611,9.656401634216309,1,1
2409,0.3461778163909912,3.276071071624756,0.8793472647666931,0.05744984745979309,5.6724677085876465,11.516881942749023,1,1
2410,0.31847983598709106,2.051107406616211,0.8132667541503906,0.1676354706287384,4.566098213195801,9.48917007446289,1,1
2411,0.2973252832889557,3.5069282054901123,0.960498571395874,0.04881417378783226,5.097813129425049,11.282913208007812,1,1
2412,0.35440361499786377,2.0192346572875977,0.7843561172485352,0.18536680936813354,4.351283550262451,9.812440872192383,1,1
2413,0.30376842617988586,2.645439386367798,0.911413311958313,0.10467004776000977,4.540596961975098,10.30439281463623,1,1
2414,0.2676919400691986,2.999577522277832,0.8935178518295288,0.0776369646191597,5.370969295501709,11.083666801452637,1,1
2415,0.33668071031570435,1.823301076889038,0.8155196905136108,0.21616441011428833,4.129331111907959,8.694153785705566,1,1
2416,0.3007144331932068,3.2325923442840576,0.9439672827720642,0.06294572353363037,5.208834648132324,11.49378776550293,1,1
2417,0.3624875545501709,2.2965400218963623,0.7915294170379639,0.14772291481494904,4.508857727050781,9.785264015197754,1,1
2418,0.3615139126777649,2.601034164428711,0.8805186748504639,0.10473515093326569,5.110457420349121,11.352567672729492,1,1
2419,0.3095213770866394,3.1080665588378906,0.8832187652587891,0.0724962055683136,5.0360894203186035,10.255060195922852,1,1
2420,0.300008624792099,1.7636563777923584,0.8233727812767029,0.23398324847221375,4.17334508895874,10.041129112243652,1,1
2421,0.3158370852470398,3.4714512825012207,0.9567551612854004,0.05375668406486511,5.422359943389893,12.058013916015625,1,1
2422,0.3070427179336548,2.2886199951171875,0.7998647689819336,0.1514306664466858,4.7102556228637695,9.93370532989502,1,1
2423,0.30831292271614075,2.382772922515869,0.9093165993690491,0.13255642354488373,4.58552885055542,9.104137420654297,1,1
2424,0.27714774012565613,2.6041178703308105,0.8810051679611206,0.11155042052268982,5.175665855407715,11.255301475524902,1,1
2425,0.2955482602119446,2.6359643936157227,0.8705328702926636,0.11395343393087387,4.557955265045166,10.22101879119873,1,1
2426,0.28707155585289,2.2283263206481934,0.8663860559463501,0.14899010956287384,4.616405963897705,11.786355972290039,1,1
2427,0.3208172917366028,2.526461601257324,0.8764477968215942,0.11178529262542725,5.299541473388672,10.502135276794434,1,1
2428,0.3342994153499603,2.6190404891967773,0.8639923334121704,0.10077351331710815,4.801445007324219,10.511432647705078,1,1
2429,0.2778669595718384,2.8981428146362305,0.8802218437194824,0.09031307697296143,5.34506368637085,11.146127700805664,1,1
2430,0.27240392565727234,2.2625584602355957,0.8701984286308289,0.14034663140773773,4.567881107330322,9.980263710021973,1,1
2431,0.32536590099334717,2.7601985931396484,0.8866157531738281,0.101462721824646,4.982028007507324,10.945755004882812,1,1
2432,0.298092246055603,2.019209623336792,0.8543444871902466,0.17973491549491882,4.390937328338623,9.217327117919922,1,1
2433,0.2688828706741333,3.0355541706085205,0.9185572862625122,0.07220061868429184,4.965855598449707,10.92253303527832,1,1
2434,0.29096680879592896,2.4342122077941895,0.8454892635345459,0.1267998069524765,4.9143266677856445,10.088592529296875,1,1
2435,0.3028949797153473,3.46012020111084,0.9075778722763062,0.047756701707839966,5.867931365966797,11.881901741027832,1,1
2436,0.2952427864074707,1.8827580213546753,0.8212988376617432,0.20136776566505432,4.647465705871582,9.747969627380371,1,1
2437,0.35135316848754883,4.117260932922363,0.9479933977127075,0.02953767403960228,6.021946907043457,12.368807792663574,1,1
2438,0.579744279384613,0.5475596785545349,0.65708327293396,0.619845986366272,1.8498265743255615,5.467349529266357,1,1
2439,1.1202988624572754,6.690769195556641,0.9925065040588379,0.0022449141833931208,4.941888332366943,15.293549537658691,1,1
2440,1.8020612001419067,1.6086328029632568,0.2868587076663971,0.27828383445739746,3.762990713119507,14.351855278015137,1,1
2441,0.5340431928634644,3.9456119537353516,0.914912760257721,0.043020207434892654,4.820326328277588,14.580671310424805,1,1
2442,0.6755906343460083,0.3815019726753235,0.6312699317932129,0.7135372757911682,1.268537998199463,3.213461399078369,1,1
2443,1.707697868347168,6.580229759216309,0.9856069087982178,0.0032286846544593573,3.9222328662872314,14.609489440917969,1,1
2444,2.865511655807495,0.8204947113990784,0.16845540702342987,0.5281282663345337,1.770114541053772,5.747041702270508,1,1
2445,1.2086275815963745,3.190394639968872,0.9753314256668091,0.09229587018489838,3.1034271717071533,11.345802307128906,1,1
2446,0.8325837254524231,1.932889699935913,0.6042695045471191,0.2295823097229004,2.4627275466918945,7.179967880249023,1,1
2447,0.5824021100997925,1.6510355472564697,0.8152248859405518,0.26077306270599365,2.7283339500427246,7.853370666503906,1,1
2448,0.48936474323272705,3.030506134033203,0.8939558863639832,0.0768062099814415,3.1754796504974365,10.034955024719238,1,1
2449,0.6459866166114807,1.3647514581680298,0.6479257941246033,0.31780004501342773,2.5158815383911133,7.30869197845459,1,1
2450,0.6641983389854431,2.9321558475494385,0.9372122287750244,0.07701043784618378,3.304144859313965,9.93039608001709,1,1
2451,0.6383408308029175,1.4798003435134888,0.6338742971420288,0.28753459453582764,2.565779209136963,7.19087028503418,1,1
2452,0.5712267160415649,2.8130128383636475,0.9296666383743286,0.09309495985507965,3.455278158187866,9.149543762207031,1,1
2453,0.5212922096252441,1.838590145111084,0.7058119773864746,0.2065410017967224,2.910548686981201,6.5586018562316895,1,1
2454,0.43271979689598083,1.9172786474227905,0.8624321222305298,0.1858203262090683,2.9627647399902344,7.2403459548950195,1,1
2455,0.4424063265323639,2.6884288787841797,0.8566591739654541,0.09986737370491028,3.0517220497131348,7.5598344802856445,1,1
2456,0.4887872338294983,1.6074585914611816,0.7276319861412048,0.2489725649356842,2.775700330734253,6.335932731628418,1,1
2457,0.5275378227233887,2.647491931915283,0.8941527009010315,0.10133641213178635,3.4122257232666016,7.335575103759766,1,1
2458,0.43279698491096497,2.112835168838501,0.782551646232605,0.15752020478248596,3.107292413711548,6.856706142425537,1,1
2459,0.46438851952552795,1.5372490882873535,0.7889888286590576,0.2660183906555176,2.7800681591033936,6.348952293395996,1,1
2460,0.42532438039779663,2.8228256702423096,0.9039442539215088,0.08318673074245453,3.4070653915405273,7.724691867828369,1,1
2461,0.453862726688385,1.6404409408569336,0.7410818934440613,0.2475028932094574,2.8685262203216553,5.883133411407471,1,1
2462,0.44527116417884827,2.1900906562805176,0.8670598268508911,0.14868013560771942,3.2748143672943115,6.776968479156494,1,1
2463,0.4598020911216736,2.3594202995300293,0.821271538734436,0.12370964884757996,3.353976249694824,7.696965217590332,1,1
2464,0.4313189387321472,2.00309419631958,0.7862039804458618,0.18174520134925842,3.2658653259277344,6.461885452270508,1,1
2465,0.4234675168991089,2.654409646987915,0.8817844390869141,0.10524460673332214,3.576556444168091,8.450634002685547,1,1
2466,0.3595855236053467,2.699030876159668,0.8323613405227661,0.09519979357719421,3.731809377670288,8.199357032775879,1,1
2467,0.35547733306884766,1.6348657608032227,0.8126314282417297,0.23715245723724365,2.9343929290771484,6.664475917816162,1,1
2468,0.4252474308013916,2.1939034461975098,0.8530163168907166,0.1519661396741867,3.279867649078369,7.152676105499268,1,1
2469,0.3477120101451874,3.104567766189575,0.8954635262489319,0.07399100065231323,3.6520721912384033,8.246947288513184,1,1
2470,0.6119260787963867,0.7573952674865723,0.6466289162635803,0.5193830728530884,2.0015065670013428,4.457758903503418,1,1
2471,0.8380159735679626,3.7002365589141846,0.9654466509819031,0.039832163602113724,3.647918224334717,9.282066345214844,1,1
2472,0.6242102384567261,2.203629970550537,0.6443413496017456,0.1545557677745819,3.2715847492218018,7.9382100105285645,1,1
2473,0.38158273696899414,1.4962704181671143,0.8369367718696594,0.28301870822906494,3.0142273902893066,6.623287677764893,1,1
2474,0.46558231115341187,2.6616313457489014,0.9076240658760071,0.09917163848876953,3.7377593517303467,8.040298461914062,1,1
2475,0.465487003326416,1.9110236167907715,0.7439653873443604,0.1944638043642044,3.360564947128296,6.7387375831604,1,1
2476,0.3588724732398987,2.123891830444336,0.8784507513046265,0.1681787371635437,3.342005491256714,7.152472019195557,1,1
2477,0.4350726008415222,2.189575672149658,0.8188468217849731,0.15712319314479828,3.4832584857940674,7.461760520935059,1,1
2478,0.41566765308380127,2.034848928451538,0.8379529714584351,0.17587095499038696,3.3677005767822266,7.606012344360352,1,1
2479,0.3283041715621948,2.153221607208252,0.8396410942077637,0.16166161000728607,3.4607608318328857,7.887599468231201,1,1
2480,0.35744965076446533,2.4098427295684814,0.8741604089736938,0.12165497988462448,3.6904377937316895,7.816798686981201,1,1
2481,0.3208079934120178,2.0984599590301514,0.842270016670227,0.16832008957862854,3.374748468399048,6.963789939880371,1,1
2482,0.35594215989112854,2.416700601577759,0.852131724357605,0.1262289583683014,3.6038074493408203,7.749527931213379,1,1
2483,0.3316461741924286,2.2976980209350586,0.8689795732498169,0.13377413153648376,3.7858963012695312,8.42056655883789,1,1
2484,0.3266889452934265,2.415736436843872,0.8544831275939941,0.12377116829156876,3.709804058074951,8.710095405578613,1,1
2485,0.30458545684814453,2.3918333053588867,0.8652908205986023,0.13076195120811462,3.8427395820617676,7.985052108764648,1,1
2486,0.3337732255458832,2.3735523223876953,0.8496838808059692,0.12742941081523895,3.679182529449463,8.879351615905762,1,1
2487,0.3938543200492859,2.1439473628997803,0.8445056676864624,0.15523627400398254,4.007918357849121,8.590641975402832,1,1
2488,0.3443679213523865,1.9300482273101807,0.8370749950408936,0.1933269500732422,3.403099536895752,7.571059226989746,1,1
2489,0.32923662662506104,3.0971808433532715,0.9119284152984619,0.06541358679533005,4.293605804443359,9.099971771240234,1,1
2490,0.4525756537914276,1.2476822137832642,0.7265689373016357,0.33661651611328125,3.106966972351074,6.63001823425293,1,1
2491,0.46330899000167847,2.8452653884887695,0.9493618011474609,0.08497035503387451,3.9550209045410156,8.373697280883789,1,1
2492,0.36859333515167236,2.236426830291748,0.7761824131011963,0.14333772659301758,3.693575620651245,7.829579830169678,1,1
2493,0.2682379484176636,2.3118929862976074,0.898465096950531,0.13216423988342285,3.8580496311187744,7.9294352531433105,1,1
2494,0.3295528292655945,2.237391233444214,0.874671459197998,0.14560243487358093,3.853280782699585,7.870852470397949,1,1
2495,0.33438563346862793,2.194413900375366,0.8390009999275208,0.14766770601272583,4.005565643310547,8.263853073120117,1,1
2496,0.27709877490997314,2.6638402938842773,0.9008588790893555,0.09843499958515167,4.222304821014404,9.008251190185547,1,1
2497,0.3579486608505249,2.0204579830169678,0.830966591835022,0.17226259410381317,3.804750680923462,7.980782508850098,1,1
2498,0.32024210691452026,2.1628787517547607,0.8732895851135254,0.1574835628271103,3.631600856781006,8.043577194213867,1,1
2499,0.424787312746048,2.208256959915161,0.8308283090591431,0.14696094393730164,4.172511100769043,8.574200630187988,1,1
2500,0.2937542200088501,2.1068367958068848,0.8720494508743286,0.17568951845169067,3.6550588607788086,8.788233757019043,1,1
2501,0.3450479805469513,2.022844076156616,0.8418636322021484,0.1815224587917328,3.9619624614715576,8.29742431640625,1,1
2502,0.345608651638031,2.6505067348480225,0.8911005258560181,0.10181975364685059,3.944272994995117,8.623074531555176,1,1
2503,0.2794387936592102,2.339930772781372,0.8532219529151917,0.13130363821983337,3.8963568210601807,8.576898574829102,1,1
2504,0.30912643671035767,2.475346088409424,0.8716902732849121,0.119121253490448,4.376550674438477,8.706711769104004,1,1
2505,0.34167221188545227,2.762437343597412,0.8734338283538818,0.08807608485221863,4.2863287925720215,9.563246726989746,1,1
2506,0.4370761811733246,1.2475405931472778,0.7579757571220398,0.35207468271255493,3.1547763347625732,6.6052565574646,1,1
2507,0.5191883444786072,4.186440467834473,0.9561262130737305,0.026494767516851425,4.454674243927002,12.067956924438477,1,1
2508,0.7029350399971008,0.7631305456161499,0.568742573261261,0.5265440344810486,2.128307819366455,5.6945366859436035,1,1
2509,0.9062951803207397,4.0130391120910645,0.9807883501052856,0.031028132885694504,4.299993991851807,14.447288513183594,1,1
2510,0.6660104393959045,2.0488522052764893,0.6043668389320374,0.18787798285484314,3.7810921669006348,9.426545143127441,1,1
2511,0.40007370710372925,2.1936936378479004,0.8960062265396118,0.15599629282951355,3.5864765644073486,11.713196754455566,1,1
2512,0.47355765104293823,2.566941976547241,0.8285330533981323,0.10982999205589294,4.096921443939209,9.527200698852539,1,1
2513,0.315949022769928,2.644157648086548,0.8667474985122681,0.10431107878684998,4.081330299377441,9.502664566040039,1,1
2514,0.3968701660633087,1.9898754358291626,0.7929995059967041,0.1841432750225067,3.994385242462158,8.01212215423584,1,1
2515,0.3711091876029968,2.4886600971221924,0.8924459218978882,0.12121904641389847,4.050058364868164,9.60377311706543,1,1
2516,0.27156421542167664,2.509373664855957,0.8757588863372803,0.12006472051143646,4.31753396987915,8.822022438049316,1,1
2517,0.3927820920944214,1.9347050189971924,0.8001618385314941,0.18615257740020752,3.8122541904449463,8.264124870300293,1,1
2518,0.3532639443874359,2.724672555923462,0.911557137966156,0.09891189634799957,4.268533229827881,9.870439529418945,1,1
2519,0.3127538561820984,2.492842674255371,0.8368996977806091,0.1166544258594513,3.9499528408050537,9.97902774810791,1,1
2520,0.3114848732948303,2.6206090450286865,0.8577753305435181,0.10863356292247772,4.40618371963501,11.312650680541992,1,1
2521,0.32725539803504944,2.2016241550445557,0.8725109100341797,0.15282385051250458,3.9224143028259277,7.699638843536377,1,1
2522,0.3129330277442932,2.65116810798645,0.8759304285049438,0.098381906747818,4.090280532836914,11.265035629272461,1,1
2523,0.2867823839187622,2.096311092376709,0.8564879298210144,0.15815195441246033,3.7670814990997314,8.22288703918457,1,1
2524,0.4475158452987671,2.373126983642578,0.8373680710792542,0.1221250593662262,4.019233226776123,8.219161987304688,1,1
2525,0.2508213520050049,2.3828701972961426,0.8763179779052734,0.13163940608501434,4.376702308654785,8.932670593261719,1,1
2526,0.35955971479415894,2.963463068008423,0.8947228193283081,0.0765795037150383,4.832668781280518,10.01150894165039,1,1
2527,0.3879774808883667,2.1540942192077637,0.7902810573577881,0.15632657706737518,4.314571857452393,8.292264938354492,1,1
2528,0.3126804232597351,2.0503745079040527,0.8719872236251831,0.1856599897146225,4.000553131103516,8.047408103942871,1,1
2529,0.2658792734146118,3.12663197517395,0.9270685911178589,0.06967855989933014,4.672730445861816,10.399763107299805,1,1
2530,0.3117949068546295,2.1565489768981934,0.8146219253540039,0.16329799592494965,4.26469612121582,9.465156555175781,1,1
2531,0.44503721594810486,2.9694061279296875,0.8754752278327942,0.07403916120529175,4.631402015686035,10.518179893493652,1,1
2532,0.43264123797416687,1.4713512659072876,0.7567107677459717,0.30220839381217957,3.277308940887451,7.512945175170898,1,1
2533,0.4348858594894409,3.3353850841522217,0.9430735111236572,0.05606409162282944,4.75205659866333,11.322888374328613,1,1
2534,0.4403505325317383,1.5014588832855225,0.7251598238945007,0.2710808515548706,3.3862595558166504,7.835402965545654,1,1
2535,0.35945644974708557,2.987645149230957,0.956210732460022,0.07733408361673355,4.6323137283325195,9.517876625061035,1,1
2536,0.4257391691207886,2.3148465156555176,0.7702742218971252,0.13943730294704437,4.794957160949707,9.204920768737793,1,1
2537,0.371081680059433,2.4801571369171143,0.8809030055999756,0.13040563464164734,3.9758591651916504,8.753752708435059,1,1
2538,0.3587378263473511,2.304375648498535,0.8401002287864685,0.14160211384296417,4.333327770233154,9.722799301147461,1,1
2539,0.32736992835998535,2.359403610229492,0.8754761815071106,0.13413682579994202,4.2003607749938965,8.921438217163086,1,1
2540,0.2991909980773926,1.9550163745880127,0.8438639640808105,0.19650548696517944,3.8105359077453613,7.8725128173828125,1,1
2541,0.3155026137828827,3.2870099544525146,0.9230962991714478,0.05593781918287277,4.622103214263916,10.003726959228516,1,1
2542,0.41988566517829895,1.2903181314468384,0.743598222732544,0.3419877588748932,3.489285945892334,6.9663896560668945,1,1
2543,0.4621829688549042,3.6355254650115967,0.9437490701675415,0.03758789598941803,5.22964334487915,10.609771728515625,1,1
2544,0.26947787404060364,2.434710741043091,0.8260843753814697,0.12878677248954773,4.361879348754883,9.7423095703125,1,1
2545,0.3498833179473877,1.745689868927002,0.8302438855171204,0.2258518934249878,3.9765374660491943,7.904365062713623,1,1
2546,0.39838677644729614,3.260377883911133,0.9306859374046326,0.060132429003715515,4.842238426208496,11.11330795288086,1,1
2547,0.3004438281059265,2.7054789066314697,0.8161816596984863,0.09599103033542633,4.834790229797363,9.95057487487793,1,1
2548,0.22572976350784302,2.1563806533813477,0.8983974456787109,0.1572251319885254,4.5103960037231445,9.459709167480469,1,1
2549,0.3075886368751526,3.10627818107605,0.9079556465148926,0.06958386301994324,4.750473499298096,10.04679012298584,1,1
2550,0.3279195725917816,2.6785664558410645,0.8344681262969971,0.09879489243030548,5.073336601257324,11.079853057861328,1,1
2551,0.32835710048675537,1.7876319885253906,0.833937406539917,0.2164602428674698,4.093634128570557,9.835465431213379,1,1
2552,0.31911441683769226,3.771365165710449,0.9519660472869873,0.04052230343222618,5.622114181518555,12.201839447021484,1,1
2553,0.35097217559814453,1.9734241962432861,0.7803851366043091,0.18670713901519775,3.943842887878418,9.618417739868164,1,1
2554,0.36448216438293457,2.8742387294769287,0.9189461469650269,0.08601453900337219,4.449825286865234,10.448470115661621,1,1
2555,0.37392789125442505,1.912843942642212,0.7886283993721008,0.19339394569396973,4.023400783538818,9.382445335388184,1,1
2556,0.36525991559028625,3.9545414447784424,0.9468481540679932,0.03144688531756401,4.972644329071045,10.914331436157227,1,1
2557,0.460316002368927,1.3178973197937012,0.7039531469345093,0.3379365801811218,3.4510488510131836,8.145065307617188,1,1
2558,0.5148252248764038,3.057119369506836,0.9508562088012695,0.07208911329507828,4.401396751403809,9.561975479125977,1,1
2559,0.3700445890426636,2.5990471839904785,0.7874841094017029,0.11684560030698776,4.425539970397949,8.958377838134766,1,1
2560,0.28379449248313904,1.8121352195739746,0.856069803237915,0.2091037482023239,3.952345132827759,8.065380096435547,1,1
2561,0.3250979483127594,2.6775062084198,0.9275648593902588,0.10028526186943054,4.394388198852539,9.442517280578613,1,1
2562,0.2478359490633011,2.719623565673828,0.8662302494049072,0.09931545704603195,4.581105709075928,9.060648918151855,1,1
2563,0.40253204107284546,1.5211340188980103,0.7871387600898743,0.2714078724384308,3.8982133865356445,8.368753433227539,1,1
2564,0.34389224648475647,2.5862433910369873,0.9455900192260742,0.11152252554893494,4.503262996673584,9.461804389953613,1,1
2565,0.49616366624832153,1.3626325130462646,0.7162878513336182,0.31317946314811707,3.470982789993286,8.224294662475586,1,1
2566,0.6521986722946167,4.63945198059082,0.961831271648407,0.01570785418152809,5.3978800773620605,11.742871284484863,1,1
2567,0.6897133588790894,1.58602774143219,0.593852162361145,0.2660585045814514,3.492126703262329,7.691495895385742,1,1
2568,0.4059678316116333,1.9412829875946045,0.9374887347221375,0.19474543631076813,3.636845588684082,9.536017417907715,1,1
2569,0.30360147356987,2.8801450729370117,0.8940222859382629,0.09428475797176361,4.344949722290039,9.872011184692383,1,1
2570,0.3357064425945282,2.771784543991089,0.820472240447998,0.09655733406543732,4.805176734924316,11.464117050170898,1,1
2571,0.38706013560295105,1.8733108043670654,0.8041435480117798,0.21121135354042053,4.2054033279418945,10.116865158081055,1,1
2572,0.33581626415252686,2.957322120666504,0.954646110534668,0.07856594026088715,4.702221393585205,9.843435287475586,1,1
2573,0.3819761276245117,2.631855010986328,0.792015552520752,0.1016477644443512,4.6705732345581055,10.223286628723145,1,1
2574,0.3009888529777527,1.8428475856781006,0.8419439792633057,0.20765912532806396,3.9040112495422363,8.48823356628418,1,1
2575,0.37361758947372437,3.2435996532440186,0.9349747896194458,0.05918678641319275,4.840188026428223,10.71091079711914,1,1
2576,0.40836256742477417,1.950998306274414,0.745141863822937,0.18634505569934845,4.469123363494873,9.815014839172363,1,1
2577,0.42710059881210327,3.1414942741394043,0.9194990992546082,0.06774866580963135,5.038179874420166,10.157280921936035,1,1
2578,0.331704705953598,2.34368896484375,0.8095680475234985,0.13935938477516174,4.338327407836914,9.292585372924805,1,1
2579,0.32457953691482544,2.3859639167785645,0.8686655759811401,0.1363084316253662,4.5939741134643555,9.22207260131836,1,1
2580,0.3163614869117737,3.2287800312042236,0.9120607972145081,0.06645829230546951,4.783476829528809,11.275745391845703,1,1
2581,0.3289145827293396,2.56988525390625,0.8159202933311462,0.12581190466880798,4.794581413269043,9.62161922454834,1,1
2582,0.37971192598342896,2.5645461082458496,0.860454797744751,0.11880515515804291,4.4309258460998535,10.14012336730957,1,1
2583,0.3143525719642639,2.396685838699341,0.8694862127304077,0.1257198005914688,4.525887489318848,10.357222557067871,1,1
2584,0.3887467384338379,1.9329560995101929,0.8165880441665649,0.1992124319076538,4.047805309295654,9.975302696228027,1,1
2585,0.3210245668888092,2.933183431625366,0.9227643013000488,0.07641065120697021,5.023878574371338,10.593722343444824,1,1
2586,0.33529943227767944,2.14686918258667,0.8111096620559692,0.15757428109645844,4.305474281311035,9.161650657653809,1,1
2587,0.3220406472682953,2.5064477920532227,0.9052618741989136,0.11469904333353043,4.451821327209473,9.887271881103516,1,1
2588,0.3062283396720886,2.2686405181884766,0.8526502847671509,0.14187081158161163,4.25484037399292,9.91580867767334,1,1
2589,0.26580387353897095,2.7001380920410156,0.8850699663162231,0.10651732981204987,4.832435607910156,10.24377727508545,1,1
2590,0.2877768874168396,2.4459047317504883,0.8869946002960205,0.11980647593736649,4.474960803985596,10.74337100982666,1,1
2591,0.21580681204795837,2.7771615982055664,0.8936552405357361,0.08875921368598938,5.320878028869629,10.853581428527832,1,1
2592,0.3088318705558777,2.684335708618164,0.8667231202125549,0.09764698892831802,4.694097995758057,10.69399642944336,1,1
2593,0.306532084941864,1.75449538230896,0.8424384593963623,0.2316589206457138,4.335724353790283,8.870819091796875,1,1
2594,0.3890669345855713,3.76417875289917,0.9285144805908203,0.04103533923625946,5.2220025062561035,10.988356590270996,1,1
2595,0.47110405564308167,1.3604402542114258,0.7248479127883911,0.31200936436653137,3.639007329940796,9.499378204345703,1,1
2596,0.5308506488800049,3.5028140544891357,0.9530133008956909,0.04919503629207611,4.697530746459961,10.811110496520996,1,1
2597,0.5111178755760193,2.0662598609924316,0.7181305885314941,0.16866132616996765,4.418055057525635,9.632013320922852,1,1
2598,0.27670544385910034,2.348522663116455,0.9280968308448792,0.139600932598114,4.74916934967041,10.042848587036133,1,1
2599,0.29136642813682556,2.7948431968688965,0.8938155174255371,0.09047357738018036,5.2693562507629395,9.764917373657227,1,1
2600,0.2694602608680725,2.136772632598877,0.8387593030929565,0.16265951097011566,4.937550067901611,10.572883605957031,1,1
2601,0.2624199092388153,2.307267189025879,0.9061294794082642,0.13490572571754456,4.653317928314209,10.020736694335938,1,1
2602,0.26443254947662354,3.521852493286133,0.9089617729187012,0.044107019901275635,5.659522533416748,12.161466598510742,1,1
2603,0.29405516386032104,2.592071533203125,0.8455659747123718,0.10673984885215759,4.76779842376709,10.971663475036621,1,1
2604,0.33137401938438416,1.635315179824829,0.8432998657226562,0.23811757564544678,4.018782138824463,9.117133140563965,1,1
2605,0.3636491000652313,3.112180471420288,0.9274067282676697,0.05971290171146393,5.240657806396484,12.228540420532227,1,1
2606,0.25488269329071045,2.9214468002319336,0.8508282899856567,0.08002312481403351,5.3392653465271,12.270594596862793,1,1
2607,0.2833288609981537,2.4027795791625977,0.8744179606437683,0.12463736534118652,5.1587371826171875,10.379454612731934,1,1
2608,0.25903505086898804,3.4207754135131836,0.9238003492355347,0.0510779470205307,4.876880168914795,11.191134452819824,1,1
2609,0.3581019937992096,1.559386968612671,0.7867723703384399,0.26830124855041504,3.5814781188964844,7.981955051422119,1,1
2610,0.385209321975708,2.9484610557556152,0.9456083178520203,0.09028220176696777,4.953087329864502,11.117831230163574,1,1
2611,0.4487283527851105,1.5449858903884888,0.7254503965377808,0.2751331925392151,4.344425678253174,8.63233470916748,1,1
2612,0.4393252730369568,3.131722927093506,0.9418154954910278,0.06724889576435089,5.017952919006348,11.474328994750977,1,1
2613,0.47970888018608093,1.5453898906707764,0.7127995491027832,0.27510806918144226,3.776185989379883,8.056191444396973,1,1
2614,0.5284345149993896,3.846038341522217,0.9611474871635437,0.034440599381923676,5.32708215713501,11.431891441345215,1,1
2615,0.6059925556182861,1.4337716102600098,0.641148567199707,0.2846737504005432,3.724794387817383,8.485213279724121,1,1
2616,0.45272988080978394,2.66135311126709,0.9448403120040894,0.10852816700935364,4.304746627807617,10.627553939819336,1,1
2617,0.3161282539367676,2.8011527061462402,0.8527149558067322,0.09696482121944427,4.5356764793396,11.172531127929688,1,1
2618,0.2950283885002136,2.2872886657714844,0.8400743007659912,0.14396649599075317,4.863845348358154,10.208399772644043,1,1
2619,0.2756367325782776,2.335186243057251,0.8951891660690308,0.137373685836792,4.730824947357178,10.452360153198242,1,1
2620,0.3364867866039276,2.8531851768493652,0.8836137652397156,0.08387121558189392,4.917383193969727,11.99162483215332,1,1
2621,0.3591321110725403,1.9126946926116943,0.804435133934021,0.19198328256607056,4.317554950714111,9.419414520263672,1,1
2622,0.39258477091789246,3.656822681427002,0.9262799620628357,0.041638776659965515,5.224257946014404,12.768656730651855,1,1
2623,0.34006133675575256,2.1305503845214844,0.7944914102554321,0.15317866206169128,4.449877738952637,12.785553932189941,1,1
2624,0.23510023951530457,1.62871515750885,0.9014672040939331,0.24763715267181396,4.054442405700684,8.915373802185059,1,1
2625,0.29198795557022095,2.8836159706115723,0.9229243993759155,0.08297394216060638,5.044212341308594,11.696767807006836,1,1
2626,0.2952505350112915,3.1160969734191895,0.8555651903152466,0.061856016516685486,5.39355993270874,11.981301307678223,1,1
2627,0.2956621050834656,1.9946871995925903,0.847087562084198,0.18019704520702362,4.016942501068115,9.062945365905762,1,1
2628,0.3471817374229431,3.2992472648620605,0.9045220017433167,0.05744336172938347,5.162153244018555,11.245109558105469,1,1
2629,0.313941091299057,1.7051763534545898,0.8030374646186829,0.23002555966377258,4.16459321975708,8.898008346557617,1,1
2630,0.3848724365234375,3.093730926513672,0.9300870895385742,0.07092173397541046,5.072009563446045,11.562026023864746,1,1
2631,0.3864140808582306,2.0044708251953125,0.7805179357528687,0.17587953805923462,4.3821868896484375,9.744071960449219,1,1
2632,0.3181489109992981,2.6469030380249023,0.907589316368103,0.11297787725925446,5.145857810974121,10.890032768249512,1,1
2633,0.33189767599105835,2.2023792266845703,0.8389115333557129,0.15253975987434387,4.59326171875,9.288089752197266,1,1
2634,0.22650586068630219,3.0182387828826904,0.9276992082595825,0.077068991959095,5.036134243011475,10.355867385864258,1,1
2635,0.4300687313079834,1.5193135738372803,0.7703256607055664,0.27641820907592773,4.174032211303711,10.057064056396484,1,1
2636,0.44056397676467896,3.4499425888061523,0.9318915009498596,0.04765345901250839,5.41756010055542,12.219970703125,1,1
2637,0.3773387670516968,1.8530746698379517,0.7656761407852173,0.20350870490074158,4.748119354248047,10.203239440917969,1,1
2638,0.355079710483551,3.1566379070281982,0.925809919834137,0.06509225070476532,5.135624408721924,11.21806812286377,1,1
2639,0.3931870758533478,2.0301153659820557,0.7840784788131714,0.1905093789100647,4.819935321807861,9.588262557983398,1,1
2640,0.32935473322868347,2.673086166381836,0.9242793321609497,0.10261622071266174,4.633641719818115,10.364954948425293,1,1
2641,0.3015581965446472,2.6894025802612305,0.8441817164421082,0.10000775754451752,5.04127836227417,10.435562133789062,1,1
2642,0.2953348159790039,2.6571555137634277,0.8848332762718201,0.10579028725624084,4.615511417388916,9.423233985900879,1,1
2643,0.2848609983921051,2.627450466156006,0.8740218877792358,0.10810147225856781,5.380906581878662,12.764843940734863,1,1
2644,0.2510293126106262,3.033738374710083,0.9067883491516113,0.07807878404855728,4.887470245361328,12.811149597167969,1,1
2645,0.3510482907295227,1.7346975803375244,0.8028776049613953,0.2269226312637329,4.053654193878174,9.391034126281738,1,1
2646,0.31148362159729004,2.468817710876465,0.920384407043457,0.1210855171084404,4.919550895690918,10.841300964355469,1,1
2647,0.21491338312625885,2.945280075073242,0.9103636741638184,0.07782169431447983,4.913596153259277,10.530380249023438,1,1
2648,0.28330695629119873,2.2590718269348145,0.8522570729255676,0.141293466091156,4.367531776428223,9.988472938537598,1,1
2649,0.21959497034549713,2.361229419708252,0.9165376424789429,0.13811054825782776,4.444616794586182,10.2155122756958,1,1
2650,0.23622119426727295,2.6064352989196777,0.9002627730369568,0.11730978637933731,4.592297554016113,10.124890327453613,1,1
2651,0.30873537063598633,2.137777090072632,0.8435174226760864,0.15839272737503052,4.777782440185547,10.918591499328613,1,1
2652,0.26198136806488037,2.809648275375366,0.9295362234115601,0.0961090475320816,5.388981819152832,12.863926887512207,1,1
2653,0.32307228446006775,1.7850693464279175,0.8159717321395874,0.2305188775062561,4.250229835510254,9.77915096282959,1,1
2654,0.31183987855911255,3.642312526702881,0.9508101940155029,0.04263153299689293,5.226177215576172,11.201271057128906,1,1
2655,0.38234513998031616,1.5754445791244507,0.7527116537094116,0.2671559154987335,4.494073390960693,9.6776123046875,1,1
2656,0.34488898515701294,3.1621150970458984,0.9552217125892639,0.06557148694992065,5.341148376464844,12.294515609741211,1,1
2657,0.35084065794944763,1.887812614440918,0.7966242432594299,0.1926153004169464,4.022690296173096,9.621676445007324,1,1
2658,0.31983935832977295,2.6861572265625,0.9102253913879395,0.1007615476846695,5.039871692657471,10.935994148254395,1,1
2659,0.23017436265945435,3.020735502243042,0.904239296913147,0.07011289149522781,5.134485721588135,12.065537452697754,1,1
2660,0.2577851712703705,2.450496196746826,0.8535008430480957,0.11205726861953735,4.6515889167785645,11.91385269165039,1,1
2661,0.2941529452800751,3.2564706802368164,0.9201482534408569,0.06797953695058823,5.15810489654541,11.556655883789062,1,1
2662,0.4149380922317505,1.8181778192520142,0.7792716026306152,0.20826269686222076,4.3333892822265625,8.953598976135254,1,1
2663,0.36371049284935,3.666745185852051,0.9366452693939209,0.043929070234298706,5.2933549880981445,13.482248306274414,1,1
2664,0.3820599615573883,1.0926460027694702,0.7477734088897705,0.3960936963558197,3.189972162246704,8.013326644897461,1,1
2665,0.4497341215610504,3.5377209186553955,0.9588618874549866,0.054576195776462555,5.15421199798584,12.645211219787598,1,1
2666,0.36922335624694824,2.074148654937744,0.7533289194107056,0.16929292678833008,4.495675563812256,11.44798755645752,1,1
2667,0.3537288308143616,2.522688388824463,0.9088072776794434,0.11970371007919312,4.729434967041016,10.936651229858398,1,1
2668,0.3092612624168396,2.937798500061035,0.8584432601928711,0.09063134342432022,5.144710540771484,11.458281517028809,1,1
2669,0.2434248924255371,2.6184945106506348,0.8882465362548828,0.11208373308181763,5.101614475250244,11.038166999816895,1,1
2670,0.32729464769363403,2.529250144958496,0.8601170182228088,0.11670009791851044,4.844124794006348,10.393909454345703,1,1
2671,0.2570207715034485,2.6024045944213867,0.9024662971496582,0.10392153263092041,4.823338985443115,10.573334693908691,1,1
2672,0.22668616473674774,2.259976387023926,0.8885625600814819,0.14816460013389587,4.637402534484863,10.484152793884277,1,1
2673,0.2643423080444336,2.2823400497436523,0.8910955786705017,0.14229579269886017,4.958672523498535,10.454130172729492,1,1
2674,0.2881227731704712,2.7750957012176514,0.8926957845687866,0.08771492540836334,5.505436420440674,11.021711349487305,1,1
2675,0.24144905805587769,2.505951166152954,0.8804288506507874,0.11568865180015564,4.969394207000732,11.51384449005127,1,1
2676,0.30294448137283325,2.2635741233825684,0.8645573258399963,0.15320727229118347,4.9099555015563965,11.976929664611816,1,1
2677,0.3379749059677124,3.315138339996338,0.8995219469070435,0.05424898862838745,5.558228492736816,11.880228996276855,1,1
2678,0.3573834002017975,1.6599767208099365,0.7920712828636169,0.25459104776382446,4.6658830642700195,9.143954277038574,1,1
2679,0.39208564162254333,3.1640396118164062,0.9334375858306885,0.06025272607803345,5.2221832275390625,11.323502540588379,1,1
2680,0.43913552165031433,1.4760810136795044,0.7454814314842224,0.28901568055152893,4.018496513366699,9.202348709106445,1,1
2681,0.43340760469436646,4.376974105834961,0.9676147699356079,0.020668789744377136,5.47687292098999,12.717386245727539,1,1
2682,0.5275759696960449,1.3236947059631348,0.6648005843162537,0.3308398723602295,3.7325754165649414,8.568634986877441,1,1
2683,0.5938243269920349,3.378862142562866,0.9563636779785156,0.05276806652545929,4.709411144256592,12.803184509277344,1,1
2684,0.2759409546852112,3.4010908603668213,0.8230066299438477,0.05960008502006531,5.3322296142578125,12.134413719177246,1,1
2685,0.3485686182975769,2.0267887115478516,0.8024711608886719,0.18575169146060944,4.773238182067871,10.052531242370605,1,1
2686,0.3099597990512848,2.469499111175537,0.9304877519607544,0.12498117238283157,4.930476188659668,10.837607383728027,1,1
2687,0.29983097314834595,3.148712635040283,0.8929007053375244,0.07773923873901367,5.027394771575928,10.441231727600098,1,1
2688,0.33346641063690186,1.9720425605773926,0.7978380918502808,0.2047952264547348,4.290937423706055,10.587039947509766,1,1
2689,0.2903934717178345,2.894113779067993,0.9373323917388916,0.07854555547237396,4.8393425941467285,10.743833541870117,1,1
2690,0.26455146074295044,3.0036332607269287,0.8595958948135376,0.07172559201717377,5.343671798706055,12.844618797302246,1,1
2691,0.3146691918373108,2.4057092666625977,0.8678603172302246,0.12647834420204163,4.7583327293396,10.148629188537598,1,1
2692,0.2920688986778259,3.054861307144165,0.9001010656356812,0.08155494183301926,4.839622497558594,10.661300659179688,1,1
2693,0.28856945037841797,2.1969847679138184,0.844346821308136,0.15611505508422852,4.451886177062988,9.946334838867188,1,1
2694,0.26550862193107605,1.8628299236297607,0.8768715858459473,0.21480710804462433,4.707415580749512,9.485372543334961,1,1
2695,0.27925047278404236,3.1760458946228027,0.9486305713653564,0.064281165599823,5.057186603546143,12.593894958496094,1,1
2696,0.47065526247024536,1.4022266864776611,0.7282004356384277,0.3129729628562927,3.8733818531036377,9.071535110473633,1,1
2697,0.533532440662384,4.365174770355225,0.9722499847412109,0.02088800072669983,5.681137561798096,11.897282600402832,1,1
2698,0.6247552037239075,1.228482961654663,0.616323709487915,0.3506799340248108,3.6140296459198,8.007950782775879,1,1
2699,0.5447150468826294,3.1465182304382324,0.9581700563430786,0.07231342792510986,5.2481536865234375,12.388253211975098,1,1
2700,0.36142998933792114,2.717458724975586,0.8110660314559937,0.09756287932395935,4.659862518310547,13.458565711975098,1,1
2701,0.39466214179992676,1.3611910343170166,0.7778500318527222,0.31512078642845154,3.5905730724334717,9.375303268432617,1,1
2702,0.4081818163394928,2.4996700286865234,0.9115539789199829,0.12423709779977798,4.692240238189697,14.91385269165039,1,1
2703,0.26613491773605347,3.2058873176574707,0.8817861676216125,0.060218099504709244,5.179505825042725,12.632281303405762,1,1
2704,0.3023650348186493,2.4364724159240723,0.840309739112854,0.12776494026184082,4.673094749450684,11.910446166992188,1,1
2705,0.25847122073173523,3.228917121887207,0.9190052151679993,0.06547516584396362,5.143736362457275,13.353988647460938,1,1
2706,0.40036195516586304,1.5469741821289062,0.7779528498649597,0.2720770537853241,4.155144691467285,8.891596794128418,1,1
2707,0.4977639317512512,4.414998531341553,0.9650170803070068,0.019559577107429504,5.195347785949707,11.756011009216309,1,1
2708,0.6295936107635498,1.327735185623169,0.617612898349762,0.32860639691352844,3.601670503616333,8.499719619750977,1,1
2709,0.5699349641799927,3.658230781555176,0.9600469470024109,0.04339160770177841,4.960495471954346,11.790205955505371,1,1
2710,0.3918343484401703,2.7519989013671875,0.7827578783035278,0.09560741484165192,4.882920265197754,12.317964553833008,1,1
2711,0.27390193939208984,1.9586446285247803,0.8508493900299072,0.185459703207016,4.541281700134277,10.6502103805542,1,1
2712,0.34576666355133057,2.6737682819366455,0.9140365123748779,0.09741003811359406,4.651490211486816,10.108981132507324,1,1
2713,0.3241649866104126,2.3471367359161377,0.8383388519287109,0.14373114705085754,4.4743218421936035,9.689302444458008,1,1
2714,0.2605062425136566,2.6798484325408936,0.8893635869026184,0.10175878554582596,4.839504241943359,9.68832778930664,1,1
2715,0.3508199155330658,2.4211483001708984,0.862697958946228,0.12467361241579056,4.844263553619385,9.911869049072266,1,1
2716,0.36435264348983765,2.770357370376587,0.8733628988265991,0.09896581619977951,4.816790580749512,10.644865036010742,1,1
2717,0.3435278832912445,2.168916702270508,0.8109924793243408,0.16076336801052094,5.185587406158447,11.235732078552246,1,1
2718,0.33561116456985474,3.14593505859375,0.9163671731948853,0.0768730565905571,5.1559157371521,10.92092227935791,1,1
2719,0.3279038071632385,2.4287116527557373,0.8091130256652832,0.1262384057044983,4.795540809631348,10.66209602355957,1,1
2720,0.3745899498462677,2.5932626724243164,0.8861854076385498,0.11496633291244507,4.999868869781494,11.90771770477295,1,1
2721,0.27325090765953064,3.0686724185943604,0.8952827453613281,0.07221226394176483,5.116835594177246,10.804285049438477,1,1
2722,0.2738022208213806,2.4245736598968506,0.8434747457504272,0.13561584055423737,5.2842698097229,12.866814613342285,1,1
2723,0.29727786779403687,2.9447333812713623,0.9166697263717651,0.08244823664426804,5.251752853393555,12.289633750915527,1,1
2724,0.3672061264514923,2.2813377380371094,0.8187285661697388,0.16343355178833008,4.514893531799316,9.572794914245605,1,1
2725,0.2484806776046753,2.6583619117736816,0.9171499013900757,0.10581369698047638,5.260228633880615,11.32083797454834,1,1
2726,0.3040000796318054,2.8836021423339844,0.869558572769165,0.08888604491949081,5.287835597991943,11.16594409942627,1,1
2727,0.2690664529800415,2.121429443359375,0.8659598231315613,0.16128674149513245,4.881363868713379,11.730422973632812,1,1
2728,0.26637834310531616,2.6739304065704346,0.9049280881881714,0.09792283177375793,5.613674163818359,11.95958137512207,1,1
2729,0.2981724739074707,2.8866593837738037,0.8855141401290894,0.08402445912361145,4.983623027801514,10.049899101257324,1,1
2730,0.36407649517059326,1.3308786153793335,0.7906763553619385,0.3213977515697479,3.3864264488220215,9.296019554138184,1,1
2731,0.4881734549999237,4.273262977600098,0.9440606832504272,0.02659289911389351,5.6388258934021,12.238917350769043,1,1
2732,0.5228973627090454,1.196951150894165,0.6680328845977783,0.36639440059661865,3.353074312210083,7.897762298583984,1,1
2733,0.48901423811912537,3.1095638275146484,0.9605726003646851,0.07242153584957123,5.326024532318115,11.714192390441895,1,1
2734,0.3832125663757324,2.177673578262329,0.7679627537727356,0.17208847403526306,5.040186405181885,10.402176856994629,1,1
2735,0.29233798384666443,3.190194606781006,0.9315173029899597,0.07190967351198196,5.188824653625488,12.464667320251465,1,1
2736,0.31671661138534546,2.559263229370117,0.8179872035980225,0.11476533114910126,4.863885402679443,10.006342887878418,1,1
2737,0.3829725384712219,2.6764755249023438,0.8841369152069092,0.11558754742145538,4.563051223754883,11.642071723937988,1,1
2738,0.34350839257240295,1.6614046096801758,0.8032023906707764,0.2537950873374939,3.973121404647827,8.824859619140625,1,1
2739,0.2913680076599121,2.616377353668213,0.9280682802200317,0.10292239487171173,5.407911777496338,13.58362865447998,1,1
2740,0.2357940524816513,2.7727746963500977,0.8850009441375732,0.09806735813617706,5.202060222625732,11.428563117980957,1,1
2741,0.2404845952987671,2.356522798538208,0.8814112544059753,0.13521072268486023,5.3324971199035645,11.023324966430664,1,1
2742,0.25751107931137085,2.250227928161621,0.892794668674469,0.14234265685081482,4.872836112976074,11.427236557006836,1,1
2743,0.2897304892539978,3.1845932006835938,0.912544310092926,0.0663263350725174,5.162550449371338,10.864665031433105,1,1
2744,0.30372026562690735,1.787679672241211,0.8058632016181946,0.22431236505508423,4.293088912963867,10.24105167388916,1,1
2745,0.3494510352611542,3.5047531127929688,0.9489774703979492,0.04787775129079819,5.014707088470459,11.352351188659668,1,1
2746,0.3461897373199463,2.052992820739746,0.7795161008834839,0.1706680953502655,4.5749688148498535,11.025446891784668,1,1
2747,0.32603275775909424,2.5399222373962402,0.904209315776825,0.12496758997440338,4.582096099853516,9.969658851623535,1,1
2748,0.32037633657455444,2.6751511096954346,0.8634369969367981,0.10762777179479599,4.937966823577881,11.319478988647461,1,1
2749,0.2897535562515259,1.8561372756958008,0.8308120369911194,0.19587557017803192,4.49988317489624,10.41738510131836,1,1
2750,0.34239256381988525,3.59603214263916,0.9588099718093872,0.044928669929504395,5.540496349334717,11.553038597106934,1,1
2751,0.4839085638523102,1.0238282680511475,0.7024779319763184,0.41670554876327515,3.029690742492676,7.103950500488281,1,1
2752,0.5306301712989807,3.8710198402404785,0.9790472388267517,0.036928657442331314,5.821672439575195,13.079919815063477,1,1
2753,0.5736353993415833,1.7846336364746094,0.6557081937789917,0.23662006855010986,4.011593341827393,10.401963233947754,1,1
2754,0.4618365168571472,2.571962356567383,0.9237319231033325,0.10724356770515442,4.899950981140137,10.855918884277344,1,1
2755,0.32210487127304077,2.8402442932128906,0.8463307619094849,0.08768258988857269,5.004485607147217,10.558643341064453,1,1
2756,0.30166172981262207,1.9223711490631104,0.8319638967514038,0.20053812861442566,4.424091339111328,10.301565170288086,1,1
2757,0.3880564570426941,3.1232872009277344,0.9261232018470764,0.06964121758937836,4.9598798751831055,10.615878105163574,1,1
2758,0.37048012018203735,2.1912150382995605,0.7800402641296387,0.1571265012025833,4.5071845054626465,9.528159141540527,1,1
2759,0.265790194272995,3.088703155517578,0.9397232532501221,0.0649629682302475,5.433563232421875,12.68693733215332,1,1
2760,0.2866293787956238,2.6456518173217773,0.8500009775161743,0.10763873159885406,4.998083114624023,12.037376403808594,1,1
2761,0.395129919052124,3.0065629482269287,0.8588674068450928,0.06889793276786804,5.150898456573486,11.750570297241211,1,1
2762,0.36962801218032837,1.642944574356079,0.786432147026062,0.25981947779655457,4.332230567932129,10.445301055908203,1,1
2763,0.4906548261642456,4.129634380340576,0.9524492621421814,0.025899354368448257,5.254929065704346,12.348244667053223,1,1
2764,0.5363933444023132,1.7322659492492676,0.667266845703125,0.27029162645339966,4.082201957702637,9.000031471252441,1,1
2765,0.33367666602134705,2.276386260986328,0.9445828795433044,0.15885712206363678,4.753468990325928,10.960233688354492,1,1
2766,0.30636268854141235,3.5630698204040527,0.9059175848960876,0.04585995152592659,4.798399448394775,10.941822052001953,1,1
2767,0.3831787109375,1.9365131855010986,0.7724606990814209,0.19281935691833496,4.589645862579346,10.177265167236328,1,1
2768,0.2266533374786377,2.651339054107666,0.9549834728240967,0.10832221806049347,5.183482646942139,12.488151550292969,1,1
2769,0.35174858570098877,2.5489840507507324,0.8363640904426575,0.12125338613986969,4.944887638092041,10.769853591918945,1,1
2770,0.2287059724330902,2.334200382232666,0.8917656540870667,0.1387520581483841,5.081947326660156,11.121916770935059,1,1
2771,0.41333022713661194,3.3882317543029785,0.8954616785049438,0.05716031789779663,5.3220133781433105,12.379226684570312,1,1
2772,0.47423219680786133,1.42720365524292,0.7160837054252625,0.29778188467025757,3.912242889404297,8.455490112304688,1,1
2773,0.520714282989502,3.5032031536102295,0.9395512938499451,0.04489520937204361,5.610511779785156,13.57203483581543,1,1
2774,0.3157656192779541,3.1172852516174316,0.8187040090560913,0.0726097971200943,5.200242519378662,13.409603118896484,1,1
2775,0.2915445566177368,1.9504207372665405,0.8467589616775513,0.20935899019241333,4.8448004722595215,10.764354705810547,1,1
2776,0.33096393942832947,2.0516304969787598,0.8707852363586426,0.17239850759506226,4.3993659019470215,13.401097297668457,1,1
2777,0.34646981954574585,3.5682287216186523,0.9020227193832397,0.050792548805475235,5.5948028564453125,14.178323745727539,1,1
2778,0.29348403215408325,2.521543025970459,0.8286480903625488,0.12947919964790344,5.214630126953125,11.698265075683594,1,1
2779,0.2819599509239197,2.1045174598693848,0.8813356161117554,0.18161940574645996,4.549997329711914,10.15002155303955,1,1
2780,0.24531464278697968,2.8370003700256348,0.9409462809562683,0.08933636546134949,4.853623867034912,11.686386108398438,1,1
2781,0.3316247761249542,1.894986867904663,0.7997329235076904,0.20331962406635284,4.566429615020752,9.927774429321289,1,1
2782,0.32014161348342896,3.318113088607788,0.9352394938468933,0.06031494587659836,5.476776123046875,11.781474113464355,1,1
2783,0.4070112705230713,1.931552529335022,0.7779926657676697,0.21578286588191986,4.772424697875977,10.76477336883545,1,1
2784,0.3642827272415161,3.014157772064209,0.9201880693435669,0.07978078722953796,5.020266056060791,12.031285285949707,1,1
2785,0.3550807237625122,1.8396352529525757,0.810179591178894,0.22990567982196808,4.200170040130615,10.157642364501953,1,1
2786,0.28293806314468384,2.2214765548706055,0.9087143540382385,0.1559971272945404,4.843374252319336,11.100942611694336,1,1
2787,0.3775821924209595,2.66672682762146,0.846299946308136,0.10642291605472565,4.876046657562256,10.417719841003418,1,1
2788,0.34192293882369995,2.371980667114258,0.8434571623802185,0.1396501362323761,5.262062072753906,12.169781684875488,1,1
2789,0.2822490930557251,2.7297823429107666,0.9109063148498535,0.10779076814651489,5.047625541687012,11.963735580444336,1,1
2790,0.28243833780288696,2.0790419578552246,0.8485384583473206,0.1715366691350937,4.633152008056641,9.765478134155273,1,1
2791,0.3093748390674591,3.626911163330078,0.9259727001190186,0.04742713272571564,5.6024370193481445,11.940226554870605,1,1
2792,0.4894779324531555,0.951928436756134,0.7163944244384766,0.4545789062976837,3.074493885040283,6.792209625244141,1,1
2793,0.8518940806388855,5.246236324310303,0.9744204878807068,0.00964388344436884,5.765392303466797,12.28302001953125,1,1
2794,1.0972957611083984,0.9984384775161743,0.4564802050590515,0.43560880422592163,2.8847172260284424,7.225767135620117,1,1
2795,0.8065047264099121,3.623575210571289,0.9788200855255127,0.05205743759870529,4.407198905944824,10.61176586151123,1,1
2796,0.3920896649360657,2.6798157691955566,0.757357120513916,0.11111173033714294,4.34460973739624,13.080634117126465,1,1
2797,0.32798588275909424,1.6768203973770142,0.8208237290382385,0.2526516914367676,3.9666836261749268,8.29971694946289,1,1
2798,0.43426281213760376,2.99027156829834,0.9182503819465637,0.08248908072710037,5.08261775970459,11.133349418640137,1,1
2799,0.3204129934310913,3.0458149909973145,0.8457138538360596,0.08572152256965637,4.7953081130981445,10.818511962890625,1,1
2800,0.34207063913345337,2.590782403945923,0.8318222761154175,0.11245313286781311,5.199001789093018,11.044761657714844,1,1
2801,0.41768988966941833,1.723938226699829,0.7977916598320007,0.23823541402816772,3.9025070667266846,8.727867126464844,1,1
2802,0.37715840339660645,2.5633633136749268,0.9354524612426758,0.11371771991252899,4.776545524597168,9.947205543518066,1,1
2803,0.2902005910873413,3.1158266067504883,0.8449779748916626,0.06922091543674469,5.4214091300964355,10.801006317138672,1,1
2804,0.36562007665634155,1.6108077764511108,0.8069627285003662,0.2554408609867096,3.770617961883545,8.82111930847168,1,1
2805,0.38673636317253113,3.3070998191833496,0.9363901615142822,0.057507019490003586,4.858320713043213,10.639689445495605,1,1
2806,0.33851000666618347,2.24409556388855,0.7933309078216553,0.15813598036766052,4.484601974487305,9.762175559997559,1,1
2807,0.3056928515434265,2.1860411167144775,0.8926096558570862,0.1660165786743164,4.481912136077881,10.256211280822754,1,1
2808,0.2656201422214508,2.913577079772949,0.9248508214950562,0.0876048356294632,5.163455009460449,11.443293571472168,1,1
2809,0.2923336923122406,2.4922361373901367,0.8386145830154419,0.1205986961722374,5.036952018737793,11.722843170166016,1,1
2810,0.31591862440109253,2.071993350982666,0.8555953502655029,0.1696232408285141,4.349538326263428,10.320330619812012,1,1
2811,0.3254256844520569,2.999208688735962,0.9092342853546143,0.0830419510602951,5.201854705810547,12.811456680297852,1,1
2812,0.3277698755264282,2.4378838539123535,0.8203316926956177,0.12568798661231995,5.316298007965088,11.127629280090332,1,1
2813,0.25463372468948364,2.5034866333007812,0.9014196991920471,0.11789704859256744,5.1328535079956055,10.349513053894043,1,1
2814,0.2673569917678833,3.3933186531066895,0.9213674068450928,0.049284324049949646,5.736756801605225,11.39610767364502,1,1
2815,0.2672642171382904,2.7420127391815186,0.8437261581420898,0.10278969258069992,5.121397018432617,10.783737182617188,1,1
2816,0.2750161290168762,2.9517412185668945,0.9082372784614563,0.08709254860877991,5.017917633056641,10.973084449768066,1,1
2817,0.3033839464187622,2.4036245346069336,0.8416524529457092,0.13371875882148743,4.761706352233887,11.517687797546387,1,1
2818,0.43875229358673096,2.4636316299438477,0.8403664827346802,0.13701125979423523,4.952380657196045,9.896245956420898,1,1
2819,0.26059991121292114,3.438840389251709,0.9267300963401794,0.05494007468223572,5.2616801261901855,12.1327486038208,1,1
2820,0.39612793922424316,1.2900766134262085,0.767238974571228,0.34850746393203735,3.65234112739563,7.957491397857666,1,1
2821,0.4753328859806061,4.219363212585449,0.9633020758628845,0.024913365021348,5.583146095275879,12.090689659118652,1,1
2822,0.6652624607086182,0.8028749823570251,0.5908219814300537,0.50932776927948,2.4944539070129395,6.655827522277832,1,1
2823,0.784874677658081,3.679079055786133,0.9672218561172485,0.040329478681087494,5.039487361907959,14.836531639099121,1,1
2824,0.3535849153995514,3.165985107421875,0.7784803509712219,0.06571466475725174,4.62532377243042,11.5606050491333,1,1
2825,0.39632275700569153,1.442662239074707,0.7657166123390198,0.30750271677970886,4.02628231048584,8.744823455810547,1,1
2826,0.5216649174690247,3.2019972801208496,0.9436813592910767,0.06735303997993469,5.4116692543029785,15.087043762207031,1,1
2827,0.2803119421005249,2.9117817878723145,0.8360190987586975,0.08331681787967682,5.000657558441162,11.424389839172363,1,1
2828,0.2974756062030792,2.0261285305023193,0.8438398838043213,0.17719192802906036,4.39080810546875,9.419717788696289,1,1
2829,0.2778012752532959,2.7582879066467285,0.9368256330490112,0.0920151025056839,4.836577415466309,10.287907600402832,1,1
2830,0.32149094343185425,2.0126280784606934,0.8247230052947998,0.1874818056821823,4.238440036773682,8.73980712890625,1,1
2831,0.21809698641300201,2.4085121154785156,0.9355876445770264,0.1373714804649353,4.707050800323486,10.144430160522461,1,1
2832,0.3301102817058563,2.5017919540405273,0.8609190583229065,0.12809595465660095,4.975274085998535,10.221291542053223,1,1
2833,0.2768763601779938,2.050290822982788,0.8521000742912292,0.18346577882766724,4.715653896331787,9.624561309814453,1,1
2834,0.34268468618392944,2.6081385612487793,0.895309329032898,0.12004227936267853,5.270867824554443,11.662919998168945,1,1
2835,0.2698674499988556,2.6925742626190186,0.8697242736816406,0.09541936218738556,5.31242561340332,12.24933910369873,1,1
2836,0.31529659032821655,2.676924467086792,0.885433554649353,0.10821621865034103,5.01951265335083,11.057917594909668,1,1
2837,0.2909812927246094,2.715940237045288,0.8614898324012756,0.1028384193778038,5.4365692138671875,11.045371055603027,1,1
2838,0.35176751017570496,2.5741331577301025,0.8640472888946533,0.11716927587985992,5.413698196411133,10.615219116210938,1,1
2839,0.27615633606910706,2.6521618366241455,0.8909565210342407,0.10658666491508484,5.192911148071289,10.921486854553223,1,1
2840,0.31335026025772095,2.5936927795410156,0.864141047000885,0.11331691592931747,5.168545722961426,11.579891204833984,1,1
2841,0.29546821117401123,2.2071588039398193,0.8511101007461548,0.15593726933002472,4.895841121673584,9.899595260620117,1,1
2842,0.3107162117958069,3.6216793060302734,0.9322795271873474,0.04126736521720886,5.157993316650391,12.802145004272461,1,1
2843,0.58406662940979,0.7233744859695435,0.660969614982605,0.5352176427841187,2.6549997329711914,6.2339935302734375,1,1
2844,1.0362221002578735,5.6484222412109375,0.9808220863342285,0.005942164920270443,6.0459208488464355,15.572514533996582,1,1
2845,0.914619505405426,1.8662481307983398,0.5076920986175537,0.2206912338733673,3.9916012287139893,11.947782516479492,1,1
2846,0.39737582206726074,1.55172598361969,0.8761655688285828,0.268524169921875,3.849820613861084,11.928417205810547,1,1
2847,0.4356309175491333,4.851625919342041,0.9651247262954712,0.01505245640873909,5.764530658721924,14.540409088134766,1,1
2848,1.1512818336486816,0.707039475440979,0.4453248381614685,0.5592384338378906,2.225546360015869,6.4823222160339355,1,1
2849,1.1362258195877075,5.014654159545898,0.9748678803443909,0.01575530134141445,4.285847187042236,16.469465255737305,1,1
2850,1.0427085161209106,0.9441587328910828,0.4898567199707031,0.45050930976867676,2.719011068344116,7.920700550079346,1,1
2851,0.6276534795761108,2.436793804168701,0.9520729184150696,0.13312488794326782,4.196372032165527,12.319540023803711,1,1
2852,0.42744582891464233,2.8081893920898438,0.8139946460723877,0.1003565788269043,3.714167594909668,11.023737907409668,1,1
2853,0.3813261389732361,1.891139268875122,0.7924657464027405,0.20818787813186646,3.6431658267974854,9.512528419494629,1,1
2854,0.42308706045150757,2.4132604598999023,0.8878902196884155,0.12088625878095627,3.984001398086548,8.74173641204834,1,1
2855,0.4015536606311798,2.488682985305786,0.8261050581932068,0.1098584532737732,3.8432857990264893,8.466390609741211,1,1
2856,0.3510631322860718,2.7406063079833984,0.8553427457809448,0.09520772844552994,3.7831709384918213,8.428424835205078,1,1
2857,0.30139169096946716,2.237560749053955,0.8596258163452148,0.14307431876659393,4.425224304199219,8.707849502563477,1,1
2858,0.45991891622543335,1.5984947681427002,0.791237473487854,0.2529035210609436,3.552549362182617,7.978193759918213,1,1
2859,0.4568212330341339,2.8347039222717285,0.8951385021209717,0.09327707439661026,4.360820770263672,9.270901679992676,1,1
2860,0.32525962591171265,2.2221059799194336,0.8091517686843872,0.15261302888393402,4.068273544311523,8.931062698364258,1,1
2861,0.3344441056251526,2.432624340057373,0.8986263275146484,0.12305597215890884,4.262535095214844,9.524950981140137,1,1
2862,0.31660374999046326,2.8445911407470703,0.8519922494888306,0.08705389499664307,4.662921905517578,10.551909446716309,1,1
2863,0.3778550922870636,2.0538718700408936,0.8198321461677551,0.17184102535247803,4.059049606323242,8.898128509521484,1,1
2864,0.4357506036758423,3.307624340057373,0.8897961378097534,0.05640120431780815,4.635997772216797,10.23895263671875,1,1
2865,0.38128912448883057,1.7318692207336426,0.7542557716369629,0.23195256292819977,3.6826884746551514,9.062491416931152,1,1
2866,0.47970977425575256,2.892758369445801,0.910676121711731,0.08185404539108276,4.604011535644531,10.174654006958008,1,1
2867,0.5285590887069702,1.0156348943710327,0.6972724199295044,0.41683095693588257,2.6742875576019287,6.34752893447876,1,1
2868,0.4801720380783081,2.775393486022949,0.9528694152832031,0.09533800184726715,4.624387741088867,10.870965957641602,1,1
2869,0.28059083223342896,3.019571304321289,0.8392030596733093,0.07638569176197052,4.809887409210205,11.02425765991211,1,1
2870,0.4458342492580414,1.3395535945892334,0.7448242902755737,0.3252955377101898,3.5890390872955322,7.6619768142700195,1,1
2871,0.6215872764587402,3.6044437885284424,0.9632067680358887,0.049662426114082336,4.979875087738037,10.92817497253418,1,1
2872,0.47440648078918457,2.4457039833068848,0.7136154174804688,0.13280850648880005,4.139395713806152,10.702311515808105,1,1
2873,0.30813711881637573,2.021620035171509,0.8709037899971008,0.18006908893585205,4.688641548156738,9.376948356628418,1,1
2874,0.3788408041000366,2.462907552719116,0.8881872892379761,0.1264059692621231,4.19053316116333,10.58069133758545,1,1
2875,0.384112149477005,3.0111584663391113,0.8405601382255554,0.07478007674217224,4.779355049133301,11.477072715759277,1,1
2876,0.37727969884872437,1.720223069190979,0.7831903696060181,0.252211332321167,4.210721492767334,8.52352237701416,1,1
2877,0.3800997734069824,3.0657811164855957,0.9443573951721191,0.06938439607620239,4.739222526550293,11.006750106811523,1,1
2878,0.3566824793815613,2.6959896087646484,0.8009303212165833,0.10128313302993774,5.367805480957031,10.956583976745605,1,1
2879,0.30218636989593506,1.8621577024459839,0.870439887046814,0.21320581436157227,3.948854446411133,9.234503746032715,1,1
2880,0.3100578188896179,2.6806392669677734,0.9078781604766846,0.10514877736568451,5.087419033050537,10.464770317077637,1,1
2881,0.2659110724925995,2.4582114219665527,0.8586376905441284,0.11361696571111679,4.6320977210998535,10.875421524047852,1,1
2882,0.26352089643478394,2.4375081062316895,0.8824276924133301,0.12228374183177948,5.095781326293945,10.810315132141113,1,1
2883,0.3078012764453888,2.57627534866333,0.8845987319946289,0.11315493285655975,5.184193134307861,11.554518699645996,1,1
2884,0.28111815452575684,2.1170334815979004,0.8525763154029846,0.16271863877773285,4.606046676635742,10.357569694519043,1,1
2885,0.36502784490585327,1.9126834869384766,0.855704665184021,0.20525620877742767,4.428472518920898,9.498468399047852,1,1
2886,0.26301103830337524,3.569302558898926,0.9320456981658936,0.04923328384757042,5.494509220123291,12.106304168701172,1,1
2887,0.3483363389968872,1.7448043823242188,0.793321430683136,0.23193152248859406,4.495310306549072,9.784097671508789,1,1
2888,0.2886034846305847,2.6810975074768066,0.9343435764312744,0.10512395203113556,4.8054327964782715,10.020611763000488,1,1
2889,0.30606943368911743,2.9357054233551025,0.8724009990692139,0.08156682550907135,5.0964884757995605,10.792874336242676,1,1
2890,0.2609187960624695,2.242541790008545,0.8436039090156555,0.15361759066581726,5.073260307312012,10.937921524047852,1,1
2891,0.3221316635608673,2.400737762451172,0.8883230686187744,0.13553383946418762,4.967700958251953,11.113338470458984,1,1
2892,0.27261245250701904,2.7500739097595215,0.8939598798751831,0.10497058928012848,5.272842884063721,12.141352653503418,1,1
2893,0.28956887125968933,2.496105194091797,0.8686707615852356,0.13336005806922913,5.008496284484863,12.330757141113281,1,1
2894,0.37819647789001465,1.9229099750518799,0.8166078329086304,0.20047610998153687,4.708945274353027,11.613762855529785,1,1
2895,0.33679622411727905,2.781111240386963,0.915346086025238,0.104218989610672,5.242557048797607,10.592944145202637,1,1
2896,0.25930777192115784,2.9110255241394043,0.8722233772277832,0.09136883914470673,6.114404201507568,13.867939949035645,1,1
2897,0.3207949995994568,2.0775961875915527,0.8450115323066711,0.18513162434101105,4.875770092010498,11.7163724899292,1,1
2898,0.3355144262313843,3.1382970809936523,0.9250223636627197,0.07669846713542938,5.598715305328369,11.125094413757324,1,1
2899,0.33952170610427856,1.7187187671661377,0.7904872894287109,0.23588968813419342,4.520843982696533,9.741966247558594,1,1
2900,0.2616957426071167,2.4881486892700195,0.944354772567749,0.12756621837615967,5.035832405090332,10.734151840209961,1,1
2901,0.3305692672729492,2.484649658203125,0.8479243516921997,0.11538935452699661,4.794177532196045,9.537365913391113,1,1
2902,0.2530621886253357,2.3524749279022217,0.8878568410873413,0.13877466320991516,4.760756492614746,11.287508964538574,1,1
2903,0.35530489683151245,2.44008731842041,0.8652704358100891,0.13166444003582,5.396758556365967,11.453322410583496,1,1
2904,0.3340659439563751,2.3780312538146973,0.8460838794708252,0.15099400281906128,4.779854774475098,11.748845100402832,1,1
2905,0.3067961633205414,1.9018312692642212,0.8468372821807861,0.20126017928123474,4.766606330871582,9.653814315795898,1,1
2906,0.40300458669662476,3.9843554496765137,0.9410757422447205,0.033862896263599396,5.472701072692871,13.188864707946777,1,1
2907,0.5373471975326538,1.1310417652130127,0.6687411665916443,0.4070749580860138,3.025668144226074,8.342182159423828,1,1
2908,0.6334913372993469,3.9422359466552734,0.9701474905014038,0.036197759211063385,5.188279151916504,17.245969772338867,1,1
2909,0.5178567171096802,1.9409763813018799,0.6897940039634705,0.20063447952270508,4.477904796600342,15.513239860534668,1,1
2910,0.35296040773391724,2.3610754013061523,0.9027305841445923,0.13897240161895752,4.695473670959473,13.449851989746094,1,1
2911,0.328504741191864,3.4796667098999023,0.8960702419281006,0.046117134392261505,5.278136253356934,14.283623695373535,1,1
2912,0.34914422035217285,1.553913950920105,0.7787017822265625,0.2749710977077484,3.916435480117798,9.745731353759766,1,1
2913,0.3132510483264923,2.600139856338501,0.9338729381561279,0.11822239309549332,4.979263782501221,11.638819694519043,1,1
2914,0.26315686106681824,2.80588436126709,0.8808029294013977,0.10195550322532654,5.0310258865356445,10.818264961242676,1,1
2915,0.33970174193382263,2.234501361846924,0.8351230621337891,0.16227680444717407,4.945709705352783,10.541568756103516,1,1
2916,0.2834855616092682,2.108670711517334,0.9077548980712891,0.16186034679412842,4.414741516113281,9.820313453674316,1,1
2917,0.30475565791130066,3.6782736778259277,0.8970203399658203,0.04075518622994423,5.997537136077881,12.60649299621582,1,1
2918,0.3441002368927002,1.6652486324310303,0.7856261730194092,0.26464807987213135,3.9326164722442627,8.577715873718262,1,1
2919,0.3523957431316376,3.078366756439209,0.9449756145477295,0.0713396668434143,5.20647668838501,12.518497467041016,1,1
2920,0.302703857421875,2.477405548095703,0.8342459201812744,0.124500572681427,4.906826019287109,11.535362243652344,1,1
2921,0.2774713635444641,2.4381556510925293,0.880988597869873,0.11983656883239746,5.022721290588379,12.613480567932129,1,1
2922,0.3760426938533783,1.960842251777649,0.8369854688644409,0.2002442628145218,4.134716033935547,10.504117965698242,1,1
2923,0.30999255180358887,2.1850242614746094,0.8571611642837524,0.16135385632514954,4.911920547485352,12.193008422851562,1,1
2924,0.4223490357398987,3.3475852012634277,0.9124243259429932,0.054320935159921646,5.5065202713012695,11.772820472717285,1,1
2925,0.3896872401237488,1.8160338401794434,0.7544989585876465,0.2268305867910385,4.776615619659424,9.54474925994873,1,1
2926,0.31938624382019043,2.52138090133667,0.9349726438522339,0.12163300812244415,5.032740592956543,12.042868614196777,1,1
2927,0.23917439579963684,2.720322608947754,0.8836210370063782,0.10300333797931671,5.0995097160339355,11.662579536437988,1,1
2928,0.37688666582107544,1.9947603940963745,0.8187071084976196,0.19085389375686646,4.516081809997559,10.052011489868164,1,1
2929,0.25279274582862854,2.54841685295105,0.9307968616485596,0.10894105583429337,5.060386657714844,10.96176815032959,1,1
2930,0.31712883710861206,2.269941568374634,0.8496297597885132,0.15470784902572632,4.515588283538818,9.71064281463623,1,1
2931,0.27218374609947205,2.429997444152832,0.8959931135177612,0.13211590051651,5.201436519622803,10.693803787231445,1,1
2932,0.2970767617225647,2.1533870697021484,0.8502790927886963,0.1692356914281845,4.834031105041504,9.973153114318848,1,1
2933,0.3030983805656433,3.376297950744629,0.9209624528884888,0.05946487933397293,5.664868354797363,11.78537654876709,1,1
2934,0.32746922969818115,2.122283935546875,0.8114786148071289,0.1684706062078476,5.034470558166504,10.096609115600586,1,1
2935,0.380906343460083,2.5724380016326904,0.8846570253372192,0.1055222600698471,4.97302770614624,10.394950866699219,1,1
2936,0.3024556040763855,3.2926671504974365,0.8835785984992981,0.06065525859594345,5.461524486541748,11.946614265441895,1,1
2937,0.2456260323524475,2.520218849182129,0.8547838926315308,0.1184934452176094,5.003025054931641,10.802956581115723,1,1
2938,0.28522059321403503,1.9018052816390991,0.8759918212890625,0.18896599113941193,4.640347957611084,9.612706184387207,1,1
2939,0.34980452060699463,4.042872428894043,0.9316178560256958,0.0284966379404068,6.068628311157227,13.745682716369629,1,1
2940,0.5386327505111694,0.8502988815307617,0.6760848760604858,0.5138393640518188,2.6409988403320312,5.943293571472168,1,1
2941,0.8046163320541382,4.744268894195557,0.967521607875824,0.015140838921070099,5.422211170196533,14.542548179626465,1,1
2942,0.624497652053833,2.4786198139190674,0.6297301054000854,0.13363689184188843,4.741000652313232,13.536236763000488,1,1
2943,0.295007586479187,1.8760207891464233,0.8894636631011963,0.21816127002239227,4.807388782501221,11.382112503051758,1,1
2944,0.5124667882919312,4.292420387268066,0.9255635142326355,0.028335288166999817,5.464065074920654,14.708592414855957,1,1
2945,0.5110900402069092,1.5494005680084229,0.6820682883262634,0.29002392292022705,3.5544803142547607,8.472127914428711,1,1
2946,0.4600498676300049,2.6881394386291504,0.9389026165008545,0.10506470501422882,5.055307865142822,12.667229652404785,1,1
2947,0.3388548791408539,2.8467321395874023,0.8543293476104736,0.09837399423122406,4.58636999130249,11.49738883972168,1,1
2948,0.3911498486995697,1.7089147567749023,0.7778164148330688,0.2470378279685974,4.259373188018799,10.035612106323242,1,1
2949,0.43967917561531067,2.5556392669677734,0.8794993162155151,0.12090405076742172,4.880717754364014,12.517548561096191,1,1
2950,0.2554989457130432,2.738096237182617,0.9068624377250671,0.1081031858921051,4.435911655426025,10.852649688720703,1,1
2951,0.36005276441574097,2.424675464630127,0.8143048882484436,0.13228033483028412,4.364563465118408,10.740499496459961,1,1
2952,0.3390476107597351,2.6127095222473145,0.8831115961074829,0.1091543436050415,5.080361366271973,11.217740058898926,1,1
2953,0.3663918375968933,2.624648094177246,0.8565431237220764,0.10865923762321472,5.57959508895874,11.992049217224121,1,1
2954,0.25138410925865173,3.1454803943634033,0.9033626317977905,0.06814110279083252,5.694727897644043,11.953880310058594,1,1
2955,0.4039405882358551,2.09718918800354,0.8051891922950745,0.1681458204984665,4.633931636810303,10.143799781799316,1,1
2956,0.36468687653541565,2.5273261070251465,0.8734984397888184,0.11958402395248413,5.365914821624756,11.750950813293457,1,1
2957,0.3594158887863159,3.70662260055542,0.90233314037323,0.04253198206424713,5.506661891937256,12.771944046020508,1,1
2958,0.566368818283081,0.8403959274291992,0.6541102528572083,0.4948922395706177,2.7761306762695312,6.276256084442139,1,1
2959,0.786241352558136,4.1514692306518555,0.981722354888916,0.02404051274061203,5.181697368621826,14.951621055603027,1,1
2960,0.5784699320793152,2.0969278812408447,0.6340529322624207,0.17587797343730927,4.800541877746582,14.19130802154541,1,1
2961,0.39955735206604004,3.0536797046661377,0.9272239208221436,0.07057343423366547,4.869889736175537,13.339184761047363,1,1
2962,0.29965680837631226,2.110818386077881,0.8189250826835632,0.16318261623382568,4.610179901123047,9.954733848571777,1,1
2963,0.4602619409561157,1.7209806442260742,0.8047245144844055,0.23876115679740906,4.576749801635742,10.595477104187012,1,1
2964,0.5213068723678589,4.371800422668457,0.9491440057754517,0.020395997911691666,5.5490851402282715,11.293987274169922,1,1
2965,0.8360089063644409,1.23573637008667,0.5571703910827637,0.34667637944221497,3.3472743034362793,8.407567024230957,1,1
2966,0.62106853723526,3.469911813735962,0.9654015302658081,0.05418672785162926,4.647194862365723,13.593807220458984,1,1
2967,0.4049556255340576,2.2799205780029297,0.7660843729972839,0.15462970733642578,4.401750564575195,10.817412376403809,1,1
2968,0.34327611327171326,1.8702106475830078,0.8566734790802002,0.21178272366523743,4.1969828605651855,11.501975059509277,1,1
2969,0.3788701295852661,2.7329580783843994,0.8991767168045044,0.1057775467634201,4.1767897605896,11.348285675048828,1,1
2970,0.3749815821647644,2.860474109649658,0.8157771825790405,0.08712249994277954,4.733382701873779,10.230013847351074,1,1
2971,0.3207738995552063,2.181486129760742,0.8467700481414795,0.159823477268219,4.2288031578063965,9.01877498626709,1,1
2972,0.3872361183166504,2.530919075012207,0.865885853767395,0.11599375307559967,4.694523334503174,10.255572319030762,1,1
2973,0.28137654066085815,2.9115700721740723,0.8926486372947693,0.07817578315734863,4.580275058746338,9.7031831741333,1,1
2974,0.32825005054473877,1.9827027320861816,0.810111403465271,0.1964329183101654,4.605582237243652,9.258393287658691,1,1
2975,0.30199623107910156,2.4408059120178223,0.9159067869186401,0.12336047738790512,4.842370510101318,9.943676948547363,1,1
2976,0.34664469957351685,2.201934814453125,0.8344927430152893,0.1553656905889511,4.72125244140625,9.26746654510498,1,1
2977,0.3298877477645874,1.8413512706756592,0.8672772645950317,0.20046119391918182,4.47727632522583,10.634406089782715,1,1
2978,0.3014145791530609,3.079690933227539,0.9149940013885498,0.0827854573726654,5.030329704284668,10.09469223022461,1,1
2979,0.3234449625015259,2.125061273574829,0.8295820951461792,0.1581009179353714,5.0341949462890625,10.155070304870605,1,1
2980,0.2642413377761841,3.2816624641418457,0.933259129524231,0.0587337426841259,5.168295383453369,12.51446533203125,1,1
2981,0.29593855142593384,2.091400623321533,0.8126513957977295,0.18250370025634766,4.367806434631348,9.340755462646484,1,1
2982,0.2991606593132019,2.555917739868164,0.9350889921188354,0.11910416930913925,5.355152130126953,11.064739227294922,1,1
2983,0.2911214530467987,1.932502269744873,0.8359037637710571,0.2101346105337143,4.383152008056641,9.731022834777832,1,1
2984,0.3872462213039398,2.814396381378174,0.8902937769889832,0.09082028269767761,5.017534255981445,10.824899673461914,1,1
2985,0.32993483543395996,2.532855749130249,0.8265476226806641,0.1284695714712143,5.458703994750977,11.256422996520996,1,1
2986,0.37641769647598267,1.9638071060180664,0.8376275897026062,0.19117727875709534,4.654012203216553,9.651471138000488,1,1
2987,0.33687806129455566,2.84234619140625,0.905747652053833,0.08712151646614075,4.965338230133057,10.495944023132324,1,1
2988,0.3055482804775238,2.9217262268066406,0.8540823459625244,0.08897911012172699,5.046892166137695,11.290545463562012,1,1
2989,0.34093955159187317,2.1136183738708496,0.8353433609008789,0.17042525112628937,4.799845218658447,10.357815742492676,1,1
2990,0.34903305768966675,3.4214510917663574,0.9245960712432861,0.05248195305466652,5.660597324371338,15.128518104553223,1,1
2991,0.3628341555595398,1.9973149299621582,0.7799686789512634,0.18360771238803864,4.435115814208984,14.951519966125488,1,1
2992,0.46462687849998474,3.9843921661376953,0.9252963066101074,0.03383618965744972,5.414116859436035,13.351902961730957,1,1
2993,0.550165057182312,1.1898393630981445,0.6709413528442383,0.36358505487442017,3.954125165939331,11.314762115478516,1,1
2994,0.6183855533599854,3.740182876586914,0.9650498032569885,0.043640848249197006,5.964144706726074,16.77969741821289,1,1
2995,0.6265065670013428,1.5855036973953247,0.6522133946418762,0.2893728017807007,3.7509379386901855,10.483692169189453,1,1
2996,0.407763808965683,2.7478041648864746,0.9586243629455566,0.10350124537944794,4.609420299530029,12.309162139892578,1,1
2997,0.4941328763961792,2.3143787384033203,0.7468041181564331,0.14644712209701538,4.844601631164551,10.878256797790527,1,1
2998,0.413552463054657,2.233808994293213,0.8530089855194092,0.1543823629617691,4.449470043182373,9.47758960723877,1,1
2999,0.29821521043777466,3.0307960510253906,0.9109958410263062,0.07710327208042145,5.031408786773682,11.423511505126953,1,1
3000,0.3279942572116852,1.9875156879425049,0.7999187707901001,0.19676819443702698,4.852370262145996,9.868090629577637,1,1
3001,0.3580401837825775,2.285229206085205,0.8952630162239075,0.14777010679244995,4.796411037445068,12.296323776245117,1,1
3002,0.3237731456756592,2.1868996620178223,0.8609968423843384,0.1616588830947876,4.723060607910156,10.546234130859375,1,1
3003,0.3268809914588928,2.8288931846618652,0.8851151466369629,0.0907919630408287,4.9330573081970215,10.931913375854492,1,1
3004,0.34821006655693054,1.674269437789917,0.7913997769355774,0.24316710233688354,4.250240325927734,10.16934871673584,1,1
3005,0.38555359840393066,2.4190945625305176,0.9051346778869629,0.12686415016651154,4.950291633605957,10.56003475189209,1,1
3006,0.3149615526199341,3.5684332847595215,0.8818526864051819,0.0463150218129158,6.13901948928833,14.688028335571289,1,1
3007,0.29638880491256714,2.009462833404541,0.820387601852417,0.1818981021642685,4.459386348724365,10.317191123962402,1,1
3008,0.34493178129196167,2.622447967529297,0.890713095664978,0.10797654092311859,5.081639289855957,10.686795234680176,1,1
3009,0.32907718420028687,3.292743682861328,0.9064834117889404,0.059974052011966705,5.139665603637695,12.57037353515625,1,1
3010,0.560363233089447,0.9203980565071106,0.6725090742111206,0.45789632201194763,2.9786789417266846,7.07757043838501,1,1
3011,0.740866482257843,4.865912437438965,0.9824948906898499,0.01268763653934002,5.637214183807373,15.554218292236328,1,1
3012,0.7468129992485046,1.5698270797729492,0.5824282169342041,0.25963982939720154,3.752290964126587,9.871564865112305,1,1
3013,0.47806787490844727,2.546018600463867,0.9204262495040894,0.12216535210609436,5.648596286773682,14.332319259643555,1,1
3014,0.3904212713241577,1.9897515773773193,0.7855404615402222,0.18871662020683289,4.565708160400391,9.939367294311523,1,1
3015,0.379325807094574,2.197289228439331,0.8698768615722656,0.15031865239143372,4.570284843444824,10.138596534729004,1,1
3016,0.3034406006336212,3.1695470809936523,0.9034334421157837,0.06575429439544678,5.038575649261475,10.417154312133789,1,1
3017,0.3709958791732788,2.0300703048706055,0.7895699739456177,0.18075095117092133,4.283993721008301,10.883901596069336,1,1
3018,0.27582696080207825,2.215826988220215,0.9212532639503479,0.16040381789207458,4.5173773765563965,10.424036979675293,1,1
3019,0.285341739654541,3.2283034324645996,0.9022356271743774,0.058210983872413635,5.643539905548096,12.613140106201172,1,1
3020,0.3801676034927368,1.73320734500885,0.7684646248817444,0.23403409123420715,4.488564968109131,10.337440490722656,1,1
3021,0.32679760456085205,2.4150986671447754,0.9270598888397217,0.12456917017698288,4.671928882598877,10.23149585723877,1,1
3022,0.26614952087402344,2.668585777282715,0.8823760747909546,0.10380735993385315,5.015170097351074,10.526741027832031,1,1
3023,0.3015163242816925,2.04012131690979,0.8430439829826355,0.17650243639945984,4.6030168533325195,10.615303993225098,1,1
3024,0.2697206139564514,2.87459659576416,0.9222196936607361,0.08274555206298828,5.0726847648620605,10.807466506958008,1,1
3025,0.32397544384002686,2.207465648651123,0.8348397016525269,0.15870696306228638,4.976856231689453,10.759084701538086,1,1
3026,0.31969475746154785,2.5116138458251953,0.8783788084983826,0.11487621814012527,4.952198028564453,10.545373916625977,1,1
3027,0.30447521805763245,3.19053316116333,0.9058469533920288,0.06479371339082718,5.028559684753418,14.121720314025879,1,1
3028,0.3526477515697479,1.9094767570495605,0.8014174699783325,0.20555487275123596,4.461902618408203,10.849091529846191,1,1
3029,0.40683713555336,3.558218240737915,0.9269009828567505,0.04725721478462219,5.286789417266846,11.702393531799316,1,1
3030,0.38656532764434814,2.101986885070801,0.771668016910553,0.18567344546318054,4.8067240715026855,10.108325958251953,1,1
3031,0.3504367768764496,2.4526758193969727,0.8953165411949158,0.12321963906288147,5.071097373962402,11.714309692382812,1,1
3032,0.4099581837654114,2.960822105407715,0.8526097536087036,0.08150352537631989,5.103710651397705,11.275222778320312,1,1
3033,0.26423558592796326,2.1294782161712646,0.8451030254364014,0.16012117266654968,4.483313083648682,10.449511528015137,1,1
3034,0.3434523344039917,2.4934017658233643,0.8740324378013611,0.13139720261096954,5.021450996398926,12.728527069091797,1,1
3035,0.3133851885795593,2.8429930210113525,0.8896868228912354,0.09002585709095001,5.247959136962891,10.961930274963379,1,1
3036,0.33079028129577637,1.89578115940094,0.819591760635376,0.19912876188755035,4.364208221435547,9.49025821685791,1,1
3037,0.3337322473526001,2.9716997146606445,0.9043058156967163,0.08599106967449188,5.348891258239746,10.987019538879395,1,1
3038,0.3275841474533081,2.479844331741333,0.8404051065444946,0.13132715225219727,5.099759578704834,10.308116912841797,1,1
3039,0.3386589586734772,2.390058755874634,0.861738920211792,0.1286161243915558,5.250278472900391,10.058016777038574,1,1
3040,0.24386706948280334,3.415332078933716,0.9248940348625183,0.0567573606967926,5.8871283531188965,12.401905059814453,1,1
3041,0.33379480242729187,1.4665741920471191,0.78602135181427,0.29717355966567993,4.075593948364258,8.341763496398926,1,1
3042,0.5507033467292786,4.4515790939331055,0.9475176334381104,0.0269677322357893,5.321342945098877,12.199786186218262,1,1
3043,0.9278476238250732,0.5613768100738525,0.5110189914703369,0.6100149154663086,2.076296329498291,6.194037914276123,1,1
3044,1.2310982942581177,5.7659807205200195,0.98878014087677,0.005970849189907312,4.686807155609131,20.436969757080078,1,1
3045,2.261223316192627,1.2694236040115356,0.21291804313659668,0.36661142110824585,3.541395425796509,18.428752899169922,1,1
3046,1.014838457107544,7.919936656951904,0.9705460071563721,0.0012324578128755093,5.496676921844482,22.857023239135742,1,1
3047,3.653750419616699,0.03892148286104202,0.12641140818595886,0.962799072265625,0.13940109312534332,0.4274829030036926,1,1
3048,3.810750961303711,3.8060450553894043,0.9985468983650208,0.07939355075359344,3.1663658618927,10.847880363464355,1,1
3049,1.0335314273834229,2.7948949337005615,0.5747437477111816,0.1332860291004181,2.8050873279571533,10.78628921508789,1,1
3050,1.0258177518844604,0.5245251655578613,0.5641461610794067,0.6431586742401123,1.272786259651184,4.606400489807129,1,1
3051,1.4561036825180054,3.550535202026367,0.9382919073104858,0.057458311319351196,3.0060346126556396,10.291646003723145,1,1
3052,0.915178120136261,1.9158343076705933,0.541516125202179,0.19826088845729828,2.8073642253875732,8.653964042663574,1,1
3053,0.575643002986908,1.137401819229126,0.7657563090324402,0.3783084750175476,2.021263360977173,6.129006862640381,1,1
3054,0.8063836097717285,2.7745323181152344,0.8989328145980835,0.08947184681892395,2.9956367015838623,9.496109008789062,1,1
3055,0.49673527479171753,2.510169267654419,0.7235190272331238,0.1114816963672638,2.985255241394043,8.694043159484863,1,1
3056,0.5130842328071594,1.1756075620651245,0.733527660369873,0.3577849268913269,2.1646337509155273,5.183837890625,1,1
3057,0.6642308831214905,2.2283873558044434,0.8782680034637451,0.14853253960609436,3.110097646713257,7.928250312805176,1,1
3058,0.5676133632659912,1.8164095878601074,0.7209094762802124,0.21371465921401978,2.7069802284240723,5.846588611602783,1,1
3059,0.45406514406204224,1.8828401565551758,0.8321288228034973,0.2003348022699356,2.9900476932525635,6.670920372009277,1,1
3060,0.44039708375930786,1.8995845317840576,0.8155459761619568,0.1874120831489563,2.9787395000457764,6.731076717376709,1,1
3061,0.445144385099411,1.9625989198684692,0.8223401308059692,0.1889706552028656,2.7191314697265625,6.2143025398254395,1,1
3062,0.43576759099960327,1.618940830230713,0.8074188232421875,0.2462760955095291,2.7864878177642822,6.351523399353027,1,1
3063,0.6237431764602661,1.9700708389282227,0.795070230960846,0.19272969663143158,2.6644232273101807,6.13002872467041,1,1
3064,0.48994165658950806,2.274515151977539,0.8141855001449585,0.13756084442138672,3.101433753967285,6.850610256195068,1,1
3065,0.3779986500740051,2.028980255126953,0.8147101402282715,0.18516820669174194,2.9593112468719482,6.967733860015869,1,1
3066,0.49572625756263733,1.4943006038665771,0.7669857144355774,0.28847700357437134,2.7157084941864014,6.049809455871582,1,1
3067,0.5237744450569153,2.38032865524292,0.8724868893623352,0.12824305891990662,3.3416025638580322,8.30907917022705,1,1
3068,0.5433408617973328,1.5864241123199463,0.720460057258606,0.2601916790008545,2.872389078140259,6.256441116333008,1,1
3069,0.541382372379303,2.6561853885650635,0.8714285492897034,0.09942539036273956,3.7488574981689453,7.998106002807617,1,1
3070,0.4899812936782837,1.5803463459014893,0.7278100848197937,0.26042279601097107,2.822502613067627,6.396772384643555,1,1
3071,0.4508573114871979,2.0445163249969482,0.8587644100189209,0.16969430446624756,3.289823293685913,7.736746311187744,1,1
3072,0.3737071752548218,2.3248045444488525,0.8623563051223755,0.12772580981254578,3.452256679534912,7.624096870422363,1,1
3073,0.3696935176849365,2.0692524909973145,0.822007954120636,0.16839125752449036,2.974935293197632,6.306295394897461,1,1
3074,0.37457430362701416,2.2245917320251465,0.8559530377388,0.14372248947620392,3.4045729637145996,7.172245025634766,1,1
3075,0.368624210357666,1.8833688497543335,0.8139661550521851,0.20420996844768524,3.135528802871704,7.2707414627075195,1,1
3076,0.5135451555252075,2.086655616760254,0.8200658559799194,0.16774624586105347,3.38862943649292,7.280190944671631,1,1
3077,0.4029647707939148,2.203908681869507,0.8510621786117554,0.1449623703956604,3.369018077850342,7.569319248199463,1,1
3078,0.38395535945892334,2.113863945007324,0.8160381317138672,0.15853086113929749,3.8964476585388184,7.670619487762451,1,1
3079,0.3997136652469635,2.051496982574463,0.8455947041511536,0.16982784867286682,3.607889175415039,7.720561981201172,1,1
3080,0.3483101725578308,2.4610848426818848,0.8665461540222168,0.12431158125400543,3.6537234783172607,7.440610408782959,1,1
3081,0.45960041880607605,2.1332755088806152,0.7925299406051636,0.17194314301013947,3.5789198875427246,8.363067626953125,1,1
3082,0.3468993902206421,2.231693983078003,0.8716232776641846,0.15617915987968445,3.9336695671081543,8.034893989562988,1,1
3083,0.3804820775985718,1.697798728942871,0.8067134618759155,0.24444380402565002,3.3257572650909424,7.177591323852539,1,1
3084,0.4747762680053711,2.7346205711364746,0.877402126789093,0.09819606691598892,3.8311781883239746,8.694538116455078,1,1
3085,0.5294361710548401,2.0618419647216797,0.7441349625587463,0.17568208277225494,3.563028335571289,7.6086554527282715,1,1
3086,0.4376789331436157,2.1093668937683105,0.8533352613449097,0.16488033533096313,3.724548101425171,8.041502952575684,1,1
3087,0.47394636273384094,2.043896436691284,0.7910763025283813,0.1706809103488922,3.792431116104126,7.771945476531982,1,1
3088,0.43658506870269775,2.640498638153076,0.8680745363235474,0.1058688536286354,3.9731361865997314,8.963346481323242,1,1
3089,0.373693585395813,1.678511142730713,0.7924239635467529,0.2508862018585205,3.5034472942352295,7.373805046081543,1,1
3090,0.42150622606277466,2.1685142517089844,0.867138147354126,0.15558212995529175,3.3432672023773193,7.709408283233643,1,1
3091,0.37351423501968384,2.0855255126953125,0.8231510519981384,0.15716782212257385,3.6598587036132812,8.050484657287598,1,1
3092,0.36485710740089417,1.7178008556365967,0.8318254351615906,0.22274750471115112,3.5092902183532715,7.763635158538818,1,1
3093,0.3965292274951935,3.103503704071045,0.9106436967849731,0.07434230297803879,3.8971970081329346,8.984367370605469,1,1
3094,0.48577702045440674,1.4910283088684082,0.708783745765686,0.291856050491333,3.2282824516296387,6.734854698181152,1,1
3095,0.42856016755104065,2.4675815105438232,0.9217839241027832,0.12394985556602478,3.7748332023620605,8.272502899169922,1,1
3096,0.40478360652923584,2.2790703773498535,0.7903289794921875,0.1372533142566681,4.001265525817871,8.529770851135254,1,1
3097,0.4603559672832489,2.854252338409424,0.8538503050804138,0.09376348555088043,4.30179500579834,8.869536399841309,1,1
3098,0.4700779616832733,1.5121946334838867,0.7439882755279541,0.27446913719177246,3.643324375152588,7.575676918029785,1,1
3099,0.5184308290481567,3.4577131271362305,0.9253445267677307,0.05020483210682869,4.694419860839844,10.36914348602295,1,1
3100,0.4987563192844391,1.635515809059143,0.687903642654419,0.24469202756881714,3.303225517272949,7.571830749511719,1,1
3101,0.40611785650253296,1.8200883865356445,0.9011330604553223,0.21134629845619202,3.567837715148926,8.600749969482422,1,1
3102,0.3464616537094116,2.806753635406494,0.8835541009902954,0.08576793223619461,3.8519887924194336,8.928092002868652,1,1
3103,0.40429550409317017,2.0287890434265137,0.7869104146957397,0.18174242973327637,3.6480047702789307,7.838258266448975,1,1
3104,0.384261816740036,2.4545700550079346,0.8808882236480713,0.12663787603378296,3.911177635192871,8.156570434570312,1,1
3105,0.3250868320465088,2.1141715049743652,0.8486683368682861,0.1583506464958191,3.618225574493408,7.642427444458008,1,1
3106,0.3579229712486267,1.8352458477020264,0.8340299725532532,0.213430255651474,3.515773296356201,7.357662677764893,1,1
3107,0.44249871373176575,2.5923714637756348,0.8660657405853271,0.10533292591571808,4.374284744262695,8.972647666931152,1,1
3108,0.3730584681034088,1.8189218044281006,0.7907117605209351,0.2111787497997284,3.7302966117858887,7.724222183227539,1,1
3109,0.43568307161331177,2.2859277725219727,0.8756049871444702,0.1458699256181717,4.234736919403076,9.3783540725708,1,1
3110,0.3185398578643799,2.350860595703125,0.8486672639846802,0.12605655193328857,3.9642558097839355,9.134140014648438,1,1
3111,0.33842799067497253,1.9596879482269287,0.8337044715881348,0.18407270312309265,3.919046640396118,8.002687454223633,1,1
3112,0.4597455859184265,2.789918899536133,0.8874621391296387,0.0912499949336052,4.1404337882995605,8.993478775024414,1,1
3113,0.44222116470336914,1.4554378986358643,0.7358348965644836,0.28011226654052734,3.2525219917297363,7.162062168121338,1,1
3114,0.46953195333480835,3.0690855979919434,0.9248594641685486,0.0677497535943985,4.787503242492676,10.119402885437012,1,1
3115,0.401305615901947,1.5876384973526,0.7386828660964966,0.27214205265045166,3.194471836090088,7.249746799468994,1,1
3116,0.3502555191516876,2.4972305297851562,0.9155762195587158,0.1208166554570198,4.26088809967041,10.024136543273926,1,1
3117,0.2849555015563965,2.4195003509521484,0.867171049118042,0.1290428340435028,4.129170894622803,10.892940521240234,1,1
3118,0.42858216166496277,2.2917866706848145,0.8175110816955566,0.14132392406463623,4.230199813842773,8.911835670471191,1,1
3119,0.3958597779273987,2.758495330810547,0.8817602396011353,0.0922553539276123,4.473570346832275,9.680200576782227,1,1
3120,0.4191296398639679,1.6900265216827393,0.7606719732284546,0.23671409487724304,3.661545991897583,8.08290958404541,1,1
3121,0.46085894107818604,2.6241774559020996,0.9029183387756348,0.10141816735267639,4.239719390869141,9.425335884094238,1,1
3122,0.35644668340682983,1.9964711666107178,0.7786688804626465,0.1868007779121399,3.958996295928955,8.410186767578125,1,1
3123,0.4005371928215027,2.426562547683716,0.8945164084434509,0.1272268146276474,4.0615363121032715,10.326271057128906,1,1
3124,0.38838422298431396,2.140970468521118,0.8167383670806885,0.16564026474952698,4.1384806632995605,8.352313041687012,1,1
3125,0.3851277232170105,2.144453525543213,0.8557752370834351,0.15995413064956665,4.288639545440674,9.18286418914795,1,1
3126,0.3804960250854492,2.019286632537842,0.8323665857315063,0.18771937489509583,3.8853635787963867,9.396279335021973,1,1
3127,0.4281764030456543,3.061343193054199,0.8747634887695312,0.06524147093296051,4.60020637512207,10.28826904296875,1,1
3128,0.49858173727989197,1.2530242204666138,0.7132167816162109,0.3510126769542694,3.392348289489746,8.099183082580566,1,1
3129,0.5250862836837769,3.308562755584717,0.9597083330154419,0.0554688423871994,4.4649858474731445,10.936677932739258,1,1
3130,0.3664299249649048,2.5930957794189453,0.7792322635650635,0.1086340844631195,4.183368682861328,9.372011184692383,1,1
3131,0.322437047958374,1.334691047668457,0.8023315072059631,0.33498257398605347,3.27681565284729,7.447315216064453,1,1
3132,0.5882247686386108,3.1908369064331055,0.9367302656173706,0.06624078005552292,4.867183208465576,10.344943046569824,1,1
3133,0.37097838521003723,2.615050792694092,0.7902283668518066,0.11009879410266876,4.1354851722717285,10.069812774658203,1,1
3134,0.43149906396865845,1.2384390830993652,0.7575846910476685,0.3455989360809326,3.2542026042938232,7.227941036224365,1,1
3135,0.6478037238121033,3.8274216651916504,0.9433733224868774,0.03460686653852463,4.873782634735107,11.460800170898438,1,1
3136,0.7231104969978333,1.0606739521026611,0.58548903465271,0.4041241407394409,2.9047842025756836,5.9050211906433105,1,1
3137,0.579695999622345,2.6476259231567383,0.9624223113059998,0.10028204321861267,4.045282363891602,9.59943675994873,1,1
3138,0.41857650876045227,2.586338520050049,0.7884566187858582,0.10643501579761505,4.288505554199219,10.393196105957031,1,1
3139,0.324373334646225,1.99887216091156,0.8233577609062195,0.18205991387367249,4.0463361740112305,9.509469032287598,1,1
3140,0.328579843044281,2.2397522926330566,0.9054785966873169,0.13964949548244476,4.019826889038086,9.545601844787598,1,1
3141,0.39668336510658264,2.6528713703155518,0.8150129914283752,0.0999484732747078,4.565114498138428,9.921374320983887,1,1
3142,0.41120830178260803,2.082007884979248,0.8244115114212036,0.17378395795822144,4.180049896240234,8.459287643432617,1,1
3143,0.3441050946712494,1.9874515533447266,0.8534446954727173,0.18264374136924744,4.3811774253845215,9.503608703613281,1,1
3144,0.4144236743450165,2.566328763961792,0.8714878559112549,0.11497163027524948,4.190883636474609,9.303927421569824,1,1
3145,0.2942608594894409,2.2799572944641113,0.8299890160560608,0.14395788311958313,4.232591152191162,8.702580451965332,1,1
3146,0.39573585987091064,2.6816132068634033,0.869870662689209,0.10521648079156876,4.629884719848633,9.542496681213379,1,1
3147,0.3195440471172333,2.1585752964019775,0.8410475254058838,0.15078091621398926,3.9689700603485107,8.812152862548828,1,1
3148,0.3265606760978699,1.9965877532958984,0.8505139946937561,0.1751367747783661,4.297276020050049,10.262430191040039,1,1
3149,0.3842891454696655,2.795057535171509,0.892939567565918,0.08801087737083435,4.700118541717529,9.858851432800293,1,1
3150,0.38884028792381287,1.6298658847808838,0.7780765295028687,0.2610287666320801,3.5681121349334717,8.197346687316895,1,1
3151,0.5450038313865662,2.9370265007019043,0.864666223526001,0.0885792225599289,4.892872333526611,9.931472778320312,1,1
3152,0.4058274030685425,1.684126853942871,0.7476133108139038,0.2438870668411255,4.171276092529297,9.022754669189453,1,1
3153,0.5683408379554749,3.784799337387085,0.9508093595504761,0.035074975341558456,5.03521728515625,11.120862007141113,1,1
3154,0.6742020845413208,1.2818055152893066,0.5973086953163147,0.35263878107070923,3.1574349403381348,7.216579914093018,1,1
3155,0.6507707834243774,3.2060346603393555,0.9688845872879028,0.06970629096031189,4.284374713897705,9.969597816467285,1,1
3156,0.5908198952674866,2.346968650817871,0.6939901113510132,0.13733291625976562,4.361263751983643,8.978193283081055,1,1
3157,0.23737500607967377,2.153684616088867,0.8980923891067505,0.16845527291297913,4.152999401092529,9.446751594543457,1,1
3158,0.38585081696510315,2.5747833251953125,0.882671594619751,0.11439936608076096,4.442924499511719,10.425860404968262,1,1
3159,0.41846764087677,1.9070971012115479,0.769459068775177,0.20651626586914062,3.905855178833008,9.01402473449707,1,1
3160,0.36239418387413025,2.6816325187683105,0.9214751720428467,0.10066606104373932,4.615947723388672,10.360130310058594,1,1
3161,0.3584158420562744,1.7701313495635986,0.7896007299423218,0.22793297469615936,3.553698778152466,7.851330757141113,1,1
3162,0.4493904709815979,2.9808061122894287,0.9023945331573486,0.07885199785232544,4.461803913116455,10.038395881652832,1,1
3163,0.4028352200984955,1.9178153276443481,0.7565102577209473,0.2038438767194748,4.180911540985107,9.269997596740723,1,1
3164,0.3704563081264496,2.5855183601379395,0.9091439247131348,0.11234971880912781,4.598275184631348,10.302995681762695,1,1
3165,0.3229258358478546,2.328239679336548,0.8485345244407654,0.13718053698539734,4.5049214363098145,9.673012733459473,1,1
3166,0.3104691803455353,2.3474698066711426,0.8558140397071838,0.13761569559574127,4.743293762207031,10.79720687866211,1,1
3167,0.3718271553516388,2.110076427459717,0.8237807750701904,0.17204073071479797,4.667863368988037,10.120606422424316,1,1
3168,0.37013566493988037,3.01076078414917,0.9259493350982666,0.07486233115196228,4.5897536277771,11.729013442993164,1,1
3169,0.33488723635673523,2.282413959503174,0.7984360456466675,0.1494334638118744,4.2636237144470215,9.982647895812988,1,1
3170,0.30810385942459106,2.2699403762817383,0.882888674736023,0.13865667581558228,4.33882999420166,9.215405464172363,1,1
3171,0.30413150787353516,2.6445350646972656,0.889589786529541,0.10240896791219711,4.49033260345459,11.586380958557129,1,1
3172,0.3592345416545868,1.880396842956543,0.8099302649497986,0.20236338675022125,4.299532890319824,10.093505859375,1,1
3173,0.3534463047981262,2.457756519317627,0.9030259847640991,0.1305493414402008,4.2455854415893555,10.684578895568848,1,1
3174,0.2962554097175598,3.172571897506714,0.866570234298706,0.0615818165242672,5.194252014160156,13.050419807434082,1,1
3175,0.29325541853904724,2.1188998222351074,0.8458479642868042,0.16307881474494934,4.881755828857422,11.215831756591797,1,1
3176,0.30949026346206665,2.256096601486206,0.8773447275161743,0.14217764139175415,4.549034118652344,11.290603637695312,1,1
3177,0.37034446001052856,2.911961317062378,0.8919703960418701,0.08323560655117035,4.635003089904785,11.27798080444336,1,1
3178,0.36284977197647095,1.5817874670028687,0.7777881622314453,0.2618533968925476,3.869755983352661,9.048172950744629,1,1
3179,0.35859936475753784,3.370899200439453,0.9516233801841736,0.06141921132802963,4.972653388977051,11.459015846252441,1,1
3180,0.41680583357810974,2.0640006065368652,0.7626447677612305,0.17554806172847748,4.822020053863525,10.703984260559082,1,1
3181,0.4074440598487854,2.871324300765991,0.8975818157196045,0.08492184430360794,4.851431846618652,11.531968116760254,1,1
3182,0.359325647354126,1.8664790391921997,0.7834897041320801,0.2034163624048233,4.052957534790039,8.950862884521484,1,1
3183,0.37623557448387146,2.805375099182129,0.9119330644607544,0.08897257596254349,4.699915885925293,10.872509002685547,1,1
3184,0.4572082459926605,1.6589784622192383,0.7453726530075073,0.26796582341194153,4.163811206817627,9.355021476745605,1,1
3185,0.38512668013572693,3.385059118270874,0.9680590033531189,0.053701721131801605,5.018294811248779,10.95773983001709,1,1
3186,0.5986593961715698,1.1394188404083252,0.6336214542388916,0.39338770508766174,3.528480291366577,9.523209571838379,1,1
3187,0.779036283493042,3.7274012565612793,0.9665608406066895,0.042905211448669434,5.403763771057129,12.323410034179688,1,1
3188,0.6034354567527771,2.4036808013916016,0.655171811580658,0.13451500236988068,4.674873352050781,12.665229797363281,1,1
3189,0.29346781969070435,2.108623504638672,0.8998013138771057,0.16695475578308105,4.488720893859863,9.620491981506348,1,1
3190,0.46196019649505615,2.877493381500244,0.8635311722755432,0.09022581577301025,5.4686102867126465,10.30034351348877,1,1
3191,0.29800140857696533,2.516594171524048,0.8337537050247192,0.11360182613134384,4.665910720825195,9.900644302368164,1,1
3192,0.3309876322746277,1.769466519355774,0.8311630487442017,0.22543808817863464,4.030158042907715,8.535848617553711,1,1
3193,0.40403756499290466,2.9841156005859375,0.9117482900619507,0.0743257999420166,5.438526153564453,10.65798282623291,1,1
3194,0.3893905580043793,1.9044599533081055,0.7721172571182251,0.20210705697536469,4.11700963973999,9.749028205871582,1,1
3195,0.3464452028274536,1.9725271463394165,0.8922249674797058,0.18765129148960114,4.668722152709961,10.079676628112793,1,1
3196,0.34735891222953796,2.9640564918518066,0.8864806890487671,0.07674072682857513,5.243916034698486,11.332002639770508,1,1
3197,0.34178489446640015,2.0534005165100098,0.8010179400444031,0.18600335717201233,4.2772955894470215,10.235221862792969,1,1
3198,0.3524482846260071,2.587186574935913,0.8968960046768188,0.10797575116157532,4.886048793792725,11.042696952819824,1,1
3199,0.33007535338401794,3.01171875,0.8729063272476196,0.07148465514183044,5.5799126625061035,11.832449913024902,1,1
3200,0.3094545006752014,2.3354268074035645,0.8279188871383667,0.14191043376922607,4.644357681274414,10.61227798461914,1,1
3201,0.328429639339447,2.4396729469299316,0.8847894668579102,0.12776856124401093,4.8780012130737305,11.328031539916992,1,1
3202,0.3313004970550537,2.707475423812866,0.8720301389694214,0.10487635433673859,4.97265625,10.70389175415039,1,1
3203,0.3672550320625305,2.730114459991455,0.851868748664856,0.09811961650848389,4.902259349822998,10.654600143432617,1,1
3204,0.34039977192878723,1.5468988418579102,0.8179743885993958,0.26516836881637573,4.033322811126709,8.026918411254883,1,1
3205,0.3942345976829529,3.019174575805664,0.9237446188926697,0.08144639432430267,4.9630537033081055,11.034761428833008,1,1
3206,0.39429181814193726,2.195817470550537,0.7859957814216614,0.15213868021965027,4.3589630126953125,9.15673828125,1,1
3207,0.3424931466579437,1.7724100351333618,0.8430176973342896,0.22813516855239868,4.512666702270508,10.165023803710938,1,1
3208,0.4448975622653961,3.392251968383789,0.930469274520874,0.05366554111242294,5.163015842437744,12.878218650817871,1,1
3209,0.5925636887550354,1.203283429145813,0.6405612230300903,0.3734439015388489,3.4098284244537354,8.24089241027832,1,1
3210,0.5808019638061523,2.7479376792907715,0.951849102973938,0.09901397675275803,4.58046293258667,11.53801441192627,1,1
3211,0.31850504875183105,3.444833278656006,0.8427315354347229,0.053753096610307693,5.329037189483643,11.839037895202637,1,1
3212,0.502044677734375,1.381093978881836,0.7119306325912476,0.32159674167633057,3.653712272644043,9.335497856140137,1,1
3213,0.5344303846359253,2.808400869369507,0.9485379457473755,0.09016771614551544,5.126048564910889,14.462997436523438,1,1
3214,0.32556429505348206,2.6349921226501465,0.8099203705787659,0.11420349776744843,4.746392726898193,10.7056303024292,1,1
3215,0.34121543169021606,1.575930118560791,0.8254430294036865,0.2654293179512024,3.5679359436035156,8.711346626281738,1,1
3216,0.4166432023048401,3.2656409740448,0.9230437874794006,0.0616661012172699,5.3179030418396,14.279560089111328,1,1
3217,0.4269673824310303,2.5387754440307617,0.7635867595672607,0.1181764304637909,5.061247825622559,12.246100425720215,1,1
3218,0.33609336614608765,2.7882156372070312,0.904592752456665,0.0855969712138176,4.804049491882324,11.616212844848633,1,1
3219,0.32951056957244873,2.3385579586029053,0.8214917182922363,0.1454402655363083,5.185726642608643,10.52783489227295,1,1
3220,0.3549065589904785,2.623542308807373,0.8732450008392334,0.1045101210474968,5.09507942199707,10.819841384887695,1,1
3221,0.378719300031662,2.1948001384735107,0.824770450592041,0.15725907683372498,4.603967666625977,10.332782745361328,1,1
3222,0.39523881673812866,2.8181703090667725,0.869629979133606,0.09098048508167267,4.742960453033447,10.812487602233887,1,1
3223,0.24399101734161377,2.378354549407959,0.8622815608978271,0.1438145637512207,4.5680437088012695,9.845925331115723,1,1
3224,0.3483445942401886,1.8854938745498657,0.8419924974441528,0.19780606031417847,4.522419452667236,9.644412994384766,1,1
3225,0.3346623182296753,2.5790510177612305,0.8992195129394531,0.11311471462249756,4.792853355407715,9.923851013183594,1,1
3226,0.30067217350006104,2.4807302951812744,0.8568309545516968,0.1186983585357666,4.820355415344238,10.845890998840332,1,1
3227,0.31162890791893005,2.577268123626709,0.8651800155639648,0.11694808304309845,5.277929782867432,11.13591480255127,1,1
3228,0.30362415313720703,2.1738626956939697,0.866195023059845,0.16106265783309937,4.650638580322266,9.690420150756836,1,1
3229,0.3854934275150299,2.8328874111175537,0.8671618103981018,0.08730447292327881,5.399194717407227,11.347159385681152,1,1
3230,0.41565728187561035,1.546751856803894,0.7766228914260864,0.27282458543777466,4.122637748718262,8.499950408935547,1,1
3231,0.39684367179870605,3.546870231628418,0.9370903372764587,0.04549965634942055,5.09109354019165,12.19981861114502,1,1
3232,0.42823439836502075,2.050260305404663,0.7388652563095093,0.17604534327983856,4.519448757171631,10.374784469604492,1,1
3233,0.3949810862541199,2.9530189037323,0.922511637210846,0.08152470737695694,5.612813472747803,11.797073364257812,1,1
3234,0.3829890489578247,2.457965850830078,0.8125295639038086,0.12147679924964905,5.255566120147705,11.491922378540039,1,1
3235,0.4005041718482971,1.3601752519607544,0.7973637580871582,0.3126886487007141,3.977283239364624,8.815969467163086,1,1
3236,0.41171103715896606,3.342604637145996,0.9518873691558838,0.060953203588724136,5.686932563781738,11.963528633117676,1,1
3237,0.31955263018608093,2.643678665161133,0.800121545791626,0.11413639038801193,4.914825439453125,11.827977180480957,1,1
3238,0.29655784368515015,2.1935153007507324,0.8585745096206665,0.16791577637195587,4.632256031036377,9.714903831481934,1,1
3239,0.24215129017829895,2.7578964233398438,0.9345118999481201,0.09950343519449234,5.34445858001709,11.45242977142334,1,1
3240,0.3663462698459625,2.285473346710205,0.8298830986022949,0.14849065244197845,4.919178009033203,10.031759262084961,1,1
3241,0.3733728229999542,2.442739486694336,0.8604709506034851,0.13542822003364563,4.55557107925415,10.285174369812012,1,1
3242,0.31725695729255676,1.7442669868469238,0.8280408382415771,0.23327577114105225,4.265089511871338,9.127331733703613,1,1
3243,0.332439124584198,2.9836153984069824,0.9171607494354248,0.08162017911672592,5.898743629455566,13.357123374938965,1,1
3244,0.33461976051330566,2.040006160736084,0.817413330078125,0.18261194229125977,4.725063800811768,11.158660888671875,1,1
3245,0.29227566719055176,2.5894083976745605,0.9004461765289307,0.11563350260257721,5.327673435211182,13.165471076965332,1,1
3246,0.32581043243408203,2.7111856937408447,0.8677172660827637,0.09547014534473419,4.981926918029785,11.28796100616455,1,1
3247,0.2652442455291748,2.3025197982788086,0.8657835721969604,0.14042219519615173,5.346025466918945,11.117011070251465,1,1
3248,0.3360419273376465,2.2759883403778076,0.8820396661758423,0.1490849107503891,4.637435436248779,11.772063255310059,1,1
3249,0.2856781482696533,2.324643850326538,0.8658566474914551,0.13838382065296173,4.832345008850098,11.672408103942871,1,1
3250,0.29272714257240295,2.4221906661987305,0.8880504965782166,0.1408463716506958,4.832581520080566,14.004110336303711,1,1
3251,0.29573893547058105,2.333920478820801,0.8574544191360474,0.14809170365333557,5.273138999938965,11.51136302947998,1,1
3252,0.37121522426605225,2.5813159942626953,0.8751780986785889,0.10861261188983917,5.021529674530029,10.655511856079102,1,1
3253,0.3459048569202423,2.1382412910461426,0.8263317346572876,0.1812174916267395,5.045438289642334,11.940783500671387,1,1
3254,0.3444215953350067,3.166907548904419,0.8993514776229858,0.06779636442661285,5.498267650604248,11.558804512023926,1,1
3255,0.4075982868671417,1.69143807888031,0.7734309434890747,0.2675960659980774,4.161097049713135,9.829242706298828,1,1
3256,0.38283467292785645,3.390233039855957,0.9421310424804688,0.05680184066295624,5.7299113273620605,15.002552032470703,1,1
3257,0.34289324283599854,2.0279626846313477,0.779687225818634,0.17309503257274628,4.8592000007629395,11.063460350036621,1,1
3258,0.3090932369232178,3.2164196968078613,0.9277307391166687,0.06426713615655899,5.832625389099121,12.15316390991211,1,1
3259,0.2903870642185211,2.606048345565796,0.8596711158752441,0.11087071150541306,5.4846272468566895,11.310725212097168,1,1
3260,0.33551788330078125,2.657022714614868,0.8633909821510315,0.10596702992916107,5.059286117553711,11.267831802368164,1,1
3261,0.2646048665046692,2.0675268173217773,0.8729051351547241,0.17712411284446716,4.698487281799316,10.896224021911621,1,1
3262,0.30924347043037415,1.9368095397949219,0.858869731426239,0.19568482041358948,4.858853816986084,11.321476936340332,1,1
3263,0.33228278160095215,3.6079812049865723,0.9256341457366943,0.05059938132762909,5.926790714263916,14.024599075317383,1,1
3264,0.5178844332695007,0.8679925203323364,0.7052905559539795,0.48350828886032104,3.0110127925872803,7.208935737609863,1,1
3265,0.8388333916664124,5.549511909484863,0.9764872789382935,0.007074774242937565,5.694118976593018,14.957332611083984,1,1
3266,1.4168438911437988,0.7147221565246582,0.3587142825126648,0.5505622625350952,2.711137294769287,7.4999680519104,1,1
3267,1.0743132829666138,3.3077855110168457,0.9873703718185425,0.0624062679708004,5.049737930297852,19.29770851135254,1,1
3268,0.5036624670028687,2.8571767807006836,0.7175592184066772,0.0894472748041153,4.4389848709106445,12.787671089172363,1,1
3269,0.32869550585746765,1.7867274284362793,0.8188443779945374,0.24840980768203735,3.7972311973571777,10.08366584777832,1,1
3270,0.4928276240825653,3.056806802749634,0.9261859059333801,0.07353930175304413,4.407402038574219,9.997042655944824,1,1
3271,0.435517817735672,2.2390947341918945,0.7568211555480957,0.14789530634880066,4.384035110473633,9.237600326538086,1,1
3272,0.3311097025871277,2.2169642448425293,0.8757909536361694,0.1516137272119522,4.467372417449951,9.590019226074219,1,1
3273,0.3711112141609192,2.2967171669006348,0.8716526627540588,0.13130217790603638,4.189963340759277,10.081439971923828,1,1
3274,0.38520389795303345,2.5653767585754395,0.8280339241027832,0.11138671636581421,4.532261371612549,10.993815422058105,1,1
3275,0.33394867181777954,2.403212547302246,0.8440827131271362,0.13232463598251343,4.542098522186279,11.466958045959473,1,1
3276,0.3746824860572815,3.0567383766174316,0.8969782590866089,0.0720529705286026,5.099360466003418,11.42009162902832,1,1
3277,0.35486289858818054,1.959478497505188,0.7803254127502441,0.20005065202713013,4.315131187438965,8.793450355529785,1,1
3278,0.34768974781036377,3.0318679809570312,0.9420067071914673,0.06999031454324722,4.794772624969482,11.043136596679688,1,1
3279,0.4252038598060608,2.1381778717041016,0.7581413984298706,0.16826432943344116,4.650829792022705,9.644728660583496,1,1
3280,0.35198846459388733,2.2598371505737305,0.881597638130188,0.14981809258460999,4.652506351470947,9.565670013427734,1,1
3281,0.2789418697357178,2.6279311180114746,0.9003691077232361,0.10526396334171295,4.779905796051025,10.016849517822266,1,1
3282,0.28581321239471436,2.4499340057373047,0.8703311681747437,0.12281318753957748,4.82602071762085,10.147899627685547,1,1
3283,0.3513335585594177,1.7394723892211914,0.8162893652915955,0.2220829725265503,4.735535144805908,10.623001098632812,1,1
3284,0.3796103596687317,2.9125261306762695,0.9095309972763062,0.08575233817100525,5.597533226013184,11.870478630065918,1,1
3285,0.39822646975517273,2.5634970664978027,0.8038700222969055,0.12172560393810272,4.9255900382995605,11.123347282409668,1,1
3286,0.3230190575122833,1.9408559799194336,0.8447445631027222,0.1948862224817276,4.2195658683776855,9.324007034301758,1,1
3287,0.515703558921814,3.036569595336914,0.8655387163162231,0.08135342597961426,5.265934467315674,11.58492660522461,1,1
3288,0.33976197242736816,2.361085891723633,0.8117626905441284,0.1414976865053177,4.575634479522705,9.568608283996582,1,1
3289,0.3443761169910431,2.215592384338379,0.859894871711731,0.15521273016929626,4.736529350280762,12.871731758117676,1,1
3290,0.355684757232666,2.568178653717041,0.8692494034767151,0.12840503454208374,4.952131271362305,11.446986198425293,1,1
3291,0.375948965549469,2.3443503379821777,0.832769513130188,0.14597363770008087,4.891928672790527,11.585107803344727,1,1
3292,0.3592427372932434,1.802699327468872,0.8381015062332153,0.21520572900772095,4.33912467956543,10.84180736541748,1,1
3293,0.390838623046875,2.775474786758423,0.8881790637969971,0.09934418648481369,4.655786991119385,11.213517189025879,1,1
3294,0.31490522623062134,2.2526588439941406,0.8173404932022095,0.14452582597732544,4.822937488555908,12.61216926574707,1,1
3295,0.21780088543891907,2.1602561473846436,0.91205894947052,0.16838189959526062,4.714815139770508,11.757513046264648,1,1
3296,0.39702701568603516,2.911752462387085,0.8823853731155396,0.0899248719215393,5.312744140625,12.621170043945312,1,1
3297,0.24559175968170166,2.537891387939453,0.8622885942459106,0.11439891159534454,5.283337116241455,12.510787010192871,1,1
3298,0.2886740565299988,2.333171844482422,0.8777833580970764,0.13828107714653015,5.129746437072754,11.610711097717285,1,1
3299,0.31511566042900085,1.7544100284576416,0.8435753583908081,0.2303200662136078,4.278330326080322,9.368826866149902,1,1
3300,0.30090951919555664,2.8795218467712402,0.9179260730743408,0.08654367923736572,5.254189968109131,13.935242652893066,1,1
3301,0.2995188236236572,2.383756160736084,0.8491488695144653,0.13271573185920715,5.113160133361816,13.535309791564941,1,1
3302,0.2478785365819931,2.3514890670776367,0.8859314322471619,0.141409233212471,5.3062896728515625,13.002545356750488,1,1
3303,0.3594404458999634,2.2689743041992188,0.863178014755249,0.1487710326910019,5.045506954193115,12.532796859741211,1,1
3304,0.28059297800064087,2.6657397747039795,0.8895996809005737,0.10552431643009186,5.450711727142334,11.450440406799316,1,1
3305,0.3004843592643738,2.9961657524108887,0.8778102397918701,0.07691918313503265,5.481179237365723,12.704349517822266,1,1
3306,0.4138333797454834,1.444798231124878,0.7868231534957886,0.2917030453681946,4.446788787841797,9.14773941040039,1,1
3307,0.4679993987083435,3.760251760482788,0.9346048831939697,0.044035859405994415,5.41334867477417,12.933226585388184,1,1
3308,0.4848588705062866,1.476906657218933,0.6899114847183228,0.3009800612926483,3.924733877182007,9.180383682250977,1,1
3309,0.5766226649284363,3.548858880996704,0.9495174288749695,0.052900392562150955,5.017579078674316,15.613789558410645,1,1
3310,0.5496461391448975,1.833846926689148,0.6787791848182678,0.22132211923599243,4.569427013397217,12.482516288757324,1,1
3311,0.3451938033103943,2.310647487640381,0.9088848233222961,0.1485283076763153,5.017621994018555,10.973453521728516,1,1
3312,0.32172444462776184,3.373744487762451,0.9115197062492371,0.0542510524392128,5.2373833656311035,11.184852600097656,1,1
3313,0.3716917037963867,1.902491569519043,0.7895544171333313,0.19600419700145721,3.9861111640930176,8.992563247680664,1,1
3314,0.3716529607772827,2.9420957565307617,0.8861822485923767,0.08341465890407562,5.460335731506348,11.305049896240234,1,1
3315,0.3134402632713318,2.8366427421569824,0.8512779474258423,0.09654359519481659,5.398758888244629,12.069584846496582,1,1
3316,0.22732487320899963,2.8625845909118652,0.8972668647766113,0.09114907681941986,5.581090927124023,12.4476318359375,1,1
3317,0.32909029722213745,2.215970516204834,0.838519275188446,0.1541537195444107,5.778040409088135,11.348791122436523,1,1
3318,0.3142005205154419,2.783632755279541,0.9045819044113159,0.09134545177221298,6.096151828765869,12.586153030395508,1,1
3319,0.34582895040512085,2.426112174987793,0.8368493318557739,0.1328473836183548,5.114810943603516,11.210665702819824,1,1
3320,0.31614744663238525,2.0860366821289062,0.8732237815856934,0.18013805150985718,4.74332857131958,10.875561714172363,1,1
3321,0.326654851436615,2.357783079147339,0.8607911467552185,0.1467689573764801,5.063168048858643,11.519606590270996,1,1
3322,0.3153362572193146,3.3720808029174805,0.904487133026123,0.055997334420681,5.697780132293701,11.815354347229004,1,1
3323,0.3098434507846832,2.0512843132019043,0.8066142201423645,0.18703871965408325,4.83589506149292,10.435733795166016,1,1
3324,0.35136592388153076,2.471193790435791,0.9073840379714966,0.13220494985580444,5.041041374206543,11.123607635498047,1,1
3325,0.37787216901779175,2.5080599784851074,0.8355739116668701,0.12673167884349823,5.503733158111572,11.1300687789917,1,1
3326,0.2614610195159912,2.6215453147888184,0.8914868831634521,0.10492775589227676,5.60532283782959,11.197608947753906,1,1
3327,0.2721235752105713,2.0410070419311523,0.860383927822113,0.1936403065919876,4.4687113761901855,10.040672302246094,1,1
3328,0.30204468965530396,2.8900632858276367,0.9096621870994568,0.08178766816854477,5.3305463790893555,11.368964195251465,1,1
3329,0.30687981843948364,1.9574795961380005,0.8258151412010193,0.18777960538864136,4.774856090545654,10.911214828491211,1,1
3330,0.3853943645954132,3.377315044403076,0.9122086763381958,0.0620899423956871,6.370450019836426,14.39004135131836,1,1
3331,0.37409842014312744,1.7605931758880615,0.769534707069397,0.227992981672287,4.391968250274658,10.022950172424316,1,1
3332,0.43275266885757446,4.222043991088867,0.9626520872116089,0.024938110262155533,5.819174766540527,12.805007934570312,1,1
3333,0.3491860330104828,2.4966959953308105,0.770346999168396,0.1220225840806961,5.176394462585449,12.053963661193848,1,1
3334,0.3111311197280884,1.8196460008621216,0.8748179078102112,0.2146223783493042,4.627695560455322,9.837812423706055,1,1
3335,0.37167200446128845,3.4995524883270264,0.9239135980606079,0.050340864807367325,5.421777725219727,11.94176197052002,1,1
3336,0.46346110105514526,1.4019752740859985,0.7243279218673706,0.32791662216186523,4.363434314727783,9.29581069946289,1,1
3337,0.49795001745224,3.421351909637451,0.9490687847137451,0.05618692934513092,5.651157379150391,12.143491744995117,1,1
3338,0.4760923683643341,1.5335502624511719,0.7138620018959045,0.28228306770324707,3.9200854301452637,10.866853713989258,1,1
3339,0.41929471492767334,3.1276066303253174,0.9312013387680054,0.07160128653049469,5.585226058959961,11.630803108215332,1,1
3340,0.27821633219718933,2.524972677230835,0.8305991888046265,0.1240599974989891,5.357874870300293,11.140070915222168,1,1
3341,0.28645801544189453,2.155005693435669,0.8775559663772583,0.1654149740934372,5.469241619110107,11.291579246520996,1,1
3342,0.3110195994377136,3.021366596221924,0.9127170443534851,0.0764240249991417,5.39960241317749,11.157164573669434,1,1
3343,0.3057572841644287,2.2629544734954834,0.8226778507232666,0.15395623445510864,5.296692848205566,11.426084518432617,1,1
3344,0.2450614720582962,1.8502881526947021,0.8931360244750977,0.2171381413936615,4.749018669128418,10.198535919189453,1,1
3345,0.3017229437828064,3.6082725524902344,0.9437665939331055,0.048089735209941864,5.2346882820129395,12.394335746765137,1,1
3346,0.464364230632782,1.7706570625305176,0.7438276410102844,0.2199143022298813,5.081446647644043,12.132329940795898,1,1
3347,0.4454948306083679,3.3207108974456787,0.9342962503433228,0.056850213557481766,5.65712308883667,12.503119468688965,1,1
3348,0.3759211599826813,1.89988112449646,0.7646516561508179,0.19405317306518555,4.7245001792907715,10.894964218139648,1,1
3349,0.24165363609790802,1.715148687362671,0.9176028966903687,0.2396276295185089,4.1743903160095215,10.034122467041016,1,1
3350,0.32154303789138794,3.096466541290283,0.9189954996109009,0.06741462647914886,5.399901866912842,12.507569313049316,1,1
3351,0.42696821689605713,2.146927833557129,0.7675699591636658,0.17826984822750092,4.780523300170898,10.460991859436035,1,1
3352,0.3097795844078064,2.5551087856292725,0.9159768223762512,0.1113651916384697,5.328777313232422,11.632820129394531,1,1
3353,0.4319852888584137,2.7339446544647217,0.815557599067688,0.10236278921365738,4.963083744049072,11.618882179260254,1,1
3354,0.31941139698028564,2.1732521057128906,0.8643940091133118,0.15965525805950165,4.772184371948242,11.929099082946777,1,1
3355,0.26689043641090393,2.6246418952941895,0.8942652940750122,0.10961578786373138,5.246593475341797,10.979374885559082,1,1
3356,0.3335540294647217,1.7415218353271484,0.8283722400665283,0.24470336735248566,4.529881477355957,10.399558067321777,1,1
3357,0.3376019299030304,3.5594725608825684,0.9321621060371399,0.0453903004527092,6.155677795410156,13.685262680053711,1,1
3358,0.37504467368125916,1.5426995754241943,0.7784029841423035,0.268624484539032,4.536661148071289,9.422297477722168,1,1
3359,0.48814845085144043,3.6640782356262207,0.9093331694602966,0.04024318978190422,5.6238179206848145,12.993300437927246,1,1
3360,0.48293963074684143,1.4089570045471191,0.7117542028427124,0.306604266166687,4.117383003234863,9.455645561218262,1,1
3361,0.44413280487060547,3.136932373046875,0.9451853632926941,0.07265152037143707,5.445411682128906,14.127839088439941,1,1
3362,0.4182344079017639,2.680823802947998,0.7776082158088684,0.10610850900411606,5.218150615692139,15.357531547546387,1,1
3363,0.2595409154891968,2.4400906562805176,0.8881680369377136,0.12272249907255173,5.42515230178833,10.983466148376465,1,1
3364,0.27782055735588074,2.636539936065674,0.8971607685089111,0.11803607642650604,5.188868999481201,12.421897888183594,1,1
3365,0.2959468364715576,2.7726659774780273,0.854035496711731,0.09677480161190033,5.686360836029053,12.517119407653809,1,1
3366,0.3482387065887451,2.3676300048828125,0.8655450344085693,0.13939177989959717,4.883513450622559,12.762105941772461,1,1
3367,0.28341251611709595,3.7373571395874023,0.9156931638717651,0.044217221438884735,6.05643892288208,13.917488098144531,1,1
3368,0.4307821989059448,1.4382432699203491,0.7417481541633606,0.3049203157424927,4.266010284423828,9.356707572937012,1,1
3369,0.6285769939422607,4.244344711303711,0.9696632623672485,0.02447565086185932,5.831305980682373,14.661194801330566,1,1
3370,0.7118973731994629,1.4201409816741943,0.5910614132881165,0.3361399471759796,4.007669925689697,8.86552619934082,1,1
3371,0.5409367084503174,2.384115695953369,0.9309024810791016,0.13834065198898315,4.927779197692871,14.493159294128418,1,1
3372,0.36085230112075806,2.718367576599121,0.8239293694496155,0.10192322731018066,5.206660270690918,13.150301933288574,1,1
3373,0.329060822725296,1.9982335567474365,0.8344401121139526,0.18868061900138855,4.433216094970703,11.150262832641602,1,1
3374,0.36882293224334717,2.75614595413208,0.899793803691864,0.09486478567123413,4.748627185821533,10.640310287475586,1,1
3375,0.3227114975452423,2.7444674968719482,0.8374160528182983,0.10285697877407074,5.271270275115967,11.134200096130371,1,1
3376,0.3339681327342987,2.1552603244781494,0.8504976630210876,0.15414346754550934,4.668963432312012,10.087221145629883,1,1
3377,0.2433488965034485,2.1010403633117676,0.9048014879226685,0.17182955145835876,4.414809703826904,10.032899856567383,1,1
3378,0.34852418303489685,1.955494999885559,0.8661426901817322,0.19331146776676178,4.36886739730835,9.616613388061523,1,1
3379,0.36697784066200256,2.2039897441864014,0.8348417282104492,0.14961908757686615,4.79016637802124,10.342827796936035,1,1
3380,0.32913637161254883,2.5729708671569824,0.881498396396637,0.11617469787597656,5.290484428405762,11.20702838897705,1,1
3381,0.3500361144542694,2.163642406463623,0.8246942162513733,0.16791364550590515,5.148069858551025,10.845829963684082,1,1
3382,0.38730472326278687,3.4336743354797363,0.9075366258621216,0.052733972668647766,6.0347819328308105,13.204286575317383,1,1
3383,0.553995668888092,1.0094878673553467,0.6750013828277588,0.4183166027069092,3.494250535964966,8.864498138427734,1,1
3384,0.785111129283905,4.431859493255615,0.9650907516479492,0.023927796632051468,5.635802745819092,15.446623802185059,1,1
3385,0.5832242369651794,2.1707046031951904,0.6405445337295532,0.15963393449783325,4.799070358276367,10.8665132522583,1,1
3386,0.2861935496330261,1.9808387756347656,0.9078305959701538,0.18295450508594513,4.747276306152344,11.413321495056152,1,1
3387,0.35765931010246277,3.183708667755127,0.9162614345550537,0.07060594856739044,5.495221138000488,14.863451957702637,1,1
3388,0.40675637125968933,1.7245210409164429,0.7562216520309448,0.23563583195209503,4.704010963439941,9.8753023147583,1,1
3389,0.41186636686325073,2.8657851219177246,0.9009918570518494,0.08949720114469528,6.038323879241943,12.539306640625,1,1
3390,0.3631817400455475,2.778803586959839,0.8420544862747192,0.09271740913391113,5.485741138458252,11.997257232666016,1,1
3391,0.3683696687221527,1.8262240886688232,0.7993869185447693,0.2126488983631134,4.850158214569092,10.97087574005127,1,1
3392,0.3389807939529419,2.7863166332244873,0.9326001405715942,0.10109962522983551,4.984461784362793,12.925289154052734,1,1
3393,0.28531450033187866,3.1150805950164795,0.8574604392051697,0.08020658791065216,5.791201114654541,12.415642738342285,1,1
3394,0.30527976155281067,2.6109304428100586,0.8578522801399231,0.10522553324699402,5.294745922088623,15.028637886047363,1,1
3395,0.315671443939209,2.408498525619507,0.8694859743118286,0.12485046684741974,5.284420490264893,12.799348831176758,1,1
3396,0.2854330241680145,2.4103903770446777,0.8882981538772583,0.13964113593101501,5.086378574371338,12.476765632629395,1,1
3397,0.33916398882865906,2.484346866607666,0.8597244024276733,0.1255127340555191,5.112027168273926,11.321352005004883,1,1
3398,0.2866988480091095,3.2708826065063477,0.8943157196044922,0.05669792741537094,5.868019104003906,13.033127784729004,1,1
3399,0.3835703730583191,1.452068567276001,0.7759892344474792,0.2942879796028137,4.219305515289307,9.073320388793945,1,1
3400,0.5365298986434937,4.555409908294678,0.9610522389411926,0.02036542445421219,5.437731742858887,13.84579086303711,1,1
3401,0.7608836889266968,1.3017594814300537,0.5797146558761597,0.3329373598098755,3.8821802139282227,8.522806167602539,1,1
3402,0.5496208071708679,3.5200867652893066,0.9533678293228149,0.04693940281867981,5.912304401397705,16.491336822509766,1,1
3403,0.38660380244255066,2.826943874359131,0.7907155752182007,0.08831878006458282,5.136270046234131,12.25948429107666,1,1
3404,0.3781788945198059,2.1763272285461426,0.8222934603691101,0.16648223996162415,5.069369316101074,14.21348762512207,1,1
3405,0.37225815653800964,3.2787129878997803,0.9269883036613464,0.05950133875012398,5.515749454498291,12.78677749633789,1,1
3406,0.38898056745529175,1.7569891214370728,0.7594730854034424,0.2419091761112213,4.307138919830322,10.984347343444824,1,1
3407,0.40048789978027344,3.1541738510131836,0.9399890899658203,0.06764115393161774,5.556839942932129,13.734506607055664,1,1
3408,0.3432285487651825,2.431144952774048,0.8052614331245422,0.12536656856536865,5.150423049926758,12.578960418701172,1,1
3409,0.29141438007354736,2.215226173400879,0.883277416229248,0.15617018938064575,5.109094619750977,11.841951370239258,1,1
3410,0.31388533115386963,2.898574113845825,0.8925246596336365,0.08270864933729172,5.506532669067383,12.331838607788086,1,1
3411,0.37186944484710693,1.7099099159240723,0.7768377065658569,0.23990270495414734,4.65751314163208,11.148385047912598,1,1
3412,0.3338624835014343,2.7197303771972656,0.9470021724700928,0.09763237833976746,5.138014316558838,11.430781364440918,1,1
3413,0.34251922369003296,2.5667247772216797,0.8349872827529907,0.11205869168043137,4.938832759857178,11.255776405334473,1,1
3414,0.24981540441513062,2.105257987976074,0.8780685663223267,0.16786743700504303,5.132490634918213,12.216607093811035,1,1
3415,0.29883819818496704,2.253847360610962,0.8786070942878723,0.1533750742673874,4.801589488983154,11.286109924316406,1,1
3416,0.3222099542617798,1.91660737991333,0.8534635305404663,0.20179212093353271,4.5846734046936035,10.32391357421875,1,1
3417,0.3348865509033203,2.726245880126953,0.8825197219848633,0.09809442609548569,5.412635326385498,11.66409969329834,1,1
3418,0.2512737214565277,2.712750196456909,0.8805218935012817,0.10046562552452087,5.144631385803223,11.46828556060791,1,1
3419,0.32071882486343384,2.618795871734619,0.8573193550109863,0.10960228741168976,5.479876518249512,11.225981712341309,1,1
3420,0.3756326138973236,2.068058967590332,0.8463127613067627,0.17735984921455383,4.957282543182373,11.045190811157227,1,1
3421,0.3530721664428711,2.4359025955200195,0.8725175857543945,0.1279035210609436,4.812778472900391,10.291354179382324,1,1
3422,0.3649910092353821,2.6858530044555664,0.8491507768630981,0.10403735190629959,5.26876974105835,11.306535720825195,1,1
3423,0.3223927617073059,2.5792415142059326,0.8482067584991455,0.11692449450492859,5.559747219085693,11.968806266784668,1,1
3424,0.324898362159729,2.96390438079834,0.8948639631271362,0.0812738686800003,5.239779949188232,11.254319190979004,1,1
3425,0.2900625169277191,1.7850923538208008,0.825569748878479,0.21892160177230835,4.756200790405273,10.851186752319336,1,1
3426,0.381854385137558,3.47293758392334,0.9281331896781921,0.05324133485555649,6.079594135284424,13.03894329071045,1,1
3427,0.3628676235675812,2.0111007690429688,0.7826827764511108,0.1882370561361313,4.849104404449463,10.931323051452637,1,1
3428,0.3235875368118286,3.005756378173828,0.9182390570640564,0.07834980636835098,5.862999439239502,12.153640747070312,1,1
3429,0.2727324366569519,2.728888511657715,0.8760063052177429,0.10456100106239319,5.281145095825195,12.844324111938477,1,1
3430,0.3505699634552002,1.5789670944213867,0.814446210861206,0.262938916683197,4.18918514251709,10.64060115814209,1,1
3431,0.35684293508529663,3.3065543174743652,0.9468947052955627,0.05659673735499382,6.239515781402588,13.940237045288086,1,1
3432,0.36021578311920166,1.7220749855041504,0.7707213759422302,0.23116253316402435,4.4464287757873535,9.794589042663574,1,1
3433,0.24381186068058014,2.677429437637329,0.9432649612426758,0.10574460029602051,6.033890247344971,12.173284530639648,1,1
3434,0.30268797278404236,3.33858585357666,0.875607430934906,0.0624207966029644,5.827151775360107,13.637654304504395,1,1
3435,0.38183024525642395,1.5580413341522217,0.7837700247764587,0.2686225473880768,4.280789852142334,10.176007270812988,1,1
3436,0.512226939201355,3.8176817893981934,0.9260373115539551,0.03693552315235138,5.588250637054443,13.425884246826172,1,1
3437,0.40885573625564575,2.0191733837127686,0.7288386821746826,0.18835513293743134,5.389142036437988,12.08134937286377,1,1
3438,0.4820168614387512,2.6979708671569824,0.9064203500747681,0.0985809862613678,6.0071258544921875,12.636262893676758,1,1
3439,0.3266468048095703,2.3319284915924072,0.8218613862991333,0.14279447495937347,5.286690711975098,13.651744842529297,1,1
3440,0.3876315951347351,2.7693560123443604,0.8705024719238281,0.0916111022233963,5.826340198516846,12.550139427185059,1,1
3441,0.3201293349266052,1.841841220855713,0.8381404876708984,0.2202734500169754,4.681583404541016,10.652106285095215,1,1
3442,0.34188807010650635,2.855588674545288,0.905434250831604,0.09369011968374252,5.423940658569336,12.728382110595703,1,1
3443,0.2837163507938385,2.212315082550049,0.847082257270813,0.15558619797229767,5.064817428588867,11.164463996887207,1,1
3444,0.2789348363876343,1.864161729812622,0.8635797500610352,0.22149410843849182,4.911890506744385,11.533072471618652,1,1
3445,0.3052108585834503,2.592144012451172,0.9204604625701904,0.1149010881781578,5.3916015625,12.198083877563477,1,1
3446,0.370137482881546,1.9208461046218872,0.8082038760185242,0.19583328068256378,4.9055891036987305,13.417961120605469,1,1
3447,0.33158159255981445,2.7893152236938477,0.910630464553833,0.09884767234325409,5.275681495666504,12.146537780761719,1,1
3448,0.3252617418766022,1.9364726543426514,0.80389404296875,0.18745481967926025,5.144212245941162,10.80459976196289,1,1
3449,0.34637147188186646,3.664710760116577,0.9508415460586548,0.04926806688308716,6.035516738891602,14.027810096740723,1,1
3450,0.39708244800567627,1.9545769691467285,0.7674747109413147,0.1883983463048935,5.0298027992248535,10.971590042114258,1,1
3451,0.29302024841308594,2.6867096424102783,0.9243220686912537,0.10771150887012482,5.420376300811768,14.342592239379883,1,1
3452,0.2537968158721924,3.179267644882202,0.8959289193153381,0.06898784637451172,5.872847080230713,17.390613555908203,1,1
3453,0.3541647791862488,1.6166822910308838,0.7999629974365234,0.27069172263145447,4.3289713859558105,11.732863426208496,1,1
3454,0.42721208930015564,3.75288724899292,0.9430621862411499,0.04349362850189209,6.523367881774902,14.323746681213379,1,1
3455,0.6361574530601501,0.773186445236206,0.6203902959823608,0.5207840800285339,2.835831880569458,6.838732719421387,1,1
3456,1.0341864824295044,5.298906326293945,0.9885040521621704,0.009942883625626564,5.838226795196533,16.46341896057129,1,1
3457,0.9732518196105957,1.3510242700576782,0.48402902483940125,0.3300730586051941,3.995971202850342,9.892446517944336,1,1
3458,0.4349897801876068,2.613468647003174,0.9319310188293457,0.12293128669261932,5.433213710784912,19.75584602355957,1,1
3459,0.35999932885169983,3.5938706398010254,0.8808103203773499,0.052223771810531616,5.366174697875977,13.252755165100098,1,1
3460,0.48478180170059204,1.3029167652130127,0.7101153135299683,0.34212207794189453,3.4298276901245117,8.307682991027832,1,1
3461,0.5844032764434814,2.678744077682495,0.9320590496063232,0.10607247054576874,5.057837009429932,12.723686218261719,1,1
3462,0.3995412588119507,2.7743778228759766,0.8053911924362183,0.09774072468280792,4.5916242599487305,10.55324649810791,1,1
3463,0.39415234327316284,1.9035714864730835,0.7995471358299255,0.20002111792564392,4.363990306854248,10.62105655670166,1,1
3464,0.34083840250968933,2.69863224029541,0.9329612851142883,0.1126425713300705,5.322453022003174,11.263971328735352,1,1
3465,0.36218321323394775,2.337660789489746,0.8094273805618286,0.1487128883600235,4.832395553588867,10.439018249511719,1,1
3466,0.33989694714546204,2.197929859161377,0.8636525869369507,0.15061409771442413,5.031087875366211,11.858036041259766,1,1
3467,0.34948524832725525,2.456526041030884,0.8586934804916382,0.11874980479478836,4.974691390991211,11.351339340209961,1,1
3468,0.3686482310295105,2.5977888107299805,0.8640849590301514,0.11703991144895554,4.706474304199219,13.164750099182129,1,1
3469,0.3563830554485321,2.7330141067504883,0.836158275604248,0.10123717784881592,5.226287841796875,10.993009567260742,1,1
3470,0.31276434659957886,2.8283493518829346,0.8897981643676758,0.09180891513824463,5.36164665222168,12.780680656433105,1,1
3471,0.24516955018043518,2.835516929626465,0.8935572504997253,0.0854623019695282,5.457791805267334,13.63282299041748,1,1
3472,0.35295408964157104,2.0998122692108154,0.8240857124328613,0.17944714426994324,4.5436859130859375,10.945905685424805,1,1
3473,0.4192180633544922,2.333627223968506,0.8398107886314392,0.13776884973049164,5.038071632385254,12.458460807800293,1,1
3474,0.33969831466674805,3.269249439239502,0.9265817403793335,0.06517438590526581,5.48047399520874,12.17880630493164,1,1
3475,0.4819641411304474,1.1839758157730103,0.7140347957611084,0.3693597912788391,3.4052672386169434,7.727333068847656,1,1
3476,0.5952090620994568,3.5541486740112305,0.9680832028388977,0.04646172374486923,5.556549549102783,12.440882682800293,1,1
3477,0.681107759475708,1.4629032611846924,0.6319370865821838,0.3012063801288605,3.9982540607452393,9.375749588012695,1,1
3478,0.4683023691177368,3.0369749069213867,0.9404353499412537,0.07616107165813446,5.339280605316162,13.424912452697754,1,1
3479,0.3374510705471039,2.4676780700683594,0.8042507767677307,0.12504208087921143,4.836447238922119,11.151031494140625,1,1
3480,0.35480016469955444,2.069708824157715,0.8554244041442871,0.18120911717414856,4.419556140899658,10.908256530761719,1,1
3481,0.2961474359035492,2.9013679027557373,0.909213662147522,0.07617621123790741,5.081064224243164,11.803760528564453,1,1
3482,0.37249600887298584,2.1348013877868652,0.8124423623085022,0.1690489798784256,4.621790885925293,11.17005729675293,1,1
3483,0.4157902002334595,2.2551631927490234,0.8477049469947815,0.1585369110107422,4.856751918792725,10.828824043273926,1,1
3484,0.3073383569717407,3.268007516860962,0.9062620401382446,0.06669662892818451,5.485079765319824,11.88340950012207,1,1
3485,0.3942897617816925,1.296485424041748,0.7563724517822266,0.33374422788619995,3.694389820098877,8.644783973693848,1,1
3486,0.39842236042022705,2.7911086082458496,0.950583815574646,0.08719004690647125,5.140021324157715,13.757375717163086,1,1
3487,0.3097646236419678,2.5229663848876953,0.8227645754814148,0.13181224465370178,5.299407958984375,11.743685722351074,1,1
3488,0.24560531973838806,2.457625150680542,0.8957457542419434,0.12418045848608017,5.201901912689209,13.418362617492676,1,1
3489,0.3598046898841858,2.3790931701660156,0.8607218861579895,0.15232513844966888,4.692274570465088,12.009966850280762,1,1
3490,0.31741806864738464,2.8832836151123047,0.8829753994941711,0.08701275289058685,5.3015971183776855,12.181231498718262,1,1
3491,0.30477604269981384,2.2541863918304443,0.8414662480354309,0.1566169559955597,5.06795072555542,12.088507652282715,1,1
3492,0.30513399839401245,2.21285343170166,0.8798633217811584,0.16195924580097198,4.998344898223877,10.87656307220459,1,1
3493,0.30778661370277405,3.071302890777588,0.8921014070510864,0.0740281194448471,6.069688320159912,12.798262596130371,1,1
3494,0.3704325556755066,2.050130605697632,0.8008686304092407,0.18325357139110565,4.94694185256958,11.80905532836914,1,1
3495,0.3124529719352722,2.8394980430603027,0.9185964465141296,0.09716588258743286,5.289584636688232,12.780562400817871,1,1
3496,0.25905299186706543,3.017033815383911,0.8733049631118774,0.07791179418563843,5.979772090911865,13.442852973937988,1,1
3497,0.31358134746551514,2.3652920722961426,0.8606642484664917,0.1366559863090515,5.598278522491455,11.162550926208496,1,1
3498,0.24908006191253662,2.394134521484375,0.8998507857322693,0.13266581296920776,5.36476993560791,11.4111328125,1,1
3499,0.34461691975593567,1.8742849826812744,0.831618070602417,0.2109377682209015,4.699105739593506,10.095110893249512,1,1
3500,0.4467129707336426,3.300734043121338,0.8823143243789673,0.05999921262264252,6.307798385620117,14.081024169921875,1,1
3501,0.4346063733100891,1.6286344528198242,0.7509959936141968,0.24396423995494843,4.679965972900391,10.05376148223877,1,1
3502,0.34671729803085327,3.3132712841033936,0.9412391185760498,0.05862567946314812,5.597349166870117,12.521756172180176,1,1
3503,0.32866334915161133,2.3152365684509277,0.8063498139381409,0.14959481358528137,5.259426593780518,12.943955421447754,1,1
3504,0.3293553590774536,3.2924630641937256,0.9129619598388672,0.05379932373762131,5.8615193367004395,13.563490867614746,1,1
3505,0.3671629726886749,2.115036964416504,0.8137226700782776,0.16941148042678833,4.794949531555176,12.501056671142578,1,1
3506,0.2930643558502197,2.3271095752716064,0.8988136053085327,0.1415349543094635,5.052279472351074,11.540556907653809,1,1
3507,0.2911233901977539,2.5096373558044434,0.8740440011024475,0.1203874722123146,5.501611709594727,13.792802810668945,1,1
3508,0.2311413586139679,2.8268795013427734,0.9031462669372559,0.08669670671224594,5.301932334899902,12.46665096282959,1,1
3509,0.2891572415828705,2.1836345195770264,0.8613618016242981,0.1610046625137329,4.949724197387695,11.595209121704102,1,1
3510,0.3012215197086334,3.122368812561035,0.9115949869155884,0.07331796735525131,5.7248921394348145,12.671926498413086,1,1
3511,0.41077089309692383,1.0186829566955566,0.74858558177948,0.4363758862018585,3.361809015274048,8.123151779174805,1,1
3512,0.5864792466163635,4.3727569580078125,0.9804480671882629,0.022937709465622902,6.108314514160156,14.669196128845215,1,1
3513,0.7827568650245667,0.9519092440605164,0.55452561378479,0.4460572600364685,3.3778090476989746,7.79348611831665,1,1
3514,0.6267481446266174,3.3828892707824707,0.9692085981369019,0.05555903539061546,5.316714763641357,13.852437019348145,1,1
3515,0.40174955129623413,2.587977170944214,0.7693307399749756,0.11808541417121887,5.344420433044434,14.074563026428223,1,1
3516,0.4107491075992584,2.6382625102996826,0.844124436378479,0.11392772197723389,5.6080546379089355,12.065966606140137,1,1
3517,0.34048372507095337,2.0225086212158203,0.8406442403793335,0.19611361622810364,4.470266819000244,10.165454864501953,1,1
3518,0.3295994997024536,2.623673439025879,0.9013442993164062,0.11024007201194763,5.080694675445557,10.94376277923584,1,1
3519,0.45587629079818726,1.823005199432373,0.7681092023849487,0.21942445635795593,5.166170120239258,9.779361724853516,1,1
3520,0.43016165494918823,3.2857980728149414,0.9118645787239075,0.07566789537668228,6.3140106201171875,13.121551513671875,1,1
3521,0.3360890746116638,2.610748529434204,0.8151342868804932,0.11364933848381042,5.221160411834717,10.76063346862793,1,1
3522,0.3601023256778717,1.3328602313995361,0.8142507076263428,0.3299087882041931,4.056297779083252,9.324800491333008,1,1
3523,0.4235166013240814,3.1925888061523438,0.9278017282485962,0.06801481544971466,5.660613059997559,12.973965644836426,1,1
3524,0.3454347848892212,2.3264667987823486,0.7969746589660645,0.14006899297237396,5.382934093475342,12.837967872619629,1,1
3525,0.2520706355571747,1.8254332542419434,0.8943026661872864,0.22401702404022217,4.803066253662109,10.029454231262207,1,1
3526,0.37523311376571655,3.7933292388916016,0.9360225200653076,0.037858717143535614,6.072749137878418,13.801045417785645,1,1
3527,0.4196058511734009,1.7238022089004517,0.7259384989738464,0.23874296247959137,4.275746822357178,9.62123966217041,1,1
3528,0.4149462580680847,3.197506904602051,0.9383569955825806,0.06911949068307877,5.87235164642334,12.680683135986328,1,1
3529,0.3454061448574066,2.6077449321746826,0.8132177591323853,0.10588228702545166,5.05353307723999,11.98851203918457,1,1
3530,0.3984643816947937,2.4846343994140625,0.8389813899993896,0.12450502812862396,5.146974086761475,11.54686164855957,1,1
3531,0.3035915493965149,2.6895203590393066,0.8890284299850464,0.10031243413686752,5.934044361114502,12.612248420715332,1,1
3532,0.34603559970855713,2.195629596710205,0.850164532661438,0.1628817319869995,5.027992248535156,12.16163158416748,1,1
3533,0.2559289038181305,2.4416379928588867,0.8965563774108887,0.1241055577993393,5.220130920410156,12.059621810913086,1,1
3534,0.31790080666542053,1.8337368965148926,0.8446596264839172,0.21872194111347198,4.624068260192871,12.230999946594238,1,1
3535,0.3011325001716614,2.6727404594421387,0.9167885780334473,0.10318908095359802,5.605959415435791,13.088454246520996,1,1
3536,0.36678799986839294,1.7842942476272583,0.7993450164794922,0.2337256669998169,4.654419422149658,10.228262901306152,1,1
3537,0.3233436346054077,3.1162800788879395,0.9301630258560181,0.07802621275186539,5.523186683654785,13.087048530578613,1,1
3538,0.29400166869163513,2.699369430541992,0.8356776237487793,0.11197355389595032,5.4860944747924805,14.027017593383789,1,1
3539,0.2748781144618988,2.35615873336792,0.8899974822998047,0.14011721312999725,6.146568298339844,11.776833534240723,1,1
3540,0.26084938645362854,2.3548078536987305,0.9008603096008301,0.13709965348243713,5.020989894866943,11.690970420837402,1,1
3541,0.33463698625564575,1.962300181388855,0.8423717617988586,0.19891157746315002,4.594246864318848,10.617264747619629,1,1
3542,0.35710638761520386,2.2088866233825684,0.873369574546814,0.1535802185535431,5.12192440032959,12.825666427612305,1,1
3543,0.32825809717178345,2.2319045066833496,0.8478012084960938,0.16004866361618042,5.342520713806152,12.4833345413208,1,1
3544,0.3750481903553009,3.2664856910705566,0.87187659740448,0.0736364871263504,6.1429572105407715,15.035966873168945,1,1
3545,0.2977757155895233,2.3599061965942383,0.8401416540145874,0.13907963037490845,5.389023303985596,10.96025276184082,1,1
3546,0.32217714190483093,2.4843759536743164,0.9092202186584473,0.12532007694244385,5.131979465484619,11.039965629577637,1,1
3547,0.25279420614242554,2.1046018600463867,0.8487168550491333,0.17605790495872498,5.397212982177734,11.570652961730957,1,1
3548,0.358304500579834,3.054816722869873,0.9092960953712463,0.08112677931785583,5.875460147857666,13.498010635375977,1,1
3549,0.3044448494911194,2.0201852321624756,0.8137508630752563,0.1937907338142395,4.708237648010254,11.64468002319336,1,1
3550,0.28586772084236145,2.2962334156036377,0.8986889123916626,0.15927952527999878,4.9550065994262695,12.694466590881348,1,1
3551,0.3829168677330017,3.5170326232910156,0.9047171473503113,0.04898206889629364,6.362201690673828,15.121865272521973,1,1
3552,0.5044891834259033,0.9143600463867188,0.690640926361084,0.4675549864768982,3.771256446838379,7.307450771331787,1,1
3553,1.0504642724990845,5.6493120193481445,0.9655359983444214,0.007141071371734142,5.999029636383057,20.001482009887695,1,1
3554,1.328338623046875,0.8547636270523071,0.37411582469940186,0.5136127471923828,2.6510777473449707,8.484790802001953,1,1
3555,0.770551323890686,2.9199719429016113,0.9553651809692383,0.10909129679203033,5.425106525421143,23.680831909179688,1,1
3556,0.47435063123703003,2.893582820892334,0.7797185182571411,0.09334488213062286,4.771142959594727,14.796648979187012,1,1
3557,0.411123663187027,1.90812087059021,0.7974051833152771,0.19954824447631836,4.325046539306641,15.38647174835205,1,1
3558,0.3915728032588959,2.590178966522217,0.8989192843437195,0.11938827484846115,4.938995361328125,13.134831428527832,1,1
3559,0.3726300001144409,2.4318933486938477,0.8331915140151978,0.1377270221710205,4.795592308044434,12.554648399353027,1,1
3560,0.32886403799057007,1.9656093120574951,0.8411203622817993,0.19252216815948486,4.648483753204346,9.917608261108398,1,1
3561,0.3405557870864868,2.1949074268341064,0.8825229406356812,0.14888618886470795,4.825104236602783,10.764185905456543,1,1
3562,0.42555326223373413,2.4631738662719727,0.8310399651527405,0.13123100996017456,4.946821212768555,10.763084411621094,1,1
3563,0.3459612727165222,2.589280605316162,0.8640234470367432,0.11601294577121735,4.734798908233643,11.12149715423584,1,1
3564,0.26925408840179443,2.399069309234619,0.8593931198120117,0.133950874209404,5.4656982421875,11.725686073303223,1,1
3565,0.3697422742843628,3.299299955368042,0.9001518487930298,0.06947645545005798,5.613663673400879,12.014260292053223,1,1
3566,0.42098820209503174,1.2730729579925537,0.739721953868866,0.343134343624115,3.7064380645751953,8.476759910583496,1,1
3567,0.5891274213790894,3.341949939727783,0.945401132106781,0.06365776807069778,5.060960292816162,10.844669342041016,1,1
3568,0.5479013919830322,1.6710095405578613,0.6741143465042114,0.24630528688430786,4.374061584472656,9.749295234680176,1,1
3569,0.37469401955604553,2.7197656631469727,0.9370176792144775,0.10424171388149261,5.340808868408203,12.40201473236084,1,1
3570,0.2630307078361511,2.9663171768188477,0.8799401521682739,0.08761512488126755,5.36570405960083,12.48294448852539,1,1
3571,0.3204599618911743,2.101809024810791,0.8276153802871704,0.17355898022651672,4.667400360107422,10.568211555480957,1,1
3572,0.3527284264564514,2.465360641479492,0.8884481191635132,0.12322039157152176,4.938711166381836,10.926104545593262,1,1
3573,0.31816571950912476,2.3753762245178223,0.8563242554664612,0.13637509942054749,4.997984409332275,11.127218246459961,1,1
3574,0.3257486820220947,3.5329537391662598,0.9187960028648376,0.054235994815826416,5.817459583282471,13.112611770629883,1,1
3575,0.4943793714046478,1.3441702127456665,0.6881787776947021,0.3235009014606476,3.8475050926208496,8.23749828338623,1,1
3576,0.4832654893398285,3.2654919624328613,0.9613296985626221,0.06190059706568718,5.776439666748047,12.641122817993164,1,1
3577,0.439695805311203,1.8860955238342285,0.7266906499862671,0.2171216756105423,4.728266716003418,10.16934585571289,1,1
3578,0.3940599262714386,3.1716246604919434,0.9447547197341919,0.07635929435491562,6.169901371002197,12.388689994812012,1,1
3579,0.41091805696487427,2.2781333923339844,0.7850561141967773,0.14637351036071777,5.360136985778809,11.654888153076172,1,1
3580,0.31502991914749146,1.8432787656784058,0.865491509437561,0.21550948917865753,4.784199237823486,10.828413963317871,1,1
3581,0.3816249966621399,3.4544806480407715,0.9184808731079102,0.04928836226463318,6.014599323272705,13.467570304870605,1,1
3582,0.3733792304992676,2.302112579345703,0.7885997295379639,0.1472226083278656,5.2428178787231445,10.932415008544922,1,1
3583,0.2961907386779785,2.38130259513855,0.8884270191192627,0.13115061819553375,5.222375869750977,11.382226943969727,1,1
3584,0.2760699391365051,2.965139865875244,0.9095504879951477,0.07708285748958588,5.445305347442627,11.492581367492676,1,1
3585,0.3124423027038574,1.9827592372894287,0.8211573958396912,0.19836562871932983,5.054898738861084,10.431862831115723,1,1
3586,0.37849634885787964,2.4347293376922607,0.8793192505836487,0.13570813834667206,5.089329719543457,10.822450637817383,1,1
3587,0.375604510307312,2.5446367263793945,0.8380340337753296,0.12304788082838058,5.173849105834961,12.071800231933594,1,1
3588,0.27169376611709595,2.4280362129211426,0.8684014081954956,0.12929627299308777,5.320257663726807,13.214201927185059,1,1
3589,0.3681110143661499,2.578118324279785,0.8646868467330933,0.11306297034025192,5.6555585861206055,12.552392959594727,1,1
3590,0.33550530672073364,2.4124419689178467,0.8537536859512329,0.13624396920204163,5.297279357910156,10.32453727722168,1,1
3591,0.2597261071205139,2.7233428955078125,0.9129823446273804,0.10592558234930038,5.082265853881836,12.244235038757324,1,1
3592,0.36756911873817444,1.965436577796936,0.7966558933258057,0.1921863853931427,5.101685047149658,11.161900520324707,1,1
3593,0.40163353085517883,3.6314620971679688,0.9377011060714722,0.04055190086364746,5.644785404205322,14.049622535705566,1,1
3594,0.47979581356048584,1.4321690797805786,0.7119391560554504,0.3122664988040924,4.177814960479736,9.926230430603027,1,1
3595,0.5490210056304932,4.392251014709473,0.9474666118621826,0.02541203424334526,6.617123126983643,17.374296188354492,1,1
3596,0.6633753180503845,1.6107046604156494,0.6213341951370239,0.2554444670677185,4.359432220458984,9.078128814697266,1,1
3597,0.40464380383491516,2.044497489929199,0.938369631767273,0.18267031013965607,4.712381839752197,12.144777297973633,1,1
3598,0.29258501529693604,3.933896541595459,0.9304796457290649,0.032087914645671844,5.751673698425293,13.318879127502441,1,1
3599,0.5167285799980164,1.4631437063217163,0.7051703929901123,0.2916802167892456,4.361793041229248,10.73607063293457,1,1
3600,0.4568742513656616,3.1886863708496094,0.9385472536087036,0.06874524056911469,5.357305526733398,13.313401222229004,1,1
3601,0.29007917642593384,2.7591214179992676,0.8328964710235596,0.09840783476829529,5.780889987945557,13.916223526000977,1,1
3602,0.39473438262939453,1.9326140880584717,0.8024184107780457,0.19900566339492798,4.77376127243042,10.16692066192627,1,1
3603,0.4657300114631653,3.070943832397461,0.9216029644012451,0.07774025201797485,5.726659297943115,12.66447639465332,1,1
3604,0.43889355659484863,2.4750397205352783,0.7491757869720459,0.12730631232261658,5.340694427490234,11.914656639099121,1,1
3605,0.2962034344673157,2.123613119125366,0.8943610787391663,0.1682012975215912,4.852365970611572,11.823848724365234,1,1
3606,0.2718711793422699,2.6659364700317383,0.9028255939483643,0.10896416753530502,5.39340877532959,13.887796401977539,1,1
3607,0.4038248360157013,2.07216215133667,0.7957093715667725,0.17026549577713013,4.85384464263916,12.629478454589844,1,1
3608,0.3847624957561493,2.6016523838043213,0.877363920211792,0.11625784635543823,5.62479829788208,12.263327598571777,1,1
3609,0.3093218207359314,2.4018733501434326,0.8573180437088013,0.13299617171287537,5.016053676605225,14.049226760864258,1,1
3610,0.3285525143146515,1.9574594497680664,0.8374027013778687,0.19481337070465088,5.0768256187438965,12.021018981933594,1,1
3611,0.36024439334869385,3.033006191253662,0.9278555512428284,0.0776478722691536,5.47415018081665,13.556159973144531,1,1
3612,0.3562324643135071,2.2032337188720703,0.7920433282852173,0.15114419162273407,5.307922840118408,12.038612365722656,1,1
3613,0.3304351568222046,2.4307737350463867,0.8816004991531372,0.13241741061210632,5.8240275382995605,12.12322998046875,1,1
3614,0.3212457597255707,2.7646851539611816,0.8855456113815308,0.0955086201429367,5.558439254760742,11.825485229492188,1,1
3615,0.2531832754611969,3.0484018325805664,0.8809511661529541,0.08103235810995102,5.596123218536377,12.072815895080566,1,1
3616,0.37347710132598877,2.0981154441833496,0.8202002048492432,0.16978716850280762,5.38680362701416,12.699577331542969,1,1
3617,0.38037192821502686,3.3953771591186523,0.9232276678085327,0.05907626450061798,5.745380878448486,12.9774751663208,1,1
3618,0.4562186002731323,1.5739994049072266,0.7380682229995728,0.2701336145401001,4.581093788146973,9.738354682922363,1,1
3619,0.5047268867492676,3.735332727432251,0.9423359036445618,0.03670227527618408,5.82111120223999,12.908319473266602,1,1
3620,0.5313149094581604,1.6831551790237427,0.6764878630638123,0.25467753410339355,4.667649745941162,10.159865379333496,1,1
3621,0.5255829095840454,3.5218677520751953,0.9395051002502441,0.05438469350337982,5.608724594116211,13.181792259216309,1,1
3622,0.3454554080963135,2.616837978363037,0.7951712608337402,0.11898833513259888,5.272964000701904,11.975700378417969,1,1
3623,0.34153151512145996,2.652094602584839,0.8715966939926147,0.10398292541503906,5.6643967628479,12.173009872436523,1,1
3624,0.3614751398563385,1.8121888637542725,0.8284890651702881,0.22198127210140228,4.671627521514893,10.492083549499512,1,1
3625,0.24142906069755554,3.2018635272979736,0.9513221383094788,0.060602203011512756,5.909448623657227,13.226261138916016,1,1
3626,0.3018176853656769,2.6149191856384277,0.8379355669021606,0.10992470383644104,5.252721786499023,11.436985969543457,1,1
3627,0.26769009232521057,2.61891508102417,0.8916548490524292,0.11579197645187378,5.565565586090088,11.484728813171387,1,1
3628,0.31750190258026123,2.5034406185150146,0.8588659763336182,0.1245526373386383,6.029979705810547,12.414244651794434,1,1
3629,0.2840477228164673,2.1672635078430176,0.8568079471588135,0.1693713217973709,5.639298439025879,12.10629653930664,1,1
3630,0.43587160110473633,4.493103981018066,0.9355444312095642,0.02139376476407051,6.426537990570068,13.329316139221191,1,1
3631,0.7061673402786255,0.7343243360519409,0.5777541399002075,0.5328900814056396,2.652287483215332,7.074102401733398,1,1
3632,0.9784085154533386,5.071314811706543,0.9742600917816162,0.010107161477208138,5.206669330596924,18.299089431762695,1,1
3633,1.334000825881958,0.7157247066497803,0.38431864976882935,0.5580098032951355,2.556138277053833,8.832487106323242,1,1
3634,1.0014060735702515,6.285898208618164,0.9731194972991943,0.003551935777068138,5.823818206787109,27.664274215698242,1,1
3635,1.743488073348999,0.4135019779205322,0.33284270763397217,0.7212390899658203,1.6399468183517456,4.190008163452148,1,1
3636,1.9387145042419434,4.315415382385254,0.9896090030670166,0.03220614045858383,3.766420364379883,14.311482429504395,1,1
3637,0.7449719905853271,3.004931926727295,0.6117882132530212,0.09779596328735352,3.679103136062622,14.108110427856445,1,1
3638,0.47047996520996094,0.9376089572906494,0.7596139311790466,0.4736784100532532,2.1583971977233887,7.745787620544434,1,1
3639,0.7696353793144226,2.967775344848633,0.9137190580368042,0.08933234959840775,3.927525758743286,13.526644706726074,1,1
3640,0.6579618453979492,1.5322377681732178,0.664938747882843,0.286199688911438,3.2145559787750244,10.413338661193848,1,1
3641,0.5321705341339111,2.2300591468811035,0.8593866229057312,0.1348506212234497,3.757884979248047,11.474080085754395,1,1
3642,0.376029372215271,2.162806272506714,0.8418395519256592,0.16143381595611572,3.8704450130462646,8.856392860412598,1,1
3643,0.47556495666503906,2.1855292320251465,0.8009735941886902,0.16956844925880432,3.5970776081085205,9.70857048034668,1,1
3644,0.35860133171081543,2.2483110427856445,0.8589829206466675,0.14955857396125793,4.128849029541016,9.581415176391602,1,1
3645,0.45974063873291016,1.9942340850830078,0.8115960359573364,0.18406161665916443,3.5011367797851562,9.073204040527344,1,1
3646,0.346417635679245,2.152259588241577,0.8737579584121704,0.1612185537815094,4.014158248901367,8.92706298828125,1,1
3647,0.3585052192211151,2.361353874206543,0.8423274755477905,0.13880771398544312,3.9480395317077637,9.462790489196777,1,1
3648,0.4824918508529663,2.1054139137268066,0.8161804676055908,0.1784020960330963,3.6873979568481445,8.290627479553223,1,1
3649,0.47238364815711975,1.858900785446167,0.7900261878967285,0.2122987061738968,3.648242712020874,8.051911354064941,1,1
3650,0.5173589587211609,2.4332003593444824,0.8341702222824097,0.12487903237342834,4.516995429992676,9.410770416259766,1,1
3651,0.3701332211494446,2.131948947906494,0.8312868475914001,0.1673414409160614,4.195621967315674,9.23011302947998,1,1
3652,0.4435952603816986,2.2087202072143555,0.8104292154312134,0.15510912239551544,3.949497938156128,8.13424301147461,1,1
3653,0.41349148750305176,2.1921026706695557,0.8376879692077637,0.1603463739156723,4.02168083190918,8.691788673400879,1,1
3654,0.42438170313835144,2.108663558959961,0.8245428204536438,0.16769522428512573,3.9838356971740723,8.441606521606445,1,1
3655,0.3560282588005066,1.9849203824996948,0.8404470682144165,0.1848503053188324,3.806814193725586,8.760477066040039,1,1
3656,0.3904711902141571,1.823024034500122,0.8246508240699768,0.20972658693790436,3.7711544036865234,8.947863578796387,1,1
3657,0.423143595457077,2.810119867324829,0.8783892393112183,0.09636250138282776,4.590305805206299,9.664714813232422,1,1
3658,0.40046006441116333,1.4813374280929565,0.7616537809371948,0.293892502784729,3.4408974647521973,7.493202209472656,1,1
3659,0.3726888597011566,2.6739351749420166,0.9300845861434937,0.105927973985672,4.26747465133667,9.678303718566895,1,1
3660,0.3822021186351776,2.1594154834747314,0.8098081350326538,0.16329628229141235,4.21209192276001,9.12649917602539,1,1
3661,0.3252614736557007,2.1138904094696045,0.8800672292709351,0.1640843003988266,4.013609409332275,9.497386932373047,1,1
3662,0.38787105679512024,2.254509925842285,0.8244264125823975,0.14418834447860718,4.404115676879883,10.1477689743042,1,1
3663,0.31768977642059326,2.2833666801452637,0.8853763937950134,0.14311067759990692,4.579875469207764,9.72924518585205,1,1
3664,0.3388875722885132,2.4677226543426514,0.8434990644454956,0.11908897012472153,4.839021682739258,10.740638732910156,1,1
3665,0.31488558650016785,2.219343423843384,0.8694731593132019,0.15269511938095093,4.650204181671143,9.794733047485352,1,1
3666,0.4483792185783386,2.5530972480773926,0.827366292476654,0.11087057739496231,4.6282734870910645,10.733647346496582,1,1
3667,0.3835810720920563,1.8453586101531982,0.824272632598877,0.22050267457962036,4.04422664642334,9.240169525146484,1,1
3668,0.4029865562915802,3.528472423553467,0.9255787134170532,0.04737229645252228,4.891661167144775,11.192621231079102,1,1
3669,0.5929986834526062,1.213102102279663,0.6293668150901794,0.36848366260528564,3.6997857093811035,8.148988723754883,1,1
3670,0.6855818033218384,3.1430187225341797,0.9639686346054077,0.06666678190231323,4.834715366363525,11.482426643371582,1,1
3671,0.40359747409820557,2.647646903991699,0.7494214773178101,0.11667697876691818,4.859841346740723,11.559364318847656,1,1
3672,0.3917582631111145,1.7686288356781006,0.824958324432373,0.23144572973251343,3.8657617568969727,8.835329055786133,1,1
3673,0.41451138257980347,2.2174863815307617,0.8727505803108215,0.1607220470905304,4.643232345581055,10.647876739501953,1,1
3674,0.2779380679130554,2.9355740547180176,0.9189248085021973,0.09662659466266632,4.974452972412109,11.298870086669922,1,1
3675,0.5093015432357788,1.9711891412734985,0.73069167137146,0.19345593452453613,4.512264728546143,10.059582710266113,1,1
3676,0.44673845171928406,3.003943920135498,0.9076931476593018,0.07585597038269043,5.435975074768066,12.791852951049805,1,1
3677,0.37430617213249207,1.9993817806243896,0.7966147065162659,0.18491704761981964,4.350707054138184,9.620009422302246,1,1
3678,0.300946980714798,2.3705427646636963,0.8986820578575134,0.14848729968070984,4.728264331817627,10.165792465209961,1,1
3679,0.3710441589355469,1.8268237113952637,0.8158348798751831,0.230817973613739,4.110957622528076,8.675777435302734,1,1
3680,0.3711133599281311,2.845864772796631,0.9017881155014038,0.09276609122753143,5.3010101318359375,11.104561805725098,1,1
3681,0.3036494553089142,2.5608644485473633,0.8486617803573608,0.1071963682770729,4.739047050476074,10.340362548828125,1,1
3682,0.32108640670776367,2.5509841442108154,0.8561222553253174,0.1160605251789093,4.857521057128906,10.164923667907715,1,1
3683,0.37094175815582275,2.663848638534546,0.8695856332778931,0.11610105633735657,5.0379815101623535,11.542593955993652,1,1
3684,0.3200228214263916,2.0200955867767334,0.8349641561508179,0.17805039882659912,4.723240375518799,10.451249122619629,1,1
3685,0.33565932512283325,3.0059213638305664,0.9079594612121582,0.07448762655258179,5.056429386138916,11.100631713867188,1,1
3686,0.26483768224716187,1.9778203964233398,0.8392064571380615,0.19134584069252014,4.398172378540039,11.201847076416016,1,1
3687,0.3481460511684418,2.6837611198425293,0.888020932674408,0.10986073315143585,6.129924297332764,11.847440719604492,1,1
3688,0.28059089183807373,2.4015655517578125,0.8677809834480286,0.13934528827667236,5.062482833862305,10.763948440551758,1,1
3689,0.29624611139297485,2.5698904991149902,0.8834465742111206,0.11545246839523315,5.433471202850342,12.566539764404297,1,1
3690,0.3090556859970093,2.857029438018799,0.8687717914581299,0.08168523013591766,5.599685192108154,12.480704307556152,1,1
3691,0.35801979899406433,1.8747210502624512,0.831249475479126,0.1995701938867569,4.539853572845459,9.954665184020996,1,1
3692,0.33874326944351196,3.5761780738830566,0.9348443746566772,0.04787463694810867,5.626394271850586,11.592276573181152,1,1
3693,0.37070703506469727,1.8445905447006226,0.7704823017120361,0.21538051962852478,4.616868495941162,10.186888694763184,1,1
3694,0.37920939922332764,2.484877586364746,0.9245407581329346,0.13128933310508728,4.76882791519165,11.42979907989502,1,1
3695,0.3230247497558594,2.238126754760742,0.8391380310058594,0.14619341492652893,5.043186664581299,10.94001579284668,1,1
3696,0.28867578506469727,2.3462276458740234,0.8801620006561279,0.1337769776582718,5.339719772338867,13.14926528930664,1,1
3697,0.3932182788848877,2.0922908782958984,0.8299424648284912,0.17447349429130554,4.743109226226807,11.085929870605469,1,1
3698,0.2715376019477844,2.7418148517608643,0.9199458956718445,0.09903913736343384,4.916146755218506,12.261944770812988,1,1
3699,0.3603214621543884,1.9728233814239502,0.8078763484954834,0.1872577667236328,4.446018218994141,10.463491439819336,1,1
3700,0.3498784303665161,3.3772430419921875,0.9296874403953552,0.05618341639637947,6.064946174621582,12.123930931091309,1,1
3701,0.4039533734321594,2.329967975616455,0.7621884346008301,0.14799660444259644,5.356241703033447,13.498019218444824,1,1
3702,0.3657417297363281,3.1663296222686768,0.9255739450454712,0.07355698198080063,5.668147563934326,12.679550170898438,1,1
3703,0.33547282218933105,2.569244384765625,0.8097314238548279,0.11128620058298111,5.142702579498291,12.039556503295898,1,1
3704,0.2908741235733032,2.8196475505828857,0.913317859172821,0.09128998965024948,5.31299352645874,12.386086463928223,1,1
3705,0.34436288475990295,2.9060752391815186,0.85797119140625,0.08584524691104889,5.37630558013916,11.72598648071289,1,1
3706,0.38623228669166565,1.1819168329238892,0.7683442831039429,0.3735541105270386,3.4649808406829834,8.691041946411133,1,1
3707,0.5498991012573242,4.8249616622924805,0.9778038263320923,0.015272004529833794,6.7701263427734375,14.70550537109375,1,1
3708,0.8759925365447998,0.9444526433944702,0.5217040777206421,0.4402492046356201,3.0699455738067627,8.434715270996094,1,1
3709,0.9280812740325928,4.070207595825195,0.9784299731254578,0.03432309255003929,5.121612548828125,14.791548728942871,1,1
3710,0.7381775379180908,2.2006444931030273,0.5941774249076843,0.17605802416801453,4.732221603393555,9.774779319763184,1,1
3711,0.4103870391845703,2.549143075942993,0.9126918315887451,0.13013477623462677,5.356201171875,14.56179428100586,1,1
3712,0.322604775428772,2.2029495239257812,0.8556289076805115,0.16143815219402313,5.026285171508789,10.666058540344238,1,1
3713,0.33626070618629456,1.827285647392273,0.8210151195526123,0.20965978503227234,5.109592914581299,11.065424919128418,1,1
3714,0.5177247524261475,3.1575767993927,0.8857370018959045,0.06972827762365341,5.521910190582275,12.39108943939209,1,1
3715,0.3472967743873596,2.024209976196289,0.7789621949195862,0.18689954280853271,4.639326572418213,10.478338241577148,1,1
3716,0.4405299425125122,2.391247272491455,0.8696576356887817,0.12816770374774933,5.1397600173950195,11.304902076721191,1,1
3717,0.3514889180660248,2.389568328857422,0.8474771976470947,0.13447725772857666,4.851449489593506,10.800599098205566,1,1
3718,0.362005352973938,2.3960931301116943,0.8291445970535278,0.13599660992622375,5.5262861251831055,11.755622863769531,1,1
3719,0.3926909565925598,2.6523427963256836,0.8746259212493896,0.11824540048837662,5.309398174285889,10.855051040649414,1,1
3720,0.38827601075172424,2.2502574920654297,0.8021218776702881,0.15015357732772827,5.347069263458252,10.978363037109375,1,1
3721,0.32014209032058716,2.06573486328125,0.8669313788414001,0.1809450089931488,4.956196308135986,11.643890380859375,1,1
3722,0.4282701313495636,3.9359819889068604,0.9268181324005127,0.0321192666888237,5.503809928894043,12.988594055175781,1,1
3723,0.5453848838806152,1.2417231798171997,0.6528040170669556,0.3543357849121094,3.444122552871704,8.442273139953613,1,1
3724,0.5126798748970032,3.1466140747070312,0.9491090774536133,0.07002989947795868,5.428750514984131,14.92890739440918,1,1
3725,0.38761523365974426,2.0148096084594727,0.7746027708053589,0.1875416785478592,4.727573871612549,11.405953407287598,1,1
3726,0.44334733486175537,2.038710832595825,0.828923761844635,0.19089818000793457,5.115795135498047,14.299626350402832,1,1
3727,0.3861166536808014,2.4032578468322754,0.8862599730491638,0.14004096388816833,4.525396347045898,12.185523986816406,1,1
3728,0.3529629707336426,2.1997952461242676,0.8173642754554749,0.1626131385564804,4.900435924530029,11.495195388793945,1,1
3729,0.40616506338119507,2.9815433025360107,0.8761494755744934,0.07718969881534576,5.394962310791016,11.705521583557129,1,1
3730,0.4245526194572449,1.9033422470092773,0.7728686928749084,0.19647444784641266,4.8125433921813965,10.324566841125488,1,1
3731,0.3160562813282013,2.33551025390625,0.9147127866744995,0.14408384263515472,4.879241466522217,10.737196922302246,1,1
3732,0.3345920145511627,2.9911422729492188,0.8670166730880737,0.0831984207034111,6.196801662445068,13.155710220336914,1,1
3733,0.3240768611431122,2.2427070140838623,0.8175936937332153,0.1471347212791443,4.884791374206543,10.794331550598145,1,1
3734,0.3300819396972656,2.5239181518554688,0.9095815420150757,0.13735085725784302,5.2112717628479,10.877572059631348,1,1
3735,0.3716101050376892,3.3777079582214355,0.8620878458023071,0.05483716353774071,6.030900001525879,12.575058937072754,1,1
3736,0.298109769821167,2.472780704498291,0.8140158653259277,0.13963818550109863,5.107724189758301,10.990492820739746,1,1
3737,0.33768466114997864,2.1189284324645996,0.8745696544647217,0.1723453402519226,5.01182222366333,10.570467948913574,1,1
3738,0.3313329219818115,2.7239456176757812,0.8879952430725098,0.10173632204532623,5.43333101272583,12.21875286102295,1,1
3739,0.2804974615573883,2.4125771522521973,0.854885995388031,0.13204073905944824,5.399782657623291,12.97999095916748,1,1
3740,0.32352861762046814,2.8226802349090576,0.8937056064605713,0.09267672896385193,6.074309349060059,13.521570205688477,1,1
3741,0.4239058792591095,1.330437421798706,0.7698696851730347,0.3429281711578369,4.277724266052246,9.536062240600586,1,1
3742,0.3714379370212555,3.171644926071167,0.9466058015823364,0.07482948154211044,5.751648902893066,14.541609764099121,1,1
3743,0.2788817882537842,2.4749956130981445,0.8283307552337646,0.12857495248317719,5.947225093841553,11.823372840881348,1,1
3744,0.3942967653274536,2.1451709270477295,0.8481265306472778,0.1667054295539856,5.207653045654297,14.529678344726562,1,1
3745,0.2459610551595688,2.436648368835449,0.8977909088134766,0.13178613781929016,5.289834022521973,14.21396541595459,1,1
3746,0.3111688494682312,1.904031753540039,0.8549466133117676,0.20958757400512695,4.71269416809082,10.935307502746582,1,1
3747,0.34909147024154663,1.9346189498901367,0.8520869016647339,0.20314176380634308,5.087374210357666,13.228678703308105,1,1
3748,0.31626227498054504,4.1152873039245605,0.9482973217964172,0.027587957680225372,6.137446880340576,16.397279739379883,1,1
3749,0.570851743221283,1.2903316020965576,0.6723558902740479,0.35028785467147827,4.304800510406494,9.837574005126953,1,1
3750,0.6259964108467102,3.620922803878784,0.9641577005386353,0.0568319633603096,5.666233539581299,16.50863265991211,1,1
3751,0.4934941530227661,2.1767172813415527,0.7079956531524658,0.16200077533721924,4.7515177726745605,13.416693687438965,1,1
3752,0.3595519959926605,2.20212459564209,0.8878462910652161,0.16669023036956787,4.707493782043457,12.713248252868652,1,1
3753,0.36240386962890625,2.7004761695861816,0.8660069108009338,0.10337670147418976,5.27132511138916,18.67266273498535,1,1
3754,0.33113569021224976,2.7123804092407227,0.8593602180480957,0.10157888382673264,5.236307621002197,12.045104026794434,1,1
3755,0.3488636910915375,2.228011131286621,0.8293773531913757,0.14814887940883636,5.368370532989502,11.783080101013184,1,1
3756,0.3623427748680115,2.984163284301758,0.9071953892707825,0.08509226143360138,6.110934734344482,11.953556060791016,1,1
3757,0.2867400348186493,2.5714540481567383,0.8337446451187134,0.11439623683691025,5.675756931304932,11.997590065002441,1,1
3758,0.38243377208709717,2.210231065750122,0.8535468578338623,0.16653677821159363,4.927617073059082,10.313941955566406,1,1
3759,0.3424519896507263,2.9051673412323,0.8821168541908264,0.08510987460613251,5.857481956481934,11.620918273925781,1,1
3760,0.3642568588256836,1.5768332481384277,0.7846630811691284,0.2861989140510559,4.468044757843018,10.03702163696289,1,1
3761,0.4492384195327759,3.248988389968872,0.9408986568450928,0.0687442421913147,5.725792407989502,12.126508712768555,1,1
3762,0.44398945569992065,1.928683876991272,0.7364364266395569,0.2170678675174713,4.785805702209473,11.152667045593262,1,1
3763,0.46055909991264343,3.291797161102295,0.9207567572593689,0.06186071038246155,5.693678855895996,13.793758392333984,1,1
3764,0.43798893690109253,2.0037670135498047,0.7348330020904541,0.19080811738967896,4.653509140014648,10.60895824432373,1,1
3765,0.3860662877559662,2.5647635459899902,0.9082578420639038,0.11579879373311996,5.205692768096924,11.46867847442627,1,1
3766,0.3402893841266632,2.574101448059082,0.8435136675834656,0.12207773327827454,5.445249557495117,12.71020793914795,1,1
3767,0.3366835415363312,2.234635829925537,0.8464368581771851,0.1539926677942276,5.487321376800537,11.711491584777832,1,1
3768,0.3280223309993744,2.950303792953491,0.9055643677711487,0.08306334912776947,5.499459743499756,12.475334167480469,1,1
3769,0.36416012048721313,2.0139284133911133,0.8041744828224182,0.18005608022212982,4.710789203643799,11.281535148620605,1,1
3770,0.36346885561943054,2.4173996448516846,0.8653582334518433,0.13309213519096375,5.626547813415527,12.85239315032959,1,1
3771,0.2993953824043274,2.8787083625793457,0.9004946947097778,0.08920326828956604,5.644794464111328,12.330782890319824,1,1
3772,0.32456111907958984,2.265855550765991,0.8285130858421326,0.14710098505020142,5.508559226989746,11.965225219726562,1,1
3773,0.24370378255844116,2.148956298828125,0.8845926523208618,0.1636529266834259,5.131161689758301,11.496183395385742,1,1
3774,0.3698667287826538,3.4124083518981934,0.9257686138153076,0.06121879070997238,6.147305488586426,12.729278564453125,1,1
3775,0.37352287769317627,1.9347646236419678,0.7693532705307007,0.2010907083749771,4.689957618713379,10.29871654510498,1,1
3776,0.3515714108943939,2.3317434787750244,0.9006443023681641,0.1393207609653473,5.572158336639404,11.676192283630371,1,1
3777,0.36623990535736084,2.6007161140441895,0.8493109941482544,0.12358611077070236,5.431097507476807,12.292916297912598,1,1
3778,0.3109515309333801,2.7872610092163086,0.8829972743988037,0.09536425769329071,5.617941856384277,14.19345474243164,1,1
3779,0.36210447549819946,1.8581374883651733,0.7981956005096436,0.22721543908119202,4.942577838897705,11.72763442993164,1,1
3780,0.415779709815979,3.335160732269287,0.9445545077323914,0.05914338678121567,6.409683704376221,13.444550514221191,1,1
3781,0.5754339098930359,1.1243822574615479,0.670575737953186,0.40114960074424744,3.502514600753784,8.51606559753418,1,1
3782,0.6496042609214783,4.336691379547119,0.9698647856712341,0.02229248732328415,6.211340427398682,16.14739418029785,1,1
3783,0.5795486569404602,2.210146188735962,0.6617676615715027,0.15752705931663513,5.257609844207764,11.812786102294922,1,1
3784,0.4244031310081482,2.22969388961792,0.8908165097236633,0.1536208689212799,4.920612335205078,10.153630256652832,1,1
3785,0.268655389547348,2.9444687366485596,0.901249885559082,0.08100389689207077,5.730220794677734,11.389389991760254,1,1
3786,0.4281013607978821,1.5783543586730957,0.7598793506622314,0.2725793123245239,4.4546709060668945,9.779585838317871,1,1
3787,0.5373929738998413,3.8263745307922363,0.9428372383117676,0.037491172552108765,6.5728864669799805,14.163517951965332,1,1
3788,0.4916193187236786,1.9283703565597534,0.6961015462875366,0.1964556872844696,4.71204948425293,11.142987251281738,1,1
3789,0.38309359550476074,1.86891508102417,0.894597053527832,0.21667949855327606,4.53444766998291,10.00252628326416,1,1
3790,0.40847647190093994,3.5925073623657227,0.9044243097305298,0.05078084021806717,5.528306007385254,13.470237731933594,1,1
3791,0.36789143085479736,2.553243637084961,0.7693724036216736,0.12122310698032379,5.333130836486816,12.270885467529297,1,1
3792,0.32736122608184814,2.3550219535827637,0.8845492601394653,0.14072735607624054,5.52658224105835,11.654400825500488,1,1
3793,0.36360886693000793,1.9288413524627686,0.8410630226135254,0.20272958278656006,4.530825614929199,10.812219619750977,1,1
3794,0.337504506111145,3.356555461883545,0.9159910678863525,0.060901712626218796,5.871563911437988,14.186325073242188,1,1
3795,0.345986545085907,2.152628183364868,0.779954195022583,0.15438616275787354,5.277902603149414,11.244003295898438,1,1
3796,0.3376331925392151,2.6580545902252197,0.910560131072998,0.11356986314058304,5.628954887390137,13.410245895385742,1,1
3797,0.2797357439994812,2.753901243209839,0.8808991312980652,0.09988793730735779,5.402023792266846,11.282303810119629,1,1
3798,0.5081800222396851,1.3680431842803955,0.7247828841209412,0.3293331265449524,4.078352928161621,9.326130867004395,1,1
3799,0.5420446395874023,3.5801258087158203,0.9470827579498291,0.045881569385528564,5.9207892417907715,15.801802635192871,1,1
3800,0.4019107222557068,2.4622206687927246,0.7402943968772888,0.1326514184474945,5.429468631744385,12.029528617858887,1,1
3801,0.31276553869247437,1.8485355377197266,0.8660706281661987,0.20296820998191833,5.202508926391602,11.845829963684082,1,1
3802,0.3762238025665283,2.849855422973633,0.9203008413314819,0.08998442441225052,5.784236431121826,13.523409843444824,1,1
3803,0.31709378957748413,2.471808910369873,0.8221866488456726,0.12999144196510315,5.495204925537109,13.51761245727539,1,1
3804,0.38167309761047363,1.686816930770874,0.8129346370697021,0.2337493896484375,5.24731969833374,11.096481323242188,1,1
3805,0.3740343749523163,3.6067562103271484,0.9556309580802917,0.05134666711091995,6.185650825500488,15.80023193359375,1,1
3806,0.3863580822944641,1.7227609157562256,0.7478514313697815,0.24372681975364685,4.196847438812256,11.278862953186035,1,1
3807,0.43530815839767456,3.08842134475708,0.9046449065208435,0.07486085593700409,6.044312477111816,13.969022750854492,1,1
3808,0.3114154040813446,2.3147244453430176,0.8241333961486816,0.13968974351882935,5.396794319152832,13.045000076293945,1,1
3809,0.25810620188713074,2.7615838050842285,0.9062657356262207,0.09569208323955536,5.613489151000977,15.49909782409668,1,1
3810,0.29552388191223145,2.340249538421631,0.8754034042358398,0.14197252690792084,5.529162883758545,14.569138526916504,1,1
3811,0.3930134177207947,3.0627503395080566,0.8340153694152832,0.07665253430604935,6.178256511688232,13.92031192779541,1,1
3812,0.3023398518562317,2.187527656555176,0.859833836555481,0.17666104435920715,5.397524356842041,15.012646675109863,1,1
3813,0.33961740136146545,2.0549392700195312,0.8544676303863525,0.18683616816997528,4.799520969390869,10.314789772033691,1,1
3814,0.29819685220718384,3.471381664276123,0.9332089424133301,0.049493901431560516,5.629475116729736,12.314455032348633,1,1
3815,0.5196693539619446,0.8281198740005493,0.6761415004730225,0.5180193185806274,3.6281442642211914,7.3931193351745605,1,1
3816,0.8380510807037354,4.7320146560668945,0.9795330762863159,0.016505537554621696,5.795660018920898,14.503750801086426,1,1
3817,0.749721348285675,1.7775828838348389,0.5619845986366272,0.23156166076660156,4.293891429901123,10.9047212600708,1,1
3818,0.3046994209289551,1.7467600107192993,0.9067461490631104,0.2379131317138672,5.02324104309082,13.470927238464355,1,1
3819,0.3512378931045532,3.19351863861084,0.9224425554275513,0.07095842808485031,5.191753387451172,13.090215682983398,1,1
3820,0.5247515439987183,1.4264297485351562,0.703458845615387,0.32583335041999817,4.040887355804443,9.818241119384766,1,1
3821,0.3868817687034607,2.575195074081421,0.947333812713623,0.11985593289136887,5.313748836517334,12.22429084777832,1,1
3822,0.3432752192020416,3.0665111541748047,0.8488844633102417,0.06986066699028015,5.5282745361328125,13.090063095092773,1,1
3823,0.3842319846153259,1.541196584701538,0.7770063877105713,0.2810426354408264,3.9137442111968994,9.865618705749512,1,1
3824,0.462893545627594,3.308922290802002,0.9277733564376831,0.05654352158308029,6.244199752807617,14.556928634643555,1,1
3825,0.4902656078338623,2.002938985824585,0.7164658308029175,0.182535320520401,5.144076824188232,10.821531295776367,1,1
3826,0.34770750999450684,2.4188590049743652,0.9213829040527344,0.13154304027557373,5.035755634307861,11.02622127532959,1,1
3827,0.3244231343269348,3.0631749629974365,0.8689907789230347,0.07964245975017548,5.7586750984191895,13.038525581359863,1,1
3828,0.3124198019504547,1.7964942455291748,0.8143848180770874,0.21816608309745789,4.826101303100586,11.01898193359375,1,1
3829,0.3632674515247345,2.310732841491699,0.8926756978034973,0.14671637117862701,5.078920841217041,10.459321022033691,1,1
3830,0.37047237157821655,3.539973735809326,0.8981477618217468,0.050064291805028915,5.349733829498291,13.136173248291016,1,1
3831,0.4866635203361511,1.6847617626190186,0.7068068981170654,0.251514196395874,4.4819560050964355,10.143177032470703,1,1
3832,0.3285920023918152,2.1763668060302734,0.9434872269630432,0.16374945640563965,4.976330280303955,11.702436447143555,1,1
3833,0.3157796859741211,2.402803897857666,0.8683134317398071,0.12988805770874023,5.231378555297852,11.580845832824707,1,1
3834,0.39065104722976685,2.283468246459961,0.8091462850570679,0.1540837585926056,5.303521156311035,11.56374454498291,1,1
3835,0.31575149297714233,3.1701436042785645,0.903739333152771,0.06575186550617218,5.789687156677246,12.81415843963623,1,1
3836,0.33802807331085205,1.8139560222625732,0.8066741228103638,0.2177627682685852,4.640726089477539,10.770564079284668,1,1
3837,0.2933250665664673,2.474395751953125,0.9308580160140991,0.12502700090408325,5.692341327667236,11.440917015075684,1,1
3838,0.32424497604370117,2.420942783355713,0.8485996127128601,0.1307554841041565,5.1977972984313965,11.968783378601074,1,1
3839,0.2759545147418976,2.128063917160034,0.8585498929023743,0.1627465933561325,4.767430305480957,10.41773509979248,1,1
3840,0.28206098079681396,2.680992841720581,0.9086959958076477,0.10352084785699844,5.669280052185059,14.213077545166016,1,1
3841,0.2839586138725281,2.8421738147735596,0.8755133748054504,0.09271718561649323,5.970640659332275,12.817886352539062,1,1
3842,0.4680807590484619,1.1800050735473633,0.7477048635482788,0.3823434114456177,3.6290645599365234,9.582831382751465,1,1
3843,0.549864649772644,3.6879429817199707,0.9598562121391296,0.0486399307847023,6.01972770690918,12.99553108215332,1,1
3844,0.40287327766418457,2.624204158782959,0.7552804350852966,0.11693014949560165,5.591913223266602,14.602058410644531,1,1
3845,0.3910951018333435,1.725532054901123,0.81964111328125,0.24420270323753357,4.6816020011901855,10.17664909362793,1,1
3846,0.41223496198654175,3.058459758758545,0.9352527260780334,0.07286907732486725,5.654607772827148,15.33016586303711,1,1
3847,0.29468223452568054,2.978452205657959,0.8262478709220886,0.08157896995544434,5.598921775817871,14.504708290100098,1,1
3848,0.368455708026886,1.6528714895248413,0.8008017539978027,0.26534074544906616,4.784873962402344,10.779438972473145,1,1
3849,0.3964840769767761,2.4078285694122314,0.9149333834648132,0.1293778121471405,5.707850456237793,12.550962448120117,1,1
3850,0.3160988986492157,2.8360161781311035,0.8655328750610352,0.08956234157085419,5.776552677154541,12.603880882263184,1,1
3851,0.3341304659843445,2.358139991760254,0.8230205774307251,0.1382259577512741,5.477227210998535,12.085049629211426,1,1
3852,0.31933435797691345,2.4297773838043213,0.8925438523292542,0.12004820257425308,4.907093048095703,11.134785652160645,1,1
3853,0.33189064264297485,2.501192331314087,0.8619624972343445,0.1292242407798767,5.763584136962891,12.360275268554688,1,1
3854,0.26948776841163635,2.67524790763855,0.900711715221405,0.10906873643398285,5.940800666809082,12.513636589050293,1,1
3855,0.2560224235057831,2.4709901809692383,0.8603670001029968,0.12803637981414795,5.527324199676514,11.60719108581543,1,1
3856,0.35436728596687317,2.30269193649292,0.8670917749404907,0.14938072860240936,5.476668357849121,11.914238929748535,1,1
3857,0.29636573791503906,2.3243560791015625,0.8718981742858887,0.1515713632106781,5.443309783935547,11.962367057800293,1,1
3858,0.3389221131801605,2.704421043395996,0.8602908253669739,0.10792508721351624,5.6129536628723145,13.364824295043945,1,1
3859,0.27858322858810425,2.44370174407959,0.8681929111480713,0.12300333380699158,5.961123943328857,13.73333740234375,1,1
3860,0.31966516375541687,1.9349759817123413,0.847145676612854,0.1897546797990799,5.213105201721191,12.325013160705566,1,1
3861,0.3078485131263733,3.720137596130371,0.9564979076385498,0.043033841997385025,6.143064022064209,13.309545516967773,1,1
3862,0.512298583984375,1.3354380130767822,0.6846871376037598,0.33310675621032715,4.011593818664551,10.548530578613281,1,1
3863,0.7460448145866394,4.154306411743164,0.956954300403595,0.02416415512561798,6.1183013916015625,13.933964729309082,1,1
3864,0.6987022757530212,1.7528595924377441,0.6130087375640869,0.2589985728263855,4.530185699462891,10.135799407958984,1,1
3865,0.44934505224227905,3.317345142364502,0.9480094313621521,0.06354624032974243,5.836706161499023,13.60345458984375,1,1
3866,0.41686129570007324,2.0694847106933594,0.7699559926986694,0.18348422646522522,5.137795448303223,11.780936241149902,1,1
3867,0.2742050886154175,2.1726927757263184,0.907658040523529,0.1767714023590088,5.08853816986084,11.840991020202637,1,1
3868,0.3676770329475403,2.754943609237671,0.8748982548713684,0.09506545960903168,5.873757839202881,12.402262687683105,1,1
3869,0.4507279098033905,1.746170997619629,0.7545851469039917,0.23018281161785126,4.820789337158203,10.477782249450684,1,1
3870,0.5430510640144348,3.9997220039367676,0.9401793479919434,0.03271079435944557,5.880097389221191,13.568550109863281,1,1
3871,0.597131609916687,1.5219663381576538,0.6519058346748352,0.3010614514350891,4.075760841369629,9.781280517578125,1,1
3872,0.5385159254074097,3.113499641418457,0.9342195987701416,0.07755471765995026,5.420538902282715,13.558259963989258,1,1
3873,0.3853994905948639,2.474918842315674,0.7898860573768616,0.11761856079101562,5.614885330200195,13.070367813110352,1,1
3874,0.2791927754878998,2.760622024536133,0.9006235599517822,0.11092662811279297,6.0640130043029785,12.951452255249023,1,1
3875,0.4118792414665222,2.3619956970214844,0.8124074935913086,0.1419437974691391,5.4390387535095215,12.151241302490234,1,1
3876,0.3109546899795532,2.8393547534942627,0.9092235565185547,0.096091628074646,5.968991756439209,12.376923561096191,1,1
3877,0.40201425552368164,2.021836280822754,0.7839336395263672,0.1781165450811386,5.338359832763672,11.01060962677002,1,1
3878,0.35088205337524414,3.624871253967285,0.9479413032531738,0.04338033124804497,5.985073089599609,12.9802885055542,1,1
3879,0.4278447926044464,2.1527631282806396,0.7545469403266907,0.17865929007530212,4.784775257110596,10.81739616394043,1,1
3880,0.3644200563430786,2.6257994174957275,0.9032705426216125,0.12333162873983383,5.317228317260742,11.7306547164917,1,1
3881,0.33522140979766846,2.8921303749084473,0.8811980485916138,0.09181075543165207,5.845419406890869,12.989402770996094,1,1
3882,0.3137020170688629,2.05519437789917,0.8197723627090454,0.18359701335430145,5.333446025848389,11.635379791259766,1,1
3883,0.39544859528541565,2.808866500854492,0.9025704860687256,0.09685344994068146,5.909862518310547,12.662433624267578,1,1
3884,0.363591730594635,2.328348159790039,0.8013628721237183,0.14217723906040192,5.411194324493408,10.910496711730957,1,1
3885,0.2826193869113922,2.9930367469787598,0.9387898445129395,0.0746496245265007,5.679316520690918,13.808175086975098,1,1
3886,0.3842554986476898,1.7220655679702759,0.7723639011383057,0.24600084125995636,4.405786991119385,9.799493789672852,1,1
3887,0.46235597133636475,3.331263542175293,0.9282126426696777,0.05799848586320877,5.705724239349365,14.902596473693848,1,1
3888,0.4086284637451172,2.394960880279541,0.7678165435791016,0.14334385097026825,5.155200958251953,11.72005558013916,1,1
3889,0.3590151369571686,2.5492844581604004,0.8844445943832397,0.12248352915048599,6.043132305145264,13.888832092285156,1,1
3890,0.3269301652908325,2.4453125,0.8577098250389099,0.14037460088729858,6.006470203399658,12.180828094482422,1,1
3891,0.3246367275714874,2.3003697395324707,0.8502764701843262,0.15193411707878113,5.168484210968018,12.123764038085938,1,1
3892,0.27807509899139404,2.7870426177978516,0.9147707223892212,0.09023803472518921,5.954690456390381,12.050066947937012,1,1
3893,0.33260297775268555,2.014785051345825,0.8158807754516602,0.182267427444458,5.263767719268799,11.523080825805664,1,1
3894,0.3001651167869568,2.370903491973877,0.9044970870018005,0.1414700448513031,5.30917501449585,11.431031227111816,1,1
3895,0.32104477286338806,2.8416357040405273,0.8706098794937134,0.0885343924164772,5.716558456420898,12.092395782470703,1,1
3896,0.33768579363822937,2.139942169189453,0.8322018384933472,0.17517045140266418,5.182285785675049,10.882705688476562,1,1
3897,0.33462440967559814,2.2318291664123535,0.8660086393356323,0.16058343648910522,5.3312177658081055,12.683465957641602,1,1
3898,0.27717846632003784,2.700435161590576,0.9112372398376465,0.10705774277448654,6.10624361038208,13.281044006347656,1,1
3899,0.31386798620224,2.475903034210205,0.8643612861633301,0.1226942241191864,5.478662490844727,12.571301460266113,1,1
3900,0.2788323163986206,2.473550319671631,0.8729184865951538,0.12282904982566833,5.4256415367126465,11.947507858276367,1,1
3901,0.37759432196617126,2.294894218444824,0.8453038930892944,0.14838606119155884,5.210633277893066,11.851263046264648,1,1
3902,0.3550682067871094,3.170236587524414,0.8883349299430847,0.07613743841648102,5.545384407043457,14.15058708190918,1,1
3903,0.32012227177619934,2.0251851081848145,0.8149189352989197,0.19437110424041748,5.052923679351807,11.401552200317383,1,1
3904,0.3052577078342438,3.333935260772705,0.9570909738540649,0.05891789123415947,5.881616592407227,13.55579662322998,1,1
3905,0.4368640184402466,1.6788338422775269,0.7391929626464844,0.24798275530338287,5.216694355010986,11.101511001586914,1,1
3906,0.4114115238189697,3.561710834503174,0.9603596329689026,0.0506163127720356,6.233089447021484,15.58633804321289,1,1
3907,0.5349581837654114,1.394517183303833,0.6821656227111816,0.3184201121330261,4.423027038574219,10.022710800170898,1,1
3908,0.529555082321167,3.105355739593506,0.9526947736740112,0.07566142082214355,5.214443683624268,12.292805671691895,1,1
3909,0.46767252683639526,1.6615781784057617,0.7237539291381836,0.2595905065536499,4.637101650238037,10.571677207946777,1,1
3910,0.41197171807289124,2.654026508331299,0.901172399520874,0.10209188610315323,5.333747863769531,13.427066802978516,1,1
3911,0.38289785385131836,2.6032962799072266,0.8226900696754456,0.11706575751304626,4.986369609832764,13.06873893737793,1,1
3912,0.36821532249450684,2.3740344047546387,0.8393293619155884,0.14287543296813965,5.234302997589111,13.041051864624023,1,1
3913,0.25613245368003845,3.059366226196289,0.929205060005188,0.08378428220748901,6.061307430267334,12.323819160461426,1,1
3914,0.4297412037849426,1.671820878982544,0.7555239796638489,0.24815711379051208,4.477741241455078,11.523229598999023,1,1
3915,0.38849443197250366,2.9207162857055664,0.9119242429733276,0.0941302552819252,5.841455459594727,14.261063575744629,1,1
3916,0.38798344135284424,2.3920466899871826,0.8229637742042542,0.1453443169593811,5.8281426429748535,12.470895767211914,1,1
3917,0.27678459882736206,2.453249454498291,0.8836400508880615,0.13275854289531708,6.111327648162842,12.733983039855957,1,1
3918,0.3159569501876831,2.6292641162872314,0.8656706809997559,0.1130688339471817,5.762306213378906,12.239371299743652,1,1
3919,0.38310620188713074,2.6091532707214355,0.8404293060302734,0.11085466295480728,5.969128608703613,13.75179672241211,1,1
3920,0.2806599736213684,2.9696671962738037,0.9183595180511475,0.08245125412940979,5.808204174041748,12.455595970153809,1,1
3921,0.3811197578907013,1.7081695795059204,0.8000227212905884,0.2520264983177185,4.5137128829956055,9.879945755004883,1,1
3922,0.3608430027961731,3.2735962867736816,0.915154218673706,0.07080177962779999,5.827724456787109,12.186738967895508,1,1
3923,0.33147287368774414,1.8614940643310547,0.8065037727355957,0.22666677832603455,4.757405757904053,10.891291618347168,1,1
3924,0.39864158630371094,3.688537120819092,0.9172308444976807,0.041307754814624786,7.0859880447387695,13.365026473999023,1,1
3925,0.42317548394203186,1.5573898553848267,0.7417626976966858,0.2878873348236084,4.624729633331299,9.5204439163208,1,1
3926,0.5216375589370728,3.854691982269287,0.9565356969833374,0.04005847126245499,5.74862813949585,12.652283668518066,1,1
3927,0.7044460773468018,0.7984383702278137,0.5898891687393188,0.5049996376037598,3.1132609844207764,6.795173168182373,1,1
3928,0.8657032251358032,4.567296028137207,0.9715275764465332,0.018405020236968994,5.968677997589111,14.21820068359375,1,1
3929,0.7926863431930542,1.2518857717514038,0.5545943975448608,0.33391764760017395,3.817476511001587,10.3648681640625,1,1
3930,0.4868869483470917,2.8717520236968994,0.9687186479568481,0.08956847339868546,5.263408184051514,12.615134239196777,1,1
3931,0.35676759481430054,2.3109798431396484,0.7996569871902466,0.13983988761901855,5.1770710945129395,10.99569320678711,1,1
3932,0.3182712197303772,1.8985238075256348,0.8469886183738708,0.2180469036102295,4.813302993774414,10.467110633850098,1,1
3933,0.3705761432647705,3.1339950561523438,0.9213242530822754,0.07562214136123657,5.7798004150390625,12.205561637878418,1,1
3934,0.42148953676223755,2.25691556930542,0.7760800719261169,0.14931835234165192,5.160512924194336,11.247385025024414,1,1
3935,0.324068158864975,2.2343506813049316,0.8692174553871155,0.15499919652938843,5.302975654602051,11.704390525817871,1,1
3936,0.31702277064323425,2.5691075325012207,0.8990861177444458,0.11642089486122131,5.774494647979736,12.55064868927002,1,1
3937,0.38733217120170593,1.7873694896697998,0.8007727265357971,0.2298714518547058,4.463122844696045,9.766439437866211,1,1
3938,0.29410356283187866,2.6026761531829834,0.9130793213844299,0.12426327168941498,5.63226318359375,11.720144271850586,1,1
3939,0.3629772663116455,2.5921578407287598,0.8499917984008789,0.11739621311426163,5.837396144866943,11.550053596496582,1,1
3940,0.30159100890159607,1.9819196462631226,0.8362268209457397,0.19680029153823853,5.250123500823975,11.943756103515625,1,1
3941,0.4395057260990143,3.326716423034668,0.9144482612609863,0.059665363281965256,5.874477863311768,12.366302490234375,1,1
3942,0.4080947935581207,2.552985906600952,0.7912061810493469,0.12372947484254837,5.092536926269531,11.950923919677734,1,1
3943,0.29471078515052795,2.1040592193603516,0.8719965219497681,0.16981133818626404,5.1646809577941895,11.325304985046387,1,1
3944,0.31068164110183716,2.415456771850586,0.8910249471664429,0.13608711957931519,5.421205997467041,11.942806243896484,1,1
3945,0.3150486350059509,2.6269078254699707,0.8699431419372559,0.11605694890022278,5.510539531707764,12.903094291687012,1,1
3946,0.37819331884384155,2.1089582443237305,0.8210602402687073,0.17837312817573547,5.143802165985107,12.593975067138672,1,1
3947,0.472234308719635,4.141424655914307,0.9159138202667236,0.026990443468093872,5.9957170486450195,14.0960054397583,1,1
3948,0.5926252007484436,1.5076336860656738,0.6614878177642822,0.28174424171447754,4.694441795349121,11.157764434814453,1,1
3949,0.45293328166007996,3.1169893741607666,0.9628661274909973,0.07109761238098145,5.953360080718994,12.619518280029297,1,1
3950,0.472797691822052,1.9679384231567383,0.7401289939880371,0.19499269127845764,5.01678466796875,10.634590148925781,1,1
3951,0.35596543550491333,2.617947816848755,0.9023420810699463,0.11701609939336777,5.672604560852051,15.600605010986328,1,1
3952,0.34987694025039673,1.9195375442504883,0.8114665746688843,0.19405102729797363,4.931794166564941,12.19397258758545,1,1
3953,0.37027058005332947,2.5729217529296875,0.8954881429672241,0.10734227299690247,5.5381317138671875,13.756417274475098,1,1
3954,0.26678353548049927,2.9244327545166016,0.8945233821868896,0.085664764046669,5.687585830688477,12.963179588317871,1,1
3955,0.41341957449913025,1.4186488389968872,0.761410117149353,0.30354025959968567,4.292132377624512,11.15977668762207,1,1
3956,0.3484051823616028,2.6623854637145996,0.9551674127578735,0.09868476539850235,6.022210597991943,13.537726402282715,1,1
3957,0.32988739013671875,2.7518856525421143,0.8450475931167603,0.09765350818634033,5.570645332336426,13.50625228881836,1,1
3958,0.29152971506118774,2.1985411643981934,0.8435304164886475,0.15720383822917938,4.700050354003906,12.216397285461426,1,1
3959,0.2478668987751007,2.277036666870117,0.9085390567779541,0.15346306562423706,5.138044834136963,13.084527969360352,1,1
3960,0.3506872057914734,3.4258320331573486,0.9076714515686035,0.056496039032936096,6.591432094573975,14.592669486999512,1,1
3961,0.5001279711723328,1.2792809009552002,0.7136691212654114,0.36534470319747925,3.9526731967926025,9.024665832519531,1,1
3962,0.6006808280944824,3.5894389152526855,0.9508939385414124,0.04449392855167389,6.254017353057861,12.917893409729004,1,1
3963,0.5241411924362183,2.1573667526245117,0.691700279712677,0.16294610500335693,5.179749965667725,11.785435676574707,1,1
3964,0.35745400190353394,2.4523861408233643,0.9106338620185852,0.12153494358062744,5.325497150421143,13.354455947875977,1,1
3965,0.42231452465057373,2.7905025482177734,0.8382207155227661,0.09501936286687851,5.555663108825684,12.887077331542969,1,1
3966,0.3524213433265686,2.4683942794799805,0.8287584781646729,0.14332982897758484,5.371561050415039,12.369429588317871,1,1
3967,0.325945645570755,2.305142879486084,0.8773095607757568,0.15058082342147827,5.585534572601318,12.345664978027344,1,1
3968,0.41893136501312256,2.7222158908843994,0.8450028896331787,0.10326613485813141,6.111949920654297,13.87335205078125,1,1
3969,0.39540010690689087,2.134464740753174,0.8142569065093994,0.1678769588470459,5.434847354888916,12.02440357208252,1,1
3970,0.39707136154174805,2.681098461151123,0.8749123811721802,0.09972042590379715,5.165386199951172,11.830530166625977,1,1
3971,0.3097764253616333,2.0070910453796387,0.8243250250816345,0.18614302575588226,5.098808765411377,10.685931205749512,1,1
3972,0.291479229927063,2.806185722351074,0.926493763923645,0.10115373879671097,5.613900661468506,13.058219909667969,1,1
3973,0.36770886182785034,2.597341537475586,0.8239395022392273,0.11950457096099854,5.151869773864746,11.696455955505371,1,1
3974,0.37322598695755005,2.3417530059814453,0.8583781719207764,0.1550159454345703,5.441652297973633,13.589838027954102,1,1
3975,0.342379093170166,2.2810592651367188,0.8752068281173706,0.15438833832740784,5.1561994552612305,11.442371368408203,1,1
3976,0.36815470457077026,1.8611119985580444,0.8165709972381592,0.21978138387203217,4.852025985717773,10.50798225402832,1,1
3977,0.29100316762924194,2.750535011291504,0.9248546957969666,0.10454234480857849,6.316280364990234,13.858288764953613,1,1
3978,0.3489108681678772,1.447171926498413,0.78834468126297,0.29811131954193115,4.773282527923584,10.083473205566406,1,1
3979,0.4384288787841797,4.344761848449707,0.9435985088348389,0.025710679590702057,6.407968997955322,15.136898040771484,1,1
3980,0.5746450424194336,1.1024160385131836,0.654991865158081,0.3848133087158203,3.6117255687713623,9.45134162902832,1,1
3981,0.6665773987770081,4.112838268280029,0.9784095287322998,0.030818955972790718,6.159574508666992,15.992960929870605,1,1
3982,0.4277495741844177,2.6289963722229004,0.7257601618766785,0.10388932377099991,5.343338489532471,12.707030296325684,1,1
3983,0.41645532846450806,1.4905705451965332,0.7839741706848145,0.30374979972839355,4.267699241638184,9.097811698913574,1,1
3984,0.4712230861186981,3.0126748085021973,0.9461504220962524,0.08155149221420288,5.734288692474365,13.965167045593262,1,1
3985,0.3267401456832886,2.746493101119995,0.8214035034179688,0.10483763366937637,5.40701150894165,11.7450532913208,1,1
3986,0.3636505603790283,1.604073405265808,0.7923760414123535,0.2690165042877197,4.907330513000488,10.474322319030762,1,1
3987,0.37586653232574463,2.427668571472168,0.9327871799468994,0.1216590404510498,5.25468635559082,12.141847610473633,1,1
3988,0.2975759506225586,3.0258450508117676,0.8507188558578491,0.082590751349926,6.142090797424316,13.726349830627441,1,1
3989,0.33488959074020386,2.0900464057922363,0.8221341371536255,0.17179086804389954,5.043911933898926,11.084240913391113,1,1
3990,0.3409661054611206,2.158527374267578,0.8991901278495789,0.17242169380187988,4.9912919998168945,12.139190673828125,1,1
3991,0.3502712845802307,2.105095624923706,0.8345220685005188,0.17105838656425476,5.453517436981201,11.21259593963623,1,1
3992,0.3145512044429779,3.107875347137451,0.9051764011383057,0.0772726982831955,6.2595415115356445,13.079986572265625,1,1
3993,0.3675856292247772,1.8614096641540527,0.7826158404350281,0.2248525619506836,4.780864715576172,10.234030723571777,1,1
3994,0.3713042140007019,3.1998963356018066,0.9355811476707458,0.07125890254974365,6.086776256561279,13.903814315795898,1,1
3995,0.3951716423034668,1.7947707176208496,0.758935809135437,0.22143369913101196,5.011131763458252,10.810507774353027,1,1
3996,0.440925657749176,2.607975482940674,0.9139423370361328,0.11067865788936615,5.871160507202148,14.282172203063965,1,1
3997,0.2656736671924591,2.9083786010742188,0.8685451745986938,0.08523542433977127,5.470574855804443,12.324522972106934,1,1
3998,0.28978678584098816,2.406954526901245,0.8526610136032104,0.1275108903646469,5.5593485832214355,14.015439987182617,1,1
3999,0.34659695625305176,2.9593348503112793,0.8950764536857605,0.0784987285733223,5.949561595916748,13.21656608581543,1,1
4000,0.27062559127807617,2.549065351486206,0.8536398410797119,0.12512235343456268,6.105627059936523,14.896095275878906,1,1
4001,0.2587772309780121,2.3179657459259033,0.8901869058609009,0.16516482830047607,5.621553421020508,13.611983299255371,1,1
4002,0.38112932443618774,2.4833126068115234,0.8543803691864014,0.12891936302185059,4.952270030975342,15.26665210723877,1,1
4003,0.2449885904788971,2.235779285430908,0.8811455368995667,0.16558167338371277,5.472835540771484,12.601140975952148,1,1
4004,0.33860480785369873,2.523280143737793,0.8757202625274658,0.1201903373003006,5.9902262687683105,16.149986267089844,1,1
4005,0.27413928508758545,2.284940004348755,0.8636516332626343,0.15864205360412598,5.5526933670043945,14.411752700805664,1,1
4006,0.38930684328079224,2.345846176147461,0.8502650260925293,0.1500302255153656,5.376190185546875,12.047918319702148,1,1
4007,0.28054869174957275,2.892146587371826,0.8973092436790466,0.093234583735466,6.035262107849121,12.86755084991455,1,1
4008,0.3730536699295044,2.307305335998535,0.826627790927887,0.1458180844783783,5.626046180725098,11.859247207641602,1,1
4009,0.3069024980068207,2.6665282249450684,0.9100626111030579,0.1035892590880394,5.452905178070068,13.27286434173584,1,1
4010,0.2988409996032715,2.2567622661590576,0.8518913984298706,0.15601560473442078,5.274904727935791,13.94233226776123,1,1
4011,0.3470315635204315,1.582228183746338,0.8246520161628723,0.2755142152309418,4.505481719970703,11.855045318603516,1,1
4012,0.415260374546051,3.1194019317626953,0.9040703177452087,0.07617345452308655,6.189097881317139,14.339957237243652,1,1
4013,0.3999895453453064,1.4586234092712402,0.7616157531738281,0.30569273233413696,4.5058794021606445,10.389034271240234,1,1
4014,0.5771743059158325,5.2425947189331055,0.9716250896453857,0.00927608460187912,6.542661666870117,13.964133262634277,1,1
4015,0.9599193334579468,0.9297755360603333,0.48739486932754517,0.46862342953681946,3.228116750717163,7.845248222351074,1,1
4016,0.9612516164779663,3.7761573791503906,0.9642497301101685,0.0377504900097847,5.818995475769043,14.588164329528809,1,1
4017,0.5606251955032349,2.106196403503418,0.6621680855751038,0.18004830181598663,4.889737129211426,12.26982307434082,1,1
4018,0.3163793981075287,2.190617561340332,0.9167052507400513,0.15947970747947693,4.919796466827393,12.244715690612793,1,1
4019,0.39046621322631836,3.165318727493286,0.8721536993980408,0.0675530657172203,5.7971510887146,11.758246421813965,1,1
4020,0.35404616594314575,2.1296639442443848,0.7938207387924194,0.1708030104637146,4.864971160888672,10.432355880737305,1,1
4021,0.44804149866104126,2.6289377212524414,0.8979917764663696,0.10429205000400543,5.213912010192871,11.410493850708008,1,1
4022,0.3881641924381256,3.193356990814209,0.839651346206665,0.08064159005880356,6.029648780822754,12.361698150634766,1,1
4023,0.3029240369796753,2.2247581481933594,0.8338574171066284,0.1592177450656891,5.645318031311035,12.14234447479248,1,1
4024,0.32713115215301514,2.3379297256469727,0.8710500001907349,0.1506606936454773,5.309229850769043,13.48975944519043,1,1
4025,0.3917316198348999,2.7752676010131836,0.8771562576293945,0.10753725469112396,5.56674337387085,11.967772483825684,1,1
4026,0.3861696124076843,2.7381556034088135,0.8265163898468018,0.09731341153383255,5.4298601150512695,13.8304443359375,1,1
4027,0.4053855836391449,1.2147365808486938,0.7614240050315857,0.3694012761116028,3.780891180038452,9.055797576904297,1,1
4028,0.48861682415008545,3.0533175468444824,0.9494030475616455,0.08009891211986542,5.256420612335205,13.642147064208984,1,1
4029,0.27513402700424194,3.6061956882476807,0.8572249412536621,0.04661928862333298,6.088679313659668,15.27918529510498,1,1
4030,0.44475317001342773,1.3627121448516846,0.7224592566490173,0.3253880739212036,4.162152290344238,8.816154479980469,1,1
4031,0.5798004865646362,3.1137378215789795,0.9451779127120972,0.06802909076213837,5.759928226470947,13.259857177734375,1,1
4032,0.3121708333492279,3.136335849761963,0.8265642523765564,0.07206056267023087,5.933594703674316,12.566783905029297,1,1
4033,0.3176778554916382,1.3695991039276123,0.7930564284324646,0.3167409896850586,4.171290874481201,9.54015064239502,1,1
4034,0.4627011716365814,3.3838651180267334,0.9489457607269287,0.06546801328659058,6.318929195404053,14.073150634765625,1,1
4035,0.4884818196296692,1.7626086473464966,0.7014586925506592,0.2403734177350998,4.7454023361206055,10.357787132263184,1,1
4036,0.3979303538799286,2.7535605430603027,0.9284780621528625,0.09788364171981812,4.899279594421387,11.653307914733887,1,1
4037,0.27564093470573425,2.6090517044067383,0.8532403707504272,0.10997538268566132,5.696661949157715,11.761055946350098,1,1
4038,0.31870514154434204,2.049856185913086,0.8451488018035889,0.17587029933929443,5.278461456298828,11.071122169494629,1,1
4039,0.3089389204978943,2.7118594646453857,0.915725827217102,0.10225570946931839,5.9246344566345215,13.267663955688477,1,1
4040,0.3102318048477173,1.9989471435546875,0.8427238464355469,0.18298381567001343,4.886632919311523,11.248745918273926,1,1
4041,0.3460550308227539,2.5086753368377686,0.8674523234367371,0.13356274366378784,5.257440090179443,12.538223266601562,1,1
4042,0.29646411538124084,2.786227226257324,0.8723833560943604,0.08949552476406097,5.615581512451172,12.296202659606934,1,1
4043,0.3098507225513458,2.2149817943573,0.8509967923164368,0.15985116362571716,4.837010383605957,11.227445602416992,1,1
4044,0.34695661067962646,2.4073774814605713,0.8795509338378906,0.15010544657707214,5.326683521270752,11.579301834106445,1,1
4045,0.2834731638431549,2.8572402000427246,0.8857453465461731,0.09204850345849991,5.724342346191406,12.970690727233887,1,1
4046,0.3359658122062683,2.1722793579101562,0.8251005411148071,0.1714913547039032,5.915016174316406,13.373771667480469,1,1
4047,0.30277904868125916,3.676170825958252,0.941572368144989,0.04209625720977783,6.3561015129089355,13.985296249389648,1,1
4048,0.542445957660675,0.920621395111084,0.6960868835449219,0.4688717722892761,3.2909939289093018,7.361541271209717,1,1
4049,0.788914680480957,5.136209487915039,0.9762078523635864,0.011156294494867325,6.072251796722412,14.387711524963379,1,1
4050,0.7072484493255615,2.328052520751953,0.5968014001846313,0.1514570713043213,5.332464218139648,12.614341735839844,1,1
4051,0.31538623571395874,1.423233151435852,0.8735020160675049,0.30682075023651123,4.226048946380615,9.584728240966797,1,1
4052,0.708219051361084,4.631137371063232,0.9421257972717285,0.022062163800001144,6.367898464202881,15.641419410705566,1,1
4053,0.7002079486846924,1.833074927330017,0.5814576148986816,0.22829118371009827,4.941410064697266,10.549306869506836,1,1
4054,0.30227652192115784,1.6526273488998413,0.9365129470825195,0.24736535549163818,4.209286212921143,9.982874870300293,1,1
4055,0.5248407125473022,3.677182674407959,0.8895082473754883,0.04734855517745018,5.602625370025635,13.884105682373047,1,1
4056,0.5478622317314148,1.4298782348632812,0.6627315282821655,0.30370187759399414,3.8616182804107666,10.697416305541992,1,1
4057,0.42955783009529114,2.8964760303497314,0.9168659448623657,0.08687379956245422,6.36908483505249,18.916913986206055,1,1
4058,0.4777863323688507,2.092432975769043,0.7687587141990662,0.17687442898750305,5.191289901733398,13.963706016540527,1,1
4059,0.4548163115978241,3.218280792236328,0.897411584854126,0.06560154259204865,5.4189958572387695,11.197145462036133,1,1
4060,0.44255101680755615,1.480844259262085,0.7241688966751099,0.2907238006591797,3.998538017272949,8.952460289001465,1,1
4061,0.595123827457428,4.147769927978516,0.9463964700698853,0.030675165355205536,5.5285515785217285,14.572968482971191,1,1
4062,0.6217527389526367,1.6269052028656006,0.6181963682174683,0.2546529173851013,4.7800188064575195,11.12380599975586,1,1
4063,0.4711475968360901,2.7300174236297607,0.9513681530952454,0.10845713317394257,5.370204448699951,12.431930541992188,1,1
4064,0.3183267116546631,3.2202911376953125,0.8569656610488892,0.0671297237277031,5.524534702301025,13.30889892578125,1,1
4065,0.38560348749160767,2.0910534858703613,0.801973283290863,0.1696135252714157,4.677738666534424,11.982884407043457,1,1
4066,0.2893606126308441,2.6854491233825684,0.9082646369934082,0.11144237220287323,5.725322723388672,13.315218925476074,1,1
4067,0.24536460638046265,2.8792734146118164,0.904109001159668,0.09684263914823532,5.25211238861084,13.012845039367676,1,1
4068,0.40419280529022217,2.206122875213623,0.7867370247840881,0.1475067138671875,5.35203218460083,12.939558982849121,1,1
4069,0.3163299262523651,2.7211074829101562,0.9080756902694702,0.10111416131258011,6.128284931182861,13.093361854553223,1,1
4070,0.29328909516334534,2.4704642295837402,0.8607958555221558,0.12650048732757568,5.552981853485107,12.928013801574707,1,1
4071,0.2591494023799896,3.205373764038086,0.9344761371612549,0.06630390882492065,5.605066776275635,11.638047218322754,1,1
4072,0.38681745529174805,1.936996340751648,0.7769644260406494,0.1866014003753662,4.975090980529785,11.196122169494629,1,1
4073,0.33434104919433594,2.6731247901916504,0.9142389297485352,0.10534993559122086,5.404660224914551,12.713067054748535,1,1
4074,0.4443880319595337,2.9264495372772217,0.8296411037445068,0.0816740170121193,5.540501594543457,11.851163864135742,1,1
4075,0.3831230103969574,1.9602720737457275,0.7967722415924072,0.19780558347702026,4.648829460144043,10.211578369140625,1,1
4076,0.3395124673843384,2.563383102416992,0.9051772356033325,0.12561751902103424,5.54592227935791,12.152533531188965,1,1
4077,0.29695838689804077,2.5479085445404053,0.8473331928253174,0.12898442149162292,5.330450534820557,11.486839294433594,1,1
4078,0.2976539433002472,1.9667813777923584,0.8517565727233887,0.20253248512744904,5.703432559967041,11.136259078979492,1,1
4079,0.4164890646934509,3.2744033336639404,0.917477548122406,0.06747471541166306,5.5003228187561035,13.011192321777344,1,1
4080,0.4286140203475952,2.043839454650879,0.7442543506622314,0.17908331751823425,5.25507116317749,11.825326919555664,1,1
4081,0.4380127787590027,3.2622246742248535,0.9186347723007202,0.06399297714233398,5.511102676391602,14.984306335449219,1,1
4082,0.3848552107810974,1.9668916463851929,0.7721425294876099,0.19478458166122437,5.226376533508301,11.996538162231445,1,1
4083,0.31649067997932434,2.473660945892334,0.9078240990638733,0.12729710340499878,5.3386430740356445,13.399614334106445,1,1
4084,0.34294843673706055,3.181727409362793,0.8715112805366516,0.06395527720451355,6.295964241027832,13.94404411315918,1,1
4085,0.3881448805332184,1.873063564300537,0.7953138947486877,0.2186194360256195,4.6298828125,10.003016471862793,1,1
4086,0.33407461643218994,2.9833426475524902,0.9102483987808228,0.07697821408510208,6.300936698913574,13.746272087097168,1,1
4087,0.2853858172893524,2.0381996631622314,0.8489151000976562,0.18182015419006348,5.365220069885254,11.95544719696045,1,1
4088,0.44949716329574585,2.2744522094726562,0.8325309753417969,0.16121342778205872,5.815381050109863,11.840350151062012,1,1
4089,0.35593926906585693,3.87744402885437,0.9179304838180542,0.039207927882671356,6.540149688720703,15.221405029296875,1,1
4090,0.4485098123550415,1.686414122581482,0.7283412218093872,0.2638145089149475,4.440824508666992,10.116005897521973,1,1
4091,0.5009725689888,2.7279653549194336,0.9116626381874084,0.10059644281864166,5.501709461212158,14.47984790802002,1,1
4092,0.3244423568248749,3.0266830921173096,0.8570144176483154,0.0746176466345787,5.949314117431641,14.451815605163574,1,1
4093,0.47819143533706665,1.1206989288330078,0.720524787902832,0.3929445743560791,3.6904690265655518,8.5790376663208,1,1
4094,0.6745374202728271,4.038778305053711,0.9581990838050842,0.029948769137263298,5.981931686401367,17.59714698791504,1,1
4095,0.5304796695709229,2.1068782806396484,0.6785866022109985,0.16965588927268982,4.937648773193359,16.050275802612305,1,1
4096,0.35296180844306946,2.26010799407959,0.8996617794036865,0.15653195977210999,5.144991397857666,13.473868370056152,1,1
4097,0.4750874936580658,1.909845232963562,0.7903860807418823,0.20650270581245422,4.895770072937012,13.317606925964355,1,1
4098,0.4280149042606354,2.2009270191192627,0.8629284501075745,0.16354162991046906,5.144810199737549,11.819515228271484,1,1
4099,0.4087304174900055,2.875916004180908,0.8351428508758545,0.09305362403392792,6.016793727874756,13.493891716003418,1,1
4100,0.3140222132205963,2.3508408069610596,0.8399115800857544,0.15812242031097412,5.7193498611450195,11.601165771484375,1,1
4101,0.3539024591445923,2.2119810581207275,0.8792804479598999,0.16964857280254364,4.7087321281433105,10.077412605285645,1,1
4102,0.459627240896225,2.6697983741760254,0.8421070575714111,0.10789424180984497,5.343417167663574,12.338107109069824,1,1
4103,0.42491215467453003,1.5989222526550293,0.7743825912475586,0.25556647777557373,4.73134183883667,10.135848045349121,1,1
4104,0.33645159006118774,2.373107433319092,0.9300698041915894,0.13480529189109802,5.254108428955078,12.371347427368164,1,1
4105,0.24981653690338135,2.724946975708008,0.893349289894104,0.09870566427707672,5.78325080871582,12.162361145019531,1,1
4106,0.41799867153167725,1.7177456617355347,0.7544899582862854,0.2509635090827942,5.157620429992676,11.969917297363281,1,1
4107,0.5480031371116638,4.135299205780029,0.9463233947753906,0.03200118988752365,6.496499538421631,14.649710655212402,1,1
4108,0.5478081107139587,1.80842924118042,0.6655347347259521,0.2406274527311325,4.762946605682373,12.092148780822754,1,1
4109,0.38978394865989685,2.7601699829101562,0.9498675465583801,0.11160162091255188,5.75178337097168,12.418917655944824,1,1
4110,0.27015602588653564,3.3521597385406494,0.880062997341156,0.06010632589459419,6.224198341369629,13.755695343017578,1,1
4111,0.5765750408172607,1.1469533443450928,0.6663650870323181,0.3893778920173645,3.701594114303589,9.489117622375488,1,1
4112,0.6795486211776733,3.567472457885742,0.9694653749465942,0.05118373781442642,6.194317817687988,14.184319496154785,1,1
4113,0.5306549668312073,2.050846815109253,0.6894798874855042,0.1796763688325882,4.970605373382568,11.581387519836426,1,1
4114,0.32142922282218933,1.6010504961013794,0.8750015497207642,0.26736047863960266,4.398287296295166,9.584575653076172,1,1
4115,0.3590347170829773,3.125412702560425,0.9252539277076721,0.08022835105657578,6.316836833953857,13.073001861572266,1,1
4116,0.43580496311187744,2.0845956802368164,0.7545024156570435,0.1759709119796753,5.119431495666504,10.69894027709961,1,1
4117,0.37155643105506897,2.5405516624450684,0.8979126811027527,0.12274904549121857,5.596720218658447,13.401579856872559,1,1
4118,0.3437357544898987,2.240173578262329,0.8313905596733093,0.15350420773029327,5.745024681091309,12.890514373779297,1,1
4119,0.2932324707508087,3.109668016433716,0.9120401740074158,0.06816497445106506,5.868740081787109,12.853248596191406,1,1
4120,0.41131484508514404,2.246074676513672,0.7932690978050232,0.16028925776481628,5.071343421936035,11.458670616149902,1,1
4121,0.26524820923805237,2.4660322666168213,0.8997470140457153,0.13149318099021912,5.0684733390808105,11.223962783813477,1,1
4122,0.3629591464996338,2.237457036972046,0.8512969017028809,0.15290920436382294,5.456423759460449,11.325913429260254,1,1
4123,0.2786858081817627,2.821629047393799,0.9044041633605957,0.08662939071655273,5.794489860534668,12.844804763793945,1,1
4124,0.3932100832462311,1.7764376401901245,0.7799557447433472,0.22113534808158875,5.070599555969238,12.072508811950684,1,1
4125,0.3838112950325012,2.923548460006714,0.9154682755470276,0.0923924595117569,5.5698394775390625,14.540972709655762,1,1
4126,0.2709774971008301,2.992471694946289,0.8648051619529724,0.08671877533197403,5.556705951690674,12.32970142364502,1,1
4127,0.2867671847343445,2.058725357055664,0.8423545360565186,0.18604367971420288,4.9519476890563965,14.49931526184082,1,1
4128,0.3566197156906128,2.699091911315918,0.903724730014801,0.11831092834472656,5.513328552246094,13.111292839050293,1,1
4129,0.38588759303092957,2.353203058242798,0.8020586967468262,0.15011334419250488,5.6405134201049805,13.925214767456055,1,1
4130,0.3823813796043396,3.5242180824279785,0.8919693231582642,0.05688155069947243,5.9885053634643555,16.207956314086914,1,1
4131,0.48243412375450134,1.4994096755981445,0.7260887622833252,0.2848675847053528,4.573733806610107,10.033851623535156,1,1
4132,0.5272698998451233,3.8808066844940186,0.9582259654998779,0.03638312220573425,6.023616313934326,13.308405876159668,1,1
4133,0.472258985042572,1.6474519968032837,0.7013245820999146,0.2668398320674896,4.553557395935059,9.949277877807617,1,1
4134,0.3686619997024536,2.7021286487579346,0.9413840770721436,0.10495971143245697,5.384655952453613,13.02177906036377,1,1
4135,0.2825748324394226,3.270829439163208,0.8766818046569824,0.05992516130208969,5.793350696563721,13.560789108276367,1,1
4136,0.3807821273803711,1.3468329906463623,0.7659825086593628,0.3295050263404846,3.9652156829833984,10.073480606079102,1,1
4137,0.463772714138031,3.098996162414551,0.9326906204223633,0.075453981757164,6.286996841430664,13.570609092712402,1,1
4138,0.3798065185546875,2.170403003692627,0.7701133489608765,0.18744175136089325,4.949423789978027,10.434237480163574,1,1
4139,0.32221949100494385,2.8125739097595215,0.9150540232658386,0.10208974778652191,5.981740474700928,12.386187553405762,1,1
4140,0.3126643896102905,2.7775466442108154,0.8507044315338135,0.09759005159139633,6.506060600280762,13.230170249938965,1,1
4141,0.2877495288848877,2.7274508476257324,0.8840793371200562,0.1011827364563942,5.460600852966309,11.13456916809082,1,1
4142,0.3535643219947815,1.6280229091644287,0.8072516918182373,0.26622632145881653,4.607400894165039,9.952064514160156,1,1
4143,0.4923759698867798,3.8851802349090576,0.947964072227478,0.03794758766889572,5.964722156524658,14.435107231140137,1,1
4144,0.6215229034423828,0.9917201399803162,0.6177815794944763,0.4430251717567444,3.43497896194458,9.449810981750488,1,1
4145,0.6583290100097656,3.8679704666137695,0.9749400615692139,0.04000493511557579,5.801151752471924,15.82753849029541,1,1
4146,0.5857664346694946,2.262327194213867,0.6800756454467773,0.16196677088737488,5.065549373626709,14.300971984863281,1,1
4147,0.38690948486328125,2.7281947135925293,0.8902406096458435,0.10572375357151031,5.836596965789795,14.634170532226562,1,1
4148,0.27635347843170166,2.786719799041748,0.8712421655654907,0.09708152711391449,5.873680591583252,13.714946746826172,1,1
4149,0.3234042823314667,2.0122811794281006,0.8220123648643494,0.1973952054977417,5.070110321044922,11.412537574768066,1,1
4150,0.4536185562610626,2.786548376083374,0.8990070819854736,0.1001063734292984,5.475032806396484,12.546785354614258,1,1
4151,0.3676682412624359,2.317230701446533,0.8048936128616333,0.13714151084423065,5.138031959533691,10.91030216217041,1,1
4152,0.26747995615005493,2.0287981033325195,0.8801748752593994,0.18543052673339844,5.849855422973633,11.438043594360352,1,1
4153,0.3238225281238556,3.3430395126342773,0.9190407991409302,0.053958285599946976,6.547379493713379,14.237466812133789,1,1
4154,0.38522598147392273,2.681919813156128,0.7927055358886719,0.10324124991893768,5.413856506347656,13.061786651611328,1,1
4155,0.2876407504081726,2.550102949142456,0.9096928834915161,0.11047206819057465,5.6952290534973145,12.447688102722168,1,1
4156,0.29204535484313965,2.4231483936309814,0.8530870676040649,0.13009217381477356,5.804745674133301,13.250428199768066,1,1
4157,0.3195938467979431,3.0570735931396484,0.8972644805908203,0.06860821694135666,5.811285018920898,12.560545921325684,1,1
4158,0.29504525661468506,2.433126926422119,0.8428593277931213,0.1311735361814499,5.99056339263916,12.51250171661377,1,1
4159,0.2551444172859192,2.040464162826538,0.9009731411933899,0.18930794298648834,5.042214870452881,11.871617317199707,1,1
4160,0.25550103187561035,3.2939491271972656,0.9295035600662231,0.056943729519844055,5.909809112548828,12.417654037475586,1,1
4161,0.6234464049339294,0.7763391137123108,0.6479872465133667,0.527910590171814,2.8022124767303467,6.502239227294922,1,1
4162,0.9493280053138733,4.582730293273926,0.9763886332511902,0.020912937819957733,6.239659309387207,14.332905769348145,1,1
4163,1.0889719724655151,1.348078727722168,0.46975278854370117,0.3413587808609009,4.500078201293945,10.409839630126953,1,1
4164,0.7361534833908081,3.706798553466797,0.9496101140975952,0.04896565526723862,6.264257907867432,18.427743911743164,1,1
4165,0.6346908807754517,1.422114372253418,0.6454288959503174,0.30623650550842285,4.130183219909668,9.646087646484375,1,1
4166,0.5231162905693054,2.6684021949768066,0.9472616910934448,0.11139927804470062,4.913914680480957,13.294044494628906,1,1
4167,0.3627176880836487,2.6367311477661133,0.8073486089706421,0.11551424860954285,4.963028907775879,11.610904693603516,1,1
4168,0.39186522364616394,1.9078235626220703,0.8085184693336487,0.2005327194929123,5.090916156768799,12.50926685333252,1,1
4169,0.3313000798225403,2.362905740737915,0.9081007242202759,0.14108461141586304,4.971313953399658,11.962299346923828,1,1
4170,0.4446811378002167,2.547149658203125,0.8057188987731934,0.12879681587219238,5.317302227020264,12.707432746887207,1,1
4171,0.371545672416687,2.21506404876709,0.8512270450592041,0.16771411895751953,5.0400495529174805,11.728261947631836,1,1
4172,0.3600519299507141,3.2610931396484375,0.8991236090660095,0.0654846578836441,5.354546546936035,12.162626266479492,1,1
4173,0.3620319962501526,2.7035908699035645,0.7954024076461792,0.10645952075719833,5.42670202255249,12.174894332885742,1,1
4174,0.2884426712989807,1.9497989416122437,0.8701635003089905,0.20825879275798798,5.235567569732666,10.315032005310059,1,1
4175,0.38965174555778503,3.3098015785217285,0.9228730201721191,0.05497845262289047,5.754162788391113,12.775909423828125,1,1
4176,0.45964154601097107,1.6064702272415161,0.7209148406982422,0.2683163583278656,4.2967400550842285,8.981180191040039,1,1
4177,0.4987547695636749,3.218630313873291,0.9178672432899475,0.06725998222827911,6.479233741760254,13.494546890258789,1,1
4178,0.45990729331970215,1.952248454093933,0.72746741771698,0.20288170874118805,5.234653949737549,11.15451431274414,1,1
4179,0.5294468402862549,2.941283702850342,0.9199599027633667,0.09489817172288895,5.629289150238037,12.404645919799805,1,1
4180,0.49474504590034485,1.9497122764587402,0.7109192609786987,0.1993415355682373,6.250021934509277,12.186272621154785,1,1
4181,0.3983124792575836,2.426168441772461,0.926703929901123,0.13861608505249023,4.896401882171631,13.847738265991211,1,1
4182,0.35970598459243774,2.5142438411712646,0.821575403213501,0.12648023664951324,5.39497184753418,14.186863899230957,1,1
4183,0.3472694158554077,1.763110876083374,0.8294205069541931,0.23735551536083221,4.693959712982178,10.999918937683105,1,1
4184,0.42466655373573303,3.376840829849243,0.9158722162246704,0.0599035806953907,6.399651050567627,14.378137588500977,1,1
4185,0.3985775113105774,2.098815679550171,0.7737569808959961,0.1729554980993271,5.234218597412109,11.044598579406738,1,1
4186,0.37064966559410095,2.371281623840332,0.872187614440918,0.13826394081115723,5.468867778778076,11.804658889770508,1,1
4187,0.2775702476501465,2.2361130714416504,0.8818780183792114,0.16959047317504883,5.126755237579346,10.731297492980957,1,1
4188,0.3715261220932007,2.438331127166748,0.8563910722732544,0.13197273015975952,5.0826921463012695,12.732580184936523,1,1
4189,0.27114570140838623,2.8431968688964844,0.8936769962310791,0.0990123301744461,6.020860195159912,13.000014305114746,1,1
4190,0.3919088542461395,1.8414229154586792,0.792782187461853,0.2191562056541443,4.964959621429443,10.402504920959473,1,1
4191,0.4387044310569763,2.9783289432525635,0.8905515670776367,0.08232627809047699,5.731219291687012,12.996517181396484,1,1
4192,0.5018020272254944,1.5086274147033691,0.7267991304397583,0.2807035744190216,4.661472320556641,9.196949005126953,1,1
4193,0.48847857117652893,3.753739595413208,0.940477728843689,0.03916211426258087,6.193218231201172,13.377060890197754,1,1
4194,0.4252474904060364,1.9681411981582642,0.7437602281570435,0.19984059035778046,4.994189739227295,11.303378105163574,1,1
4195,0.3289707899093628,1.6998722553253174,0.8843294382095337,0.24966487288475037,4.574514389038086,10.154977798461914,1,1
4196,0.3129022419452667,2.33811616897583,0.9167793393135071,0.13429345190525055,5.289880752563477,12.034462928771973,1,1
4197,0.23965176939964294,2.1758739948272705,0.853056013584137,0.15953215956687927,5.566115379333496,12.410870552062988,1,1
4198,0.3709709346294403,2.1983988285064697,0.844743549823761,0.17039869725704193,5.25689172744751,13.51159954071045,1,1
4199,0.37559974193573,3.30674147605896,0.9018970727920532,0.06758563965559006,5.941813945770264,14.71234130859375,1,1
4200,0.4912000298500061,1.638944387435913,0.7074204683303833,0.25668609142303467,4.903537750244141,11.27861499786377,1,1
4201,0.455182820558548,3.036898136138916,0.926174521446228,0.07537606358528137,6.60881233215332,15.043143272399902,1,1
4202,0.2736489176750183,3.6230740547180176,0.9070738554000854,0.0434148795902729,5.699976921081543,13.576920509338379,1,1
4203,0.3186861276626587,2.0811634063720703,0.8022049069404602,0.1802760362625122,4.449432849884033,11.700282096862793,1,1
4204,0.3456748425960541,2.6401805877685547,0.891233503818512,0.10551641881465912,6.510590553283691,13.614779472351074,1,1
4205,0.23673956096172333,2.6564035415649414,0.8989368677139282,0.11351923644542694,6.265130519866943,14.46080207824707,1,1
4206,0.4297100901603699,1.5641809701919556,0.7777023315429688,0.2939690053462982,4.561156749725342,9.818717002868652,1,1
4207,0.3357841372489929,2.7916131019592285,0.941254734992981,0.09795088320970535,6.091421604156494,13.171113014221191,1,1
4208,0.36732977628707886,2.5754127502441406,0.8118722438812256,0.12195994704961777,6.105955600738525,13.636364936828613,1,1
4209,0.37906330823898315,1.8784767389297485,0.8264924883842468,0.21633672714233398,4.975288391113281,11.775775909423828,1,1
4210,0.40381669998168945,2.590953826904297,0.8806023597717285,0.12092563509941101,5.271263122558594,13.495368003845215,1,1
4211,0.33994418382644653,2.567138671875,0.8389548659324646,0.1275184154510498,6.165379524230957,17.012004852294922,1,1
4212,0.382175087928772,1.948828935623169,0.8291997909545898,0.2096104919910431,5.009607791900635,11.654033660888672,1,1
4213,0.3455543518066406,3.329477310180664,0.9173048734664917,0.06572513282299042,5.850770950317383,14.68104362487793,1,1
4214,0.3698194921016693,2.1062700748443604,0.7870118618011475,0.1755741536617279,5.212057113647461,12.200765609741211,1,1
4215,0.44542115926742554,3.6544618606567383,0.9236500263214111,0.04564785212278366,5.600771427154541,13.359964370727539,1,1
4216,0.3755950331687927,1.9384411573410034,0.7596300840377808,0.19657132029533386,4.839674949645996,10.991786003112793,1,1
4217,0.34877777099609375,2.4859490394592285,0.9214128851890564,0.1337047815322876,5.003093719482422,11.827564239501953,1,1
4218,0.37918299436569214,2.010399341583252,0.8076106905937195,0.18737094104290009,5.1923017501831055,11.382491111755371,1,1
4219,0.3597395420074463,3.5516743659973145,0.9422569274902344,0.05038426071405411,5.804689407348633,13.640693664550781,1,1
4220,0.39379507303237915,2.081881523132324,0.7500818967819214,0.17746666073799133,5.332118034362793,11.870994567871094,1,1
4221,0.4196385443210602,2.835829257965088,0.904446005821228,0.0989382416009903,6.00156831741333,13.3115873336792,1,1
4222,0.2972998023033142,2.7163515090942383,0.8573513031005859,0.1075018048286438,5.61159086227417,12.670016288757324,1,1
4223,0.28458017110824585,1.8989160060882568,0.8509049415588379,0.20826324820518494,5.144082069396973,10.874592781066895,1,1
4224,0.3734617233276367,3.515934467315674,0.9279163479804993,0.05742036551237106,6.294590473175049,14.509273529052734,1,1
4225,0.31963345408439636,2.3829314708709717,0.7974820137023926,0.15367615222930908,5.544695854187012,11.636155128479004,1,1
4226,0.3155386745929718,2.5289008617401123,0.898546576499939,0.12375162541866302,5.744046211242676,12.6016845703125,1,1
4227,0.3785132169723511,2.312262535095215,0.8291548490524292,0.1549583375453949,5.675857067108154,11.324396133422852,1,1
4228,0.3846047818660736,2.501354455947876,0.8537648916244507,0.13287614285945892,5.866636753082275,13.121875762939453,1,1
4229,0.24401716887950897,2.7810299396514893,0.913582444190979,0.1089359000325203,7.014967441558838,13.995136260986328,1,1
4230,0.4571947157382965,1.2731624841690063,0.753548264503479,0.3404204547405243,4.093169212341309,9.603062629699707,1,1
4231,0.5519246459007263,3.908334970474243,0.9510989189147949,0.042761288583278656,5.773468017578125,15.499648094177246,1,1
4232,0.6630545258522034,1.4921624660491943,0.6150981187820435,0.3066961169242859,4.723565101623535,10.229300498962402,1,1
4233,0.6158493757247925,2.8293919563293457,0.9321600198745728,0.09751594811677933,5.559330940246582,13.834074974060059,1,1
4234,0.48490408062934875,2.248528480529785,0.7365012168884277,0.16584810614585876,5.195204257965088,11.838092803955078,1,1
4235,0.36067917943000793,1.897986888885498,0.861649751663208,0.2072327584028244,5.098418235778809,13.792983055114746,1,1
4236,0.3908942639827728,3.05853009223938,0.8843562602996826,0.08317521214485168,6.7315802574157715,14.098278045654297,1,1
4237,0.4746335744857788,1.815507411956787,0.7670034170150757,0.2128140926361084,5.136907577514648,11.759695053100586,1,1
4238,0.4179697036743164,3.6229770183563232,0.9240142107009888,0.04418952763080597,6.290560722351074,13.160537719726562,1,1
4239,0.5523073077201843,1.0627474784851074,0.661988377571106,0.412000834941864,3.4388372898101807,8.063888549804688,1,1
4240,0.5482182502746582,3.23734974861145,0.9662390351295471,0.06678888946771622,5.8179802894592285,14.0558500289917,1,1
4241,0.3048006296157837,2.852290630340576,0.8300495147705078,0.09239445626735687,6.047801971435547,12.637170791625977,1,1
4242,0.2602160573005676,2.494047164916992,0.8656244277954102,0.13402271270751953,5.6435418128967285,15.339598655700684,1,1
4243,0.3523048758506775,2.2616052627563477,0.8553485870361328,0.16443106532096863,4.893589496612549,13.22709846496582,1,1
4244,0.2829052805900574,2.843601703643799,0.9180152416229248,0.09246848523616791,5.969039440155029,11.763162612915039,1,1
4245,0.3343952000141144,1.887718677520752,0.8058363199234009,0.20697647333145142,5.6689581871032715,12.643918991088867,1,1
4246,0.40417635440826416,2.9586262702941895,0.8957178592681885,0.0859832763671875,6.149917125701904,14.250955581665039,1,1
4247,0.30528926849365234,2.9268882274627686,0.864569365978241,0.08722665160894394,5.579381465911865,13.216612815856934,1,1
4248,0.34638822078704834,1.9815927743911743,0.8154467344284058,0.1932612955570221,4.734729290008545,10.627853393554688,1,1
4249,0.37577924132347107,2.6831541061401367,0.887226939201355,0.11641658842563629,5.650448322296143,13.490859985351562,1,1
4250,0.29350078105926514,3.2666053771972656,0.9016101360321045,0.07582803070545197,5.778810501098633,12.939310073852539,1,1
4251,0.4047966003417969,1.9795880317687988,0.766110897064209,0.19059136509895325,4.868670463562012,10.587003707885742,1,1
4252,0.38851144909858704,2.5735273361206055,0.9042631387710571,0.11008019745349884,5.58914041519165,13.158878326416016,1,1
4253,0.2835961878299713,3.5636003017425537,0.8988127708435059,0.04784584417939186,6.079431056976318,13.38329029083252,1,1
4254,0.5098657608032227,1.0555208921432495,0.6851018667221069,0.43001648783683777,3.523530960083008,8.262796401977539,1,1
4255,0.7467675805091858,4.1321001052856445,0.9725196361541748,0.030538484454154968,5.858301162719727,14.239227294921875,1,1
4256,0.68291175365448,1.5793280601501465,0.6104004383087158,0.2641102373600006,4.212103366851807,9.862770080566406,1,1
4257,0.43190670013427734,2.522461414337158,0.9088642597198486,0.13782766461372375,5.432704448699951,11.906057357788086,1,1
4258,0.36014848947525024,2.689422607421875,0.8603196144104004,0.10221339762210846,5.5890212059021,13.398422241210938,1,1
4259,0.3605461120605469,2.1040232181549072,0.8092507123947144,0.1791159212589264,5.43781852722168,12.150986671447754,1,1
4260,0.3096282184123993,2.768706798553467,0.9136282205581665,0.09986073523759842,5.730539321899414,12.594813346862793,1,1
4261,0.43445470929145813,1.240097999572754,0.7637459635734558,0.35457950830459595,3.8531579971313477,8.736333847045898,1,1
4262,0.4428284466266632,3.3066277503967285,0.9506741762161255,0.058135733008384705,6.664680480957031,14.191997528076172,1,1
4263,0.4070757031440735,2.1261720657348633,0.7427849769592285,0.18710264563560486,4.908789157867432,11.54781436920166,1,1
4264,0.3523351848125458,2.5448179244995117,0.9097152352333069,0.12844902276992798,5.462677478790283,12.087761878967285,1,1
4265,0.30199238657951355,3.0231432914733887,0.8668609857559204,0.07949985563755035,5.645307540893555,13.428690910339355,1,1
4266,0.341857373714447,2.393092632293701,0.8396577835083008,0.16183391213417053,5.950248718261719,12.735305786132812,1,1
4267,0.356103777885437,2.549532413482666,0.880905032157898,0.1138630360364914,5.2520527839660645,12.054844856262207,1,1
4268,0.2917741537094116,2.943458080291748,0.88419109582901,0.08444274216890335,5.95966911315918,12.852665901184082,1,1
4269,0.4196545481681824,1.9173020124435425,0.7917443513870239,0.1905578076839447,5.1166839599609375,12.232994079589844,1,1
4270,0.346831738948822,2.838898181915283,0.9132785797119141,0.0944676548242569,5.490652561187744,12.446922302246094,1,1
4271,0.2758145034313202,2.780088424682617,0.8559011816978455,0.0938560739159584,5.7956085205078125,12.698746681213379,1,1
4272,0.26574939489364624,2.175288677215576,0.8600754737854004,0.15937745571136475,5.478489398956299,12.062294006347656,1,1
4273,0.3042415380477905,3.2756776809692383,0.9368563890457153,0.06387405097484589,6.072398662567139,12.92580795288086,1,1
4274,0.3358921408653259,2.2134265899658203,0.7991051077842712,0.15529730916023254,5.464236259460449,12.345075607299805,1,1
4275,0.40999835729599,2.2887117862701416,0.8690857887268066,0.15294784307479858,5.345760345458984,10.860743522644043,1,1
4276,0.34519246220588684,2.9534900188446045,0.8601021766662598,0.08540600538253784,5.970042705535889,12.889932632446289,1,1
4277,0.342085599899292,2.100203037261963,0.8519223928451538,0.18204355239868164,5.062943458557129,10.922638893127441,1,1
4278,0.2697371244430542,3.3852670192718506,0.920520007610321,0.06643255054950714,6.0392584800720215,12.441194534301758,1,1
4279,0.46475714445114136,1.064712405204773,0.7134284973144531,0.4142562747001648,4.666316986083984,9.566734313964844,1,1
4280,0.6917922496795654,4.674128532409668,0.9824666380882263,0.017453040927648544,6.630176544189453,14.41827392578125,1,1
4281,1.011674165725708,0.8970500826835632,0.46310168504714966,0.47667789459228516,3.5346519947052,7.460811138153076,1,1
4282,0.5924845933914185,3.3121862411499023,0.9750469923019409,0.06564189493656158,6.239120960235596,17.663782119750977,1,1
4283,0.35377952456474304,2.468395709991455,0.7912343740463257,0.13382011651992798,5.765782833099365,12.669549942016602,1,1
4284,0.31945154070854187,1.43740713596344,0.8401049375534058,0.31779828667640686,3.9773921966552734,8.905113220214844,1,1
4285,0.5309788584709167,3.736481189727783,0.9312607049942017,0.04011906683444977,5.819058418273926,13.631244659423828,1,1
4286,0.5610601902008057,1.3196957111358643,0.6577147841453552,0.33935973048210144,3.905349016189575,9.87295150756836,1,1
4287,0.4655742645263672,2.3392677307128906,0.940875232219696,0.13947279751300812,5.058847904205322,12.943930625915527,1,1
4288,0.3856838047504425,3.479694128036499,0.8645298480987549,0.05284726619720459,6.0185699462890625,14.795409202575684,1,1
4289,0.4246155619621277,2.3074193000793457,0.7556915283203125,0.14689746499061584,5.438803672790527,12.376476287841797,1,1
4290,0.4021851420402527,1.7683093547821045,0.8422725200653076,0.23206457495689392,4.798903942108154,12.713302612304688,1,1
4291,0.4212414622306824,2.5755486488342285,0.8934353590011597,0.11765929311513901,5.4298295974731445,13.097784042358398,1,1
4292,0.45096302032470703,1.9360215663909912,0.769399106502533,0.20832249522209167,4.6528520584106445,10.208429336547852,1,1
4293,0.3235276937484741,1.9555778503417969,0.8791568279266357,0.2011740505695343,5.052911281585693,11.42514705657959,1,1
4294,0.40158572793006897,3.710437536239624,0.9105018377304077,0.04016292840242386,5.816864013671875,12.635353088378906,1,1
4295,0.554369330406189,1.3475276231765747,0.6710394024848938,0.33301836252212524,3.750476360321045,9.370023727416992,1,1
4296,0.6265986561775208,3.6176528930664062,0.9524438381195068,0.050658948719501495,5.712552547454834,14.319589614868164,1,1
4297,0.4869951903820038,1.8491063117980957,0.6923491358757019,0.21986111998558044,4.568277359008789,10.136418342590332,1,1
4298,0.34132713079452515,2.2663912773132324,0.9224957227706909,0.15648153424263,5.047607898712158,15.170915603637695,1,1
4299,0.42183563113212585,2.618279218673706,0.8495916128158569,0.11554399132728577,5.51075553894043,12.865304946899414,1,1
4300,0.44303736090660095,1.6942880153656006,0.7572013735771179,0.2450709342956543,4.765555381774902,11.460098266601562,1,1
4301,0.37732696533203125,2.4044995307922363,0.9100841879844666,0.13627570867538452,5.216318130493164,11.632922172546387,1,1
4302,0.3613739609718323,2.7749204635620117,0.8352599740028381,0.10001024603843689,6.090524673461914,13.092071533203125,1,1
4303,0.3890094459056854,2.2037148475646973,0.7955097556114197,0.17933228611946106,5.343572616577148,12.177162170410156,1,1
4304,0.3168582320213318,3.035088539123535,0.953513503074646,0.07592891156673431,5.891288757324219,13.55177116394043,1,1
4305,0.3730781078338623,2.3115649223327637,0.7927695512771606,0.14926260709762573,5.113522052764893,11.051877975463867,1,1
4306,0.33524569869041443,2.7457268238067627,0.9153327941894531,0.10846938192844391,5.494292736053467,12.203988075256348,1,1
4307,0.4259369373321533,2.244284152984619,0.7845231294631958,0.16878700256347656,4.932133674621582,10.943390846252441,1,1
4308,0.36914995312690735,2.176558017730713,0.8502422571182251,0.17595580220222473,5.269468307495117,11.35944938659668,1,1
4309,0.36342644691467285,3.1175849437713623,0.9135242700576782,0.07137539982795715,6.430313587188721,12.589173316955566,1,1
4310,0.32617270946502686,2.319404125213623,0.8163598775863647,0.1400676667690277,5.119255542755127,12.435410499572754,1,1
4311,0.2742368280887604,1.997818946838379,0.8750261664390564,0.19940391182899475,5.188581943511963,12.779476165771484,1,1
4312,0.30639052391052246,2.9505152702331543,0.916665256023407,0.08572185784578323,5.630988121032715,13.636013984680176,1,1
4313,0.3563525080680847,2.50445294380188,0.8295499086380005,0.12344436347484589,6.024601936340332,13.882729530334473,1,1
4314,0.2507707476615906,1.8789923191070557,0.8645914196968079,0.22286692261695862,4.66961145401001,11.760868072509766,1,1
4315,0.3575142025947571,2.6693949699401855,0.9110138416290283,0.10823997110128403,5.335249900817871,13.229498863220215,1,1
4316,0.3731343448162079,1.7267122268676758,0.7931547164916992,0.2405940294265747,5.041654109954834,13.413802146911621,1,1
4317,0.36770784854888916,2.8309412002563477,0.9153851866722107,0.10071097314357758,5.893176078796387,15.702502250671387,1,1
4318,0.32319876551628113,3.2428486347198486,0.8720390200614929,0.0605541430413723,6.445977687835693,13.4324951171875,1,1
4319,0.4704486131668091,1.4487135410308838,0.740187406539917,0.3086155652999878,4.819664478302002,10.502690315246582,1,1
4320,0.5736647248268127,4.64415168762207,0.9488488435745239,0.026518769562244415,6.330461502075195,14.462640762329102,1,1
4321,0.7448554635047913,1.0810565948486328,0.5798164010047913,0.40919479727745056,4.251237869262695,10.16844654083252,1,1
4322,0.6889382004737854,2.870588779449463,0.9706578254699707,0.0901162177324295,5.817924499511719,14.98637866973877,1,1
4323,0.5666897296905518,2.1845033168792725,0.6896078586578369,0.18040494620800018,5.646697521209717,13.968642234802246,1,1
4324,0.4504876732826233,1.9332526922225952,0.8632259368896484,0.21257832646369934,5.129384517669678,12.444206237792969,1,1
4325,0.3509526252746582,2.4148640632629395,0.8489223718643188,0.13631375133991241,5.7900543212890625,13.419684410095215,1,1
4326,0.305740624666214,2.0293493270874023,0.8514541387557983,0.20797137916088104,5.388216495513916,10.769423484802246,1,1
4327,0.4603324830532074,2.769798994064331,0.8582682609558105,0.09300787001848221,5.282537937164307,11.904038429260254,1,1
4328,0.35845983028411865,2.4814252853393555,0.836450457572937,0.1322610229253769,5.876119136810303,12.419733047485352,1,1
4329,0.26077792048454285,2.4015846252441406,0.8989338874816895,0.1368458867073059,5.421687602996826,11.211233139038086,1,1
4330,0.32196617126464844,2.029566764831543,0.8317152261734009,0.19584372639656067,5.026165962219238,11.186423301696777,1,1
4331,0.3821154534816742,2.1401638984680176,0.8754345178604126,0.17480814456939697,5.500931262969971,12.287818908691406,1,1
4332,0.3325779438018799,2.919053077697754,0.890277624130249,0.07409249246120453,5.56957483291626,12.32917308807373,1,1
4333,0.2824416756629944,2.1259729862213135,0.8307709693908691,0.16748078167438507,5.529281139373779,11.190332412719727,1,1
4334,0.29508551955223083,2.749412775039673,0.9068152904510498,0.0988975241780281,5.903379917144775,12.744686126708984,1,1
4335,0.32014474272727966,2.522677421569824,0.8583205342292786,0.12659427523612976,5.6702494621276855,13.18957233428955,1,1
4336,0.29565030336380005,2.392801284790039,0.8815057873725891,0.14441323280334473,5.701311111450195,13.640152931213379,1,1
4337,0.4501509964466095,1.8347392082214355,0.7768733501434326,0.21286551654338837,5.123809814453125,10.730592727661133,1,1
4338,0.3384058475494385,2.948657989501953,0.9282838702201843,0.08161856234073639,5.772630214691162,15.785054206848145,1,1
4339,0.37892019748687744,2.1752285957336426,0.8023407459259033,0.16739094257354736,5.138265609741211,11.23257827758789,1,1
4340,0.3753278851509094,2.295729637145996,0.8598848581314087,0.14596045017242432,5.222286224365234,12.989838600158691,1,1
4341,0.3959507346153259,2.787929058074951,0.8467324376106262,0.09842599928379059,6.207457065582275,14.067551612854004,1,1
4342,0.3801099359989166,1.8663158416748047,0.7998133897781372,0.22047919034957886,5.066298007965088,11.142850875854492,1,1
4343,0.333621621131897,2.9178946018218994,0.9404511451721191,0.09066164493560791,5.766200542449951,13.090063095092773,1,1
4344,0.36815303564071655,2.112807512283325,0.7871510982513428,0.17977112531661987,5.40732479095459,10.7847261428833,1,1
4345,0.3195914924144745,2.959730625152588,0.9342340230941772,0.08313967287540436,6.210186958312988,14.048288345336914,1,1
4346,0.3602919280529022,2.0476737022399902,0.7977069020271301,0.1968204230070114,5.49804162979126,11.790868759155273,1,1
4347,0.3923216164112091,3.084815740585327,0.8995522260665894,0.07107298076152802,6.228960990905762,13.11365032196045,1,1
4348,0.2746790051460266,2.622296094894409,0.8574855923652649,0.11473545432090759,6.157230377197266,11.988483428955078,1,1
4349,0.2892511188983917,2.4423317909240723,0.8777737617492676,0.12988139688968658,5.582594394683838,13.402739524841309,1,1
4350,0.3136855959892273,2.070801019668579,0.8537122011184692,0.17419449985027313,5.817087173461914,12.700584411621094,1,1
4351,0.33197590708732605,3.2100090980529785,0.8811742067337036,0.07136205583810806,7.673879146575928,17.517738342285156,1,1
4352,0.29425758123397827,2.457353353500366,0.8584762811660767,0.13560901582241058,6.111828327178955,13.490262985229492,1,1
4353,0.3071637749671936,2.5355300903320312,0.8751811385154724,0.12885934114456177,5.775552749633789,13.858970642089844,1,1
4354,0.34733325242996216,2.768291711807251,0.8801978230476379,0.09456275403499603,6.00982666015625,13.439234733581543,1,1
4355,0.23961141705513,2.8322153091430664,0.8879141211509705,0.10067105293273926,5.681105613708496,13.55014419555664,1,1
4356,0.24862153828144073,2.2460618019104004,0.8641958832740784,0.16573581099510193,6.005898952484131,13.25414752960205,1,1
4357,0.3729845881462097,3.6640548706054688,0.9207209348678589,0.04252294823527336,6.718033790588379,16.30233383178711,1,1
4358,0.49267950654029846,1.1207722425460815,0.6963174939155579,0.414101779460907,4.216796398162842,9.27148723602295,1,1
4359,0.8098962903022766,4.942296028137207,0.9692479372024536,0.013241216540336609,6.3511962890625,15.023980140686035,1,1
4360,0.7959524393081665,1.3878347873687744,0.548810601234436,0.3248683214187622,4.02664041519165,11.36014461517334,1,1
4361,0.6685205101966858,2.7025461196899414,0.9120937585830688,0.1049320176243782,5.6781415939331055,14.092185020446777,1,1
4362,0.37949371337890625,2.6880760192871094,0.8126038312911987,0.10812511295080185,5.711308479309082,17.312131881713867,1,1
4363,0.3983904719352722,2.0267014503479004,0.8029892444610596,0.19629929959774017,5.155604362487793,11.315685272216797,1,1
4364,0.3822643756866455,2.5667293071746826,0.9200253486633301,0.11698740720748901,5.090043544769287,12.365424156188965,1,1
4365,0.36024272441864014,2.0040030479431152,0.7950918674468994,0.208502858877182,4.85299825668335,11.058341979980469,1,1
4366,0.36673831939697266,2.9439034461975098,0.9069721698760986,0.08886227011680603,5.981277942657471,13.6088228225708,1,1
4367,0.3754459321498871,2.1005427837371826,0.8062708973884583,0.1774832010269165,4.859531402587891,10.708168029785156,1,1
4368,0.38919395208358765,2.5907421112060547,0.8693242073059082,0.1062665805220604,5.74545955657959,12.335947036743164,1,1
4369,0.3268348276615143,2.5411415100097656,0.8390547037124634,0.12185996770858765,5.585669040679932,12.765687942504883,1,1
4370,0.27247384190559387,2.743410110473633,0.9067061543464661,0.10523205995559692,6.048076152801514,12.901970863342285,1,1
4371,0.2532016336917877,2.5293092727661133,0.8832125663757324,0.1337096095085144,5.220733165740967,12.978930473327637,1,1
4372,0.33859699964523315,2.264608860015869,0.8334304690361023,0.16023288667201996,5.469325542449951,11.743453979492188,1,1
4373,0.3905501067638397,3.2742297649383545,0.9177804589271545,0.0662144348025322,6.141515254974365,13.406452178955078,1,1
4374,0.5273017883300781,1.7967052459716797,0.7189044952392578,0.22117233276367188,4.739514350891113,10.042232513427734,1,1
4375,0.2873409688472748,2.5520219802856445,0.9586069583892822,0.1298729032278061,5.511357307434082,13.38577651977539,1,1
4376,0.3760761618614197,2.3061234951019287,0.8333375453948975,0.14244596660137177,5.480643272399902,11.448721885681152,1,1
4377,0.34544244408607483,2.1091482639312744,0.8260966539382935,0.17284733057022095,5.701663970947266,11.7034912109375,1,1
4378,0.2531219720840454,2.8007125854492188,0.9373931884765625,0.10408036410808563,6.320522308349609,13.803423881530762,1,1
4379,0.3217553496360779,2.780259609222412,0.8526884913444519,0.10359114408493042,5.544426441192627,12.206777572631836,1,1
4380,0.35559824109077454,2.067643880844116,0.8118957281112671,0.19040590524673462,5.4980692863464355,12.44724178314209,1,1
4381,0.4116246998310089,2.6135010719299316,0.9047468900680542,0.1193607971072197,5.882242202758789,14.29131031036377,1,1
4382,0.29822415113449097,2.573025941848755,0.8466677069664001,0.11854805797338486,6.1405816078186035,14.419188499450684,1,1
4383,0.3038903474807739,2.387885808944702,0.875876247882843,0.1560884416103363,5.1180830001831055,12.460041999816895,1,1
4384,0.2731308937072754,2.261248826980591,0.8785443305969238,0.15851163864135742,5.553805828094482,11.75490665435791,1,1
4385,0.2883017063140869,2.537426710128784,0.8820694088935852,0.130712628364563,5.8942694664001465,13.051161766052246,1,1
4386,0.2784198522567749,2.2381205558776855,0.8712368011474609,0.1713303178548813,5.651455879211426,11.930764198303223,1,1
4387,0.33930832147598267,2.924464464187622,0.8917831182479858,0.0977839007973671,6.679621696472168,13.53459358215332,1,1
4388,0.2940501570701599,3.1915066242218018,0.8724536299705505,0.06849873065948486,6.532686233520508,13.659016609191895,1,1
4389,0.38372379541397095,1.2187023162841797,0.7742501497268677,0.3712512254714966,4.307969093322754,9.597448348999023,1,1
4390,0.6319223046302795,4.423919200897217,0.9644839763641357,0.024577781558036804,6.945262432098389,15.459607124328613,1,1
4391,0.6447522640228271,1.3380563259124756,0.6081396341323853,0.34868597984313965,4.134319305419922,10.574662208557129,1,1
4392,0.6167123317718506,3.339111089706421,0.9405246376991272,0.0669061541557312,6.139499187469482,13.844510078430176,1,1
4393,0.49483972787857056,2.114104747772217,0.7197500467300415,0.1930541694164276,5.506280899047852,16.156341552734375,1,1
4394,0.33195990324020386,2.222592353820801,0.8908959031105042,0.15743456780910492,5.220459938049316,12.579753875732422,1,1
4395,0.3270190954208374,2.82574462890625,0.8814810514450073,0.09334971010684967,6.104714393615723,13.289632797241211,1,1
4396,0.3656207323074341,1.7077243328094482,0.8104184865951538,0.25611642003059387,4.316320419311523,10.127429008483887,1,1
4397,0.3258771002292633,2.8252058029174805,0.9227285385131836,0.09594913572072983,5.7551374435424805,13.207595825195312,1,1
4398,0.29906129837036133,2.560879707336426,0.8485499620437622,0.11614920198917389,5.104406356811523,11.669402122497559,1,1
4399,0.3568635582923889,1.5962364673614502,0.8141463994979858,0.278812050819397,4.574130535125732,11.764057159423828,1,1
4400,0.365092396736145,3.0809216499328613,0.9521639943122864,0.07663790881633759,5.7105913162231445,13.142895698547363,1,1
4401,0.3439362645149231,2.2298054695129395,0.7951368093490601,0.16261830925941467,5.526588439941406,11.624409675598145,1,1
4402,0.3904443085193634,3.75712251663208,0.909650444984436,0.04511647671461105,6.646697998046875,14.612441062927246,1,1
4403,0.28636279702186584,2.3930535316467285,0.8202813863754272,0.13564522564411163,5.742906093597412,12.374955177307129,1,1
4404,0.3548257052898407,1.4250751733779907,0.8345856070518494,0.3077976107597351,4.529160976409912,10.844794273376465,1,1
4405,0.436097115278244,3.4073963165283203,0.9151806235313416,0.05746390298008919,6.331718921661377,13.882678985595703,1,1
4406,0.38242459297180176,2.200639247894287,0.7799552083015442,0.16153231263160706,5.2813005447387695,11.237749099731445,1,1
4407,0.36460229754447937,2.2734758853912354,0.8752554655075073,0.15064701437950134,5.416209697723389,11.518074989318848,1,1
4408,0.29068493843078613,3.263099193572998,0.9100531935691833,0.06571289896965027,6.425980567932129,15.10815143585205,1,1
4409,0.3185281753540039,2.6018426418304443,0.82240229845047,0.12299102544784546,6.0417680740356445,14.007288932800293,1,1
4410,0.32704246044158936,2.6541428565979004,0.8847212791442871,0.09437653422355652,6.0515031814575195,14.177401542663574,1,1
4411,0.24089142680168152,2.245201349258423,0.8857703804969788,0.15299630165100098,5.449455261230469,13.314200401306152,1,1
4412,0.31060758233070374,2.489664077758789,0.886955976486206,0.13997361063957214,5.6396989822387695,12.404929161071777,1,1
4413,0.3140257000923157,2.3980369567871094,0.8512634634971619,0.13791519403457642,6.686269283294678,12.965744972229004,1,1
4414,0.26384708285331726,2.5152902603149414,0.9023505449295044,0.11630766093730927,6.179883003234863,13.377060890197754,1,1
4415,0.3412126898765564,2.7764816284179688,0.8592656850814819,0.1047971248626709,5.685609340667725,13.336030960083008,1,1
4416,0.31374871730804443,1.9882142543792725,0.849189817905426,0.19611093401908875,5.206319332122803,12.075393676757812,1,1
4417,0.2892894148826599,3.2528035640716553,0.932274341583252,0.06056004762649536,6.134763717651367,13.241927146911621,1,1
4418,0.44556623697280884,1.1115553379058838,0.7256075143814087,0.3977152109146118,4.3196492195129395,9.92697525024414,1,1
4419,0.6078287959098816,4.951857566833496,0.9705542325973511,0.013607142493128777,6.2695488929748535,21.461196899414062,1,1
4420,1.0018571615219116,0.6661276817321777,0.4675471782684326,0.5839453935623169,2.602564573287964,9.166157722473145,1,1
4421,1.1894441843032837,6.847760200500488,0.9749382138252258,0.002333340235054493,5.713713645935059,36.094696044921875,1,1
4422,2.6010377407073975,0.7895296216011047,0.16023088991641998,0.540015697479248,3.047422170639038,18.196821212768555,1,1
4423,1.314405083656311,10.053489685058594,0.9933428168296814,0.00028373912209644914,5.926056385040283,34.58266067504883,1,1
4424,5.282895088195801,0.13847100734710693,0.044579677283763885,0.8885291814804077,0.7970899939537048,1.9216707944869995,1,1
4425,3.8712899684906006,3.974282741546631,0.9978941679000854,0.059365272521972656,3.7889130115509033,16.005718231201172,1,1
4426,0.9909322261810303,3.132451057434082,0.5658236742019653,0.10335054993629456,3.8312315940856934,14.760695457458496,1,1
4427,0.7973237037658691,0.8480151891708374,0.6437910795211792,0.5418196320533752,2.179342269897461,6.91184663772583,1,1
4428,1.2917934656143188,3.549243450164795,0.9251763224601746,0.05879244953393936,3.8078088760375977,12.587116241455078,1,1
4429,0.9759560823440552,1.932900309562683,0.5302050709724426,0.22396960854530334,3.266655921936035,8.859535217285156,1,1
4430,0.6299834847450256,1.3505884408950806,0.8040709495544434,0.33333760499954224,2.6955718994140625,8.068038940429688,1,1
4431,0.6304106116294861,2.1848251819610596,0.8326466679573059,0.16441728174686432,3.1188623905181885,11.198792457580566,1,1
4432,0.610343873500824,1.6065187454223633,0.7118104696273804,0.2634735703468323,3.0989696979522705,9.426138877868652,1,1
4433,0.63045734167099,2.685058116912842,0.8646788001060486,0.10325557738542557,3.4453423023223877,8.534943580627441,1,1
4434,0.5953672528266907,1.5164191722869873,0.6719242930412292,0.28021034598350525,2.8292431831359863,7.299454212188721,1,1
4435,0.567697286605835,2.4060139656066895,0.8727462887763977,0.133202463388443,3.5241215229034424,8.088058471679688,1,1
4436,0.47245100140571594,2.2993040084838867,0.7896844148635864,0.14752158522605896,3.4294674396514893,7.677137851715088,1,1
4437,0.5402604341506958,1.2873494625091553,0.7283451557159424,0.34679272770881653,2.534608840942383,5.876104831695557,1,1
4438,0.7455798983573914,3.657127857208252,0.9067867398262024,0.047425948083400726,3.870924472808838,9.61361312866211,1,1
4439,0.8463545441627502,1.1530580520629883,0.5397573709487915,0.3772551715373993,2.791137456893921,6.14621114730835,1,1
4440,0.6482074856758118,2.4181723594665527,0.9140021800994873,0.12406817823648453,3.5977978706359863,9.79485034942627,1,1
4441,0.5672857761383057,2.7009451389312744,0.7599664926528931,0.11388842761516571,3.6929328441619873,8.319070816040039,1,1
4442,0.5249478816986084,1.1250874996185303,0.7156403660774231,0.38314542174339294,2.4172656536102295,5.7504072189331055,1,1
4443,0.6020052433013916,2.430063247680664,0.8901970386505127,0.12933197617530823,3.588916778564453,8.408313751220703,1,1
4444,0.5072656273841858,2.088475227355957,0.7493770122528076,0.17786449193954468,3.3177738189697266,7.580742359161377,1,1
4445,0.5001926422119141,1.5820739269256592,0.765381395816803,0.2701314687728882,3.2612507343292236,6.726253509521484,1,1
4446,0.5435187220573425,2.309619903564453,0.859528660774231,0.13733911514282227,3.7639825344085693,8.126058578491211,1,1
4447,0.41074615716934204,2.4880454540252686,0.8334866166114807,0.12722721695899963,3.8070454597473145,8.069847106933594,1,1
4448,0.5017578601837158,1.6890572309494019,0.7678447961807251,0.23776762187480927,3.2721750736236572,6.951314926147461,1,1
4449,0.46309685707092285,1.7945334911346436,0.8216464519500732,0.22793444991111755,3.312544584274292,7.4972243309021,1,1
4450,0.5213475227355957,2.6262454986572266,0.8553457260131836,0.10514281690120697,4.091909408569336,10.295528411865234,1,1
4451,0.46419453620910645,1.90023934841156,0.7540793418884277,0.2030182182788849,3.712559938430786,8.05290699005127,1,1
4452,0.45060017704963684,1.4780513048171997,0.8176946043968201,0.2876339256763458,3.167132616043091,7.545114517211914,1,1
4453,0.521639347076416,3.0343332290649414,0.909904420375824,0.07272857427597046,4.203192710876465,9.387012481689453,1,1
4454,0.7147626280784607,1.1045920848846436,0.6123297214508057,0.39510440826416016,2.7484312057495117,5.750802993774414,1,1
4455,0.5487676858901978,2.3971688747406006,0.939342200756073,0.12911257147789001,3.7578108310699463,9.305435180664062,1,1
4456,0.4639958143234253,2.2851409912109375,0.7522815465927124,0.13588875532150269,3.7538983821868896,7.8444013595581055,1,1
4457,0.4585303068161011,1.986325740814209,0.8024818897247314,0.18399253487586975,3.712005138397217,8.90268325805664,1,1
4458,0.4850076138973236,2.554866313934326,0.8623702526092529,0.12126760184764862,4.048686504364014,10.140860557556152,1,1
4459,0.5456148386001587,1.8352447748184204,0.7285070419311523,0.21004924178123474,3.834526300430298,7.8583784103393555,1,1
4460,0.48724257946014404,2.2220473289489746,0.870492696762085,0.16150207817554474,3.951916456222534,9.780553817749023,1,1
4461,0.48265695571899414,1.814685583114624,0.7596099376678467,0.21911674737930298,3.75329852104187,7.743715286254883,1,1
4462,0.48303642868995667,2.248180866241455,0.8428902626037598,0.15849719941616058,4.159583568572998,9.83537483215332,1,1
4463,0.40427201986312866,2.417287588119507,0.8498817682266235,0.14009906351566315,4.151337146759033,9.877971649169922,1,1
4464,0.4753497540950775,2.0084588527679443,0.7763793468475342,0.18362505733966827,4.042366981506348,8.67250919342041,1,1
4465,0.5330349206924438,2.044006586074829,0.8175827264785767,0.17991700768470764,3.966952085494995,8.654595375061035,1,1
4466,0.42905479669570923,2.0783960819244385,0.8201972246170044,0.16712519526481628,3.8609488010406494,8.413798332214355,1,1
4467,0.4139132499694824,2.069347381591797,0.8392609357833862,0.1705876588821411,3.77636456489563,8.594539642333984,1,1
4468,0.4584062099456787,1.74931001663208,0.7732993364334106,0.2308182269334793,3.8215408325195312,8.194072723388672,1,1
4469,0.49329230189323425,2.466501235961914,0.8695354461669922,0.1275685727596283,3.9304049015045166,9.759596824645996,1,1
4470,0.38243919610977173,2.1486291885375977,0.8151970505714417,0.1575169861316681,3.9929580688476562,9.099315643310547,1,1
4471,0.38120236992836,1.756104588508606,0.8273921012878418,0.22914186120033264,3.4931516647338867,8.432065963745117,1,1
4472,0.4252672493457794,2.312608242034912,0.8600854873657227,0.14639317989349365,4.107327938079834,10.715463638305664,1,1
4473,0.39579296112060547,2.439755439758301,0.8214506506919861,0.13445934653282166,4.3457255363464355,9.024527549743652,1,1
4474,0.3804216980934143,1.77621591091156,0.8165361881256104,0.22910508513450623,3.635230779647827,8.307026863098145,1,1
4475,0.4823298454284668,2.6050031185150146,0.8613865375518799,0.10787548124790192,4.554095268249512,10.605703353881836,1,1
4476,0.4687856137752533,2.1192126274108887,0.7835441827774048,0.16704827547073364,4.344935417175293,9.421966552734375,1,1
4477,0.5405157208442688,1.770192265510559,0.7844732999801636,0.22639873623847961,3.8072361946105957,8.507894515991211,1,1
4478,0.3830491900444031,2.8916990756988525,0.9043214321136475,0.08368098735809326,4.31430196762085,10.599881172180176,1,1
4479,0.4208078682422638,1.9528586864471436,0.7821354866027832,0.20417551696300507,3.7742888927459717,8.882034301757812,1,1
4480,0.37968868017196655,2.069385290145874,0.846731960773468,0.1803516298532486,4.30733060836792,9.429657936096191,1,1
4481,0.35886043310165405,2.763880491256714,0.8833907246589661,0.09959632158279419,4.829023838043213,10.108269691467285,1,1
4482,0.35956162214279175,2.046175479888916,0.803514838218689,0.18887051939964294,3.8072259426116943,8.74977970123291,1,1
4483,0.4285709857940674,1.9032667875289917,0.8396207094192505,0.20083138346672058,4.210392475128174,9.359442710876465,1,1
4484,0.3944704532623291,2.598907470703125,0.8879773616790771,0.1118931919336319,4.428320407867432,10.19481372833252,1,1
4485,0.46766138076782227,1.4774090051651,0.7317367196083069,0.2877870202064514,3.819126844406128,8.779869079589844,1,1
4486,0.4552285075187683,2.97042179107666,0.9352157711982727,0.07844305038452148,4.728033542633057,10.628850936889648,1,1
4487,0.5335142612457275,1.5492522716522217,0.6805379986763,0.2700815200805664,4.036275863647461,8.70604133605957,1,1
4488,0.5437338352203369,2.4835729598999023,0.9158480167388916,0.13146641850471497,4.2446675300598145,9.899307250976562,1,1
4489,0.43639564514160156,2.1831088066101074,0.7626389265060425,0.16032357513904572,5.057826995849609,10.52161693572998,1,1
4490,0.47353726625442505,1.5931756496429443,0.8017785549163818,0.2573229670524597,3.913484573364258,9.239541053771973,1,1
4491,0.4611746072769165,2.969183921813965,0.8910273313522339,0.08338585495948792,4.540935516357422,11.846364974975586,1,1
4492,0.47805774211883545,1.666436791419983,0.7253695726394653,0.24683929979801178,4.054450511932373,8.688323020935059,1,1
4493,0.4480716586112976,2.314009189605713,0.9121743440628052,0.14586791396141052,4.332843780517578,9.332653045654297,1,1
4494,0.39309847354888916,2.2566781044006348,0.8017008304595947,0.15651030838489532,4.5736775398254395,9.777466773986816,1,1
4495,0.3418801426887512,1.6017611026763916,0.8395754098892212,0.2734566032886505,3.7900397777557373,8.156344413757324,1,1
4496,0.4860389232635498,3.214409351348877,0.895557165145874,0.06309542804956436,4.928135395050049,13.149770736694336,1,1
4497,0.7509014010429382,0.8126379251480103,0.5651702880859375,0.5107454061508179,2.8997678756713867,6.421690464019775,1,1
4498,1.0889191627502441,3.671147346496582,0.9806091785430908,0.0463317446410656,5.145268440246582,14.63196086883545,1,1
4499,0.775377094745636,2.208198308944702,0.5644252300262451,0.15380004048347473,4.553081512451172,10.713828086853027,1,1
4500,0.36381399631500244,1.5373165607452393,0.866081714630127,0.3071935474872589,3.681920051574707,10.374662399291992,1,1
4501,0.48774319887161255,2.429839849472046,0.8989005088806152,0.12858371436595917,4.588776111602783,10.579241752624512,1,1
4502,0.4188876152038574,2.0476841926574707,0.7749097943305969,0.18501229584217072,4.071486949920654,10.14374828338623,1,1
4503,0.4123745560646057,1.863269567489624,0.8328901529312134,0.2158704400062561,3.895853281021118,8.74966049194336,1,1
4504,0.4530918598175049,2.9884209632873535,0.8746476769447327,0.07965046167373657,4.8108110427856445,10.964316368103027,1,1
4505,0.43999746441841125,1.9581515789031982,0.7517433762550354,0.20572152733802795,4.413417816162109,9.197051048278809,1,1
4506,0.39309123158454895,2.289856195449829,0.8981327414512634,0.14606231451034546,4.388187885284424,9.083675384521484,1,1
4507,0.34937238693237305,2.877213954925537,0.8696876168251038,0.09682115912437439,4.738912105560303,10.20624828338623,1,1
4508,0.4596629738807678,1.5078465938568115,0.744993269443512,0.28517213463783264,3.7825896739959717,8.647652626037598,1,1
4509,0.4695819616317749,2.519221305847168,0.8923003077507019,0.1261417418718338,4.6072845458984375,10.789566040039062,1,1
4510,0.48622754216194153,1.906557321548462,0.773033857345581,0.22026288509368896,4.273229598999023,9.658169746398926,1,1
4511,0.42383328080177307,2.6192169189453125,0.8674019575119019,0.10964290052652359,5.179635047912598,11.328973770141602,1,1
4512,0.41255274415016174,1.8749303817749023,0.7718759775161743,0.21131595969200134,4.480055809020996,9.681710243225098,1,1
4513,0.4788455665111542,2.808596134185791,0.9028295278549194,0.09438830614089966,5.596627235412598,10.674235343933105,1,1
4514,0.4369969964027405,2.249086856842041,0.7598842978477478,0.15406353771686554,4.497363090515137,10.726719856262207,1,1
4515,0.4068931043148041,1.4813776016235352,0.8092546463012695,0.2898947596549988,3.914658784866333,8.398180961608887,1,1
4516,0.5612963438034058,3.5114502906799316,0.928613543510437,0.053031519055366516,4.994751930236816,13.259445190429688,1,1
4517,0.7715989351272583,1.0971879959106445,0.5560948252677917,0.401699423789978,3.490870237350464,8.015690803527832,1,1
4518,0.8571139574050903,3.483304262161255,0.967539370059967,0.051226090639829636,5.283268451690674,12.578608512878418,1,1
4519,0.5169554948806763,2.640197277069092,0.6968824863433838,0.10609401017427444,5.218567371368408,11.362235069274902,1,1
4520,0.42850130796432495,1.6029815673828125,0.7702462673187256,0.2844102680683136,4.446491241455078,10.010787010192871,1,1
4521,0.4849352240562439,2.544750213623047,0.9388077259063721,0.11692546308040619,4.565693378448486,9.941216468811035,1,1
4522,0.41879191994667053,2.4661502838134766,0.7897421717643738,0.1433309018611908,4.577127456665039,10.230315208435059,1,1
4523,0.4335636496543884,1.7877869606018066,0.7774412631988525,0.23132815957069397,4.173989772796631,9.049755096435547,1,1
4524,0.5005546808242798,2.5583553314208984,0.8850568532943726,0.12753072381019592,4.55422830581665,10.392522811889648,1,1
4525,0.3540693521499634,2.768772602081299,0.8148953318595886,0.10354029387235641,5.076240062713623,10.377612113952637,1,1
4526,0.3813508152961731,2.199409246444702,0.8302420377731323,0.168819397687912,4.121891021728516,9.266518592834473,1,1
4527,0.35798752307891846,2.1282262802124023,0.8543121814727783,0.1661520153284073,4.583669185638428,9.625176429748535,1,1
4528,0.4280339777469635,2.2790298461914062,0.8260217905044556,0.15876297652721405,4.930601119995117,10.032228469848633,1,1
4529,0.3222215175628662,2.299177885055542,0.8708466291427612,0.14264656603336334,4.795289039611816,10.632872581481934,1,1
4530,0.3278312385082245,2.6605052947998047,0.8644803762435913,0.10098356008529663,4.844237804412842,10.83365535736084,1,1
4531,0.3689217269420624,1.9906620979309082,0.8175346851348877,0.20474737882614136,4.666152000427246,9.93868350982666,1,1
4532,0.4151356518268585,2.7816929817199707,0.8772280216217041,0.09865206480026245,5.246754169464111,11.224081993103027,1,1
4533,0.4590289890766144,2.2200326919555664,0.7731908559799194,0.15802408754825592,5.278433322906494,11.064940452575684,1,1
4534,0.33421558141708374,2.443850517272949,0.891847550868988,0.12272536754608154,5.357897758483887,10.911264419555664,1,1
4535,0.4391753673553467,2.230055093765259,0.8067595362663269,0.16253447532653809,4.867580890655518,10.389155387878418,1,1
4536,0.3284839987754822,2.822239637374878,0.9100422859191895,0.0975303202867508,4.998454570770264,10.74748706817627,1,1
4537,0.5075014233589172,1.2083200216293335,0.6972169876098633,0.36934393644332886,3.1693637371063232,7.108081340789795,1,1
4538,0.669631838798523,3.729844331741333,0.9576154947280884,0.04381044954061508,5.4699177742004395,12.57398509979248,1,1
4539,0.4279594421386719,2.6274304389953613,0.7281732559204102,0.11548418551683426,5.089653491973877,10.865757942199707,1,1
4540,0.3799203634262085,1.70517897605896,0.8034561276435852,0.2506512403488159,4.258719444274902,9.875869750976562,1,1
4541,0.46210721135139465,2.4964237213134766,0.9203618168830872,0.12717081606388092,4.723785877227783,9.984081268310547,1,1
4542,0.35460299253463745,2.625138759613037,0.8203569054603577,0.11229311674833298,4.829435348510742,10.769862174987793,1,1
4543,0.3712271451950073,1.75357186794281,0.7920946478843689,0.24428226053714752,4.381577491760254,9.241674423217773,1,1
4544,0.461409330368042,2.996652126312256,0.9240244626998901,0.08317187428474426,4.8536882400512695,10.779861450195312,1,1
4545,0.524176836013794,1.924631118774414,0.6938421726226807,0.2028116136789322,4.563827037811279,9.841324806213379,1,1
4546,0.4382251799106598,2.720273494720459,0.9194889068603516,0.10413692146539688,5.24406099319458,11.872777938842773,1,1
4547,0.36669155955314636,2.479060649871826,0.8088221549987793,0.11973507702350616,4.921152591705322,12.927081108093262,1,1
4548,0.29642927646636963,2.0561177730560303,0.8616965413093567,0.18242472410202026,4.374146938323975,12.966338157653809,1,1
4549,0.39788973331451416,2.698075532913208,0.8756290674209595,0.10684357583522797,5.0624589920043945,11.132530212402344,1,1
4550,0.4516271650791168,1.8283679485321045,0.7619354724884033,0.2056727111339569,4.955787658691406,12.17468547821045,1,1
4551,0.45153307914733887,2.671914577484131,0.8893017768859863,0.11157004535198212,5.607242584228516,11.770692825317383,1,1
4552,0.48887723684310913,2.0479812622070312,0.7606937289237976,0.18207257986068726,4.809853553771973,10.014739036560059,1,1
4553,0.3514662981033325,2.4627771377563477,0.8824162483215332,0.13186579942703247,5.158384799957275,11.38288402557373,1,1
4554,0.35313886404037476,2.3617959022521973,0.8457395434379578,0.13890869915485382,4.778497695922852,10.651432991027832,1,1
4555,0.3278353810310364,2.8883302211761475,0.8771710991859436,0.09594683349132538,5.444386959075928,12.271499633789062,1,1
4556,0.4485008716583252,1.3358354568481445,0.7296565771102905,0.33314865827560425,3.9639718532562256,8.468871116638184,1,1
4557,0.637845516204834,3.4954628944396973,0.9548761248588562,0.05422685295343399,5.3661909103393555,13.23203182220459,1,1
4558,0.5332680940628052,2.1206629276275635,0.6918062567710876,0.18109287321567535,5.24348258972168,11.170035362243652,1,1
4559,0.3484507203102112,2.0955810546875,0.8880037665367126,0.1943122148513794,4.761486530303955,10.269718170166016,1,1
4560,0.31496670842170715,2.5377416610717773,0.8726834058761597,0.1332390457391739,5.591104507446289,11.66244888305664,1,1
4561,0.3724129796028137,2.2972397804260254,0.83556067943573,0.14784908294677734,4.971795558929443,10.896442413330078,1,1
4562,0.3269309997558594,2.331051826477051,0.8772467374801636,0.15153184533119202,4.9217424392700195,12.322929382324219,1,1
4563,0.3548138737678528,2.6137619018554688,0.8538678884506226,0.12726832926273346,4.8797454833984375,11.739334106445312,1,1
4564,0.2900135815143585,2.1282310485839844,0.8712970614433289,0.1770801991224289,4.622540473937988,10.05620002746582,1,1
4565,0.3596188724040985,2.0447804927825928,0.8326507806777954,0.1986037790775299,5.07979679107666,12.066483497619629,1,1
4566,0.33822134137153625,2.777055263519287,0.8890601992607117,0.09947660565376282,4.958086013793945,11.312063217163086,1,1
4567,0.37926480174064636,2.4978280067443848,0.8350737690925598,0.12050091475248337,4.971933364868164,10.777941703796387,1,1
4568,0.29598140716552734,2.0202362537384033,0.8529664278030396,0.19705098867416382,4.862017631530762,11.133155822753906,1,1
4569,0.3967553973197937,2.91979718208313,0.8742539882659912,0.09371259063482285,5.733147144317627,12.542595863342285,1,1
4570,0.29961925745010376,2.252425193786621,0.8466129302978516,0.15832805633544922,4.690256595611572,11.045722961425781,1,1
4571,0.39884743094444275,2.215580940246582,0.847579300403595,0.1536073535680771,4.904713153839111,11.589200019836426,1,1
4572,0.39325419068336487,1.605905294418335,0.8191725015640259,0.2597977817058563,4.878129482269287,9.797588348388672,1,1
4573,0.4431731700897217,3.378323793411255,0.9037843346595764,0.05779055133461952,6.05864143371582,14.531728744506836,1,1
4574,0.4907299280166626,1.3462209701538086,0.702526330947876,0.32978320121765137,3.836750030517578,8.602746963500977,1,1
4575,0.3851641118526459,2.2507083415985107,0.9377031922340393,0.1529293656349182,4.9176506996154785,11.159884452819824,1,1
4576,0.2941047251224518,2.67271089553833,0.855494499206543,0.10764948278665543,5.199415683746338,11.474648475646973,1,1
4577,0.4810444712638855,1.1708495616912842,0.7455240488052368,0.37521377205848694,3.930877685546875,8.268074035644531,1,1
4578,0.5003104209899902,3.3125195503234863,0.9405910968780518,0.06299575418233871,6.091214179992676,12.952729225158691,1,1
4579,0.3476996123790741,2.6593384742736816,0.7929166555404663,0.11047379672527313,5.443573474884033,12.509713172912598,1,1
4580,0.4521651864051819,1.9885029792785645,0.8030518293380737,0.20354849100112915,5.154106616973877,11.61093807220459,1,1
4581,0.320209801197052,2.475216865539551,0.9134941101074219,0.12973354756832123,5.317503452301025,10.924762725830078,1,1
4582,0.3560992181301117,2.4499659538269043,0.8242103457450867,0.139347642660141,5.116991996765137,11.376884460449219,1,1
4583,0.32109105587005615,1.8203250169754028,0.8549817800521851,0.22650177776813507,5.076360702514648,10.297150611877441,1,1
4584,0.3988575339317322,3.230391502380371,0.8927919864654541,0.07216350734233856,5.628167152404785,13.215697288513184,1,1
4585,0.42852210998535156,1.4249191284179688,0.7326560616493225,0.3030420243740082,4.1762566566467285,10.111248016357422,1,1
4586,0.4083925485610962,2.3939454555511475,0.9459980726242065,0.1295216977596283,4.821435928344727,11.396435737609863,1,1
4587,0.350446492433548,2.9896862506866455,0.8310853242874146,0.08776959031820297,5.551901340484619,12.924142837524414,1,1
4588,0.35533538460731506,1.687575101852417,0.7868770956993103,0.246768519282341,4.9250054359436035,10.399890899658203,1,1
4589,0.4915478527545929,3.5475895404815674,0.9422794580459595,0.05055107921361923,5.5877180099487305,14.222064018249512,1,1
4590,0.4569843113422394,1.4478123188018799,0.7044399976730347,0.3099200129508972,4.45454740524292,10.162707328796387,1,1
4591,0.36697936058044434,2.5508365631103516,0.9497848749160767,0.12303531169891357,5.145514965057373,11.916006088256836,1,1
4592,0.3578282594680786,1.9912704229354858,0.8041095733642578,0.20703351497650146,4.402617931365967,9.375164031982422,1,1
4593,0.35217729210853577,2.818582534790039,0.8935521841049194,0.09190437197685242,5.435872554779053,12.323118209838867,1,1
4594,0.294118732213974,2.5045347213745117,0.8622536659240723,0.12354590743780136,5.5293354988098145,11.171332359313965,1,1
4595,0.3758602738380432,2.136864185333252,0.82529616355896,0.15517352521419525,5.222594261169434,10.697052001953125,1,1
4596,0.37873390316963196,2.3031768798828125,0.8820668458938599,0.15048733353614807,5.434952259063721,11.703640937805176,1,1
4597,0.29882341623306274,2.669222116470337,0.8669397830963135,0.10130565613508224,5.556938648223877,11.380034446716309,1,1
4598,0.3113895654678345,2.161931037902832,0.8427944779396057,0.16283731162548065,4.831794261932373,12.608458518981934,1,1
4599,0.3059222400188446,2.7512269020080566,0.8987047076225281,0.10663864016532898,5.648701190948486,11.396320343017578,1,1
4600,0.3142818808555603,1.8876497745513916,0.8277959823608398,0.2186548113822937,4.678562164306641,12.083409309387207,1,1
4601,0.3418191373348236,2.9361824989318848,0.9208701848983765,0.08342060446739197,5.584817409515381,13.776809692382812,1,1
4602,0.3555785119533539,2.5317764282226562,0.8194739818572998,0.12400181591510773,5.182907581329346,11.76475715637207,1,1
4603,0.31757044792175293,1.9218878746032715,0.8437919616699219,0.20925304293632507,4.832056522369385,10.759437561035156,1,1
4604,0.3667820692062378,3.4984076023101807,0.9276667833328247,0.05206713452935219,5.65969181060791,12.513020515441895,1,1
4605,0.43470850586891174,1.5704429149627686,0.7388718128204346,0.27865827083587646,4.430100440979004,10.710125923156738,1,1
4606,0.4287507236003876,3.3016152381896973,0.9476511478424072,0.057237181812524796,5.962799549102783,13.772181510925293,1,1
4607,0.5145969390869141,1.435007095336914,0.7074384689331055,0.31712058186531067,3.95040225982666,9.556746482849121,1,1
4608,0.3908337950706482,2.8474831581115723,0.9402452707290649,0.10083980858325958,5.351675033569336,13.550895690917969,1,1
4609,0.35055533051490784,3.1178207397460938,0.8312859535217285,0.07906552404165268,5.916252136230469,12.474214553833008,1,1
4610,0.4818558394908905,1.2511541843414307,0.7215358018875122,0.35382774472236633,3.999624013900757,9.124321937561035,1,1
4611,0.6731656789779663,4.1205902099609375,0.9585143327713013,0.03212536871433258,6.1096086502075195,13.489811897277832,1,1
4612,0.6702601313591003,1.555049180984497,0.6056922674179077,0.289763867855072,4.455534934997559,10.606829643249512,1,1
4613,0.39053744077682495,1.988418698310852,0.9174050092697144,0.20108532905578613,4.7571797370910645,11.357481002807617,1,1
4614,0.4331076443195343,3.0879898071289062,0.8660062551498413,0.07296838611364365,5.153846740722656,12.074897766113281,1,1
4615,0.42177608609199524,2.127598762512207,0.7640963792800903,0.16909116506576538,4.998108386993408,10.881908416748047,1,1
4616,0.37209951877593994,2.217636823654175,0.8692861795425415,0.16224676370620728,5.280011177062988,12.241562843322754,1,1
4617,0.3692478537559509,2.8971827030181885,0.9115442633628845,0.0925571471452713,5.081827163696289,11.297657012939453,1,1
4618,0.5631893873214722,1.8076943159103394,0.7000836133956909,0.2363118678331375,4.887413024902344,10.631180763244629,1,1
4619,0.3537940979003906,2.0002355575561523,0.8898341655731201,0.2041085660457611,4.651196002960205,9.921502113342285,1,1
4620,0.3929918110370636,3.260098695755005,0.889322817325592,0.07261165976524353,5.6911444664001465,12.166380882263184,1,1
4621,0.409463495016098,1.93189537525177,0.7619079351425171,0.2061985731124878,4.740703105926514,9.826488494873047,1,1
4622,0.3249759078025818,2.1414828300476074,0.8944329023361206,0.18226540088653564,4.778979778289795,10.890422821044922,1,1
4623,0.31073620915412903,2.3905282020568848,0.9042391180992126,0.14389264583587646,5.108675003051758,11.556249618530273,1,1
4624,0.3581330478191376,2.2582132816314697,0.815969705581665,0.1482764482498169,5.465159893035889,12.527210235595703,1,1
4625,0.3418278694152832,2.377288818359375,0.8839071989059448,0.14043912291526794,5.186690807342529,11.69150161743164,1,1
4626,0.3844320774078369,2.3233656883239746,0.8219140768051147,0.14008240401744843,5.004708766937256,10.706523895263672,1,1
4627,0.31439974904060364,3.298598289489746,0.917352020740509,0.05769683048129082,5.906194686889648,12.666619300842285,1,1
4628,0.41982501745224,2.1483845710754395,0.7600305080413818,0.17333804070949554,5.22442102432251,10.768830299377441,1,1
4629,0.39547431468963623,2.6547937393188477,0.9020543098449707,0.11059729754924774,6.208035945892334,13.050357818603516,1,1
4630,0.37749940156936646,2.622453212738037,0.8256529569625854,0.11314353346824646,5.306453227996826,11.623175621032715,1,1
4631,0.30078980326652527,2.1499738693237305,0.8597714304924011,0.17010176181793213,4.7379865646362305,10.928953170776367,1,1
4632,0.3310233950614929,2.5259203910827637,0.8669106364250183,0.12418217957019806,5.682826995849609,12.267370223999023,1,1
4633,0.3376395106315613,3.1608872413635254,0.8934611678123474,0.06771756708621979,5.865626335144043,12.831473350524902,1,1
4634,0.3626754879951477,1.8938380479812622,0.7939062118530273,0.22131428122520447,4.990351676940918,10.474013328552246,1,1
4635,0.42262986302375793,2.4067888259887695,0.8831184506416321,0.1354283094406128,5.241051197052002,13.706696510314941,1,1
4636,0.35702067613601685,3.438192367553711,0.8689354658126831,0.06493722647428513,5.832525253295898,13.951789855957031,1,1
4637,0.400630384683609,1.5977848768234253,0.7640915513038635,0.268352210521698,4.580211639404297,12.176846504211426,1,1
4638,0.5263843536376953,3.9096298217773438,0.9294545650482178,0.035617850720882416,6.4336419105529785,16.434650421142578,1,1
4639,0.7139455676078796,0.7934738397598267,0.5926384925842285,0.5168266296386719,3.103686571121216,6.90400505065918,1,1
4640,1.0321624279022217,4.394580841064453,0.9766497611999512,0.023987147957086563,5.295501232147217,14.85020923614502,1,1
4641,0.9888980388641357,1.5142686367034912,0.48707491159439087,0.29842609167099,4.37203311920166,10.000423431396484,1,1
4642,0.6018186211585999,3.044738292694092,0.928694486618042,0.07891546189785004,5.687904357910156,18.473705291748047,1,1
4643,0.422250896692276,2.0160703659057617,0.7706457376480103,0.19554263353347778,4.422391414642334,11.543981552124023,1,1
4644,0.4010574221611023,1.9825584888458252,0.8423462510108948,0.19116026163101196,4.815173149108887,10.798861503601074,1,1
4645,0.3646477460861206,2.658612012863159,0.9025103449821472,0.10895119607448578,5.057643413543701,11.874164581298828,1,1
4646,0.46914178133010864,1.7499313354492188,0.7448714971542358,0.23441316187381744,4.218100547790527,9.360760688781738,1,1
4647,0.39357098937034607,2.6467936038970947,0.9157629013061523,0.10498585551977158,5.120807647705078,11.574371337890625,1,1
4648,0.3783871829509735,2.4673585891723633,0.8045917749404907,0.12892445921897888,5.4281697273254395,11.825505256652832,1,1
4649,0.38009342551231384,2.7021193504333496,0.8625074625015259,0.11885514855384827,5.5742082595825195,12.837641716003418,1,1
4650,0.4548538625240326,1.772773265838623,0.8017077445983887,0.23021391034126282,4.6789140701293945,10.27186107635498,1,1
4651,0.33860236406326294,2.945849895477295,0.9239680171012878,0.0804978460073471,5.036400318145752,10.814223289489746,1,1
4652,0.36834409832954407,2.0954649448394775,0.7736320495605469,0.17931494116783142,5.1832122802734375,11.324851989746094,1,1
4653,0.36205020546913147,1.8618837594985962,0.8738484978675842,0.23554866015911102,4.999730110168457,10.709786415100098,1,1
4654,0.3709193468093872,2.973536252975464,0.9136843085289001,0.08089612424373627,5.342809200286865,11.923795700073242,1,1
4655,0.40363210439682007,1.8288495540618896,0.7609875202178955,0.22873157262802124,4.7955002784729,11.088029861450195,1,1
4656,0.4322739541530609,2.509446620941162,0.9040462970733643,0.1271193027496338,5.483650207519531,12.508954048156738,1,1
4657,0.3696988523006439,2.616373300552368,0.8259186148643494,0.1143886148929596,5.500732898712158,11.626861572265625,1,1
4658,0.3547303080558777,2.1909351348876953,0.841720700263977,0.17091795802116394,5.407413482666016,11.223628044128418,1,1
4659,0.4103182554244995,1.7698150873184204,0.8195580244064331,0.24407953023910522,4.438424587249756,10.988123893737793,1,1
4660,0.39525896310806274,2.881218910217285,0.9084475040435791,0.09053055942058563,5.6197509765625,12.504075050354004,1,1
4661,0.41518375277519226,1.8174798488616943,0.7683244943618774,0.22350826859474182,5.121601581573486,10.632536888122559,1,1
4662,0.4704873859882355,2.7163944244384766,0.8871225118637085,0.11173854768276215,5.424062728881836,12.052557945251465,1,1
4663,0.45228129625320435,2.4694056510925293,0.7827407121658325,0.13144716620445251,5.68890905380249,12.183206558227539,1,1
4664,0.37935394048690796,2.145021677017212,0.8521553874015808,0.18444794416427612,4.859262943267822,11.058115005493164,1,1
4665,0.4333055913448334,3.0590243339538574,0.8599326610565186,0.07797355949878693,6.016918659210205,12.647305488586426,1,1
4666,0.3623768985271454,2.0473458766937256,0.7979450225830078,0.17467381060123444,4.929027557373047,11.143182754516602,1,1
4667,0.44387149810791016,2.9798083305358887,0.8891025185585022,0.07720601558685303,5.773768424987793,13.586520195007324,1,1
4668,0.30934906005859375,2.2876858711242676,0.8362095355987549,0.14774230122566223,5.000636100769043,12.381351470947266,1,1
4669,0.4285512864589691,1.1522934436798096,0.7681025266647339,0.38475683331489563,3.793271064758301,8.100221633911133,1,1
4670,0.6678922772407532,4.271509647369385,0.9678536653518677,0.026702187955379486,6.032101154327393,15.946061134338379,1,1
4671,0.4949764609336853,2.4922266006469727,0.672001838684082,0.1443314552307129,4.949747562408447,11.513202667236328,1,1
4672,0.35329726338386536,1.8554658889770508,0.8588402271270752,0.23787491023540497,4.476275444030762,10.964942932128906,1,1
4673,0.4099302887916565,3.381843328475952,0.9442516565322876,0.05799660086631775,5.845897197723389,13.286861419677734,1,1
4674,0.5194922089576721,1.5498809814453125,0.68553227186203,0.29094165563583374,4.376192092895508,9.862334251403809,1,1
4675,0.5021321177482605,2.9718947410583496,0.9253360033035278,0.08045795559883118,5.836845397949219,13.066821098327637,1,1
4676,0.47134143114089966,1.6914939880371094,0.7257299423217773,0.24973036348819733,4.407660484313965,9.675871849060059,1,1
4677,0.39342471957206726,2.161747932434082,0.8938556909561157,0.1663786619901657,5.3287672996521,11.172975540161133,1,1
4678,0.3465198874473572,2.74080753326416,0.852136492729187,0.10509327054023743,5.772792339324951,13.595054626464844,1,1
4679,0.36571285128593445,1.5554176568984985,0.8208873271942139,0.2725902199745178,4.607859134674072,10.054230690002441,1,1
4680,0.3477616310119629,3.0288290977478027,0.921342134475708,0.0772920697927475,5.642621040344238,11.314224243164062,1,1
4681,0.46309930086135864,1.8247839212417603,0.7507332563400269,0.23114223778247833,4.71217155456543,10.386157035827637,1,1
4682,0.2956506907939911,2.5076165199279785,0.928990364074707,0.13654325902462006,5.536208629608154,12.624937057495117,1,1
4683,0.2666887640953064,2.9395318031311035,0.8866580724716187,0.0810403972864151,6.14512300491333,13.443710327148438,1,1
4684,0.3349402844905853,1.7387585639953613,0.8109526634216309,0.2415807545185089,5.219108581542969,10.676556587219238,1,1
4685,0.366128146648407,3.3125650882720947,0.9524819850921631,0.06191078573465347,5.846230506896973,12.878252029418945,1,1
4686,0.5510536432266235,1.0406895875930786,0.6582708358764648,0.4178329408168793,3.7520902156829834,8.266463279724121,1,1
4687,0.6921976804733276,3.5321197509765625,0.9615174531936646,0.056141287088394165,5.838684558868408,13.168217658996582,1,1
4688,0.5117908716201782,2.5243301391601562,0.6995096802711487,0.11827532202005386,5.2631940841674805,11.771069526672363,1,1
4689,0.37626707553863525,2.0089876651763916,0.8501992225646973,0.19383883476257324,4.9101033210754395,10.572317123413086,1,1
4690,0.32811516523361206,2.5887866020202637,0.9149457216262817,0.10667755454778671,5.493928909301758,13.230488777160645,1,1
4691,0.4087155759334564,2.4858365058898926,0.8009801506996155,0.14301830530166626,5.15218448638916,12.439772605895996,1,1
4692,0.29970115423202515,2.4673895835876465,0.8822254538536072,0.11443059146404266,5.630675792694092,12.183818817138672,1,1
4693,0.42512863874435425,2.098870038986206,0.8136523962020874,0.17194220423698425,4.919773101806641,11.400602340698242,1,1
4694,0.3842664361000061,2.404277801513672,0.8679981231689453,0.14226195216178894,5.389943599700928,13.06978988647461,1,1
4695,0.3614649474620819,2.2397308349609375,0.8404759764671326,0.15355826914310455,5.223985195159912,11.087873458862305,1,1
4696,0.3916090726852417,2.093837261199951,0.8367283344268799,0.18235671520233154,5.039122104644775,11.783928871154785,1,1
4697,0.35169363021850586,2.769996166229248,0.88832688331604,0.09893102943897247,6.26090669631958,13.039316177368164,1,1
4698,0.3984025716781616,2.023047685623169,0.800459623336792,0.1922561228275299,4.944341659545898,10.895105361938477,1,1
4699,0.3152431547641754,2.757026195526123,0.9180290699005127,0.10315243899822235,5.8765411376953125,12.76152229309082,1,1
4700,0.2960987091064453,3.1372761726379395,0.8729119300842285,0.06913827359676361,5.722718715667725,13.0953369140625,1,1
4701,0.46119964122772217,1.4510552883148193,0.7242007851600647,0.31551694869995117,4.710194110870361,9.6182222366333,1,1
4702,0.6423978805541992,4.287870407104492,0.9538245797157288,0.024657947942614555,6.438994407653809,14.862765312194824,1,1
4703,0.8407211303710938,1.11466646194458,0.5437172651290894,0.4006924629211426,3.8444440364837646,8.893449783325195,1,1
4704,0.8117982149124146,4.077051162719727,0.9669622778892517,0.0276850163936615,6.300264358520508,14.200279235839844,1,1
4705,0.46851876378059387,2.9737167358398438,0.7212700843811035,0.08151346445083618,5.537510871887207,12.340563774108887,1,1
4706,0.4354676306247711,1.099748134613037,0.7506903409957886,0.3953060507774353,3.427853584289551,8.864394187927246,1,1
4707,0.513296902179718,2.9642887115478516,0.9538649320602417,0.08609047532081604,5.3264641761779785,15.795695304870605,1,1
4708,0.42751485109329224,2.194533109664917,0.7654497623443604,0.16443996131420135,5.019859313964844,12.015949249267578,1,1
4709,0.40727049112319946,2.4243011474609375,0.866949200630188,0.12965857982635498,5.5148138999938965,12.149839401245117,1,1
4710,0.319275438785553,2.503678321838379,0.8549003601074219,0.13186031579971313,5.195938587188721,12.145448684692383,1,1
4711,0.3675176501274109,1.6300415992736816,0.8194168210029602,0.25264856219291687,4.414117813110352,9.684033393859863,1,1
4712,0.32447168231010437,2.3773021697998047,0.929083526134491,0.1371499001979828,5.1985697746276855,11.738812446594238,1,1
4713,0.3301748037338257,2.6016435623168945,0.8282097578048706,0.12195049971342087,5.37809419631958,12.964696884155273,1,1
4714,0.37227335572242737,2.458421230316162,0.856187105178833,0.131075918674469,5.257892608642578,11.407917976379395,1,1
4715,0.2948470711708069,2.770118236541748,0.9006005525588989,0.10060331970453262,5.611056804656982,11.83370304107666,1,1
4716,0.4016522765159607,1.660693645477295,0.7833862900733948,0.24953344464302063,4.718247413635254,10.208414077758789,1,1
4717,0.4313775897026062,2.3772497177124023,0.8910360336303711,0.14171460270881653,5.6048054695129395,11.804584503173828,1,1
4718,0.32517164945602417,2.322530746459961,0.8368537425994873,0.1420728862285614,5.3907952308654785,13.629241943359375,1,1
4719,0.3735380172729492,2.831476926803589,0.865804135799408,0.09139719605445862,6.33426570892334,13.659248352050781,1,1
4720,0.3669580817222595,2.2161941528320312,0.8221514225006104,0.16978728771209717,4.969854831695557,10.529195785522461,1,1
4721,0.32736748456954956,2.4063844680786133,0.8737390637397766,0.14113658666610718,5.5274248123168945,12.670798301696777,1,1
4722,0.36177122592926025,2.852579116821289,0.8573139905929565,0.10471455752849579,5.805995941162109,12.741186141967773,1,1
4723,0.29759979248046875,2.584054470062256,0.8649008274078369,0.1223141998052597,5.773817539215088,13.767293930053711,1,1
4724,0.33630621433258057,2.362924098968506,0.868998110294342,0.15663200616836548,6.041575908660889,12.06121826171875,1,1
4725,0.30810803174972534,1.989201545715332,0.8583224415779114,0.19939839839935303,5.090931415557861,12.026126861572266,1,1
4726,0.31870025396347046,2.7939043045043945,0.9051753282546997,0.10773545503616333,5.25892448425293,11.240071296691895,1,1
4727,0.46428701281547546,1.7772451639175415,0.7572841644287109,0.24158376455307007,4.807400703430176,10.78060245513916,1,1
4728,0.5114082098007202,3.7010152339935303,0.9164621829986572,0.04562003165483475,6.078007698059082,13.123653411865234,1,1
4729,0.5074318051338196,1.6053941249847412,0.6870702505111694,0.26558077335357666,4.813185214996338,10.301315307617188,1,1
4730,0.4604509174823761,2.913815975189209,0.9425553679466248,0.08923879265785217,5.855570316314697,13.10651969909668,1,1
4731,0.27709871530532837,2.4385128021240234,0.8539227247238159,0.1324130743741989,5.446515083312988,12.451594352722168,1,1
4732,0.3259110152721405,1.8454859256744385,0.8148573637008667,0.2220725417137146,5.411515235900879,11.948826789855957,1,1
4733,0.39063358306884766,3.1650631427764893,0.9348158836364746,0.07146327197551727,5.887556552886963,15.651108741760254,1,1
4734,0.37551113963127136,2.6645395755767822,0.7906151413917542,0.12713493406772614,5.446718215942383,12.99377155303955,1,1
4735,0.44948527216911316,2.1701793670654297,0.8307311534881592,0.1606108695268631,5.0693745613098145,10.826700210571289,1,1
4736,0.3011323809623718,2.598332405090332,0.8843798637390137,0.11544296145439148,5.695131778717041,11.909369468688965,1,1
4737,0.32842761278152466,2.9578213691711426,0.8885631561279297,0.08692508935928345,5.788381099700928,12.542447090148926,1,1
4738,0.29227587580680847,2.7892141342163086,0.8478020429611206,0.10204842686653137,5.559950828552246,12.1715726852417,1,1
4739,0.41415566205978394,1.1679606437683105,0.7809640765190125,0.3779362142086029,3.8445284366607666,8.4600248336792,1,1
4740,0.6687609553337097,4.264739990234375,0.9604302644729614,0.027012202888727188,6.155304908752441,13.020812034606934,1,1
4741,0.83597731590271,1.0371241569519043,0.5281722545623779,0.42133527994155884,3.736948251724243,8.791245460510254,1,1
4742,0.71530681848526,2.9344029426574707,0.9680474996566772,0.08172724395990372,5.967829704284668,15.842226028442383,1,1
4743,0.4580366909503937,2.6743829250335693,0.7351466417312622,0.11031735688447952,5.387701988220215,13.309697151184082,1,1
4744,0.40906822681427,1.487706184387207,0.796460747718811,0.30060243606567383,4.045984745025635,8.842869758605957,1,1
4745,0.5135647058486938,3.698406219482422,0.9370399117469788,0.04493314027786255,6.14787483215332,14.788993835449219,1,1
4746,0.39139968156814575,2.0642693042755127,0.7411595582962036,0.1963733285665512,4.835605144500732,12.296648025512695,1,1
4747,0.2929563820362091,1.8761948347091675,0.8903491497039795,0.2124178558588028,5.350215435028076,12.459037780761719,1,1
4748,0.41753220558166504,2.8544678688049316,0.8880304098129272,0.09383776038885117,6.051542282104492,14.5241117477417,1,1
4749,0.46655887365341187,1.7270150184631348,0.7634145021438599,0.24048283696174622,4.596459865570068,9.574359893798828,1,1
4750,0.4294002652168274,2.8978140354156494,0.8957537412643433,0.09409773349761963,5.7178473472595215,13.501030921936035,1,1
4751,0.385059118270874,1.8487741947174072,0.7745714783668518,0.20781877636909485,4.8000054359436035,11.107680320739746,1,1
4752,0.5069314241409302,3.0918455123901367,0.905695915222168,0.06988891959190369,5.490990161895752,13.29207992553711,1,1
4753,0.39291858673095703,2.010770082473755,0.7520613670349121,0.1865953505039215,4.879036903381348,13.077162742614746,1,1
4754,0.36876380443573,2.0791568756103516,0.8726596832275391,0.1868494749069214,5.334835529327393,11.082322120666504,1,1
4755,0.2817859351634979,2.8395185470581055,0.9246987104415894,0.0956825464963913,5.640402793884277,12.942349433898926,1,1
4756,0.4194638729095459,1.7857874631881714,0.7666314840316772,0.2307129055261612,5.305166721343994,11.678174018859863,1,1
4757,0.40013909339904785,2.736978530883789,0.9222689867019653,0.1036595031619072,6.338245868682861,13.634973526000977,1,1
4758,0.3307258188724518,2.974390983581543,0.8268123269081116,0.08159606158733368,6.491925239562988,12.915671348571777,1,1
4759,0.3879285752773285,1.6934897899627686,0.809839129447937,0.24329900741577148,5.139174938201904,10.999938011169434,1,1
4760,0.372195303440094,2.874178886413574,0.9366457462310791,0.09513559192419052,5.959421634674072,12.908495903015137,1,1
4761,0.33926403522491455,2.1938350200653076,0.7927812337875366,0.1553940773010254,5.351125717163086,12.471816062927246,1,1
4762,0.39782553911209106,2.7451186180114746,0.8857100605964661,0.10038285702466965,6.2443461418151855,14.732107162475586,1,1
4763,0.3508322238922119,2.2440333366394043,0.8271454572677612,0.16290494799613953,5.281705856323242,12.313672065734863,1,1
4764,0.3218652606010437,2.72133731842041,0.8956843018531799,0.10585309565067291,5.940306186676025,13.916293144226074,1,1
4765,0.32879310846328735,1.917034387588501,0.8162059783935547,0.20791223645210266,4.955774784088135,11.300238609313965,1,1
4766,0.376145601272583,2.7747583389282227,0.9241059422492981,0.09531250596046448,5.31115198135376,14.06160831451416,1,1
4767,0.35936567187309265,1.9170262813568115,0.7902078628540039,0.2041139304637909,4.967189311981201,13.133408546447754,1,1
4768,0.33773067593574524,2.7427501678466797,0.9009301066398621,0.09728062897920609,6.379225730895996,13.839384078979492,1,1
4769,0.3071785569190979,2.753643274307251,0.8557167053222656,0.09960198402404785,6.10480260848999,16.155073165893555,1,1
4770,0.26566082239151,2.156676769256592,0.8766756057739258,0.15201297402381897,5.158229351043701,11.133137702941895,1,1
4771,0.34328389167785645,2.465763568878174,0.8655411005020142,0.12929080426692963,5.55150032043457,13.638209342956543,1,1
4772,0.34197866916656494,2.7621278762817383,0.8714795112609863,0.09536562860012054,5.78998327255249,13.028778076171875,1,1
4773,0.2958067059516907,2.236611843109131,0.8548638820648193,0.16660192608833313,5.312772274017334,11.579989433288574,1,1
4774,0.2898706793785095,2.9385650157928467,0.905055046081543,0.09403742104768753,6.113412380218506,13.703248023986816,1,1
4775,0.38779428601264954,1.4496824741363525,0.7948642373085022,0.3123044967651367,4.686594009399414,10.960248947143555,1,1
4776,0.33831867575645447,2.6328697204589844,0.9235584735870361,0.11557576060295105,5.987061977386475,12.487916946411133,1,1
4777,0.3450283110141754,2.1488938331604004,0.8217209577560425,0.16213080286979675,5.502872943878174,14.065434455871582,1,1
4778,0.2805822193622589,3.2836599349975586,0.9332270622253418,0.062321409583091736,6.27127742767334,14.002974510192871,1,1
4779,0.4728597402572632,1.2586253881454468,0.7367663383483887,0.36381980776786804,4.051344871520996,9.477720260620117,1,1
4780,0.5767480134963989,3.9029221534729004,0.9483637809753418,0.03838616982102394,5.955259323120117,14.655366897583008,1,1
4781,0.7537407279014587,0.8842076063156128,0.5656982064247131,0.49451783299446106,3.4388556480407715,7.584550380706787,1,1
4782,0.7686440944671631,3.2980780601501465,0.9631866812705994,0.0625133365392685,6.155914306640625,16.879484176635742,1,1
4783,0.4297589063644409,2.4555258750915527,0.7421455383300781,0.14500781893730164,5.27186918258667,11.838326454162598,1,1
4784,0.29123908281326294,2.2915937900543213,0.8826808929443359,0.16097162663936615,5.400672435760498,12.472307205200195,1,1
4785,0.37231576442718506,2.3097784519195557,0.8601069450378418,0.1379016637802124,5.564084053039551,13.363458633422852,1,1
4786,0.26972803473472595,2.367450714111328,0.8821367025375366,0.14783978462219238,5.295210838317871,12.38942813873291,1,1
4787,0.37773585319519043,2.3603296279907227,0.8275115489959717,0.13401901721954346,5.64258337020874,11.714797973632812,1,1
4788,0.31639695167541504,2.62654185295105,0.8892414569854736,0.1117825135588646,5.769165515899658,12.576722145080566,1,1
4789,0.29278743267059326,2.4716148376464844,0.869777500629425,0.1329793632030487,5.813112735748291,12.134883880615234,1,1
4790,0.2666917145252228,2.493678092956543,0.8785167932510376,0.13198775053024292,6.100666522979736,12.156803131103516,1,1
4791,0.35805660486221313,2.115025043487549,0.8490238189697266,0.1715896725654602,5.227441310882568,11.58736801147461,1,1
4792,0.3535536527633667,2.500617265701294,0.8668561577796936,0.12572923302650452,6.138561725616455,12.545783996582031,1,1
4793,0.32200849056243896,3.8454678058624268,0.9095215201377869,0.03752531856298447,6.039535045623779,12.909284591674805,1,1
4794,0.6642485857009888,0.5899919271469116,0.5971115827560425,0.6074817180633545,2.6179561614990234,6.271735668182373,1,1
4795,1.0738866329193115,4.593013763427734,0.9848931431770325,0.022013239562511444,6.082334041595459,14.438225746154785,1,1
4796,0.6046632528305054,2.071873664855957,0.6148812174797058,0.1863792985677719,5.092685222625732,11.231972694396973,1,1
4797,0.3585885167121887,1.637012004852295,0.8429864645004272,0.2575230598449707,5.1535186767578125,11.232391357421875,1,1
4798,0.5147985816001892,3.2900307178497314,0.9474921226501465,0.0677553340792656,6.282435894012451,13.426654815673828,1,1
4799,0.3966027796268463,2.6118507385253906,0.7597997784614563,0.11725719273090363,6.017515182495117,13.35760498046875,1,1
4800,0.30141305923461914,1.7471497058868408,0.8443669676780701,0.24508994817733765,4.725180149078369,11.410128593444824,1,1
4801,0.3964140713214874,2.868993043899536,0.9378364086151123,0.09232278168201447,5.277464866638184,12.535350799560547,1,1
4802,0.5170172452926636,1.7961218357086182,0.7066545486450195,0.2368348091840744,4.868038654327393,11.313080787658691,1,1
4803,0.4800475835800171,2.4766979217529297,0.9007143378257751,0.142685204744339,5.2574687004089355,12.646794319152832,1,1
4804,0.3861425518989563,2.752385139465332,0.8235507011413574,0.10609914362430573,5.590648174285889,12.312719345092773,1,1
4805,0.39440032839775085,2.0450448989868164,0.7964787483215332,0.20277327299118042,4.93046236038208,13.496371269226074,1,1
4806,0.33604896068573,2.609686851501465,0.9311474561691284,0.11533144116401672,5.252464771270752,11.995172500610352,1,1
4807,0.35638540983200073,2.996194362640381,0.8464472889900208,0.07611949741840363,5.900173664093018,12.987011909484863,1,1
4808,0.3659624755382538,1.3611048460006714,0.7816604971885681,0.3167893588542938,4.002236366271973,9.306650161743164,1,1
4809,0.36927998065948486,2.723910093307495,0.9430986642837524,0.10210207104682922,5.569974422454834,14.093167304992676,1,1
4810,0.42827892303466797,1.9320170879364014,0.785266637802124,0.20722979307174683,5.062089920043945,11.07465934753418,1,1
4811,0.32606786489486694,2.2273707389831543,0.8879501819610596,0.1610945165157318,5.751015663146973,13.85498332977295,1,1
4812,0.35808947682380676,2.7154276371002197,0.8733982443809509,0.1103835254907608,6.055466175079346,13.481012344360352,1,1
4813,0.2827983498573303,2.9273533821105957,0.8388947248458862,0.09298691153526306,6.606682777404785,15.913867950439453,1,1
4814,0.32639646530151367,2.4665684700012207,0.857755184173584,0.12236540764570236,5.768518447875977,12.830146789550781,1,1
4815,0.41183480620384216,3.391383171081543,0.9027737379074097,0.06024019420146942,6.2111663818359375,17.199792861938477,1,1
4816,0.4097367227077484,1.8219941854476929,0.7452130913734436,0.20951226353645325,5.059900283813477,11.761305809020996,1,1
4817,0.3895389139652252,2.6287002563476562,0.9287357330322266,0.0981263741850853,5.518308639526367,14.699056625366211,1,1
4818,0.3268066942691803,2.641050338745117,0.8363276124000549,0.10464688390493393,5.593834400177002,12.38271427154541,1,1
4819,0.4187358617782593,2.1360292434692383,0.8120735883712769,0.1670723259449005,5.537254333496094,13.359090805053711,1,1
4820,0.378826379776001,2.228440999984741,0.8557593822479248,0.16139239072799683,6.14823055267334,13.523100852966309,1,1
4821,0.36458051204681396,3.3473079204559326,0.8720071315765381,0.06338836252689362,6.713089466094971,16.085895538330078,1,1
4822,0.3845633864402771,1.8035824298858643,0.7912437915802002,0.23241323232650757,5.135626792907715,12.09083080291748,1,1
4823,0.45547428727149963,3.2487869262695312,0.9217122197151184,0.06846916675567627,6.210629463195801,15.213866233825684,1,1
4824,0.3639242649078369,2.309497117996216,0.7893548011779785,0.1602572202682495,5.2930121421813965,12.144405364990234,1,1
4825,0.31591325998306274,2.479300022125244,0.8775284290313721,0.12433351576328278,5.763506889343262,13.238020896911621,1,1
4826,0.3059724271297455,3.482071876525879,0.9216526746749878,0.06133974343538284,6.005173206329346,13.902873039245605,1,1
4827,0.4870297610759735,1.1169700622558594,0.6992948651313782,0.3893256187438965,3.8420722484588623,10.559675216674805,1,1
4828,0.6853227019309998,3.7335634231567383,0.9728879332542419,0.038660235702991486,6.139610290527344,14.248059272766113,1,1
4829,0.5989516377449036,1.7767887115478516,0.6332516670227051,0.23954641819000244,4.924582004547119,11.742598533630371,1,1
4830,0.3320128321647644,2.457369565963745,0.9378811120986938,0.1323498785495758,6.087696552276611,15.82726001739502,1,1
4831,0.34794092178344727,3.2992119789123535,0.9107241034507751,0.06370025873184204,6.007248878479004,14.341081619262695,1,1
4832,0.557453453540802,1.2934253215789795,0.6622060537338257,0.3483254313468933,4.148875713348389,9.024884223937988,1,1
4833,0.5491907000541687,2.8351516723632812,0.9405022859573364,0.09125110507011414,5.8106865882873535,13.976791381835938,1,1
4834,0.36805281043052673,2.2235641479492188,0.7758467197418213,0.15464258193969727,5.460944652557373,13.152791976928711,1,1
4835,0.3011777997016907,2.60935115814209,0.9122424721717834,0.1344149261713028,6.057737827301025,14.325796127319336,1,1
4836,0.2814704477787018,3.39967679977417,0.905813455581665,0.0600435733795166,6.221841335296631,15.265451431274414,1,1
4837,0.3711026906967163,1.9036486148834229,0.7778612375259399,0.21794620156288147,5.260649681091309,11.246702194213867,1,1
4838,0.43100106716156006,2.9426169395446777,0.9018807411193848,0.08552882075309753,5.791515827178955,12.685919761657715,1,1
4839,0.36241307854652405,1.7081588506698608,0.7940576076507568,0.24663037061691284,5.247505187988281,11.372900009155273,1,1
4840,0.3448442220687866,2.68215274810791,0.9173583984375,0.10566606372594833,5.859671115875244,14.465987205505371,1,1
4841,0.3618730902671814,1.864058494567871,0.7889491319656372,0.22486189007759094,5.118121147155762,11.289812088012695,1,1
4842,0.32747581601142883,2.7998790740966797,0.9320335984230042,0.0970790907740593,5.728739261627197,12.299866676330566,1,1
4843,0.33665376901626587,2.4813084602355957,0.8295411467552185,0.13558831810951233,5.64443302154541,13.01060962677002,1,1
4844,0.2932417392730713,3.071381092071533,0.9157551527023315,0.08596384525299072,6.112661361694336,14.562614440917969,1,1
4845,0.3217557370662689,2.2810583114624023,0.8302758932113647,0.15645478665828705,5.486414909362793,11.261516571044922,1,1
4846,0.3222769498825073,3.02681303024292,0.9043217897415161,0.07990814745426178,5.611562252044678,14.163338661193848,1,1
4847,0.31027859449386597,1.9764490127563477,0.8187475800514221,0.2199811339378357,5.712475776672363,11.435869216918945,1,1
4848,0.35427242517471313,2.2273976802825928,0.9121347665786743,0.1705227494239807,5.69884729385376,12.30878734588623,1,1
4849,0.31015706062316895,2.22495698928833,0.8442423939704895,0.1721143126487732,5.164605140686035,12.230965614318848,1,1
4850,0.41083893179893494,2.9997763633728027,0.8723798990249634,0.08277104794979095,6.246029853820801,13.53160572052002,1,1
4851,0.26485055685043335,2.6115829944610596,0.8585247993469238,0.11436039209365845,5.644383907318115,12.70607852935791,1,1
4852,0.29009538888931274,2.086587905883789,0.8830822706222534,0.1737900674343109,5.535117149353027,13.461606979370117,1,1
4853,0.2971940040588379,2.19278883934021,0.8695818781852722,0.15996728837490082,5.472208499908447,13.138142585754395,1,1
4854,0.36896300315856934,1.4222791194915771,0.8205119371414185,0.3144099712371826,4.458436012268066,10.119462966918945,1,1
4855,0.4016655683517456,3.9547600746154785,0.9534204006195068,0.036982979625463486,6.673515796661377,15.586630821228027,1,1
4856,0.3515084981918335,2.184474468231201,0.7666109800338745,0.162207692861557,5.515166759490967,13.262093544006348,1,1
4857,0.3713147044181824,1.6402136087417603,0.8542608022689819,0.26094335317611694,4.92380952835083,10.674002647399902,1,1
4858,0.3453351855278015,2.6572580337524414,0.8996658325195312,0.12564992904663086,5.9751410484313965,13.797212600708008,1,1
4859,0.3188406229019165,2.2972731590270996,0.8399666547775269,0.1571231335401535,6.146249294281006,12.35062313079834,1,1
4860,0.3310476541519165,2.6148242950439453,0.8809494376182556,0.11558522284030914,6.225618362426758,13.46787166595459,1,1
4861,0.20534080266952515,3.2213432788848877,0.9235015511512756,0.06944198906421661,6.776398658752441,15.40465259552002,1,1
4862,0.343044638633728,2.1324448585510254,0.8003336191177368,0.17640671133995056,5.429832935333252,12.180317878723145,1,1
4863,0.28042885661125183,2.3723268508911133,0.9324606657028198,0.14918307960033417,6.202455520629883,14.930472373962402,1,1
4864,0.25859254598617554,4.336400985717773,0.9466025829315186,0.02373015321791172,6.692287445068359,14.848257064819336,1,1
4865,0.657439112663269,0.7257347106933594,0.6219895482063293,0.553937554359436,2.8823723793029785,6.926932334899902,1,1
4866,0.9380459189414978,4.796209335327148,0.9717105627059937,0.015028005465865135,5.794869899749756,21.257892608642578,1,1
4867,0.8470511436462402,1.5297565460205078,0.5552505254745483,0.2879481613636017,4.5225348472595215,14.753300666809082,1,1
4868,0.5491451025009155,3.240614414215088,0.9453173875808716,0.06537728011608124,5.89332389831543,17.490476608276367,1,1
4869,0.4467565417289734,2.1851959228515625,0.7431735992431641,0.16715183854103088,5.692709922790527,13.672101974487305,1,1
4870,0.31119585037231445,2.1596016883850098,0.9135149717330933,0.1779959797859192,4.887075424194336,10.760916709899902,1,1
4871,0.4122322201728821,2.5514090061187744,0.8219911456108093,0.12205459177494049,5.263201713562012,12.147647857666016,1,1
4872,0.3606105446815491,2.799356460571289,0.8722617626190186,0.10940220206975937,5.367963790893555,11.47758960723877,1,1
4873,0.47028690576553345,2.0859665870666504,0.7699747085571289,0.1762697845697403,5.475811004638672,11.707178115844727,1,1
4874,0.3606754541397095,3.420681953430176,0.940410315990448,0.05434364452958107,6.080770492553711,13.885387420654297,1,1
4875,0.4627300500869751,1.624808669090271,0.726325511932373,0.26618462800979614,4.228532791137695,9.79029655456543,1,1
4876,0.41918954253196716,2.531524658203125,0.9103812575340271,0.11509807407855988,5.592134952545166,13.274866104125977,1,1
4877,0.36247164011001587,2.8447515964508057,0.8632500171661377,0.0869431123137474,6.356678009033203,13.36103343963623,1,1
4878,0.37219417095184326,2.1651599407196045,0.7965075969696045,0.1649438440799713,5.285864353179932,12.074505805969238,1,1
4879,0.2877154052257538,2.248410224914551,0.9044376611709595,0.15812936425209045,5.363654136657715,12.537897109985352,1,1
4880,0.3795313835144043,2.024460792541504,0.8351479172706604,0.18889127671718597,5.412705898284912,13.25174331665039,1,1
4881,0.40828004479408264,2.5958051681518555,0.8565536737442017,0.12560784816741943,6.1285223960876465,12.751163482666016,1,1
4882,0.3472643196582794,2.314535140991211,0.8460381627082825,0.15618203580379486,5.72076940536499,13.27701473236084,1,1
4883,0.3686513304710388,2.848013162612915,0.869016170501709,0.08980150520801544,6.884920597076416,14.057572364807129,1,1
4884,0.3800538182258606,2.0904688835144043,0.7981292009353638,0.1718219369649887,5.343252658843994,11.008747100830078,1,1
4885,0.33225417137145996,2.643446445465088,0.9173685312271118,0.11403041332960129,5.858213901519775,12.34406852722168,1,1
4886,0.40386736392974854,2.401423931121826,0.8081556558609009,0.13384555280208588,5.5086565017700195,12.18658447265625,1,1
4887,0.31581753492355347,2.554966926574707,0.8770872950553894,0.13165229558944702,6.373536109924316,13.21535587310791,1,1
4888,0.3609042465686798,2.2156622409820557,0.8365514278411865,0.16337421536445618,5.489128589630127,12.131237030029297,1,1
4889,0.3315611183643341,3.074768543243408,0.8870867490768433,0.08346674591302872,6.5291266441345215,14.471405029296875,1,1
4890,0.2996330261230469,2.4799022674560547,0.8520815372467041,0.1274576336145401,6.123985767364502,13.65523624420166,1,1
4891,0.36276617646217346,2.6492936611175537,0.8642517328262329,0.11038652062416077,5.701744556427002,12.741658210754395,1,1
4892,0.32597458362579346,2.0566391944885254,0.8414037227630615,0.18806326389312744,5.200912952423096,11.607126235961914,1,1
4893,0.2814416289329529,2.7696099281311035,0.9117208123207092,0.10437674820423126,5.987724304199219,13.086897850036621,1,1
4894,0.43870073556900024,1.286160945892334,0.7530819773674011,0.34221842885017395,4.265240669250488,8.912632942199707,1,1
4895,0.5402631163597107,4.032325267791748,0.9685532450675964,0.03439338505268097,6.385351181030273,14.25335693359375,1,1
4896,0.6054763793945312,1.269711971282959,0.6201565861701965,0.34520596265792847,4.622624397277832,9.76128101348877,1,1
4897,0.5034477710723877,2.696484088897705,0.9637669324874878,0.11252954602241516,5.275119304656982,13.758949279785156,1,1
4898,0.524697482585907,2.2431912422180176,0.736626386642456,0.17413002252578735,5.655147552490234,12.743979454040527,1,1
4899,0.41235339641571045,2.4206314086914062,0.8722555041313171,0.13824868202209473,5.5823588371276855,13.024259567260742,1,1
4900,0.2818191647529602,2.7967183589935303,0.889044463634491,0.09393727779388428,5.85897159576416,14.22719669342041,1,1
4901,0.30246075987815857,2.109748125076294,0.8373732566833496,0.17946897447109222,5.313362121582031,11.718515396118164,1,1
4902,0.31921327114105225,2.3513174057006836,0.8874518871307373,0.14816533029079437,5.984129428863525,12.922160148620605,1,1
4903,0.3555782437324524,2.395608425140381,0.8528714179992676,0.13779428601264954,5.4917311668396,14.394083023071289,1,1
4904,0.35917723178863525,1.7688806056976318,0.8243493437767029,0.2392091602087021,5.191450119018555,11.000117301940918,1,1
4905,0.34736061096191406,2.587939739227295,0.9078679084777832,0.1285654455423355,5.466776371002197,12.677316665649414,1,1
4906,0.3794655203819275,2.648756980895996,0.8120243549346924,0.10734498500823975,6.281641483306885,13.798866271972656,1,1
4907,0.3339080810546875,3.368367910385132,0.8949055075645447,0.05797192454338074,5.971769332885742,14.723036766052246,1,1
4908,0.4856632351875305,0.9832204580307007,0.7090772390365601,0.4441272020339966,3.9196343421936035,9.04952621459961,1,1
4909,0.790806770324707,4.986611366271973,0.9704169034957886,0.014654351398348808,6.9746479988098145,21.54003143310547,1,1
4910,0.9014487862586975,1.5273948907852173,0.4989893436431885,0.29830342531204224,4.307165622711182,14.559228897094727,1,1
4911,0.5826170444488525,2.332350730895996,0.9423655271530151,0.1669095754623413,5.197265625,16.904430389404297,1,1
4912,0.42769086360931396,3.6348350048065186,0.8601269721984863,0.04500065743923187,6.003072738647461,14.732364654541016,1,1
4913,0.6519967317581177,1.0806283950805664,0.6421778798103333,0.41979533433914185,3.6811046600341797,11.367657661437988,1,1
4914,0.6804711818695068,3.504210948944092,0.9610403776168823,0.051892444491386414,5.635543346405029,16.548917770385742,1,1
4915,0.5339341163635254,2.0178675651550293,0.6911833882331848,0.18654632568359375,4.905181407928467,10.754426002502441,1,1
4916,0.4046117663383484,2.29893159866333,0.8693544864654541,0.1439233422279358,6.516257286071777,12.585140228271484,1,1
4917,0.2990240454673767,2.9943065643310547,0.8999860286712646,0.08291855454444885,5.758347988128662,11.744626998901367,1,1
4918,0.2985895276069641,2.4025754928588867,0.8430560827255249,0.1397763192653656,5.289272308349609,11.87254810333252,1,1
4919,0.3173697888851166,2.4934167861938477,0.877677857875824,0.12554962933063507,5.583596706390381,12.845549583435059,1,1
4920,0.3541247248649597,3.106297731399536,0.8763866424560547,0.06789439916610718,5.830990314483643,14.036371231079102,1,1
4921,0.36578837037086487,1.6059091091156006,0.7740796804428101,0.2691091299057007,4.7912445068359375,9.646055221557617,1,1
4922,0.45358067750930786,2.8460373878479004,0.9264174699783325,0.09928532689809799,5.971628665924072,14.100306510925293,1,1
4923,0.43321946263313293,2.378429889678955,0.7750223875045776,0.12968668341636658,5.910368919372559,12.195301055908203,1,1
4924,0.2978253960609436,2.3077354431152344,0.8654890060424805,0.16038836538791656,5.848086357116699,13.030973434448242,1,1
4925,0.34606319665908813,2.3580784797668457,0.872899055480957,0.15135477483272552,5.8726348876953125,13.533480644226074,1,1
4926,0.2964193820953369,2.8437440395355225,0.8853919506072998,0.09697189182043076,6.2337822914123535,13.622042655944824,1,1
4927,0.3605703115463257,2.053288459777832,0.8327224254608154,0.18779870867729187,5.452746391296387,11.498810768127441,1,1
4928,0.28190839290618896,2.7796614170074463,0.9125910997390747,0.09401863068342209,6.1573028564453125,14.272848129272461,1,1
4929,0.31895989179611206,2.169353723526001,0.83180171251297,0.17197063565254211,5.57318115234375,12.945703506469727,1,1
4930,0.45998990535736084,2.9750380516052246,0.8597848415374756,0.0869545191526413,6.270271301269531,13.932657241821289,1,1
4931,0.2914937436580658,2.2520391941070557,0.8393322229385376,0.16852474212646484,5.661350250244141,12.917511940002441,1,1
4932,0.41311752796173096,2.4548192024230957,0.8797192573547363,0.12007765471935272,5.424849510192871,12.424947738647461,1,1
4933,0.3490813970565796,1.4595754146575928,0.7901188135147095,0.2984727621078491,4.826899528503418,12.652767181396484,1,1
4934,0.40508583188056946,3.302947759628296,0.9436149597167969,0.061728544533252716,6.615943908691406,15.22205638885498,1,1
4935,0.3708391487598419,2.5757155418395996,0.7964792847633362,0.12029895186424255,6.188016414642334,16.027816772460938,1,1
4936,0.35099396109580994,2.048828601837158,0.8493200540542603,0.19086505472660065,5.464601039886475,12.1344575881958,1,1
4937,0.3240979313850403,2.625354290008545,0.8942728042602539,0.12052574008703232,6.062353610992432,13.883767127990723,1,1
4938,0.30667299032211304,2.540281295776367,0.8376438021659851,0.13461938500404358,6.096841812133789,13.770210266113281,1,1
4939,0.351421594619751,1.9199774265289307,0.8635616302490234,0.2208351492881775,4.900851249694824,11.725711822509766,1,1
4940,0.3306255340576172,2.397865056991577,0.8909122347831726,0.14736120402812958,5.543010234832764,13.052453994750977,1,1
4941,0.26895540952682495,2.289524793624878,0.8636226058006287,0.15382272005081177,5.558234214782715,13.001022338867188,1,1
4942,0.27694785594940186,2.8516931533813477,0.8873368501663208,0.09296314418315887,6.047611236572266,14.723958015441895,1,1
4943,0.3115745186805725,2.509902000427246,0.8648691177368164,0.12407978624105453,6.124013423919678,12.298553466796875,1,1
4944,0.22671814262866974,2.1784298419952393,0.9018838405609131,0.16754195094108582,5.482626438140869,12.249147415161133,1,1
4945,0.3653445243835449,2.6034090518951416,0.8400272727012634,0.12772530317306519,6.153755187988281,13.268118858337402,1,1
4946,0.33978527784347534,2.624889373779297,0.884701132774353,0.11394306272268295,5.7656707763671875,13.539233207702637,1,1
4947,0.352755069732666,1.973078727722168,0.8158987760543823,0.2110244184732437,5.567630290985107,12.667438507080078,1,1
4948,0.4245879054069519,3.4734177589416504,0.8981425762176514,0.05364261567592621,6.408235549926758,14.097979545593262,1,1
4949,0.4107121229171753,1.4199074506759644,0.75982666015625,0.3093758225440979,4.9259867668151855,10.908147811889648,1,1
4950,0.416406512260437,3.946925401687622,0.9614207744598389,0.03481972962617874,7.5326666831970215,18.774478912353516,1,1
4951,0.49048393964767456,1.377760648727417,0.6888758540153503,0.3285992741584778,4.929457664489746,12.266860008239746,1,1
4952,0.4886530041694641,3.1058263778686523,0.9682806730270386,0.08566178381443024,6.1381378173828125,13.960870742797852,1,1
4953,0.42223238945007324,2.408003807067871,0.7623133659362793,0.13490211963653564,5.892941474914551,14.6270170211792,1,1
4954,0.37130507826805115,2.5310683250427246,0.8723583221435547,0.11679959297180176,6.424932956695557,14.982156753540039,1,1
4955,0.26341554522514343,2.4166221618652344,0.8877856135368347,0.14108401536941528,5.8854522705078125,13.41536808013916,1,1
4956,0.3216732144355774,2.5405514240264893,0.8619393110275269,0.14895866811275482,7.562086582183838,13.631725311279297,1,1
4957,0.35772472620010376,2.9740848541259766,0.8596073985099792,0.08425173908472061,6.901238918304443,13.657048225402832,1,1
4958,0.3525649309158325,1.8764722347259521,0.825047492980957,0.21010661125183105,5.471916675567627,11.392119407653809,1,1
4959,0.42308303713798523,2.7826943397521973,0.8793440461158752,0.10470965504646301,6.044048309326172,14.649311065673828,1,1
4960,0.3306330144405365,2.612375259399414,0.832098126411438,0.11430441588163376,6.137569904327393,15.14217758178711,1,1
4961,0.44622066617012024,2.2949798107147217,0.8283671140670776,0.16868163645267487,5.642660140991211,13.861400604248047,1,1
4962,0.2805863618850708,3.609245777130127,0.9310387372970581,0.045782335102558136,6.333284378051758,14.354927062988281,1,1
4963,0.44768041372299194,1.4723069667816162,0.7338252067565918,0.32480931282043457,4.856030464172363,11.195444107055664,1,1
4964,0.6403465270996094,4.773627758026123,0.9543840885162354,0.018628520891070366,6.9715657234191895,15.398356437683105,1,1
4965,0.646159291267395,1.4197131395339966,0.6081383228302002,0.33206701278686523,4.398519039154053,10.650818824768066,1,1
4966,0.5476518869400024,2.8965582847595215,0.9621505737304688,0.09691659361124039,6.0854973793029785,15.452588081359863,1,1
4967,0.3772977590560913,2.9784512519836426,0.811169445514679,0.08363102376461029,5.939540386199951,15.599617004394531,1,1
4968,0.5815552473068237,1.438499093055725,0.7010909914970398,0.3233145773410797,4.873656749725342,11.468207359313965,1,1
4969,0.4833371639251709,3.1259541511535645,0.965394139289856,0.0831746757030487,6.6252241134643555,17.097370147705078,1,1
4970,0.46290236711502075,2.1154091358184814,0.7303888201713562,0.17834368348121643,5.297887325286865,11.965597152709961,1,1
4971,0.26583343744277954,2.4439945220947266,0.9117307662963867,0.14184358716011047,6.30202054977417,12.789693832397461,1,1
4972,0.3181312084197998,2.6585662364959717,0.88993901014328,0.125524640083313,5.022184371948242,11.044520378112793,1,1
4973,0.4041692614555359,1.7163022756576538,0.7791750431060791,0.24430623650550842,5.043712139129639,11.100648880004883,1,1
4974,0.47120606899261475,3.0849432945251465,0.9299254417419434,0.07824919372797012,6.362778186798096,14.556158065795898,1,1
4975,0.3881259560585022,2.2313055992126465,0.7582173347473145,0.17045637965202332,5.811981678009033,13.000256538391113,1,1
4976,0.34346669912338257,2.139720916748047,0.9053564071655273,0.17662867903709412,6.080930233001709,11.956236839294434,1,1
4977,0.38428106904029846,2.4353833198547363,0.8217093348503113,0.13669706881046295,6.079314708709717,12.730840682983398,1,1
4978,0.36487382650375366,2.0464556217193604,0.8489644527435303,0.192508727312088,5.335542678833008,11.113873481750488,1,1
4979,0.32657477259635925,2.837462902069092,0.888404130935669,0.10274279117584229,6.239041328430176,13.453742980957031,1,1
4980,0.39193660020828247,1.622147560119629,0.7848603129386902,0.2691374719142914,5.227900505065918,10.276253700256348,1,1
4981,0.3575000762939453,3.302539348602295,0.96937495470047,0.06635115295648575,6.3868913650512695,14.321915626525879,1,1
4982,0.3881611227989197,2.5191450119018555,0.7849130630493164,0.12960660457611084,5.961244583129883,12.665803909301758,1,1
4983,0.33422431349754333,2.1458470821380615,0.8400633335113525,0.17766571044921875,5.29956579208374,11.480446815490723,1,1
4984,0.3029116988182068,2.112704277038574,0.8917585611343384,0.17581087350845337,6.024013519287109,12.432488441467285,1,1
4985,0.270232617855072,2.9920761585235596,0.9378648400306702,0.09216781705617905,6.412906169891357,14.148785591125488,1,1
4986,0.49662384390830994,1.1847918033599854,0.699951708316803,0.367573618888855,4.546369552612305,11.219038963317871,1,1
4987,0.5394253730773926,3.2107601165771484,0.9624762535095215,0.06696046143770218,5.991590976715088,16.193601608276367,1,1
4988,0.4644498825073242,2.634964942932129,0.7484145164489746,0.11599333584308624,6.1577982902526855,15.330976486206055,1,1
4989,0.31110599637031555,2.1950626373291016,0.859333872795105,0.16919013857841492,5.350466251373291,11.457290649414062,1,1
4990,0.4227350354194641,3.2140297889709473,0.9086974263191223,0.06569311022758484,6.076258182525635,13.812216758728027,1,1
4991,0.3619655966758728,2.1530370712280273,0.7880618572235107,0.18310531973838806,5.160724639892578,12.975224494934082,1,1
4992,0.4076414704322815,2.4506325721740723,0.8456950187683105,0.14380531013011932,6.088820457458496,12.430295944213867,1,1
4993,0.3871555030345917,2.2244949340820312,0.8493208289146423,0.17153500020503998,5.651490688323975,12.49816608428955,1,1
4994,0.3254276514053345,2.967982769012451,0.865422785282135,0.09081745892763138,6.544875144958496,15.624146461486816,1,1
4995,0.4056844115257263,2.003843307495117,0.8026095628738403,0.21062859892845154,5.647891521453857,12.420539855957031,1,1
4996,0.34478622674942017,2.2431211471557617,0.8857609629631042,0.16575223207473755,5.617269039154053,12.877994537353516,1,1
4997,0.28665924072265625,3.2891972064971924,0.9141160249710083,0.06527774035930634,6.284286975860596,14.688704490661621,1,1
4998,0.4376392364501953,1.7930326461791992,0.7620604038238525,0.2301594614982605,5.248063564300537,12.97695255279541,1,1
4999,0.331898033618927,2.9396347999572754,0.9365929365158081,0.10200221091508865,6.169969081878662,16.888755798339844,1,1
5000,0.3370963931083679,2.536681652069092,0.8339842557907104,0.11397524923086166,6.3488240242004395,16.113525390625,1,1
