iter,d_loss,g_loss,D_x,D_G_z,g_grad_norm,g_full_grad_norm,d_steps,g_steps
1,7.638161659240723,-0.12455293536186218,0.3743000626564026,0.12455293536186218,0.13442522287368774,1.6653850078582764,5,1
2,6.65833854675293,-0.29107385873794556,0.9096118807792664,0.29107385873794556,0.17435456812381744,2.4520413875579834,5,1
3,5.3076276779174805,-0.5323547124862671,1.716709017753601,0.5323547124862671,0.2307252436876297,3.8905820846557617,5,1
4,3.498147964477539,-0.9008254408836365,2.861611843109131,0.9008254408836365,0.3098542392253876,6.472700595855713,5,1
5,1.3980488777160645,-1.434438705444336,4.207204818725586,1.434438705444336,0.3995673954486847,10.072000503540039,5,1
6,-0.9622797966003418,-2.1485214233398438,5.972438812255859,2.1485214233398438,0.5160631537437439,15.111213684082031,5,1
7,-3.182607889175415,-3.0502452850341797,7.8642778396606445,3.0502452850341797,0.6401320695877075,20.102479934692383,5,1
8,-5.389760494232178,-4.038458824157715,10.09481430053711,4.038458824157715,0.7666221857070923,26.27876853942871,5,1
9,-7.1687726974487305,-4.987092018127441,12.32638931274414,4.987092018127441,0.9015529155731201,32.652034759521484,5,1
10,-8.410374641418457,-5.938427925109863,14.314447402954102,5.938427925109863,1.0063639879226685,35.23447036743164,5,1
11,-9.403210639953613,-6.692866325378418,16.09047508239746,6.692866325378418,1.1147624254226685,38.614036560058594,5,1
12,-10.04565143585205,-7.656239032745361,17.881895065307617,7.656239032745361,1.2611345052719116,39.14246368408203,5,1
13,-10.171380996704102,-8.763325691223145,19.402374267578125,8.763325691223145,1.3469167947769165,38.34329605102539,5,1
14,-10.418888092041016,-9.680902481079102,20.780427932739258,9.680902481079102,1.4529008865356445,35.43396759033203,5,1
15,-11.054169654846191,-9.901318550109863,21.991016387939453,9.901318550109863,1.4944285154342651,32.728214263916016,5,1
16,-11.651029586791992,-9.994508743286133,23.036090850830078,9.994508743286133,1.5753605365753174,32.368770599365234,5,1
17,-11.712895393371582,-10.041975021362305,23.316951751708984,10.041975021362305,1.62608003616333,31.678369522094727,5,1
18,-12.691591262817383,-10.17123794555664,24.448833465576172,10.17123794555664,1.6491460800170898,29.32305145263672,5,1
19,-11.773550033569336,-10.062921524047852,23.707500457763672,10.062921524047852,1.6821277141571045,27.113147735595703,5,1
20,-12.19896125793457,-10.083773612976074,24.318836212158203,10.083773612976074,1.7206989526748657,26.426429748535156,5,1
21,-12.273212432861328,-10.420278549194336,24.61830711364746,10.420278549194336,1.703932523727417,25.955141067504883,5,1
22,-12.190645217895508,-10.941850662231445,24.747543334960938,10.941850662231445,1.7652161121368408,24.781963348388672,5,1
23,-12.401219367980957,-11.4020357131958,25.684921264648438,11.4020357131958,1.7282010316848755,23.123056411743164,5,1
24,-12.84536361694336,-11.86956787109375,26.427001953125,11.86956787109375,1.774570345878601,22.441648483276367,5,1
25,-12.521732330322266,-12.025708198547363,26.45049285888672,12.025708198547363,1.761889100074768,22.214290618896484,5,1
26,-12.554115295410156,-12.098644256591797,26.46576690673828,12.098644256591797,1.7658069133758545,21.820104598999023,5,1
27,-13.11433219909668,-12.051158905029297,27.48019790649414,12.051158905029297,1.7930206060409546,20.488983154296875,5,1
28,-12.905571937561035,-11.894294738769531,27.167980194091797,11.894294738769531,1.7598098516464233,19.725831985473633,5,1
29,-13.195045471191406,-11.262720108032227,27.51318359375,11.262720108032227,1.7957814931869507,21.12906265258789,5,1
30,-13.113168716430664,-11.082335472106934,26.731765747070312,11.082335472106934,1.7526566982269287,26.191951751708984,5,1
31,-13.810016632080078,-10.448934555053711,26.599401473999023,10.448934555053711,1.737317442893982,36.26170349121094,5,1
32,-14.205726623535156,-9.86161994934082,26.630882263183594,9.86161994934082,1.7172479629516602,32.51163864135742,5,1
33,-13.225444793701172,-8.965932846069336,25.36781883239746,8.965932846069336,1.6641957759857178,23.765764236450195,5,1
34,-14.004117965698242,-8.58015251159668,25.323894500732422,8.58015251159668,1.7128912210464478,22.115015029907227,5,1
35,-13.846620559692383,-7.442541122436523,24.743366241455078,7.442541122436523,1.7164769172668457,21.7424373626709,5,1
36,-14.322742462158203,-6.935711860656738,23.767953872680664,6.935711860656738,1.7312668561935425,22.1019287109375,5,1
37,-14.092489242553711,-5.2495856285095215,22.332717895507812,5.2495856285095215,1.6512538194656372,22.027679443359375,5,1
38,-14.557341575622559,-4.435399055480957,23.086769104003906,4.435399055480957,1.6952234506607056,20.73893165588379,5,1
39,-14.367609977722168,-4.08204460144043,21.15024757385254,4.08204460144043,1.719969391822815,21.808547973632812,5,1
40,-14.35642147064209,-2.766223430633545,21.130847930908203,2.766223430633545,1.6773545742034912,23.3664493560791,5,1
41,-13.766090393066406,-2.265505313873291,19.976943969726562,2.265505313873291,1.659490942955017,29.16607093811035,5,1
42,-14.371122360229492,-1.390233039855957,19.204256057739258,1.390233039855957,1.6765249967575073,36.469757080078125,5,1
43,-14.516899108886719,-0.5424809455871582,18.807992935180664,0.5424809455871582,1.6672465801239014,35.1969108581543,5,1
44,-15.014656066894531,0.45415496826171875,18.9476318359375,-0.45415496826171875,1.6571927070617676,25.121353149414062,5,1
45,-14.701018333435059,0.604097843170166,17.880859375,-0.604097843170166,1.6762590408325195,19.55213737487793,5,1
46,-14.731976509094238,0.39470261335372925,18.11431312561035,-0.39470261335372925,1.7087643146514893,17.52003288269043,5,1
47,-13.683223724365234,0.7489054799079895,16.7982177734375,-0.7489054799079895,1.678384780883789,16.288328170776367,5,1
48,-14.452787399291992,1.273322343826294,16.28626251220703,-1.273322343826294,1.7151052951812744,15.290595054626465,5,1
49,-14.08749771118164,1.4707506895065308,17.021663665771484,-1.4707506895065308,1.6910771131515503,16.264240264892578,5,1
50,-14.722359657287598,1.9438225030899048,16.896930694580078,-1.9438225030899048,1.7380775213241577,17.30400848388672,5,1
51,-14.72905158996582,2.4214491844177246,16.04979133605957,-2.4214491844177246,1.7509983777999878,19.446699142456055,5,1
52,-13.574822425842285,1.6072051525115967,15.404155731201172,-1.6072051525115967,1.7468619346618652,20.69196319580078,5,1
53,-14.021541595458984,2.2242984771728516,15.476797103881836,-2.2242984771728516,1.7625635862350464,21.085744857788086,5,1
54,-13.58876895904541,1.7600313425064087,14.5510892868042,-1.7600313425064087,1.8557928800582886,21.708345413208008,5,1
55,-14.853708267211914,3.6428756713867188,16.15958023071289,-3.6428756713867188,1.781163215637207,22.09242820739746,5,1
56,-14.249753952026367,2.6065902709960938,14.868122100830078,-2.6065902709960938,1.8378660678863525,21.896791458129883,5,1
57,-13.766033172607422,2.4071450233459473,15.815074920654297,-2.4071450233459473,1.8381328582763672,21.702863693237305,5,1
58,-13.193458557128906,1.5301053524017334,14.846478462219238,-1.5301053524017334,1.8659273386001587,21.128463745117188,5,1
59,-13.58774185180664,1.6867561340332031,14.82271671295166,-1.6867561340332031,1.9239739179611206,20.84817123413086,5,1
60,-13.578370094299316,1.8737376928329468,15.642858505249023,-1.8737376928329468,1.957890510559082,22.20602035522461,5,1
61,-13.41982364654541,1.9946177005767822,14.56351089477539,-1.9946177005767822,1.9567989110946655,23.353761672973633,5,1
62,-13.594633102416992,2.4426074028015137,15.89611530303955,-2.4426074028015137,2.000093936920166,21.336339950561523,5,1
63,-13.576040267944336,1.852933406829834,14.34623908996582,-1.852933406829834,1.987913727760315,21.879562377929688,5,1
64,-12.9922456741333,2.1134979724884033,14.062504768371582,-2.1134979724884033,2.0164072513580322,22.818618774414062,5,1
65,-12.683271408081055,1.576348066329956,13.817065238952637,-1.576348066329956,2.0765721797943115,23.232406616210938,5,1
66,-13.17392635345459,2.3185691833496094,15.267729759216309,-2.3185691833496094,2.0860579013824463,19.629655838012695,5,1
67,-12.911614418029785,1.2062557935714722,14.001367568969727,-1.2062557935714722,2.046471118927002,15.995457649230957,5,1
68,-12.615039825439453,1.0113641023635864,13.613190650939941,-1.0113641023635864,2.0857067108154297,16.111019134521484,5,1
69,-12.550132751464844,1.5449402332305908,14.701501846313477,-1.5449402332305908,2.1093993186950684,17.83386993408203,5,1
70,-12.377893447875977,0.9353833198547363,14.148244857788086,-0.9353833198547363,2.0740697383880615,18.35357666015625,5,1
71,-12.460455894470215,0.6729223132133484,14.000325202941895,-0.6729223132133484,2.1578195095062256,17.86617660522461,5,1
72,-12.225465774536133,0.06113552302122116,14.575443267822266,-0.06113552302122116,2.1117939949035645,17.11927604675293,5,1
73,-12.52546501159668,1.001969337463379,13.765716552734375,-1.001969337463379,2.1840546131134033,17.93346405029297,5,1
74,-11.945079803466797,0.05626634508371353,14.193442344665527,-0.05626634508371353,2.1836483478546143,17.433528900146484,5,1
75,-11.455753326416016,-0.8178474307060242,14.011857986450195,0.8178474307060242,2.166503667831421,19.694425582885742,5,1
76,-11.903749465942383,0.428516685962677,14.457765579223633,-0.428516685962677,2.169434070587158,21.981250762939453,5,1
77,-12.025091171264648,-0.45921534299850464,13.824939727783203,0.45921534299850464,2.264416217803955,26.46761131286621,5,1
78,-12.188586235046387,0.31415629386901855,14.194889068603516,-0.31415629386901855,2.2969841957092285,33.74220275878906,5,1
79,-11.703696250915527,-0.4160716235637665,14.224199295043945,0.4160716235637665,2.214179277420044,34.56732177734375,5,1
80,-11.137310028076172,-0.9282824993133545,14.540298461914062,0.9282824993133545,2.189516544342041,30.02059555053711,5,1
81,-11.285264015197754,-0.5935268402099609,14.494804382324219,0.5935268402099609,2.187246084213257,25.11736488342285,5,1
82,-11.706510543823242,-0.14989988505840302,15.238426208496094,0.14989988505840302,2.2821123600006104,19.038097381591797,5,1
83,-10.786256790161133,-1.277745008468628,13.800119400024414,1.277745008468628,2.253410816192627,17.386642456054688,5,1
84,-11.202726364135742,-0.7625313997268677,14.419816017150879,0.7625313997268677,2.307406425476074,17.81254005432129,5,1
85,-10.804146766662598,-1.6370431184768677,14.21550178527832,1.6370431184768677,2.2719881534576416,17.84651756286621,5,1
86,-10.75771713256836,-1.0962225198745728,14.165445327758789,1.0962225198745728,2.2058260440826416,20.07294464111328,5,1
87,-11.205679893493652,-0.6910942792892456,14.764360427856445,0.6910942792892456,2.239689350128174,21.696697235107422,5,1
88,-10.45498275756836,-2.1113147735595703,13.599029541015625,2.1113147735595703,2.2110190391540527,22.366968154907227,5,1
89,-10.41657829284668,-1.7635449171066284,14.6159029006958,1.7635449171066284,2.320915699005127,22.388038635253906,5,1
90,-10.551791191101074,-1.738072395324707,14.399127960205078,1.738072395324707,2.249277114868164,21.435434341430664,5,1
91,-10.369304656982422,-2.133927345275879,13.468283653259277,2.133927345275879,2.3055288791656494,22.474681854248047,5,1
92,-10.024736404418945,-2.5548737049102783,13.336145401000977,2.5548737049102783,2.1732113361358643,22.180316925048828,5,1
93,-9.807584762573242,-2.433086395263672,14.040949821472168,2.433086395263672,2.273712635040283,21.09021759033203,5,1
94,-10.159417152404785,-2.1942505836486816,13.350010871887207,2.1942505836486816,2.3162992000579834,19.9801025390625,5,1
95,-9.508462905883789,-2.153782367706299,12.87298583984375,2.153782367706299,2.2270615100860596,20.46380043029785,5,1
96,-9.523853302001953,-2.381044387817383,12.692901611328125,2.381044387817383,2.2402725219726562,20.832406997680664,5,1
97,-9.67618465423584,-2.135617256164551,13.399184226989746,2.135617256164551,2.1900763511657715,21.116165161132812,5,1
98,-9.558050155639648,-2.521437168121338,13.705568313598633,2.521437168121338,2.218033790588379,21.927793502807617,5,1
99,-9.791610717773438,-2.1355113983154297,13.223302841186523,2.1355113983154297,2.270075798034668,23.593368530273438,5,1
100,-9.509017944335938,-2.829026460647583,12.86475944519043,2.829026460647583,2.3087704181671143,25.187639236450195,5,1
101,-9.382781028747559,-3.1568121910095215,13.62161636352539,3.1568121910095215,2.1954755783081055,24.515478134155273,5,1
102,-9.284546852111816,-2.983321189880371,13.612297058105469,2.983321189880371,2.132124423980713,22.08030891418457,5,1
103,-9.140281677246094,-2.980442523956299,13.314567565917969,2.980442523956299,2.1841819286346436,21.174495697021484,5,1
104,-9.368102073669434,-2.910763740539551,13.82470703125,2.910763740539551,2.2127692699432373,20.048423767089844,5,1
105,-8.851277351379395,-3.3879153728485107,13.182848930358887,3.3879153728485107,2.2155559062957764,20.325639724731445,5,1
106,-8.97148323059082,-3.0499870777130127,12.89471435546875,3.0499870777130127,2.2454233169555664,20.953332901000977,5,1
107,-9.066217422485352,-3.007566452026367,13.314220428466797,3.007566452026367,2.1753289699554443,20.447608947753906,5,1
108,-8.739623069763184,-2.982539176940918,13.155872344970703,2.982539176940918,2.1458797454833984,18.55038833618164,5,1
109,-9.018089294433594,-2.5808966159820557,14.193099021911621,2.5808966159820557,2.171583890914917,16.570331573486328,5,1
110,-8.6085786819458,-3.4788241386413574,13.248308181762695,3.4788241386413574,2.0899078845977783,15.34320068359375,5,1
111,-9.184463500976562,-2.9609034061431885,13.867603302001953,2.9609034061431885,2.2159554958343506,16.582073211669922,5,1
112,-8.711220741271973,-3.5713603496551514,12.915672302246094,3.5713603496551514,2.116766929626465,19.126129150390625,5,1
113,-8.822906494140625,-2.6802978515625,12.803506851196289,2.6802978515625,2.2065229415893555,22.19856834411621,5,1
114,-9.089015007019043,-3.093088150024414,13.7658052444458,3.093088150024414,2.1934831142425537,24.346765518188477,5,1
115,-8.983980178833008,-3.0775747299194336,13.525089263916016,3.0775747299194336,2.1683621406555176,23.310176849365234,5,1
116,-8.223712921142578,-3.935260534286499,13.213376998901367,3.935260534286499,2.0319042205810547,19.649465560913086,5,1
117,-8.505829811096191,-3.4113223552703857,13.679631233215332,3.4113223552703857,2.072774887084961,16.665475845336914,5,1
118,-8.278311729431152,-3.748298168182373,12.269434928894043,3.748298168182373,2.116398572921753,14.676344871520996,5,1
119,-8.727642059326172,-3.2307333946228027,13.414194107055664,3.2307333946228027,2.2307074069976807,17.207372665405273,5,1
120,-8.143571853637695,-4.038417816162109,13.653242111206055,4.038417816162109,2.062297821044922,21.905019760131836,5,1
121,-8.335026741027832,-3.619206428527832,13.133563995361328,3.619206428527832,2.0943312644958496,27.192964553833008,5,1
122,-8.392666816711426,-3.0130531787872314,13.029485702514648,3.0130531787872314,2.0937256813049316,27.392627716064453,5,1
123,-8.255071640014648,-3.7292628288269043,12.895235061645508,3.7292628288269043,2.0710787773132324,22.56955337524414,5,1
124,-8.199322700500488,-3.3654630184173584,12.906449317932129,3.3654630184173584,2.104727268218994,18.16530418395996,5,1
125,-8.044207572937012,-3.684946298599243,12.761362075805664,3.684946298599243,2.168119192123413,16.286975860595703,5,1
126,-8.227126121520996,-3.5876097679138184,13.039663314819336,3.5876097679138184,2.132493257522583,15.245654106140137,5,1
127,-8.255611419677734,-3.538356304168701,13.272666931152344,3.538356304168701,2.0247013568878174,13.737874031066895,5,1
128,-7.8894877433776855,-4.073461532592773,13.208047866821289,4.073461532592773,2.1047418117523193,14.362966537475586,5,1
129,-8.08840560913086,-3.974545478820801,12.67553424835205,3.974545478820801,2.0580670833587646,17.64501190185547,5,1
130,-7.99894905090332,-3.404304027557373,12.616293907165527,3.404304027557373,2.1210272312164307,19.35934829711914,5,1
131,-8.039627075195312,-3.733877420425415,12.707472801208496,3.733877420425415,2.1122124195098877,18.98845672607422,5,1
132,-7.128720283508301,-4.704220771789551,12.629714012145996,4.704220771789551,1.9857215881347656,16.90509796142578,5,1
133,-7.541719436645508,-4.462512969970703,12.284685134887695,4.462512969970703,2.0339162349700928,12.953775405883789,5,1
134,-7.9116950035095215,-3.9895520210266113,12.82034969329834,3.9895520210266113,2.0354833602905273,11.628252983093262,5,1
135,-7.802420616149902,-3.526411533355713,12.537483215332031,3.526411533355713,1.978930115699768,13.531122207641602,5,1
136,-7.552336692810059,-3.903855800628662,12.251696586608887,3.903855800628662,2.0794074535369873,16.635700225830078,5,1
137,-7.614682197570801,-3.7351272106170654,12.97626781463623,3.7351272106170654,2.0666663646698,19.26578712463379,5,1
138,-7.783670425415039,-4.009544372558594,12.906462669372559,4.009544372558594,2.027515411376953,22.053699493408203,5,1
139,-7.307156562805176,-4.208933353424072,11.685056686401367,4.208933353424072,2.0496387481689453,24.965925216674805,5,1
140,-7.729301452636719,-3.7192931175231934,12.970218658447266,3.7192931175231934,2.0701427459716797,24.438255310058594,5,1
141,-7.537481307983398,-4.054905891418457,12.638912200927734,4.054905891418457,2.0331830978393555,21.53394317626953,5,1
142,-7.286215782165527,-4.373324394226074,11.72137451171875,4.373324394226074,1.9890717267990112,18.886112213134766,5,1
143,-7.4568095207214355,-4.4297285079956055,13.040949821472168,4.4297285079956055,2.0839757919311523,16.5900936126709,5,1
144,-7.338582992553711,-3.992276668548584,11.440381050109863,3.992276668548584,2.0002171993255615,14.250944137573242,5,1
145,-7.457331657409668,-3.881221294403076,12.368572235107422,3.881221294403076,2.0598018169403076,13.825419425964355,5,1
146,-7.024919033050537,-5.498650074005127,12.852075576782227,5.498650074005127,1.9466646909713745,14.336262702941895,5,1
147,-7.193485260009766,-4.187171936035156,11.918950080871582,4.187171936035156,2.1459367275238037,14.553693771362305,5,1
148,-7.164241790771484,-4.09126615524292,13.136180877685547,4.09126615524292,2.0393197536468506,15.304722785949707,5,1
149,-6.850902557373047,-4.534726619720459,12.839488983154297,4.534726619720459,2.02664852142334,18.259428024291992,5,1
150,-7.200985908508301,-3.7644083499908447,12.901533126831055,3.7644083499908447,2.0178561210632324,20.983606338500977,5,1
151,-6.635806560516357,-4.097259998321533,12.425469398498535,4.097259998321533,1.9953510761260986,20.103107452392578,5,1
152,-6.950179100036621,-4.919955253601074,12.448090553283691,4.919955253601074,2.012316942214966,16.979537963867188,5,1
153,-6.914585113525391,-4.788656234741211,12.705682754516602,4.788656234741211,2.048222303390503,13.37166976928711,5,1
154,-6.765911102294922,-5.963350296020508,13.414684295654297,5.963350296020508,1.9394161701202393,11.030832290649414,5,1
155,-6.97274112701416,-4.189215183258057,12.173544883728027,4.189215183258057,2.037741184234619,10.31892204284668,5,1
156,-6.840930461883545,-5.346864700317383,12.48248291015625,5.346864700317383,2.023477077484131,9.950667381286621,5,1
157,-6.737541198730469,-4.780459403991699,12.002838134765625,4.780459403991699,2.174082040786743,10.478644371032715,5,1
158,-6.866700649261475,-5.039212703704834,12.502925872802734,5.039212703704834,2.0444390773773193,11.476035118103027,5,1
159,-6.484517574310303,-5.187780380249023,12.199239730834961,5.187780380249023,2.031621217727661,13.017321586608887,5,1
160,-6.740584850311279,-5.337474822998047,11.926929473876953,5.337474822998047,2.085615396499634,14.412151336669922,5,1
161,-6.9532856941223145,-4.921420574188232,12.700571060180664,4.921420574188232,1.999093770980835,15.601534843444824,5,1
162,-6.655548095703125,-5.807340145111084,13.000659942626953,5.807340145111084,1.961198329925537,16.824392318725586,5,1
163,-6.743181228637695,-5.727341651916504,12.88986587524414,5.727341651916504,1.9762473106384277,20.58588409423828,5,1
164,-6.7625226974487305,-4.928739547729492,13.18944263458252,4.928739547729492,2.0860915184020996,25.618610382080078,5,1
165,-6.487160682678223,-5.562993049621582,12.576292037963867,5.562993049621582,2.100083351135254,24.83541488647461,5,1
166,-6.311131477355957,-5.288564205169678,12.162672996520996,5.288564205169678,2.0117998123168945,20.46526336669922,5,1
167,-6.302417755126953,-5.914119243621826,12.325668334960938,5.914119243621826,1.9638549089431763,16.342973709106445,5,1
168,-6.798455238342285,-4.894604682922363,13.172382354736328,4.894604682922363,2.0861871242523193,14.083406448364258,5,1
169,-6.752662181854248,-6.239978790283203,13.222396850585938,6.239978790283203,2.087822198867798,14.055163383483887,5,1
170,-6.468419075012207,-6.341712951660156,13.358114242553711,6.341712951660156,1.9901658296585083,16.52605628967285,5,1
171,-6.282057762145996,-5.7145867347717285,12.487936019897461,5.7145867347717285,2.0142903327941895,19.335556030273438,5,1
172,-6.509126663208008,-5.721397399902344,12.99976634979248,5.721397399902344,2.061408519744873,19.501346588134766,5,1
173,-6.385652542114258,-6.075974464416504,13.119668960571289,6.075974464416504,1.9786447286605835,15.69344425201416,5,1
174,-6.082218647003174,-6.580255508422852,12.188974380493164,6.580255508422852,2.044233560562134,10.988459587097168,5,1
175,-5.863000869750977,-5.857444763183594,13.254158020019531,5.857444763183594,2.0434582233428955,9.480280876159668,5,1
176,-6.352538108825684,-5.582540035247803,13.019477844238281,5.582540035247803,2.063246726989746,9.189191818237305,5,1
177,-5.916632652282715,-6.365769386291504,12.925639152526855,6.365769386291504,2.0301527976989746,9.380851745605469,5,1
178,-6.13987398147583,-6.040623664855957,13.081153869628906,6.040623664855957,2.094111680984497,12.657052040100098,5,1
179,-5.809545516967773,-7.118449687957764,12.853343963623047,7.118449687957764,2.0383708477020264,16.292593002319336,5,1
180,-6.0229973793029785,-5.909734725952148,13.270499229431152,5.909734725952148,2.044010877609253,17.159242630004883,5,1
181,-5.804476737976074,-6.642457008361816,13.45713996887207,6.642457008361816,1.9626156091690063,14.748345375061035,5,1
182,-6.262913227081299,-6.482571601867676,13.105560302734375,6.482571601867676,2.1107332706451416,12.937952041625977,5,1
183,-5.742704391479492,-6.308525085449219,13.644329071044922,6.308525085449219,2.014591932296753,13.168269157409668,5,1
184,-5.550942420959473,-6.710596561431885,12.685432434082031,6.710596561431885,1.9936566352844238,16.538753509521484,5,1
185,-6.261247634887695,-6.231711387634277,13.368091583251953,6.231711387634277,2.038522481918335,21.880680084228516,5,1
186,-5.880582809448242,-6.325401306152344,12.76624870300293,6.325401306152344,2.0533084869384766,24.326234817504883,5,1
187,-5.896040916442871,-6.369725227355957,12.853315353393555,6.369725227355957,2.0276148319244385,23.030757904052734,5,1
188,-5.653985977172852,-6.461786270141602,13.277637481689453,6.461786270141602,2.0006673336029053,18.117555618286133,5,1
189,-5.809624671936035,-6.459928512573242,12.063947677612305,6.459928512573242,2.0941061973571777,14.991118431091309,5,1
190,-5.936805725097656,-6.828631401062012,12.776100158691406,6.828631401062012,2.027813673019409,14.81330394744873,5,1
191,-5.4110565185546875,-7.353851318359375,13.317089080810547,7.353851318359375,2.0106730461120605,13.494513511657715,5,1
192,-5.632501602172852,-6.896055221557617,13.285736083984375,6.896055221557617,2.086620330810547,13.54915714263916,5,1
193,-5.44815731048584,-7.301258087158203,13.04119873046875,7.301258087158203,2.0442967414855957,13.39791202545166,5,1
194,-5.520137310028076,-7.638096809387207,13.086724281311035,7.638096809387207,2.0060830116271973,11.789772987365723,5,1
195,-5.701396465301514,-6.380249500274658,13.512725830078125,6.380249500274658,2.066516399383545,10.178923606872559,5,1
196,-5.655109405517578,-6.862334728240967,13.577160835266113,6.862334728240967,1.9964148998260498,10.240022659301758,5,1
197,-5.78331995010376,-6.812356472015381,13.28818130493164,6.812356472015381,1.9916040897369385,11.172385215759277,5,1
198,-5.793791770935059,-7.097487926483154,13.87086009979248,7.097487926483154,1.9408204555511475,13.164294242858887,5,1
199,-5.567845821380615,-7.576077938079834,13.4586181640625,7.576077938079834,1.983870506286621,14.795990943908691,5,1
200,-5.281670570373535,-7.585639953613281,13.545626640319824,7.585639953613281,1.9926424026489258,12.83109188079834,5,1
201,-5.535515785217285,-7.25454044342041,13.02655029296875,7.25454044342041,1.9743789434432983,12.391971588134766,5,1
202,-5.372588157653809,-6.964686393737793,13.723554611206055,6.964686393737793,2.0041744709014893,15.442788124084473,5,1
203,-5.548847675323486,-6.354671001434326,12.731307983398438,6.354671001434326,2.072239637374878,19.696603775024414,5,1
204,-5.184150695800781,-6.984278678894043,12.34158992767334,6.984278678894043,2.0358831882476807,21.66443634033203,5,1
205,-5.360376834869385,-7.370844841003418,13.237469673156738,7.370844841003418,2.0056235790252686,21.297809600830078,5,1
206,-5.254543781280518,-7.380580902099609,13.575408935546875,7.380580902099609,1.9902788400650024,17.779888153076172,5,1
207,-5.5228729248046875,-5.836385726928711,12.433462142944336,5.836385726928711,2.099583625793457,14.582808494567871,5,1
208,-5.37782096862793,-7.768868446350098,13.829473495483398,7.768868446350098,1.9754866361618042,12.312969207763672,5,1
209,-5.206045627593994,-7.858283042907715,13.339916229248047,7.858283042907715,1.9420255422592163,11.939282417297363,5,1
210,-5.221452236175537,-6.940486907958984,13.325418472290039,6.940486907958984,2.064483880996704,13.680062294006348,5,1
211,-5.208669185638428,-7.217959403991699,13.552229881286621,7.217959403991699,2.0103933811187744,14.872920989990234,5,1
212,-4.969281196594238,-7.7284979820251465,12.354248046875,7.7284979820251465,1.9760947227478027,15.173925399780273,5,1
213,-5.071141719818115,-7.232816696166992,12.669666290283203,7.232816696166992,2.0883209705352783,14.861505508422852,5,1
214,-5.727928638458252,-6.88721227645874,13.496245384216309,6.88721227645874,2.0423061847686768,12.28669548034668,5,1
215,-5.1716156005859375,-7.105650901794434,13.426398277282715,7.105650901794434,2.0701239109039307,10.460433959960938,5,1
216,-5.04536771774292,-8.15261173248291,13.434595108032227,8.15261173248291,2.0410921573638916,10.652314186096191,5,1
217,-4.9822468757629395,-7.065445899963379,12.687860488891602,7.065445899963379,1.9480040073394775,10.53442668914795,5,1
218,-5.104813575744629,-7.812458515167236,13.879972457885742,7.812458515167236,1.9721492528915405,11.3060884475708,5,1
219,-4.916356086730957,-8.115120887756348,13.279407501220703,8.115120887756348,1.9664380550384521,15.63906478881836,5,1
220,-5.440970420837402,-7.410769462585449,12.635183334350586,7.410769462585449,2.030512809753418,19.55944061279297,5,1
221,-5.044838905334473,-6.955129146575928,12.600871086120605,6.955129146575928,2.066136360168457,20.55118179321289,5,1
222,-4.95369815826416,-7.375986576080322,13.000547409057617,7.375986576080322,2.0441222190856934,18.506223678588867,5,1
223,-4.833776473999023,-7.55587100982666,12.91433334350586,7.55587100982666,2.014418840408325,16.143552780151367,5,1
224,-4.904097080230713,-7.144263744354248,12.745738983154297,7.144263744354248,2.0419328212738037,14.654231071472168,5,1
225,-5.14470100402832,-8.100401878356934,14.342203140258789,8.100401878356934,1.948217749595642,15.603625297546387,5,1
226,-4.854725360870361,-7.97779655456543,13.629997253417969,7.97779655456543,2.008310556411743,16.5345516204834,5,1
227,-4.934887409210205,-7.24275541305542,13.481772422790527,7.24275541305542,1.9929749965667725,14.160335540771484,5,1
228,-4.711981773376465,-7.360904693603516,12.907402992248535,7.360904693603516,2.003730297088623,11.861522674560547,5,1
229,-4.560357093811035,-8.249029159545898,12.393442153930664,8.249029159545898,1.9216597080230713,10.992517471313477,5,1
230,-4.473312854766846,-7.644830703735352,12.777982711791992,7.644830703735352,1.9518409967422485,10.175519943237305,5,1
231,-4.644820690155029,-7.895920753479004,13.068746566772461,7.895920753479004,1.9883488416671753,11.428141593933105,5,1
232,-4.838726043701172,-7.60992431640625,12.50372314453125,7.60992431640625,1.966063141822815,12.626219749450684,5,1
233,-4.648268699645996,-7.944884300231934,12.855745315551758,7.944884300231934,1.9667062759399414,13.646499633789062,5,1
234,-4.732877731323242,-7.645478248596191,12.44287109375,7.645478248596191,2.0157699584960938,15.237770080566406,5,1
235,-4.554617404937744,-8.135014533996582,12.76133918762207,8.135014533996582,2.0203120708465576,17.721269607543945,5,1
236,-4.860742568969727,-8.070947647094727,13.245903015136719,8.070947647094727,1.9326729774475098,18.02012062072754,5,1
237,-4.704700469970703,-7.910898208618164,12.68646240234375,7.910898208618164,1.9680501222610474,15.463830947875977,5,1
238,-4.50477933883667,-7.741244316101074,12.548325538635254,7.741244316101074,2.0045113563537598,12.268911361694336,5,1
239,-4.673202037811279,-7.974864482879639,12.984644889831543,7.974864482879639,1.9410607814788818,9.091554641723633,5,1
240,-4.625113010406494,-6.868819236755371,12.452386856079102,6.868819236755371,2.1350765228271484,9.453709602355957,5,1
241,-4.563333034515381,-8.39420223236084,13.132574081420898,8.39420223236084,2.0321426391601562,9.854769706726074,5,1
242,-4.670751094818115,-7.779187202453613,12.895636558532715,7.779187202453613,2.049513339996338,11.930357933044434,5,1
243,-4.6554179191589355,-7.020079135894775,13.11798095703125,7.020079135894775,1.9263417720794678,14.457562446594238,5,1
244,-4.597623825073242,-7.798553943634033,12.480291366577148,7.798553943634033,1.9389233589172363,15.188393592834473,5,1
245,-4.388626575469971,-7.570151329040527,12.545863151550293,7.570151329040527,1.977746844291687,14.4982328414917,5,1
246,-4.789095401763916,-7.69401741027832,12.897842407226562,7.69401741027832,1.9885013103485107,17.291522979736328,5,1
247,-4.521220684051514,-7.490081310272217,12.83238410949707,7.490081310272217,2.0543251037597656,18.928386688232422,5,1
248,-4.183295726776123,-8.356756210327148,12.79305648803711,8.356756210327148,1.9436603784561157,13.885258674621582,5,1
249,-4.487452030181885,-7.840465545654297,13.00683307647705,7.840465545654297,1.990342378616333,8.164327621459961,5,1
250,-4.357308387756348,-7.131300926208496,11.842613220214844,7.131300926208496,1.989124059677124,7.727280139923096,5,1
251,-4.259450912475586,-9.076032638549805,13.123174667358398,9.076032638549805,1.9247448444366455,8.92946720123291,5,1
252,-4.38675594329834,-7.781745910644531,12.931049346923828,7.781745910644531,1.9627752304077148,9.95044231414795,5,1
253,-4.5043768882751465,-7.519748210906982,13.677461624145508,7.519748210906982,1.956002950668335,11.825589179992676,5,1
254,-4.573276519775391,-7.129827499389648,11.794364929199219,7.129827499389648,1.9570064544677734,14.906352043151855,5,1
255,-4.551375865936279,-8.088476181030273,12.634056091308594,8.088476181030273,2.012599229812622,18.741031646728516,5,1
256,-4.056771278381348,-7.735041618347168,11.997273445129395,7.735041618347168,2.0216896533966064,17.53865623474121,5,1
257,-4.7356743812561035,-7.092126846313477,12.982206344604492,7.092126846313477,2.0087645053863525,13.22848129272461,5,1
258,-4.356564044952393,-7.970067977905273,13.012336730957031,7.970067977905273,1.9658830165863037,11.011458396911621,5,1
259,-4.339864730834961,-7.523580551147461,13.239494323730469,7.523580551147461,2.010601043701172,10.086114883422852,5,1
260,-4.521612167358398,-7.863652229309082,11.934246063232422,7.863652229309082,1.9829117059707642,9.9429292678833,5,1
261,-4.482604503631592,-7.228100776672363,12.546219825744629,7.228100776672363,2.0003292560577393,11.35252571105957,5,1
262,-4.2436981201171875,-7.696220397949219,11.475181579589844,7.696220397949219,1.983339786529541,11.69205379486084,5,1
263,-4.320297718048096,-8.011887550354004,12.34891128540039,8.011887550354004,1.889263391494751,11.415109634399414,5,1
264,-4.607619285583496,-6.39743709564209,12.460447311401367,6.39743709564209,2.0655736923217773,13.056377410888672,5,1
265,-4.351931571960449,-7.475384712219238,12.605978012084961,7.475384712219238,2.019681930541992,13.809743881225586,5,1
266,-4.097419738769531,-7.291293144226074,12.148118019104004,7.291293144226074,1.9879995584487915,14.979681968688965,5,1
267,-4.0168561935424805,-7.969759941101074,12.885926246643066,7.969759941101074,1.9962421655654907,15.193532943725586,5,1
268,-4.298016548156738,-6.701084136962891,11.963174819946289,6.701084136962891,1.952536940574646,14.166487693786621,5,1
269,-4.129326343536377,-7.148797035217285,10.87109375,7.148797035217285,1.9625216722488403,11.717464447021484,5,1
270,-4.349151611328125,-7.551050186157227,11.323467254638672,7.551050186157227,2.001465082168579,10.83890151977539,5,1
271,-4.190794944763184,-7.7489213943481445,12.204209327697754,7.7489213943481445,2.0540926456451416,11.52192211151123,5,1
272,-4.011563301086426,-8.36653995513916,12.11325454711914,8.36653995513916,1.9830315113067627,11.9817533493042,5,1
273,-4.032154083251953,-6.48960018157959,11.340624809265137,6.48960018157959,2.0306389331817627,12.75425910949707,5,1
274,-4.126361846923828,-7.500969409942627,11.802549362182617,7.500969409942627,1.997812032699585,11.811540603637695,5,1
275,-4.353036403656006,-7.718734264373779,13.043432235717773,7.718734264373779,2.004487991333008,11.627053260803223,5,1
276,-3.7198822498321533,-7.555271148681641,11.943580627441406,7.555271148681641,1.9096356630325317,11.15710163116455,5,1
277,-3.96415638923645,-6.700988292694092,11.793139457702637,6.700988292694092,2.0030243396759033,9.214442253112793,5,1
278,-4.399996757507324,-7.511974334716797,12.226907730102539,7.511974334716797,1.9870184659957886,8.436407089233398,5,1
279,-4.135656356811523,-7.584244728088379,12.776403427124023,7.584244728088379,1.962286353111267,12.154376983642578,5,1
280,-4.233689308166504,-7.208649635314941,12.086322784423828,7.208649635314941,1.9898052215576172,18.638031005859375,5,1
281,-4.154753684997559,-6.548348903656006,11.680634498596191,6.548348903656006,2.04186749458313,19.744976043701172,5,1
282,-4.0877838134765625,-7.083719253540039,11.07408332824707,7.083719253540039,2.011162042617798,14.328607559204102,5,1
283,-3.7319717407226562,-8.600137710571289,11.66655158996582,8.600137710571289,1.9595272541046143,10.89655876159668,5,1
284,-4.134881496429443,-7.117240905761719,11.75698471069336,7.117240905761719,1.9428870677947998,10.627683639526367,5,1
285,-3.98260498046875,-6.655973434448242,11.148210525512695,6.655973434448242,2.071030378341675,12.034478187561035,5,1
286,-4.193236827850342,-7.212675094604492,11.235052108764648,7.212675094604492,2.024484634399414,11.509581565856934,5,1
287,-3.650861978530884,-7.733997344970703,12.10789680480957,7.733997344970703,1.922607183456421,12.482987403869629,5,1
288,-4.067984104156494,-7.426202297210693,12.085079193115234,7.426202297210693,1.9896109104156494,13.419054985046387,5,1
289,-4.287647247314453,-6.955416202545166,11.231966018676758,6.955416202545166,1.9735276699066162,13.663905143737793,5,1
290,-3.9756860733032227,-6.57674503326416,10.975994110107422,6.57674503326416,1.9991474151611328,12.84441089630127,5,1
291,-3.883937120437622,-7.477574348449707,12.059469223022461,7.477574348449707,1.9570969343185425,12.353044509887695,5,1
292,-4.304205417633057,-7.289112567901611,12.08121395111084,7.289112567901611,2.0298354625701904,10.696102142333984,5,1
293,-4.284708023071289,-6.969130516052246,11.679217338562012,6.969130516052246,1.9726580381393433,7.202147960662842,5,1
294,-4.211789608001709,-6.6274518966674805,11.693839073181152,6.6274518966674805,1.838454246520996,5.774693489074707,5,1
295,-3.746272563934326,-7.185670852661133,11.172394752502441,7.185670852661133,1.9679064750671387,7.7829718589782715,5,1
296,-3.8175714015960693,-6.975013732910156,10.573070526123047,6.975013732910156,1.9312078952789307,11.676124572753906,5,1
297,-4.015320777893066,-6.423388481140137,10.934021949768066,6.423388481140137,1.9782567024230957,15.97739315032959,5,1
298,-3.9987871646881104,-5.8987836837768555,10.938182830810547,5.8987836837768555,2.034618377685547,18.147550582885742,5,1
299,-4.191682815551758,-6.819347858428955,11.344156265258789,6.819347858428955,1.9242010116577148,16.604719161987305,5,1
300,-3.839759111404419,-7.601473331451416,10.855707168579102,7.601473331451416,1.983272671699524,13.769904136657715,5,1
301,-4.099363803863525,-5.440128326416016,10.61564826965332,5.440128326416016,2.0375404357910156,14.289531707763672,5,1
302,-4.053776741027832,-7.020954132080078,11.484986305236816,7.020954132080078,1.9727706909179688,15.345667839050293,5,1
303,-4.063705921173096,-7.57594633102417,12.079193115234375,7.57594633102417,2.039038896560669,14.156469345092773,5,1
304,-3.724996328353882,-7.372966766357422,10.814529418945312,7.372966766357422,1.9079086780548096,10.375216484069824,5,1
305,-3.757617950439453,-6.1398773193359375,10.744810104370117,6.1398773193359375,2.032552719116211,8.833057403564453,5,1
306,-4.102687835693359,-6.169953346252441,10.860118865966797,6.169953346252441,2.0117969512939453,8.464020729064941,5,1
307,-4.031572341918945,-5.905334949493408,10.531606674194336,5.905334949493408,2.0503504276275635,10.75605297088623,5,1
308,-3.7835633754730225,-7.033167362213135,11.430551528930664,7.033167362213135,1.9223073720932007,11.839618682861328,5,1
309,-3.67454195022583,-6.204924583435059,10.199129104614258,6.204924583435059,1.9842665195465088,11.802656173706055,5,1
310,-4.017132759094238,-5.923158645629883,10.087589263916016,5.923158645629883,2.0847864151000977,11.494441032409668,5,1
311,-3.8983044624328613,-7.279025554656982,10.913870811462402,7.279025554656982,1.9690179824829102,9.865516662597656,5,1
312,-3.8365097045898438,-6.031805038452148,11.380502700805664,6.031805038452148,1.9129047393798828,9.310970306396484,5,1
313,-4.149684906005859,-6.906380653381348,11.343496322631836,6.906380653381348,1.9332280158996582,10.684652328491211,5,1
314,-3.9316704273223877,-5.949656963348389,9.999266624450684,5.949656963348389,1.9006997346878052,12.321602821350098,5,1
315,-3.789217710494995,-5.835022926330566,11.342724800109863,5.835022926330566,1.9870988130569458,12.186980247497559,5,1
316,-4.129589557647705,-7.1950364112854,10.816558837890625,7.1950364112854,1.907590389251709,11.993833541870117,5,1
317,-3.8303658962249756,-6.748371124267578,10.647850036621094,6.748371124267578,1.8594214916229248,13.488786697387695,5,1
318,-3.882111072540283,-5.657851696014404,10.400323867797852,5.657851696014404,1.9519394636154175,14.71829891204834,5,1
319,-3.8768491744995117,-5.645157814025879,9.707107543945312,5.645157814025879,1.940287470817566,13.999288558959961,5,1
320,-3.9368278980255127,-4.95003604888916,8.880891799926758,4.95003604888916,2.0146477222442627,13.097232818603516,5,1
321,-3.673463821411133,-6.463440418243408,10.17603874206543,6.463440418243408,1.9939106702804565,12.229414939880371,5,1
322,-3.9943270683288574,-6.750997543334961,11.656936645507812,6.750997543334961,1.9519083499908447,13.505212783813477,5,1
323,-3.9526777267456055,-6.6156325340271,10.596118927001953,6.6156325340271,1.9374819993972778,12.018526077270508,5,1
324,-3.732832908630371,-5.651119232177734,9.570289611816406,5.651119232177734,1.939424753189087,10.560517311096191,5,1
325,-4.00846004486084,-5.646450996398926,10.761226654052734,5.646450996398926,1.9767175912857056,10.361334800720215,5,1
326,-3.7414913177490234,-5.531311511993408,9.799314498901367,5.531311511993408,1.9459748268127441,9.170611381530762,5,1
327,-3.8225295543670654,-5.977303504943848,10.168651580810547,5.977303504943848,2.011605739593506,9.07854175567627,5,1
328,-3.812197208404541,-6.469926834106445,10.053214073181152,6.469926834106445,1.9848731756210327,11.063471794128418,5,1
329,-4.198807716369629,-4.584321975708008,10.689996719360352,4.584321975708008,1.983482837677002,12.145709037780762,5,1
330,-4.185217380523682,-4.986817359924316,10.024425506591797,4.986817359924316,1.937615156173706,13.065524101257324,5,1
331,-3.697110891342163,-5.3194780349731445,9.86665153503418,5.3194780349731445,1.958681344985962,14.8346529006958,5,1
332,-3.811069965362549,-5.65003776550293,9.554496765136719,5.65003776550293,1.9741648435592651,16.191797256469727,5,1
333,-3.9392800331115723,-5.751584529876709,9.499208450317383,5.751584529876709,1.9342538118362427,14.490148544311523,5,1
334,-3.700187921524048,-5.837069988250732,9.968619346618652,5.837069988250732,1.9148026704788208,10.370709419250488,5,1
335,-4.00773286819458,-4.254726409912109,9.728010177612305,4.254726409912109,2.0718119144439697,7.288830280303955,5,1
336,-3.714571237564087,-5.549637794494629,9.769662857055664,5.549637794494629,1.9322967529296875,8.059517860412598,5,1
337,-3.6578187942504883,-6.238635063171387,10.603845596313477,6.238635063171387,1.9359734058380127,8.29423713684082,5,1
338,-3.9777567386627197,-4.369070053100586,9.03726577758789,4.369070053100586,2.037605047225952,7.399242401123047,5,1
339,-3.857480764389038,-5.498220443725586,9.278667449951172,5.498220443725586,2.036439895629883,6.608091831207275,5,1
340,-3.90850567817688,-6.233208656311035,10.222936630249023,6.233208656311035,2.0276682376861572,7.025477409362793,5,1
341,-3.7028863430023193,-5.068197250366211,8.748517990112305,5.068197250366211,2.033817768096924,8.571203231811523,5,1
342,-3.7747178077697754,-5.332059383392334,9.667880058288574,5.332059383392334,2.0075268745422363,11.321513175964355,5,1
343,-3.9137024879455566,-5.690134048461914,10.989374160766602,5.690134048461914,1.975819706916809,12.874008178710938,5,1
344,-3.834472417831421,-5.997654438018799,9.9169282913208,5.997654438018799,1.8799004554748535,14.162728309631348,5,1
345,-3.830263614654541,-4.8991804122924805,9.108566284179688,4.8991804122924805,1.9336161613464355,14.180282592773438,5,1
346,-3.9128096103668213,-5.767838478088379,8.983890533447266,5.767838478088379,1.9504390954971313,11.341200828552246,5,1
347,-3.924276351928711,-3.4973807334899902,7.110447883605957,3.4973807334899902,2.0206494331359863,11.255973815917969,5,1
348,-3.824998378753662,-4.641395092010498,8.703585624694824,4.641395092010498,1.9890382289886475,11.955507278442383,5,1
349,-3.6847634315490723,-4.806829452514648,8.474661827087402,4.806829452514648,1.9490901231765747,11.99929141998291,5,1
350,-3.844235897064209,-5.37241792678833,9.369348526000977,5.37241792678833,1.9760414361953735,12.086071968078613,5,1
351,-3.9344029426574707,-5.646617889404297,8.988590240478516,5.646617889404297,1.9801937341690063,12.714954376220703,5,1
352,-3.9233455657958984,-4.4461212158203125,8.2630615234375,4.4461212158203125,2.0500590801239014,13.932403564453125,5,1
353,-3.7677001953125,-4.5490312576293945,9.172630310058594,4.5490312576293945,2.017768383026123,12.131821632385254,5,1
354,-3.9916350841522217,-4.400572776794434,9.041903495788574,4.400572776794434,2.0403809547424316,10.743005752563477,5,1
355,-3.7242467403411865,-5.238419532775879,8.752812385559082,5.238419532775879,2.0120041370391846,10.232938766479492,5,1
356,-3.6957967281341553,-4.253374099731445,8.791568756103516,4.253374099731445,2.0183355808258057,7.692317962646484,5,1
357,-3.9871861934661865,-5.507941722869873,9.778980255126953,5.507941722869873,1.980662226676941,7.986095428466797,5,1
358,-3.8017735481262207,-3.591647148132324,7.951999664306641,3.591647148132324,2.0802838802337646,11.28762149810791,5,1
359,-4.126861095428467,-4.045907020568848,9.026815414428711,4.045907020568848,2.033522844314575,11.530989646911621,5,1
360,-3.9092307090759277,-4.690567970275879,8.795234680175781,4.690567970275879,1.9212902784347534,9.481755256652832,5,1
361,-3.9656713008880615,-4.129100799560547,8.650899887084961,4.129100799560547,2.022592306137085,9.908782958984375,5,1
362,-3.9751734733581543,-4.922278881072998,8.277280807495117,4.922278881072998,2.0005764961242676,12.144457817077637,5,1
363,-3.8812224864959717,-3.6997461318969727,7.61619758605957,3.6997461318969727,2.095383405685425,13.457054138183594,5,1
364,-3.899949073791504,-3.920398712158203,7.86588191986084,3.920398712158203,2.0248830318450928,13.122862815856934,5,1
365,-4.0129313468933105,-4.527491569519043,8.212833404541016,4.527491569519043,2.0030107498168945,12.577495574951172,5,1
366,-3.9287595748901367,-4.784903526306152,8.865281105041504,4.784903526306152,1.951351523399353,10.51088809967041,5,1
367,-3.960545539855957,-3.127622127532959,7.948369979858398,3.127622127532959,2.059852123260498,8.863625526428223,5,1
368,-3.6406712532043457,-4.407750129699707,8.333524703979492,4.407750129699707,2.0223934650421143,8.548796653747559,5,1
369,-3.934354305267334,-3.3180131912231445,8.00661563873291,3.3180131912231445,1.9580166339874268,8.92367935180664,5,1
370,-3.5019140243530273,-3.47269344329834,6.993215560913086,3.47269344329834,2.092939615249634,10.430641174316406,5,1
371,-3.695800304412842,-3.635970115661621,8.100345611572266,3.635970115661621,2.0277657508850098,10.5358247756958,5,1
372,-3.882190465927124,-3.6462841033935547,8.012914657592773,3.6462841033935547,2.0279901027679443,11.053054809570312,5,1
373,-3.874260663986206,-3.4916110038757324,8.601188659667969,3.4916110038757324,2.036796808242798,10.010961532592773,5,1
374,-3.675513744354248,-4.53944206237793,8.10357666015625,4.53944206237793,1.9502567052841187,8.998983383178711,5,1
375,-3.997035503387451,-3.393739938735962,7.360776901245117,3.393739938735962,2.0656418800354004,7.546944618225098,5,1
376,-3.707172393798828,-4.492063999176025,7.948937892913818,4.492063999176025,1.9227279424667358,7.4651312828063965,5,1
377,-3.5859310626983643,-3.7872538566589355,6.762241363525391,3.7872538566589355,1.9961625337600708,7.829213619232178,5,1
378,-4.065298080444336,-3.37253737449646,7.386349678039551,3.37253737449646,2.051278829574585,8.935009002685547,5,1
379,-3.8735971450805664,-3.715686798095703,7.601233959197998,3.715686798095703,2.069000244140625,10.23537826538086,5,1
380,-4.1798200607299805,-4.699739456176758,8.32514762878418,4.699739456176758,2.024925708770752,12.403850555419922,5,1
381,-3.741558074951172,-3.0552382469177246,7.356400489807129,3.0552382469177246,2.076714038848877,14.851876258850098,5,1
382,-4.046062469482422,-2.5314035415649414,7.866270542144775,2.5314035415649414,2.1286745071411133,14.799275398254395,5,1
383,-4.302616596221924,-3.6415939331054688,8.946001052856445,3.6415939331054688,1.9373786449432373,10.439314842224121,5,1
384,-3.540977954864502,-3.420382499694824,6.805490493774414,3.420382499694824,2.008012056350708,7.30908203125,5,1
385,-3.8402655124664307,-2.764622926712036,7.112367153167725,2.764622926712036,2.130089521408081,7.176455497741699,5,1
386,-3.8614518642425537,-2.7330946922302246,7.93065071105957,2.7330946922302246,2.022012233734131,8.381755828857422,5,1
387,-3.8437278270721436,-3.538931369781494,8.354209899902344,3.538931369781494,2.0229272842407227,8.322955131530762,5,1
388,-3.9222230911254883,-4.566435813903809,8.088483810424805,4.566435813903809,2.0526912212371826,8.973987579345703,5,1
389,-3.9500739574432373,-3.5839507579803467,7.137110710144043,3.5839507579803467,2.0704801082611084,9.425339698791504,5,1
390,-3.954479694366455,-1.7622721195220947,6.244596004486084,1.7622721195220947,2.088914632797241,10.996474266052246,5,1
391,-4.100748538970947,-3.138725757598877,7.626101493835449,3.138725757598877,2.0983872413635254,11.956539154052734,5,1
392,-3.9451332092285156,-2.3974623680114746,7.086650848388672,2.3974623680114746,2.038257122039795,12.421670913696289,5,1
393,-3.8920342922210693,-2.9858388900756836,6.955569267272949,2.9858388900756836,2.1191108226776123,10.864887237548828,5,1
394,-3.84712290763855,-2.748868703842163,6.788698196411133,2.748868703842163,2.0436902046203613,10.507672309875488,5,1
395,-3.769286870956421,-2.4359378814697266,6.80271577835083,2.4359378814697266,2.0703694820404053,12.514084815979004,5,1
396,-3.8814382553100586,-3.3471994400024414,8.370332717895508,3.3471994400024414,2.08880877494812,12.81091022491455,5,1
397,-3.8845605850219727,-2.940603494644165,7.694069862365723,2.940603494644165,1.9766466617584229,11.414997100830078,5,1
398,-3.856602191925049,-3.4986939430236816,7.289038181304932,3.4986939430236816,2.106003522872925,10.409523963928223,5,1
399,-4.044467926025391,-1.1772788763046265,5.377475738525391,1.1772788763046265,2.1386990547180176,9.702030181884766,5,1
400,-3.9904375076293945,-3.268679618835449,7.2988433837890625,3.268679618835449,2.0987558364868164,7.632267951965332,5,1
401,-4.001575469970703,-2.7352893352508545,6.744783401489258,2.7352893352508545,2.0769734382629395,7.453168869018555,5,1
402,-3.679431676864624,-2.7220170497894287,8.466485977172852,2.7220170497894287,2.0664453506469727,8.13173770904541,5,1
403,-4.012729167938232,-2.8441154956817627,6.68724250793457,2.8441154956817627,2.004214286804199,8.926084518432617,5,1
404,-4.060760498046875,-2.784740686416626,5.978144645690918,2.784740686416626,2.1601309776306152,10.834165573120117,5,1
405,-4.313344955444336,-2.44620680809021,6.70858097076416,2.44620680809021,2.1070926189422607,11.400406837463379,5,1
406,-3.942882776260376,-1.3795822858810425,5.712520122528076,1.3795822858810425,1.99337637424469,11.181904792785645,5,1
407,-3.66672945022583,-2.2054717540740967,6.865914344787598,2.2054717540740967,2.1417324542999268,9.373892784118652,5,1
408,-3.9390900135040283,-2.355231523513794,6.0670247077941895,2.355231523513794,2.0978384017944336,7.637279510498047,5,1
409,-3.8916971683502197,-2.164249897003174,6.458433151245117,2.164249897003174,2.0860304832458496,7.340043544769287,5,1
410,-4.132208824157715,-1.7487438917160034,6.2013044357299805,1.7487438917160034,1.9654486179351807,6.258556842803955,5,1
411,-4.141404151916504,-2.2486047744750977,6.978695869445801,2.2486047744750977,2.1625688076019287,6.735882759094238,5,1
412,-3.882981061935425,-2.0584568977355957,5.373079299926758,2.0584568977355957,1.9967178106307983,8.051798820495605,5,1
413,-4.04566764831543,-1.4609479904174805,6.926092147827148,1.4609479904174805,2.1797351837158203,9.568070411682129,5,1
414,-4.109473705291748,-1.797470211982727,6.532278537750244,1.797470211982727,2.214745044708252,11.009005546569824,5,1
415,-3.7249138355255127,-3.8387248516082764,7.196950912475586,3.8387248516082764,2.1340372562408447,12.275054931640625,5,1
416,-3.8336527347564697,-1.5466376543045044,6.6047821044921875,1.5466376543045044,2.110837459564209,11.137311935424805,5,1
417,-4.156105995178223,-1.6467280387878418,6.4593939781188965,1.6467280387878418,2.203032970428467,13.392024040222168,5,1
418,-4.184385299682617,-1.076859712600708,5.839166641235352,1.076859712600708,2.0563316345214844,13.511797904968262,5,1
419,-4.06251335144043,-1.9678372144699097,6.0396881103515625,1.9678372144699097,2.103410005569458,9.164108276367188,5,1
420,-4.049590110778809,-2.8878073692321777,7.942460536956787,2.8878073692321777,2.082226037979126,8.13133430480957,5,1
421,-3.8233802318573,-0.919104278087616,5.747854232788086,0.919104278087616,2.1175880432128906,7.670166492462158,5,1
422,-4.345341682434082,-1.1168463230133057,6.118149280548096,1.1168463230133057,2.1677513122558594,7.963202476501465,5,1
423,-4.258452415466309,-2.2025773525238037,6.334464073181152,2.2025773525238037,2.1053802967071533,8.930763244628906,5,1
424,-4.295177459716797,-0.7389939427375793,6.11240291595459,0.7389939427375793,2.167609214782715,9.615644454956055,5,1
425,-4.20864200592041,-2.71006441116333,7.397273063659668,2.71006441116333,2.1066296100616455,8.768265724182129,5,1
426,-4.149825572967529,-1.4485098123550415,5.947849273681641,1.4485098123550415,2.112269163131714,6.842442035675049,5,1
427,-3.848475217819214,-1.1375041007995605,5.595486164093018,1.1375041007995605,2.128196954727173,8.624765396118164,5,1
428,-4.000471115112305,-1.9034371376037598,6.544171333312988,1.9034371376037598,2.1833794116973877,10.709388732910156,5,1
429,-4.076831817626953,-2.5747039318084717,5.179598331451416,2.5747039318084717,2.0869619846343994,10.64686107635498,5,1
430,-4.232858657836914,-1.872002124786377,7.226945877075195,1.872002124786377,2.2208704948425293,10.38776683807373,5,1
431,-3.899549961090088,-2.122690200805664,5.274684906005859,2.122690200805664,2.125110387802124,9.342510223388672,5,1
432,-4.102900981903076,-1.7533068656921387,6.029305458068848,1.7533068656921387,2.173494577407837,9.761183738708496,5,1
433,-3.964031934738159,-1.2198841571807861,5.990084648132324,1.2198841571807861,2.2617337703704834,8.968036651611328,5,1
434,-4.051675796508789,-2.5173327922821045,6.159844398498535,2.5173327922821045,2.1315367221832275,8.482315063476562,5,1
435,-4.136954307556152,-1.1200412511825562,5.176780700683594,1.1200412511825562,2.2414705753326416,7.341386318206787,5,1
436,-4.30789041519165,-0.9828628897666931,5.986613750457764,0.9828628897666931,2.2042200565338135,8.220980644226074,5,1
437,-4.217639446258545,-2.2452526092529297,6.812143802642822,2.2452526092529297,2.1767430305480957,9.71347713470459,5,1
438,-4.08446741104126,-1.3521614074707031,7.190544605255127,1.3521614074707031,2.203420400619507,11.186173439025879,5,1
439,-4.178386688232422,-1.7189826965332031,6.307550430297852,1.7189826965332031,2.1594655513763428,11.016619682312012,5,1
440,-4.010689735412598,-0.23768378794193268,6.022939205169678,0.23768378794193268,2.214416742324829,10.149747848510742,5,1
441,-4.026111125946045,-1.2668509483337402,5.5946197509765625,1.2668509483337402,2.1495156288146973,9.480966567993164,5,1
442,-4.067908763885498,-0.030976708978414536,4.009143829345703,0.030976708978414536,2.2687320709228516,8.707564353942871,5,1
443,-4.106872081756592,-1.416435956954956,6.5733184814453125,1.416435956954956,2.1416831016540527,10.17790699005127,5,1
444,-4.271782875061035,-1.158535361289978,6.517232418060303,1.158535361289978,2.127624273300171,13.223724365234375,5,1
445,-4.056760787963867,-1.6496577262878418,5.05109167098999,1.6496577262878418,2.2219207286834717,11.565974235534668,5,1
446,-4.063616752624512,-0.7874696254730225,5.123380661010742,0.7874696254730225,2.2497973442077637,7.835751056671143,5,1
447,-4.285746097564697,-0.9579424858093262,4.926444053649902,0.9579424858093262,2.1658127307891846,7.714480400085449,5,1
448,-4.430814743041992,-0.5550699830055237,5.7034406661987305,0.5550699830055237,2.2649309635162354,7.838793754577637,5,1
449,-4.175129413604736,-1.6877002716064453,6.283598899841309,1.6877002716064453,2.1635782718658447,8.774965286254883,5,1
450,-4.2249884605407715,-1.5746992826461792,6.585624694824219,1.5746992826461792,2.1581900119781494,8.492016792297363,5,1
451,-4.234213829040527,-0.9638286828994751,5.7563605308532715,0.9638286828994751,2.1598877906799316,8.591903686523438,5,1
452,-4.130298614501953,-0.9838076829910278,4.48525857925415,0.9838076829910278,2.1893229484558105,9.128337860107422,5,1
453,-4.2664947509765625,-1.585766315460205,5.281115531921387,1.585766315460205,2.280708074569702,10.588420867919922,5,1
454,-4.045930862426758,-0.5415985584259033,5.895218849182129,0.5415985584259033,2.227295398712158,11.445540428161621,5,1
455,-4.3260369300842285,-1.7278025150299072,6.62644100189209,1.7278025150299072,2.1448185443878174,9.615252494812012,5,1
456,-4.437953948974609,0.05874299257993698,4.433625221252441,-0.05874299257993698,2.2021572589874268,8.84267807006836,5,1
457,-4.209259510040283,-1.1217069625854492,6.169981956481934,1.1217069625854492,2.156899929046631,8.058655738830566,5,1
458,-4.145478248596191,-1.4933034181594849,6.1338701248168945,1.4933034181594849,2.2389378547668457,7.334943771362305,5,1
459,-4.4001922607421875,-1.0209040641784668,4.742707252502441,1.0209040641784668,2.285177230834961,6.922451972961426,5,1
460,-4.43683385848999,-0.862282931804657,6.673137664794922,0.862282931804657,2.1390953063964844,6.384768962860107,5,1
461,-4.450541973114014,-1.3498668670654297,6.592802047729492,1.3498668670654297,2.221179962158203,8.587203979492188,5,1
462,-4.454802989959717,0.49160635471343994,5.305723190307617,-0.49160635471343994,2.3015105724334717,9.190385818481445,5,1
463,-4.345784664154053,-0.8278753757476807,5.530524730682373,0.8278753757476807,2.241780996322632,9.959360122680664,5,1
464,-4.385042667388916,0.3775259256362915,4.744882106781006,-0.3775259256362915,2.254955768585205,8.938958168029785,5,1
465,-4.197875499725342,-0.9877199530601501,5.314287185668945,0.9877199530601501,2.194042205810547,6.633596420288086,5,1
466,-3.9927961826324463,0.19823184609413147,5.7478790283203125,-0.19823184609413147,2.3351190090179443,6.4678826332092285,5,1
467,-4.421805381774902,-1.6719450950622559,5.412348747253418,1.6719450950622559,2.285881996154785,8.377029418945312,5,1
468,-4.6231279373168945,-0.25327667593955994,5.5117716789245605,0.25327667593955994,2.16552472114563,9.729487419128418,5,1
469,-4.218094825744629,-1.5530946254730225,4.805682182312012,1.5530946254730225,2.1826179027557373,10.155402183532715,5,1
470,-4.356147766113281,-1.4893758296966553,6.478415012359619,1.4893758296966553,2.252272844314575,10.937600135803223,5,1
471,-4.217375755310059,0.33211225271224976,3.8745527267456055,-0.33211225271224976,2.270644187927246,9.931146621704102,5,1
472,-4.099752902984619,-0.2133525013923645,5.354108810424805,0.2133525013923645,2.3013408184051514,9.579423904418945,5,1
473,-4.4803924560546875,-1.195059061050415,6.113433837890625,1.195059061050415,2.307335376739502,8.169808387756348,5,1
474,-4.259710311889648,-2.0987391471862793,6.561816692352295,2.0987391471862793,2.2518930435180664,7.762656211853027,5,1
475,-4.311002731323242,-1.0243858098983765,5.699123859405518,1.0243858098983765,2.2746741771698,8.327314376831055,5,1
476,-4.038783550262451,-0.7895117402076721,4.762595176696777,0.7895117402076721,2.2474617958068848,9.300525665283203,5,1
477,-4.183281898498535,-0.15937969088554382,4.543374061584473,0.15937969088554382,2.3122060298919678,9.267630577087402,5,1
478,-4.314197063446045,-0.2677493691444397,5.510824203491211,0.2677493691444397,2.2346465587615967,8.682181358337402,5,1
479,-4.515131950378418,-0.8954710364341736,5.750652313232422,0.8954710364341736,2.273698329925537,10.072072982788086,5,1
480,-4.253630638122559,0.013943823054432869,3.4587814807891846,-0.013943823054432869,2.3150010108947754,9.984506607055664,5,1
481,-4.40760612487793,0.36243224143981934,4.361131191253662,-0.36243224143981934,2.338749647140503,8.637954711914062,5,1
482,-4.132325172424316,-1.8788650035858154,5.878527641296387,1.8788650035858154,2.143996477127075,6.950371265411377,5,1
483,-4.651501655578613,0.3209504187107086,5.177675247192383,-0.3209504187107086,2.1834182739257812,7.257298469543457,5,1
484,-4.340850353240967,0.4924708306789398,4.614496231079102,-0.4924708306789398,2.2769789695739746,8.509380340576172,5,1
485,-4.283501148223877,0.267985999584198,3.5033011436462402,-0.267985999584198,2.3844215869903564,9.42863655090332,5,1
486,-4.422630786895752,-0.6254033446311951,6.240682601928711,0.6254033446311951,2.304126024246216,10.143465042114258,5,1
487,-4.35078763961792,-0.9165393114089966,6.051738739013672,0.9165393114089966,2.282238483428955,9.202034950256348,5,1
488,-4.368988037109375,-1.5891188383102417,5.352622985839844,1.5891188383102417,2.1662542819976807,8.367636680603027,5,1
489,-4.612268924713135,1.7770209312438965,3.4629600048065186,-1.7770209312438965,2.299541711807251,8.014327049255371,5,1
490,-4.317145347595215,0.04770180210471153,5.010409832000732,-0.04770180210471153,2.263465404510498,9.168967247009277,5,1
491,-4.5003981590271,-0.7791404724121094,5.094387054443359,0.7791404724121094,2.2284345626831055,10.696486473083496,5,1
492,-4.530737400054932,0.09449340403079987,4.530148506164551,-0.09449340403079987,2.261552572250366,9.191072463989258,5,1
493,-4.374637603759766,0.7039786577224731,4.102991104125977,-0.7039786577224731,2.426570177078247,8.934113502502441,5,1
494,-4.285361289978027,-1.3073468208312988,6.143165111541748,1.3073468208312988,2.2346153259277344,6.425877094268799,5,1
495,-4.037289142608643,-0.940480649471283,4.893890380859375,0.940480649471283,2.310211658477783,6.415706157684326,5,1
496,-4.087701320648193,-0.37810423970222473,4.687291145324707,0.37810423970222473,2.2752504348754883,6.32028341293335,5,1
497,-4.419989585876465,-1.1117314100265503,5.126412868499756,1.1117314100265503,2.260927677154541,6.838581562042236,5,1
498,-4.391512870788574,-0.4753950238227844,5.450071811676025,0.4753950238227844,2.290672779083252,6.877325057983398,5,1
499,-4.275778770446777,0.3734228014945984,4.4988813400268555,-0.3734228014945984,2.3405215740203857,7.104899883270264,5,1
500,-4.531095504760742,0.6888068914413452,4.561009883880615,-0.6888068914413452,2.3428380489349365,6.771251678466797,5,1
501,-4.337027549743652,0.019022028893232346,4.613823890686035,-0.019022028893232346,2.333855628967285,5.903724193572998,5,1
502,-3.957369327545166,0.0016625598073005676,4.934455394744873,-0.0016625598073005676,2.3170387744903564,5.967557430267334,5,1
503,-4.200517177581787,-0.016964666545391083,5.700325965881348,0.016964666545391083,2.303489923477173,7.717945098876953,5,1
504,-4.410573959350586,-1.4430099725723267,5.349714279174805,1.4430099725723267,2.2548751831054688,8.64990234375,5,1
505,-4.432379722595215,-0.2755042016506195,5.173922061920166,0.2755042016506195,2.2206919193267822,8.298066139221191,5,1
506,-4.549562931060791,-0.39380621910095215,5.186795234680176,0.39380621910095215,2.3081469535827637,8.970508575439453,5,1
507,-4.634893894195557,-0.7337939739227295,5.4474077224731445,0.7337939739227295,2.39201283454895,8.94440746307373,5,1
508,-4.383469104766846,0.09188730269670486,4.641923904418945,-0.09188730269670486,2.3719048500061035,10.040670394897461,5,1
509,-4.335519313812256,0.1884174346923828,4.547418594360352,-0.1884174346923828,2.4033851623535156,12.800384521484375,5,1
510,-4.328261375427246,-0.7292828559875488,4.293707847595215,0.7292828559875488,2.2285163402557373,10.650510787963867,5,1
511,-4.226690769195557,1.0186272859573364,4.172089099884033,-1.0186272859573364,2.319875717163086,8.091466903686523,5,1
512,-4.307625770568848,-0.3796504735946655,5.82673454284668,0.3796504735946655,2.395324230194092,6.203930377960205,5,1
513,-4.453493595123291,-0.023051980882883072,6.052502632141113,0.023051980882883072,2.3187334537506104,5.450779914855957,5,1
514,-4.670013427734375,0.4779236912727356,4.56063175201416,-0.4779236912727356,2.3215491771698,6.079446792602539,5,1
515,-4.4700517654418945,0.9247568845748901,4.127655506134033,-0.9247568845748901,2.4910457134246826,7.515196800231934,5,1
516,-4.8276777267456055,0.48103123903274536,5.579178333282471,-0.48103123903274536,2.2604453563690186,9.398557662963867,5,1
517,-4.566468715667725,0.5718840956687927,4.367959976196289,-0.5718840956687927,2.3132386207580566,9.553179740905762,5,1
518,-4.3354411125183105,-0.29507696628570557,3.8614625930786133,0.29507696628570557,2.373401403427124,7.214158058166504,5,1
519,-4.553093910217285,0.40688881278038025,5.186702728271484,-0.40688881278038025,2.288743019104004,6.642389297485352,5,1
520,-4.551482677459717,2.209402561187744,3.5568594932556152,-2.209402561187744,2.580822229385376,9.11650562286377,5,1
521,-4.405728816986084,-1.3288919925689697,5.196579456329346,1.3288919925689697,2.4593346118927,9.46335220336914,5,1
522,-4.533090591430664,0.15144473314285278,4.737236022949219,-0.15144473314285278,2.345888376235962,7.787727355957031,5,1
523,-4.4549970626831055,0.5257378816604614,3.944347858428955,-0.5257378816604614,2.371875524520874,6.159035682678223,5,1
524,-4.273726463317871,0.8360626697540283,4.477503299713135,-0.8360626697540283,2.321173906326294,6.403834819793701,5,1
525,-4.397134304046631,1.183711051940918,4.6859211921691895,-1.183711051940918,2.3552587032318115,7.733903408050537,5,1
526,-4.5763421058654785,1.1172202825546265,4.413816452026367,-1.1172202825546265,2.398616075515747,11.954602241516113,5,1
527,-4.5682854652404785,1.0327584743499756,4.696844577789307,-1.0327584743499756,2.362114191055298,13.944220542907715,5,1
528,-4.391808986663818,0.32508033514022827,3.6821885108947754,-0.32508033514022827,2.414285182952881,9.839277267456055,5,1
529,-4.542348384857178,-0.5790953636169434,5.38361930847168,0.5790953636169434,2.1816747188568115,6.521451473236084,5,1
530,-4.331634998321533,0.02123558707535267,4.3697509765625,-0.02123558707535267,2.331587553024292,6.164657115936279,5,1
531,-4.192002296447754,1.2986078262329102,3.5912880897521973,-1.2986078262329102,2.3884246349334717,6.555500030517578,5,1
532,-4.269573211669922,0.7226769924163818,3.667196273803711,-0.7226769924163818,2.3476624488830566,6.732945442199707,5,1
533,-4.286101818084717,-1.0342366695404053,4.8127546310424805,1.0342366695404053,2.3151443004608154,8.162604331970215,5,1
534,-4.342857360839844,1.109613299369812,4.835056304931641,-1.109613299369812,2.4891040325164795,8.13259506225586,5,1
535,-4.964287757873535,0.6926164627075195,3.6726303100585938,-0.6926164627075195,2.311253786087036,6.354061126708984,5,1
536,-4.29880952835083,0.6055782437324524,4.501534461975098,-0.6055782437324524,2.3033809661865234,6.210341930389404,5,1
537,-4.392890930175781,0.8494125604629517,4.348965644836426,-0.8494125604629517,2.4886581897735596,7.6360764503479,5,1
538,-4.62268590927124,0.49865227937698364,3.899810314178467,-0.49865227937698364,2.324601411819458,9.774587631225586,5,1
539,-4.384191513061523,0.81598961353302,3.706101179122925,-0.81598961353302,2.3582727909088135,9.938539505004883,5,1
540,-4.385910987854004,-0.018472760915756226,4.306674957275391,0.018472760915756226,2.3077945709228516,7.883352756500244,5,1
541,-4.93222713470459,0.8313122391700745,4.029942512512207,-0.8313122391700745,2.4126431941986084,6.658548831939697,5,1
542,-4.170192241668701,1.1615797281265259,3.0274927616119385,-1.1615797281265259,2.376655101776123,5.70156192779541,5,1
543,-4.37746524810791,0.23135940730571747,4.274910926818848,-0.23135940730571747,2.422593355178833,5.531859874725342,5,1
544,-4.35827112197876,1.6432150602340698,3.02256441116333,-1.6432150602340698,2.486325263977051,6.439072608947754,5,1
545,-4.067718505859375,0.2600575089454651,3.868894100189209,-0.2600575089454651,2.4152274131774902,7.475400447845459,5,1
546,-4.39744758605957,0.1387498527765274,4.789951324462891,-0.1387498527765274,2.314565420150757,7.62843132019043,5,1
547,-4.512671947479248,1.159306287765503,2.9910385608673096,-1.159306287765503,2.5145859718322754,7.647665977478027,5,1
548,-4.4061279296875,0.7762271165847778,5.065097808837891,-0.7762271165847778,2.5077383518218994,7.756683826446533,5,1
549,-4.360599517822266,0.6641203165054321,4.419188022613525,-0.6641203165054321,2.3980536460876465,7.2696614265441895,5,1
550,-4.746785640716553,0.5131973028182983,3.737048387527466,-0.5131973028182983,2.4352331161499023,7.913626194000244,5,1
551,-4.357133865356445,1.1245843172073364,3.458489418029785,-1.1245843172073364,2.4151854515075684,7.811457633972168,5,1
552,-4.632180213928223,-0.4430202841758728,5.460139751434326,0.4430202841758728,2.2390031814575195,6.756321907043457,5,1
553,-4.503325462341309,1.1918305158615112,4.9664716720581055,-1.1918305158615112,2.335596799850464,7.732453346252441,5,1
554,-4.447418689727783,1.7671427726745605,4.2778496742248535,-1.7671427726745605,2.4432878494262695,8.225385665893555,5,1
555,-4.637805461883545,0.7828929424285889,5.386741638183594,-0.7828929424285889,2.357947826385498,8.638107299804688,5,1
556,-4.60664176940918,1.7288841009140015,4.280613899230957,-1.7288841009140015,2.434657573699951,7.964576721191406,5,1
557,-4.248626708984375,1.289781093597412,3.4603047370910645,-1.289781093597412,2.457839012145996,8.326985359191895,5,1
558,-4.126401901245117,0.9271701574325562,4.599189758300781,-0.9271701574325562,2.4452590942382812,6.881491661071777,5,1
559,-4.679766654968262,-0.5488460659980774,4.690374374389648,0.5488460659980774,2.4411473274230957,9.177117347717285,5,1
560,-4.955373287200928,1.2441728115081787,4.615156173706055,-1.2441728115081787,2.303464651107788,9.90930461883545,5,1
561,-4.451974868774414,1.094056248664856,3.7877235412597656,-1.094056248664856,2.3337130546569824,6.947726726531982,5,1
562,-3.962080240249634,1.3392386436462402,3.528390884399414,-1.3392386436462402,2.521745204925537,6.449377059936523,5,1
563,-4.424976825714111,0.9970536231994629,4.657187461853027,-0.9970536231994629,2.499248504638672,6.48661994934082,5,1
564,-4.365405559539795,0.3432132601737976,4.074159622192383,-0.3432132601737976,2.3020823001861572,6.950885772705078,5,1
565,-4.328445911407471,0.9684261679649353,4.3346848487854,-0.9684261679649353,2.523249387741089,8.357357025146484,5,1
566,-4.607966899871826,1.0729141235351562,4.691526889801025,-1.0729141235351562,2.326408624649048,9.014610290527344,5,1
567,-4.7325286865234375,0.7763839960098267,5.10517692565918,-0.7763839960098267,2.3326609134674072,7.54074239730835,5,1
568,-4.249558925628662,0.6177531480789185,2.4573466777801514,-0.6177531480789185,2.3573999404907227,7.138830661773682,5,1
569,-4.591485500335693,0.8766294717788696,3.8479080200195312,-0.8766294717788696,2.4174442291259766,7.317994594573975,5,1
570,-4.583095550537109,0.9673355221748352,4.160117149353027,-0.9673355221748352,2.4099204540252686,7.447512626647949,5,1
571,-4.663473606109619,0.19906066358089447,4.783574104309082,-0.19906066358089447,2.3483290672302246,8.18295669555664,5,1
572,-4.63253927230835,2.6401309967041016,2.4953832626342773,-2.6401309967041016,2.5021355152130127,10.533547401428223,5,1
573,-4.5227766036987305,-0.1149735078215599,4.775323867797852,0.1149735078215599,2.3743762969970703,10.192951202392578,5,1
574,-4.498664855957031,1.4942641258239746,3.4819321632385254,-1.4942641258239746,2.4384515285491943,7.304315090179443,5,1
575,-4.594395637512207,1.453019618988037,3.844949245452881,-1.453019618988037,2.422670602798462,4.951085090637207,5,1
576,-4.7311201095581055,1.1020749807357788,4.738832473754883,-1.1020749807357788,2.3537094593048096,5.5923590660095215,5,1
577,-4.189773082733154,2.736985683441162,3.1777029037475586,-2.736985683441162,2.508997917175293,6.211347579956055,5,1
578,-4.880467414855957,1.2343451976776123,3.9108874797821045,-1.2343451976776123,2.3765833377838135,6.2159037590026855,5,1
579,-4.195767879486084,1.2114107608795166,2.9148380756378174,-1.2114107608795166,2.4165244102478027,6.71856164932251,5,1
580,-4.766330718994141,1.4108176231384277,4.827456474304199,-1.4108176231384277,2.4562277793884277,7.652631759643555,5,1
581,-4.4155120849609375,0.9979501366615295,4.676086902618408,-0.9979501366615295,2.5863845348358154,9.248845100402832,5,1
582,-4.564148902893066,0.3299626410007477,3.7492847442626953,-0.3299626410007477,2.4311203956604004,7.961442947387695,5,1
583,-4.539859294891357,1.6196422576904297,3.5766849517822266,-1.6196422576904297,2.4302775859832764,6.5979108810424805,5,1
584,-4.659199237823486,1.4752373695373535,3.5367660522460938,-1.4752373695373535,2.3947460651397705,5.553797721862793,5,1
585,-4.457577705383301,0.8606249094009399,3.732933759689331,-0.8606249094009399,2.3296754360198975,5.439625263214111,5,1
586,-4.3241143226623535,1.3805344104766846,2.997645616531372,-1.3805344104766846,2.4347805976867676,6.09085750579834,5,1
587,-4.380492687225342,1.8322242498397827,2.8099141120910645,-1.8322242498397827,2.343491315841675,7.380860805511475,5,1
588,-4.56574010848999,0.3689780831336975,5.187444686889648,-0.3689780831336975,2.4270269870758057,8.646347045898438,5,1
589,-4.859220504760742,1.2656729221343994,3.509387969970703,-1.2656729221343994,2.460719585418701,8.431191444396973,5,1
590,-4.625990390777588,1.9225153923034668,3.1086392402648926,-1.9225153923034668,2.485943555831909,9.289583206176758,5,1
591,-4.6666107177734375,0.37693312764167786,4.515422821044922,-0.37693312764167786,2.4223709106445312,9.588852882385254,5,1
592,-4.240797519683838,0.60373854637146,3.5592284202575684,-0.60373854637146,2.448399066925049,8.31347370147705,5,1
593,-4.42547082901001,1.3043261766433716,3.491854429244995,-1.3043261766433716,2.4788079261779785,8.47570514678955,5,1
594,-4.692591190338135,1.0609042644500732,4.983019828796387,-1.0609042644500732,2.351774215698242,8.011642456054688,5,1
595,-4.511823654174805,0.4000043272972107,3.5970988273620605,-0.4000043272972107,2.522963047027588,7.276434898376465,5,1
596,-4.986883163452148,1.5741910934448242,3.8018980026245117,-1.5741910934448242,2.4720957279205322,7.483282089233398,5,1
597,-4.375893592834473,0.4704465866088867,3.7498626708984375,-0.4704465866088867,2.4252820014953613,7.747889995574951,5,1
598,-4.423283576965332,1.2004921436309814,3.55892276763916,-1.2004921436309814,2.617133140563965,8.32048511505127,5,1
599,-4.533644676208496,0.7987008094787598,4.1469926834106445,-0.7987008094787598,2.5278725624084473,9.906878471374512,5,1
600,-4.652822017669678,0.8962056636810303,2.8094847202301025,-0.8962056636810303,2.4999120235443115,9.339642524719238,5,1
601,-4.632580280303955,1.7583749294281006,4.345961093902588,-1.7583749294281006,2.439162254333496,8.360525131225586,5,1
602,-4.580354690551758,1.5398203134536743,4.167795181274414,-1.5398203134536743,2.450920581817627,7.539897441864014,5,1
603,-4.681529521942139,0.9349775314331055,3.895512580871582,-0.9349775314331055,2.505417823791504,7.555678844451904,5,1
604,-4.5839762687683105,1.3335245847702026,3.3623158931732178,-1.3335245847702026,2.462231397628784,6.877894401550293,5,1
605,-4.473498344421387,2.0125927925109863,3.3780155181884766,-2.0125927925109863,2.448352813720703,5.363276958465576,5,1
606,-4.9083027839660645,0.6290203928947449,3.9305059909820557,-0.6290203928947449,2.43914532661438,6.993448257446289,5,1
607,-4.416501522064209,2.029252052307129,1.9560112953186035,-2.029252052307129,2.4577252864837646,8.109504699707031,5,1
608,-4.522463798522949,0.5007402300834656,4.827075958251953,-0.5007402300834656,2.5028762817382812,6.607959270477295,5,1
609,-4.221250534057617,1.5798921585083008,1.9887800216674805,-1.5798921585083008,2.4498424530029297,6.569916248321533,5,1
610,-4.280452728271484,0.9410149455070496,3.65079927444458,-0.9410149455070496,2.5311315059661865,8.039127349853516,5,1
611,-4.580862045288086,0.8989863395690918,3.2253458499908447,-0.8989863395690918,2.4453928470611572,6.716152191162109,5,1
612,-4.99385404586792,1.1243879795074463,3.90871262550354,-1.1243879795074463,2.440077304840088,6.978572845458984,5,1
613,-4.929135799407959,1.0305516719818115,3.9987592697143555,-1.0305516719818115,2.43778920173645,7.092099666595459,5,1
614,-4.742886543273926,1.9830975532531738,3.7202224731445312,-1.9830975532531738,2.579909086227417,7.113809108734131,5,1
615,-4.660045146942139,1.5661070346832275,4.609762668609619,-1.5661070346832275,2.493271827697754,6.834315299987793,5,1
616,-4.720546722412109,0.8112267255783081,3.4900407791137695,-0.8112267255783081,2.5063846111297607,6.794355869293213,5,1
617,-4.89887809753418,1.6394662857055664,4.411649703979492,-1.6394662857055664,2.5039634704589844,7.319905757904053,5,1
618,-4.448785305023193,0.9843341708183289,3.552248477935791,-0.9843341708183289,2.5434272289276123,6.006035804748535,5,1
619,-4.726941108703613,0.791358232498169,4.304087162017822,-0.791358232498169,2.547825336456299,6.065251350402832,5,1
620,-4.506717205047607,1.2779258489608765,3.448421001434326,-1.2779258489608765,2.512890338897705,8.100908279418945,5,1
621,-4.570590972900391,1.1205368041992188,4.451618194580078,-1.1205368041992188,2.4521138668060303,8.377660751342773,5,1
622,-4.625525951385498,2.275357246398926,3.83320689201355,-2.275357246398926,2.567636013031006,7.6600213050842285,5,1
623,-4.361872673034668,0.9817665815353394,4.0211873054504395,-0.9817665815353394,2.2649495601654053,7.2485761642456055,5,1
624,-4.522993564605713,0.8018007874488831,4.699328422546387,-0.8018007874488831,2.507338523864746,7.349179267883301,5,1
625,-4.4409990310668945,1.5738333463668823,3.287041187286377,-1.5738333463668823,2.3837718963623047,7.1152777671813965,5,1
626,-4.845325469970703,2.0753908157348633,2.9002280235290527,-2.0753908157348633,2.6089305877685547,7.669460296630859,5,1
627,-4.472632884979248,1.7615371942520142,4.275253772735596,-1.7615371942520142,2.4424619674682617,8.274114608764648,5,1
628,-4.537018299102783,1.1137256622314453,4.806138038635254,-1.1137256622314453,2.4011294841766357,7.496471881866455,5,1
629,-4.673327922821045,0.039790861308574677,4.143594741821289,-0.039790861308574677,2.433441638946533,7.47330904006958,5,1
630,-4.539366722106934,1.2297017574310303,4.439209938049316,-1.2297017574310303,2.538353681564331,8.225301742553711,5,1
631,-4.7808356285095215,1.89570951461792,2.7833268642425537,-1.89570951461792,2.4959428310394287,8.779244422912598,5,1
632,-4.473149299621582,1.1342309713363647,3.211949348449707,-1.1342309713363647,2.5133047103881836,7.926665782928467,5,1
633,-4.588566780090332,0.9240645170211792,3.025641918182373,-0.9240645170211792,2.4954659938812256,8.392756462097168,5,1
634,-4.390625953674316,1.4191703796386719,5.175292491912842,-1.4191703796386719,2.4656643867492676,8.031441688537598,5,1
635,-4.816796779632568,1.808885097503662,4.06309700012207,-1.808885097503662,2.393663167953491,6.518228530883789,5,1
636,-4.533220291137695,1.9331095218658447,2.9920318126678467,-1.9331095218658447,2.5091230869293213,7.0274434089660645,5,1
637,-4.932990074157715,1.5323023796081543,3.364563226699829,-1.5323023796081543,2.4889819622039795,7.0933661460876465,5,1
638,-4.5358195304870605,1.2348980903625488,3.9387354850769043,-1.2348980903625488,2.5111286640167236,8.24543285369873,5,1
639,-4.434762954711914,1.5732495784759521,3.0197715759277344,-1.5732495784759521,2.585320234298706,7.561796188354492,5,1
640,-4.591374397277832,1.0443170070648193,3.7198853492736816,-1.0443170070648193,2.4583420753479004,6.732224941253662,5,1
641,-4.553399562835693,1.8583338260650635,2.5581328868865967,-1.8583338260650635,2.446286916732788,7.307569980621338,5,1
642,-4.265435218811035,1.4892606735229492,3.0192065238952637,-1.4892606735229492,2.4564571380615234,8.080338478088379,5,1
643,-4.578658103942871,2.2133240699768066,3.180880546569824,-2.2133240699768066,2.5858662128448486,6.9718780517578125,5,1
644,-4.893867015838623,0.9526195526123047,3.245570659637451,-0.9526195526123047,2.543489933013916,5.468520164489746,5,1
645,-4.654615879058838,2.023437023162842,4.101095199584961,-2.023437023162842,2.5610854625701904,7.603813648223877,5,1
646,-4.592526912689209,1.748489499092102,3.498779296875,-1.748489499092102,2.529327630996704,8.206116676330566,5,1
647,-4.390539646148682,3.408160924911499,2.820127010345459,-3.408160924911499,2.503563404083252,8.153584480285645,5,1
648,-4.542146682739258,1.676154375076294,3.0469858646392822,-1.676154375076294,2.459463119506836,7.660063743591309,5,1
649,-4.334153175354004,2.163707733154297,2.631321430206299,-2.163707733154297,2.5660195350646973,7.072207450866699,5,1
650,-4.78651762008667,0.636288046836853,3.638061046600342,-0.636288046836853,2.6378676891326904,5.903710842132568,5,1
651,-4.538296699523926,0.8087968826293945,3.3970580101013184,-0.8087968826293945,2.4784717559814453,5.529552936553955,5,1
652,-4.414553165435791,1.963800311088562,2.9795641899108887,-1.963800311088562,2.498164415359497,5.248959541320801,5,1
653,-4.595707416534424,1.091674566268921,3.597119092941284,-1.091674566268921,2.5453507900238037,6.0113067626953125,5,1
654,-4.749588489532471,1.4870829582214355,4.0207200050354,-1.4870829582214355,2.471418857574463,6.510915756225586,5,1
655,-4.449184894561768,1.3416218757629395,3.481778621673584,-1.3416218757629395,2.45375919342041,6.234872341156006,5,1
656,-4.731714725494385,1.1737985610961914,3.638071060180664,-1.1737985610961914,2.5253002643585205,7.074047088623047,5,1
657,-4.92094087600708,1.6900910139083862,4.21394681930542,-1.6900910139083862,2.563387155532837,7.996731758117676,5,1
658,-4.367547988891602,2.0020134449005127,4.135548114776611,-2.0020134449005127,2.6228392124176025,7.292470932006836,5,1
659,-4.414992332458496,0.9331832528114319,3.8008620738983154,-0.9331832528114319,2.5513529777526855,6.11037540435791,5,1
660,-4.860025882720947,1.8512353897094727,4.40727424621582,-1.8512353897094727,2.595412015914917,7.578701496124268,5,1
661,-4.792674541473389,1.450279951095581,3.4397647380828857,-1.450279951095581,2.5357680320739746,7.8705525398254395,5,1
662,-4.34505558013916,1.8868017196655273,3.2009482383728027,-1.8868017196655273,2.3924121856689453,6.4208760261535645,5,1
663,-4.505033493041992,0.7299688458442688,3.979952812194824,-0.7299688458442688,2.450739622116089,5.649655342102051,5,1
664,-4.476872444152832,1.9007842540740967,2.762242317199707,-1.9007842540740967,2.4525718688964844,6.461967468261719,5,1
665,-4.518731594085693,1.2013142108917236,3.4337048530578613,-1.2013142108917236,2.404475212097168,8.566203117370605,5,1
666,-4.534400463104248,1.790697693824768,3.5502471923828125,-1.790697693824768,2.4343183040618896,7.646252632141113,5,1
667,-4.874901294708252,1.3041796684265137,3.0755043029785156,-1.3041796684265137,2.444460391998291,6.945208549499512,5,1
668,-4.509305000305176,1.9039950370788574,3.4708750247955322,-1.9039950370788574,2.418926477432251,7.1827802658081055,5,1
669,-4.4369730949401855,1.3222397565841675,3.260158061981201,-1.3222397565841675,2.594123363494873,8.570173263549805,5,1
670,-4.9380903244018555,1.8961831331253052,3.6619577407836914,-1.8961831331253052,2.469066858291626,9.227672576904297,5,1
671,-4.790977954864502,1.6262223720550537,3.2282721996307373,-1.6262223720550537,2.5642364025115967,8.266199111938477,5,1
672,-4.3541669845581055,1.1068644523620605,4.2091851234436035,-1.1068644523620605,2.593458890914917,7.403893947601318,5,1
673,-4.286710262298584,0.8865665197372437,3.8394289016723633,-0.8865665197372437,2.474660634994507,6.148387432098389,5,1
674,-4.394969940185547,1.7999703884124756,3.0753159523010254,-1.7999703884124756,2.46016001701355,5.521736145019531,5,1
675,-4.890613555908203,1.69450843334198,3.7095274925231934,-1.69450843334198,2.5139734745025635,6.17029333114624,5,1
676,-4.63510274887085,1.0000437498092651,4.011326789855957,-1.0000437498092651,2.3498287200927734,6.007128715515137,5,1
677,-4.71434211730957,0.4201394319534302,4.6126861572265625,-0.4201394319534302,2.3944809436798096,6.321999549865723,5,1
678,-4.494091510772705,0.7821947336196899,3.41763973236084,-0.7821947336196899,2.440582752227783,7.288785457611084,5,1
679,-4.848813056945801,2.3716063499450684,3.4652111530303955,-2.3716063499450684,2.5102131366729736,8.992647171020508,5,1
680,-4.8459367752075195,0.9409149885177612,3.804129123687744,-0.9409149885177612,2.454531669616699,9.673405647277832,5,1
681,-4.894100666046143,1.5761631727218628,4.214362144470215,-1.5761631727218628,2.7215163707733154,9.381369590759277,5,1
682,-4.724708557128906,1.1309013366699219,3.574275255203247,-1.1309013366699219,2.5638232231140137,8.551051139831543,5,1
683,-4.496814250946045,1.2912613153457642,3.929492712020874,-1.2912613153457642,2.448669672012329,6.986259460449219,5,1
684,-4.706640243530273,1.933322787284851,3.9769368171691895,-1.933322787284851,2.6521995067596436,7.0510149002075195,5,1
685,-4.694707870483398,1.187658429145813,3.5675458908081055,-1.187658429145813,2.4498226642608643,6.554189682006836,5,1
686,-4.210668087005615,1.0535919666290283,3.3691515922546387,-1.0535919666290283,2.4790000915527344,6.517593860626221,5,1
687,-4.476140975952148,1.2176917791366577,3.7169275283813477,-1.2176917791366577,2.491025686264038,6.862133979797363,5,1
688,-4.0559983253479,1.9123364686965942,4.350539207458496,-1.9123364686965942,2.520897388458252,6.1368536949157715,5,1
689,-4.4780683517456055,1.7573885917663574,2.357905387878418,-1.7573885917663574,2.486982583999634,6.2737016677856445,5,1
690,-4.682841777801514,1.5225770473480225,3.744370937347412,-1.5225770473480225,2.489039659500122,6.663728713989258,5,1
691,-4.4281086921691895,1.692417860031128,3.609736442565918,-1.692417860031128,2.5042176246643066,7.512850284576416,5,1
692,-4.55000114440918,1.898188591003418,4.039999961853027,-1.898188591003418,2.420623540878296,8.950241088867188,5,1
693,-4.614675998687744,0.9635231494903564,3.560586452484131,-0.9635231494903564,2.565065860748291,6.922506332397461,5,1
694,-4.568793773651123,1.108213186264038,3.8679845333099365,-1.108213186264038,2.5597875118255615,6.068600177764893,5,1
695,-4.4937567710876465,1.6461915969848633,3.0465009212493896,-1.6461915969848633,2.557802200317383,7.082127094268799,5,1
696,-4.183333873748779,0.9384724497795105,4.044238090515137,-0.9384724497795105,2.444188117980957,5.501859664916992,5,1
697,-4.488156318664551,1.7495512962341309,4.00612735748291,-1.7495512962341309,2.591440439224243,6.192660331726074,5,1
698,-4.5865159034729,0.9318119287490845,3.787060499191284,-0.9318119287490845,2.474076271057129,8.539528846740723,5,1
699,-4.390378952026367,2.0690078735351562,3.770732879638672,-2.0690078735351562,2.6036441326141357,11.291220664978027,5,1
700,-4.091889381408691,2.372140884399414,3.1723084449768066,-2.372140884399414,2.492800712585449,9.77621078491211,5,1
701,-4.560264587402344,1.0989201068878174,4.30753755569458,-1.0989201068878174,2.5314595699310303,8.866003036499023,5,1
702,-4.7170257568359375,0.4706633687019348,3.680398464202881,-0.4706633687019348,2.5586211681365967,8.06072998046875,5,1
703,-4.616336345672607,1.8804981708526611,3.382113456726074,-1.8804981708526611,2.499586343765259,7.264395236968994,5,1
704,-4.59826135635376,1.1907039880752563,4.36088752746582,-1.1907039880752563,2.5475878715515137,7.370898723602295,5,1
705,-4.4970383644104,1.723471999168396,3.743666172027588,-1.723471999168396,2.5223443508148193,6.430373668670654,5,1
706,-4.40688943862915,1.8054115772247314,2.685424327850342,-1.8054115772247314,2.511795997619629,6.0915703773498535,5,1
707,-4.320305824279785,1.0450947284698486,3.3933305740356445,-1.0450947284698486,2.5676932334899902,5.9744110107421875,5,1
708,-4.55487060546875,1.933910846710205,3.3734374046325684,-1.933910846710205,2.514930009841919,7.933403015136719,5,1
709,-4.361391067504883,0.8222440481185913,4.388962268829346,-0.8222440481185913,2.4820990562438965,7.884239673614502,5,1
710,-4.547266960144043,1.3523411750793457,3.5793519020080566,-1.3523411750793457,2.53696870803833,8.346376419067383,5,1
711,-5.143925666809082,2.2574949264526367,4.400643348693848,-2.2574949264526367,2.5227174758911133,9.288363456726074,5,1
712,-4.7730302810668945,1.2263386249542236,3.5567779541015625,-1.2263386249542236,2.5498037338256836,7.801935195922852,5,1
713,-4.370768070220947,1.155699610710144,3.2444398403167725,-1.155699610710144,2.4791669845581055,5.892587661743164,5,1
714,-4.814997673034668,1.8413708209991455,4.265652656555176,-1.8413708209991455,2.5265283584594727,5.717502117156982,5,1
715,-4.625582218170166,0.0943421944975853,3.7742481231689453,-0.0943421944975853,2.506779432296753,7.148627281188965,5,1
716,-4.7844061851501465,1.7612359523773193,3.4698824882507324,-1.7612359523773193,2.417576313018799,7.706369876861572,5,1
717,-4.201362609863281,1.6678357124328613,3.730952262878418,-1.6678357124328613,2.497884511947632,7.237509250640869,5,1
718,-4.720168113708496,1.286630392074585,3.6664299964904785,-1.286630392074585,2.499567747116089,6.66497802734375,5,1
719,-4.469890117645264,0.456670343875885,4.5968852043151855,-0.456670343875885,2.493018627166748,6.4965009689331055,5,1
720,-4.547392845153809,1.5117617845535278,3.9200217723846436,-1.5117617845535278,2.4906651973724365,5.8477091789245605,5,1
721,-4.708578586578369,1.0013201236724854,3.823936939239502,-1.0013201236724854,2.6217033863067627,6.542283535003662,5,1
722,-4.348163604736328,1.9691845178604126,2.244234561920166,-1.9691845178604126,2.539942502975464,7.151535511016846,5,1
723,-4.4489288330078125,0.7745827436447144,3.836545467376709,-0.7745827436447144,2.4580023288726807,8.210588455200195,5,1
724,-4.392810344696045,1.302551031112671,3.3470041751861572,-1.302551031112671,2.594790458679199,8.12741470336914,5,1
725,-4.548070430755615,1.475515604019165,3.9365692138671875,-1.475515604019165,2.6007308959960938,7.0511040687561035,5,1
726,-4.516469955444336,1.0899617671966553,4.520872592926025,-1.0899617671966553,2.5072150230407715,7.5341901779174805,5,1
727,-4.410654067993164,1.8233399391174316,2.6163551807403564,-1.8233399391174316,2.439969539642334,7.412492752075195,5,1
728,-4.294173717498779,2.1781983375549316,3.726806163787842,-2.1781983375549316,2.601517915725708,8.315921783447266,5,1
729,-4.642991542816162,1.605250597000122,3.6576616764068604,-1.605250597000122,2.5378599166870117,9.373737335205078,5,1
730,-4.421355247497559,1.748755693435669,3.829761028289795,-1.748755693435669,2.49432110786438,7.399782657623291,5,1
731,-4.430160045623779,1.7432643175125122,4.090356349945068,-1.7432643175125122,2.3844425678253174,5.72172737121582,5,1
732,-4.500185489654541,1.7700066566467285,3.297698974609375,-1.7700066566467285,2.526965379714966,6.094868183135986,5,1
733,-4.407878875732422,0.5765112042427063,3.8585667610168457,-0.5765112042427063,2.5836029052734375,6.958843231201172,5,1
734,-4.763908386230469,1.7014625072479248,3.113213062286377,-1.7014625072479248,2.462364673614502,6.214856147766113,5,1
735,-4.285590648651123,1.405693769454956,3.3711295127868652,-1.405693769454956,2.498100519180298,6.273073196411133,5,1
736,-4.4016194343566895,1.4934849739074707,3.3382654190063477,-1.4934849739074707,2.4800446033477783,7.21637487411499,5,1
737,-4.8281402587890625,1.7097164392471313,4.25239896774292,-1.7097164392471313,2.6151938438415527,7.956720352172852,5,1
738,-4.659342288970947,1.0183768272399902,4.370996475219727,-1.0183768272399902,2.499356746673584,8.598194122314453,5,1
739,-4.387077331542969,1.772199273109436,2.779170274734497,-1.772199273109436,2.447354555130005,8.955286979675293,5,1
740,-4.174689292907715,0.4992314875125885,3.9452755451202393,-0.4992314875125885,2.4474496841430664,6.934445858001709,5,1
741,-4.478226184844971,1.2158342599868774,3.255849838256836,-1.2158342599868774,2.623392343521118,6.176513671875,5,1
742,-4.230700492858887,0.8395704030990601,4.835471153259277,-0.8395704030990601,2.5531532764434814,6.763138771057129,5,1
743,-4.607831001281738,1.3728058338165283,4.54475212097168,-1.3728058338165283,2.5491600036621094,7.3854169845581055,5,1
744,-4.742839336395264,1.397729516029358,3.7169699668884277,-1.397729516029358,2.427272081375122,8.301393508911133,5,1
745,-4.686929225921631,1.1705081462860107,3.7522192001342773,-1.1705081462860107,2.4962072372436523,7.069900989532471,5,1
746,-4.5864362716674805,1.4717953205108643,3.7989325523376465,-1.4717953205108643,2.5279815196990967,7.384289741516113,5,1
747,-4.595909595489502,0.6955021619796753,3.7566075325012207,-0.6955021619796753,2.575659990310669,7.381715297698975,5,1
748,-4.751494407653809,1.5780075788497925,4.081204414367676,-1.5780075788497925,2.6056692600250244,6.9306488037109375,5,1
749,-4.470157623291016,0.8565824627876282,4.087250232696533,-0.8565824627876282,2.525404691696167,7.18361759185791,5,1
750,-4.4477620124816895,1.7285822629928589,3.8576714992523193,-1.7285822629928589,2.582542896270752,9.011302947998047,5,1
751,-4.309839725494385,0.751545250415802,4.524734973907471,-0.751545250415802,2.5321691036224365,9.133068084716797,5,1
752,-4.567516803741455,1.1854979991912842,3.400369644165039,-1.1854979991912842,2.5461318492889404,7.365105152130127,5,1
753,-4.61338472366333,2.886777400970459,2.7409772872924805,-2.886777400970459,2.729506015777588,7.977266788482666,5,1
754,-4.761047840118408,1.0256741046905518,5.2130446434021,-1.0256741046905518,2.4985733032226562,6.342868804931641,5,1
755,-4.620583534240723,1.009812593460083,4.149532318115234,-1.009812593460083,2.5018136501312256,5.775930404663086,5,1
756,-4.730527877807617,1.0182827711105347,4.182358741760254,-1.0182827711105347,2.4364213943481445,6.8993239402771,5,1
757,-4.594518184661865,1.2980719804763794,3.494457244873047,-1.2980719804763794,2.5483319759368896,6.537074565887451,5,1
758,-4.15009880065918,0.7680903673171997,3.0774006843566895,-0.7680903673171997,2.4940288066864014,7.061519622802734,5,1
759,-4.8379225730896,1.1434974670410156,4.17507791519165,-1.1434974670410156,2.5085866451263428,6.326376914978027,5,1
760,-4.600368499755859,1.1219348907470703,3.0018110275268555,-1.1219348907470703,2.614501476287842,7.354404926300049,5,1
761,-4.614429950714111,0.8835704326629639,3.4912097454071045,-0.8835704326629639,2.536101818084717,8.497037887573242,5,1
762,-4.395898818969727,0.9795918464660645,4.543124198913574,-0.9795918464660645,2.371328115463257,7.659988880157471,5,1
763,-4.273642539978027,1.3543672561645508,4.184327125549316,-1.3543672561645508,2.5063908100128174,5.860357761383057,5,1
764,-4.416569709777832,1.0227715969085693,4.719582557678223,-1.0227715969085693,2.4572718143463135,6.049070358276367,5,1
765,-4.5353312492370605,2.343123435974121,3.3145570755004883,-2.343123435974121,2.492966890335083,6.762035369873047,5,1
766,-4.673050403594971,0.8555667400360107,4.194445610046387,-0.8555667400360107,2.550980806350708,7.630782604217529,5,1
767,-4.518792152404785,1.9997172355651855,2.9950802326202393,-1.9997172355651855,2.4432790279388428,7.257015705108643,5,1
768,-4.630504608154297,2.353905439376831,2.689711809158325,-2.353905439376831,2.5256171226501465,6.92324686050415,5,1
769,-4.232600688934326,1.0772883892059326,4.634507179260254,-1.0772883892059326,2.5206799507141113,5.931603908538818,5,1
770,-4.34592342376709,1.7833784818649292,3.7278642654418945,-1.7833784818649292,2.5606515407562256,8.931459426879883,5,1
771,-4.391192436218262,1.2751431465148926,4.606048107147217,-1.2751431465148926,2.5325987339019775,10.340535163879395,5,1
772,-4.6949286460876465,1.869551181793213,4.206814765930176,-1.869551181793213,2.533743143081665,10.62405014038086,5,1
773,-4.675806999206543,0.42980894446372986,4.35978364944458,-0.42980894446372986,2.533141851425171,6.953156471252441,5,1
774,-4.353626251220703,1.5853745937347412,3.9242992401123047,-1.5853745937347412,2.4425806999206543,6.96690559387207,5,1
775,-4.183185577392578,1.5055373907089233,3.9883596897125244,-1.5055373907089233,2.4687445163726807,7.7073845863342285,5,1
776,-4.320443153381348,1.032996416091919,3.9924418926239014,-1.032996416091919,2.4700980186462402,6.569564342498779,5,1
777,-4.772384166717529,1.541728138923645,4.913071632385254,-1.541728138923645,2.557634115219116,6.346991062164307,5,1
778,-4.619073390960693,0.5875909924507141,3.8985352516174316,-0.5875909924507141,2.469527006149292,6.134253978729248,5,1
779,-5.143580913543701,0.9404120445251465,3.860611915588379,-0.9404120445251465,2.5039308071136475,7.624740123748779,5,1
780,-4.896193504333496,1.4525816440582275,3.314143657684326,-1.4525816440582275,2.483593225479126,8.096963882446289,5,1
781,-4.537308692932129,0.7941425442695618,3.8138442039489746,-0.7941425442695618,2.6151492595672607,7.200917720794678,5,1
782,-4.282715797424316,1.9982414245605469,2.8283307552337646,-1.9982414245605469,2.4466922283172607,6.359873294830322,5,1
783,-4.2989630699157715,1.4746651649475098,3.7363932132720947,-1.4746651649475098,2.4188358783721924,5.7616095542907715,5,1
784,-4.490425109863281,1.7070488929748535,4.229760646820068,-1.7070488929748535,2.58738374710083,5.5793657302856445,5,1
785,-4.604056358337402,0.907293438911438,4.788794994354248,-0.907293438911438,2.5011863708496094,5.401500701904297,5,1
786,-4.657995700836182,0.6714922189712524,4.375936508178711,-0.6714922189712524,2.4663422107696533,6.355533123016357,5,1
787,-4.483587265014648,1.1766325235366821,2.999833106994629,-1.1766325235366821,2.5335326194763184,7.190673351287842,5,1
788,-4.031071662902832,0.9301956295967102,4.9960126876831055,-0.9301956295967102,2.4191126823425293,7.7025651931762695,5,1
789,-4.460698127746582,1.1717503070831299,3.174345016479492,-1.1717503070831299,2.495537042617798,7.210995197296143,5,1
790,-4.283875465393066,1.4233953952789307,4.235897064208984,-1.4233953952789307,2.522831678390503,6.862366199493408,5,1
791,-4.390320301055908,0.5552772283554077,4.742130279541016,-0.5552772283554077,2.4355947971343994,7.550787448883057,5,1
792,-4.54567289352417,1.0692799091339111,4.13023042678833,-1.0692799091339111,2.490108013153076,7.48006010055542,5,1
793,-4.723635673522949,0.8143424391746521,3.817133903503418,-0.8143424391746521,2.4762001037597656,5.754888534545898,5,1
794,-4.464055061340332,1.808168888092041,2.9777300357818604,-1.808168888092041,2.564542531967163,6.887369155883789,5,1
795,-4.1964263916015625,0.3046416640281677,4.717028617858887,-0.3046416640281677,2.4527838230133057,5.944961071014404,5,1
796,-4.6429762840271,0.34516024589538574,4.226078033447266,-0.34516024589538574,2.4801976680755615,7.278607368469238,5,1
797,-4.601801872253418,0.7187933921813965,3.955507755279541,-0.7187933921813965,2.4632978439331055,6.996078968048096,5,1
798,-4.241012096405029,1.3598320484161377,4.389900207519531,-1.3598320484161377,2.3827528953552246,5.932844161987305,5,1
799,-4.220341682434082,1.323232650756836,4.1480207443237305,-1.323232650756836,2.4704723358154297,6.002250671386719,5,1
800,-4.868569850921631,0.6395790576934814,4.69919490814209,-0.6395790576934814,2.5152065753936768,6.7570576667785645,5,1
801,-4.610156059265137,1.7501498460769653,3.7153239250183105,-1.7501498460769653,2.649627447128296,8.695697784423828,5,1
802,-4.9167327880859375,0.48269563913345337,5.0609025955200195,-0.48269563913345337,2.547917366027832,7.659695148468018,5,1
803,-4.520778179168701,0.7493916153907776,4.121103286743164,-0.7493916153907776,2.424103260040283,6.5536208152771,5,1
804,-4.596981048583984,1.4370379447937012,4.242958068847656,-1.4370379447937012,2.405714750289917,6.675924777984619,5,1
805,-4.317177772521973,0.8703256845474243,3.6582138538360596,-0.8703256845474243,2.563305616378784,7.648827075958252,5,1
806,-4.57290506362915,0.9924971461296082,3.735405683517456,-0.9924971461296082,2.5470826625823975,9.351792335510254,5,1
807,-4.391468524932861,0.4125214219093323,4.373082637786865,-0.4125214219093323,2.4223875999450684,9.079090118408203,5,1
808,-4.533484935760498,2.1737141609191895,3.529794216156006,-2.1737141609191895,2.498528480529785,7.974239826202393,5,1
809,-4.415910720825195,0.8141857385635376,4.410343170166016,-0.8141857385635376,2.4714131355285645,7.529900550842285,5,1
810,-4.39584493637085,-0.08970174193382263,4.638261795043945,0.08970174193382263,2.4777231216430664,6.968435764312744,5,1
811,-4.251928329467773,0.9206078052520752,3.6973965167999268,-0.9206078052520752,2.51811146736145,6.5029730796813965,5,1
812,-4.709658622741699,1.0737557411193848,4.265212059020996,-1.0737557411193848,2.3911778926849365,6.36708402633667,5,1
813,-4.207176685333252,-0.04023308679461479,4.888260841369629,0.04023308679461479,2.4084198474884033,6.7676167488098145,5,1
814,-4.343663692474365,1.2396045923233032,4.082929611206055,-1.2396045923233032,2.4580533504486084,5.909113883972168,5,1
815,-4.567165851593018,1.3883293867111206,3.276812791824341,-1.3883293867111206,2.5484299659729004,6.080901145935059,5,1
816,-4.131807327270508,1.0200810432434082,4.003143310546875,-1.0200810432434082,2.4828531742095947,6.215312957763672,5,1
817,-4.5707926750183105,0.6968192458152771,4.432341575622559,-0.6968192458152771,2.463475465774536,6.718109130859375,5,1
818,-4.513315200805664,0.9700748324394226,2.972376585006714,-0.9700748324394226,2.4386613368988037,6.749752044677734,5,1
819,-4.537123680114746,0.7769859433174133,3.989098072052002,-0.7769859433174133,2.450141429901123,6.484426975250244,5,1
820,-4.497650146484375,1.25347101688385,3.6078522205352783,-1.25347101688385,2.4443347454071045,6.9332146644592285,5,1
821,-4.593969821929932,0.8619683980941772,3.8759145736694336,-0.8619683980941772,2.491218090057373,7.095426082611084,5,1
822,-4.740142345428467,0.12811671197414398,4.2135396003723145,-0.12811671197414398,2.534536123275757,7.546865940093994,5,1
823,-4.231679916381836,0.17176157236099243,3.9434967041015625,-0.17176157236099243,2.515760898590088,7.115342140197754,5,1
824,-4.188082218170166,1.4639543294906616,4.282013893127441,-1.4639543294906616,2.473733901977539,5.784478187561035,5,1
825,-4.393256664276123,0.3476165533065796,4.039149284362793,-0.3476165533065796,2.5204203128814697,5.917285442352295,5,1
826,-4.35994815826416,0.4972907304763794,3.2932188510894775,-0.4972907304763794,2.4915502071380615,6.526769638061523,5,1
827,-4.705348491668701,1.1384053230285645,4.115628242492676,-1.1384053230285645,2.3894476890563965,6.890376567840576,5,1
828,-4.604157447814941,0.33116570115089417,4.399448394775391,-0.33116570115089417,2.5025038719177246,7.645033836364746,5,1
829,-4.591182708740234,1.0624310970306396,4.248751640319824,-1.0624310970306396,2.4640309810638428,6.470861911773682,5,1
830,-4.211845874786377,1.3268322944641113,3.565556526184082,-1.3268322944641113,2.360764980316162,6.001678466796875,5,1
831,-4.379734516143799,1.1248505115509033,3.7022504806518555,-1.1248505115509033,2.537391185760498,6.644865989685059,5,1
832,-4.632200241088867,0.339016318321228,5.173468589782715,-0.339016318321228,2.489417552947998,6.146110534667969,5,1
833,-4.288662910461426,0.44856831431388855,4.313839912414551,-0.44856831431388855,2.510176658630371,6.344192981719971,5,1
834,-4.239192485809326,-0.19194184243679047,4.465130805969238,0.19194184243679047,2.518019199371338,6.999959468841553,5,1
835,-4.678955078125,1.9130072593688965,3.1969337463378906,-1.9130072593688965,2.622251510620117,7.290689468383789,5,1
836,-4.53389835357666,1.2824296951293945,3.730368137359619,-1.2824296951293945,2.479541778564453,6.9400787353515625,5,1
837,-4.445085525512695,0.4507221281528473,5.279046058654785,-0.4507221281528473,2.536588668823242,7.063855171203613,5,1
838,-4.308007717132568,0.3213275671005249,4.005611419677734,-0.3213275671005249,2.3911962509155273,6.877708911895752,5,1
839,-4.189387798309326,-0.14008745551109314,4.865486145019531,0.14008745551109314,2.3432161808013916,6.037431716918945,5,1
840,-4.398288726806641,0.10985028743743896,4.513283729553223,-0.10985028743743896,2.4969663619995117,6.179144859313965,5,1
841,-4.421767234802246,0.6946114897727966,4.396440505981445,-0.6946114897727966,2.475712776184082,6.294036388397217,5,1
842,-3.803696632385254,1.0778205394744873,3.2325525283813477,-1.0778205394744873,2.5110723972320557,7.37800931930542,5,1
843,-4.414154052734375,0.7808982133865356,4.0054779052734375,-0.7808982133865356,2.510209083557129,8.54123592376709,5,1
844,-4.773278713226318,0.39578360319137573,4.639706611633301,-0.39578360319137573,2.4714066982269287,7.443353652954102,5,1
845,-4.851185321807861,0.7934983372688293,5.084664821624756,-0.7934983372688293,2.508483648300171,5.811769008636475,5,1
846,-4.077498435974121,0.5913888812065125,4.125085353851318,-0.5913888812065125,2.392151117324829,5.4614081382751465,5,1
847,-4.324555397033691,-0.2349606603384018,4.766240119934082,0.2349606603384018,2.4531798362731934,6.313790798187256,5,1
848,-4.771116256713867,0.6963835954666138,4.933329105377197,-0.6963835954666138,2.517620801925659,7.699777603149414,5,1
849,-4.154713153839111,1.3194940090179443,3.8759005069732666,-1.3194940090179443,2.496142625808716,6.7704691886901855,5,1
850,-4.1573615074157715,0.6904690265655518,3.8555827140808105,-0.6904690265655518,2.4649951457977295,5.765016078948975,5,1
851,-4.270632266998291,0.9245705604553223,4.159740924835205,-0.9245705604553223,2.548358201980591,6.136646747589111,5,1
852,-4.604978561401367,0.48156821727752686,4.035184383392334,-0.48156821727752686,2.5523765087127686,6.557613849639893,5,1
853,-4.478122711181641,0.38836419582366943,5.46630859375,-0.38836419582366943,2.4287750720977783,6.332829475402832,5,1
854,-4.337996006011963,0.26919445395469666,3.5920631885528564,-0.26919445395469666,2.479248523712158,5.7302165031433105,5,1
855,-4.17588472366333,0.05184103921055794,4.156836986541748,-0.05184103921055794,2.566951274871826,6.686458110809326,5,1
856,-4.358493328094482,-0.41590726375579834,4.608559608459473,0.41590726375579834,2.412130117416382,8.373114585876465,5,1
857,-4.280418395996094,1.3189852237701416,4.690710067749023,-1.3189852237701416,2.5545153617858887,8.433345794677734,5,1
858,-4.204069137573242,0.396332710981369,4.5292253494262695,-0.396332710981369,2.6015427112579346,6.497605323791504,5,1
859,-4.221622943878174,-0.025761106982827187,3.8075754642486572,0.025761106982827187,2.433044910430908,6.806386947631836,5,1
860,-4.273837089538574,0.8054365515708923,4.1436262130737305,-0.8054365515708923,2.4924144744873047,7.038946628570557,5,1
861,-4.33884859085083,0.3725612163543701,4.602908134460449,-0.3725612163543701,2.517620325088501,6.75209379196167,5,1
862,-4.499580383300781,0.8345710039138794,4.096466541290283,-0.8345710039138794,2.462737560272217,7.334710121154785,5,1
863,-4.199621677398682,1.081549882888794,4.67193603515625,-1.081549882888794,2.4581379890441895,6.915914058685303,5,1
864,-4.52504825592041,1.1604433059692383,3.823174476623535,-1.1604433059692383,2.542825222015381,7.221411228179932,5,1
865,-4.158747673034668,0.2789607644081116,4.429361343383789,-0.2789607644081116,2.3663477897644043,6.022268295288086,5,1
866,-4.095224857330322,1.3229198455810547,3.744814872741699,-1.3229198455810547,2.585772752761841,6.438261985778809,5,1
867,-4.337317943572998,-0.8160308599472046,5.272586345672607,0.8160308599472046,2.3786561489105225,6.703340530395508,5,1
868,-4.191380977630615,0.45648932456970215,3.6065516471862793,-0.45648932456970215,2.364138126373291,5.893159866333008,5,1
869,-4.648111343383789,-0.27524250745773315,5.063285827636719,0.27524250745773315,2.3856024742126465,7.117110729217529,5,1
870,-3.984814167022705,0.8741600513458252,4.290465354919434,-0.8741600513458252,2.355515718460083,6.970220565795898,5,1
871,-4.56999397277832,0.5623090863227844,4.617734432220459,-0.5623090863227844,2.518259048461914,6.244521141052246,5,1
872,-4.515103340148926,0.6102327704429626,4.808862686157227,-0.6102327704429626,2.443181276321411,5.32086181640625,5,1
873,-4.554780960083008,1.1864988803863525,4.619768142700195,-1.1864988803863525,2.6420493125915527,7.030341625213623,5,1
874,-4.48661994934082,0.1475372165441513,5.189891815185547,-0.1475372165441513,2.450749397277832,5.714084625244141,5,1
875,-4.609224796295166,0.31234264373779297,4.926847457885742,-0.31234264373779297,2.464540958404541,7.905215263366699,5,1
876,-4.420848369598389,-0.024739757180213928,4.351344585418701,0.024739757180213928,2.426464557647705,7.825843811035156,5,1
877,-4.641514778137207,0.17887331545352936,5.852087020874023,-0.17887331545352936,2.346917152404785,8.5079345703125,5,1
878,-4.266576290130615,1.633918046951294,3.786463737487793,-1.633918046951294,2.5092973709106445,7.53365421295166,5,1
879,-4.272588729858398,0.304442822933197,4.346737861633301,-0.304442822933197,2.476747512817383,7.184617042541504,5,1
880,-4.481363296508789,0.15336552262306213,4.55227518081665,-0.15336552262306213,2.555166006088257,7.429009437561035,5,1
881,-4.464372158050537,0.815234363079071,3.7557849884033203,-0.815234363079071,2.5127358436584473,7.69431734085083,5,1
882,-4.410660266876221,-0.01485765352845192,4.412998199462891,0.01485765352845192,2.4628782272338867,6.979866981506348,5,1
883,-4.313928127288818,0.24757139384746552,4.6048383712768555,-0.24757139384746552,2.4810895919799805,7.1141438484191895,5,1
884,-4.206979274749756,0.2535163164138794,4.5352277755737305,-0.2535163164138794,2.4300529956817627,8.1170072555542,5,1
885,-4.421916484832764,1.1881535053253174,4.15432596206665,-1.1881535053253174,2.4667975902557373,7.326912879943848,5,1
886,-4.377793312072754,0.388827919960022,4.693086624145508,-0.388827919960022,2.5395009517669678,7.076862812042236,5,1
887,-4.401521682739258,-0.312154620885849,5.365996360778809,0.312154620885849,2.3945224285125732,6.889921188354492,5,1
888,-4.47287130355835,0.4107744097709656,4.368762016296387,-0.4107744097709656,2.465073823928833,6.183574676513672,5,1
889,-4.154451370239258,0.9229042530059814,4.644957542419434,-0.9229042530059814,2.5557758808135986,6.057606220245361,5,1
890,-4.165806770324707,-0.23693163692951202,4.58078670501709,0.23693163692951202,2.4899818897247314,6.980052947998047,5,1
891,-4.377849102020264,-0.08020986616611481,4.453341960906982,0.08020986616611481,2.409160614013672,6.996011734008789,5,1
892,-4.315936088562012,-0.16936415433883667,4.77176570892334,0.16936415433883667,2.6884243488311768,5.97270393371582,5,1
893,-4.09026575088501,1.1589593887329102,4.134060859680176,-1.1589593887329102,2.5833475589752197,6.165656089782715,5,1
894,-4.156797409057617,0.7989583611488342,4.606048583984375,-0.7989583611488342,2.438229560852051,5.696054458618164,5,1
895,-4.020209312438965,0.20084315538406372,3.6403326988220215,-0.20084315538406372,2.4586989879608154,6.007439613342285,5,1
896,-4.206959247589111,0.506784975528717,4.099339008331299,-0.506784975528717,2.4240105152130127,6.453106880187988,5,1
897,-3.902169942855835,0.2700265645980835,4.687862396240234,-0.2700265645980835,2.438197612762451,5.537896633148193,5,1
898,-4.677640914916992,1.3779611587524414,4.157930850982666,-1.3779611587524414,2.4046132564544678,6.233306407928467,5,1
899,-4.011578559875488,0.5503922700881958,3.3910322189331055,-0.5503922700881958,2.4321911334991455,6.4760894775390625,5,1
900,-4.479052543640137,-0.49000149965286255,5.074073791503906,0.49000149965286255,2.4955358505249023,5.558077812194824,5,1
901,-4.251627445220947,0.4109988212585449,4.547648906707764,-0.4109988212585449,2.3322575092315674,5.1867828369140625,5,1
902,-4.325786590576172,0.5737385153770447,4.728519916534424,-0.5737385153770447,2.48117995262146,6.754561424255371,5,1
903,-4.284245014190674,0.5904505252838135,4.659923076629639,-0.5904505252838135,2.381953001022339,8.039047241210938,5,1
904,-4.39405632019043,0.6967999935150146,4.753355979919434,-0.6967999935150146,2.617255687713623,8.12441349029541,5,1
905,-4.334824085235596,0.02977427840232849,5.796271324157715,-0.02977427840232849,2.45782470703125,6.984570026397705,5,1
906,-4.407554626464844,0.4193597137928009,4.5133891105651855,-0.4193597137928009,2.44360089302063,6.424736499786377,5,1
907,-3.920132637023926,0.5398045182228088,4.069521903991699,-0.5398045182228088,2.3429675102233887,5.857903003692627,5,1
908,-4.415637016296387,-0.05766008794307709,4.800909996032715,0.05766008794307709,2.396965265274048,5.990300178527832,5,1
909,-4.137253761291504,-0.1627936214208603,4.282588958740234,0.1627936214208603,2.470364570617676,5.776317119598389,5,1
910,-4.27814245223999,0.5469363927841187,4.628954887390137,-0.5469363927841187,2.4122135639190674,5.242468357086182,5,1
911,-4.239328384399414,-0.2100490927696228,5.096224308013916,0.2100490927696228,2.3467345237731934,5.517665863037109,5,1
912,-4.46797513961792,0.08647723495960236,4.914093494415283,-0.08647723495960236,2.4387636184692383,6.3317437171936035,5,1
913,-4.252430438995361,0.11870315670967102,4.292667388916016,-0.11870315670967102,2.508920669555664,6.031203746795654,5,1
914,-4.373300552368164,-0.08099254965782166,5.230034828186035,0.08099254965782166,2.4698259830474854,5.903940677642822,5,1
915,-4.388391971588135,0.3648090362548828,4.196597099304199,-0.3648090362548828,2.477879524230957,6.480496883392334,5,1
916,-4.409086227416992,0.7821218967437744,4.314106464385986,-0.7821218967437744,2.4725518226623535,6.857152462005615,5,1
917,-4.146491527557373,0.07676444947719574,4.4034271240234375,-0.07676444947719574,2.4782192707061768,7.07858419418335,5,1
918,-4.144899368286133,0.30508705973625183,4.3104166984558105,-0.30508705973625183,2.403723955154419,7.446051120758057,5,1
919,-4.633709907531738,0.9136038422584534,4.662737846374512,-0.9136038422584534,2.4863381385803223,7.386590957641602,5,1
920,-4.42397403717041,0.18408343195915222,5.509288787841797,-0.18408343195915222,2.4333982467651367,6.945122241973877,5,1
921,-4.235213756561279,1.0128722190856934,4.6161041259765625,-1.0128722190856934,2.4119205474853516,5.222048282623291,5,1
922,-4.381040573120117,-0.24645628035068512,5.089122772216797,0.24645628035068512,2.3775956630706787,5.787543773651123,5,1
923,-4.320535182952881,-0.025077661499381065,4.408068656921387,0.025077661499381065,2.4182512760162354,5.785827159881592,5,1
924,-4.061732769012451,-0.0806487575173378,4.933839321136475,0.0806487575173378,2.411821126937866,6.944188594818115,5,1
925,-4.229665756225586,0.06366625428199768,4.206608295440674,-0.06366625428199768,2.529188871383667,7.896656513214111,5,1
926,-4.320590972900391,0.28605836629867554,4.860363006591797,-0.28605836629867554,2.5380172729492188,7.237605571746826,5,1
927,-4.121613502502441,0.5131063461303711,4.4148149490356445,-0.5131063461303711,2.4442620277404785,7.427088737487793,5,1
928,-3.876603841781616,-0.07926851511001587,3.854018449783325,0.07926851511001587,2.468050479888916,5.914804458618164,5,1
929,-4.420249938964844,-0.3546275198459625,5.376497745513916,0.3546275198459625,2.4750843048095703,5.84766149520874,5,1
930,-4.125665187835693,0.45841750502586365,4.458869457244873,-0.45841750502586365,2.5163204669952393,5.575969219207764,5,1
931,-4.562594413757324,0.598480224609375,4.683589458465576,-0.598480224609375,2.485248565673828,5.384690761566162,5,1
932,-4.378929615020752,0.6191461086273193,4.433345794677734,-0.6191461086273193,2.4074766635894775,5.335827350616455,5,1
933,-3.967897653579712,-0.016737066209316254,4.735648155212402,0.016737066209316254,2.4022247791290283,6.424691677093506,5,1
934,-4.106971263885498,0.4615323841571808,4.421695709228516,-0.4615323841571808,2.4126553535461426,7.614193916320801,5,1
935,-4.270030975341797,0.16263321042060852,4.6002373695373535,-0.16263321042060852,2.4908106327056885,7.264190673828125,5,1
936,-3.778268337249756,0.4119010865688324,4.209136962890625,-0.4119010865688324,2.4463136196136475,6.428668022155762,5,1
937,-4.384090423583984,0.21603816747665405,5.324836730957031,-0.21603816747665405,2.4695637226104736,6.200169563293457,5,1
938,-4.576755046844482,-0.6426880359649658,5.271442413330078,0.6426880359649658,2.4408938884735107,6.238625526428223,5,1
939,-4.5787739753723145,0.4552057981491089,4.368162155151367,-0.4552057981491089,2.4234304428100586,7.384394645690918,5,1
940,-4.3144025802612305,-0.2232118397951126,4.92966365814209,0.2232118397951126,2.431976318359375,8.43687629699707,5,1
941,-4.3810834884643555,-0.30584776401519775,4.828617095947266,0.30584776401519775,2.4527430534362793,6.86319637298584,5,1
942,-4.352813720703125,0.4345388412475586,3.95485258102417,-0.4345388412475586,2.4437787532806396,6.054748058319092,5,1
943,-4.467158317565918,-0.603348970413208,5.192707538604736,0.603348970413208,2.372424364089966,6.040749549865723,5,1
944,-4.137479782104492,0.6866087317466736,4.040561676025391,-0.6866087317466736,2.412499189376831,6.15474271774292,5,1
945,-4.128717422485352,-0.15411299467086792,3.9809935092926025,0.15411299467086792,2.390113592147827,6.3293890953063965,5,1
946,-3.705120325088501,0.030564993619918823,4.434942722320557,-0.030564993619918823,2.4840095043182373,7.7486796379089355,5,1
947,-3.7298173904418945,0.4875089228153229,4.762887954711914,-0.4875089228153229,2.4119315147399902,7.673645973205566,5,1
948,-3.9250967502593994,-0.4498831033706665,5.2616705894470215,0.4498831033706665,2.465815305709839,7.509166240692139,5,1
949,-4.38681173324585,-0.2797609865665436,5.806495189666748,0.2797609865665436,2.375636577606201,8.028944969177246,5,1
950,-4.3858442306518555,0.6370958089828491,4.545892715454102,-0.6370958089828491,2.587042808532715,7.409187316894531,5,1
951,-4.648390769958496,0.19420331716537476,5.305079936981201,-0.19420331716537476,2.4958298206329346,8.322192192077637,5,1
952,-4.082233905792236,-0.18712447583675385,4.145340919494629,0.18712447583675385,2.495692014694214,9.171846389770508,5,1
953,-4.026985168457031,-0.4069873094558716,5.12235164642334,0.4069873094558716,2.3742668628692627,8.025012016296387,5,1
954,-4.191985607147217,0.30698472261428833,4.01936149597168,-0.30698472261428833,2.4943621158599854,7.196297645568848,5,1
955,-4.01218843460083,0.06953916698694229,5.236465930938721,-0.06953916698694229,2.3821287155151367,6.835845947265625,5,1
956,-4.137710094451904,0.11495904624462128,4.187835693359375,-0.11495904624462128,2.3978192806243896,8.125211715698242,5,1
957,-4.265783786773682,0.31033170223236084,5.094968795776367,-0.31033170223236084,2.401552438735962,7.307557582855225,5,1
958,-4.092087745666504,-0.23308706283569336,4.379313945770264,0.23308706283569336,2.3235995769500732,5.828781604766846,5,1
959,-4.245609760284424,0.6437270045280457,4.775609016418457,-0.6437270045280457,2.4491326808929443,5.904350280761719,5,1
960,-4.187417030334473,0.568207859992981,4.34748649597168,-0.568207859992981,2.4961137771606445,6.489377498626709,5,1
961,-4.100398540496826,0.014973113313317299,4.027653694152832,-0.014973113313317299,2.361269235610962,5.672903060913086,5,1
962,-4.400807857513428,0.180495485663414,4.771008491516113,-0.180495485663414,2.5025527477264404,6.241377830505371,5,1
963,-4.081801414489746,0.3450218141078949,4.27005672454834,-0.3450218141078949,2.519078016281128,6.323233127593994,5,1
964,-4.411938190460205,-0.5501754879951477,4.761027812957764,0.5501754879951477,2.40425181388855,7.784768104553223,5,1
965,-4.282918930053711,-0.01045946404337883,4.478191375732422,0.01045946404337883,2.4101181030273438,7.352007865905762,5,1
966,-4.405140399932861,-0.35212695598602295,4.738925933837891,0.35212695598602295,2.2890846729278564,6.6055145263671875,5,1
967,-4.389608383178711,0.06370843946933746,5.313358306884766,-0.06370843946933746,2.4425787925720215,6.6434526443481445,5,1
968,-4.568233966827393,-0.3453296422958374,4.613827705383301,0.3453296422958374,2.5019280910491943,6.715733051300049,5,1
969,-4.534224510192871,-0.4479513168334961,5.283511161804199,0.4479513168334961,2.3792200088500977,7.236921787261963,5,1
970,-4.302546501159668,0.18183161318302155,4.509677886962891,-0.18183161318302155,2.3940210342407227,6.546630382537842,5,1
971,-4.028261661529541,-0.6879522204399109,4.5814619064331055,0.6879522204399109,2.5096662044525146,5.949183464050293,5,1
972,-4.11351203918457,0.02276335284113884,4.920897960662842,-0.02276335284113884,2.4513204097747803,6.283648490905762,5,1
973,-3.9775753021240234,-0.3055556118488312,5.266980171203613,0.3055556118488312,2.422189712524414,7.260735988616943,5,1
974,-4.1563873291015625,-0.282231867313385,5.1052350997924805,0.282231867313385,2.472297430038452,8.426910400390625,5,1
975,-4.151233196258545,0.19721245765686035,4.342236042022705,-0.19721245765686035,2.399383783340454,8.096349716186523,5,1
976,-4.437946796417236,-0.1412356197834015,4.765500068664551,0.1412356197834015,2.5382463932037354,7.201085567474365,5,1
977,-4.046810626983643,-0.6401467323303223,5.111839771270752,0.6401467323303223,2.4153876304626465,6.66016149520874,5,1
978,-4.310225009918213,0.4596657156944275,4.700405120849609,-0.4596657156944275,2.3553848266601562,6.75259256362915,5,1
979,-4.097774982452393,-0.16548387706279755,4.638448715209961,0.16548387706279755,2.403456211090088,5.956098556518555,5,1
980,-4.309677600860596,0.10251355171203613,4.860416412353516,-0.10251355171203613,2.5265822410583496,6.156940460205078,5,1
981,-4.165286540985107,-0.8556314706802368,5.333256244659424,0.8556314706802368,2.4222569465637207,6.3597941398620605,5,1
982,-4.36356258392334,0.842106819152832,4.207188606262207,-0.842106819152832,2.561925172805786,7.356881141662598,5,1
983,-4.248602867126465,-0.3383292853832245,5.209737300872803,0.3383292853832245,2.3708460330963135,6.531607151031494,5,1
984,-4.444057464599609,0.27097058296203613,4.771413803100586,-0.27097058296203613,2.4186549186706543,6.936280250549316,5,1
985,-3.5917043685913086,-0.6195616722106934,4.690387725830078,0.6195616722106934,2.3931808471679688,6.734335899353027,5,1
986,-4.152502536773682,-0.10645529627799988,4.9003987312316895,0.10645529627799988,2.502728223800659,7.111320495605469,5,1
987,-4.3159332275390625,-0.1496923863887787,4.994623184204102,0.1496923863887787,2.4501993656158447,6.187952995300293,5,1
988,-4.182336807250977,0.27537694573402405,4.697257041931152,-0.27537694573402405,2.440319299697876,7.858275890350342,5,1
989,-3.862962245941162,-0.4369606673717499,4.641549110412598,0.4369606673717499,2.4706225395202637,6.763296127319336,5,1
990,-4.254077434539795,-0.2614530324935913,5.192254066467285,0.2614530324935913,2.460867404937744,6.260139465332031,5,1
991,-3.9067015647888184,-1.069544792175293,5.650617599487305,1.069544792175293,2.4733340740203857,6.553076267242432,5,1
992,-4.230954647064209,0.936862051486969,4.434698104858398,-0.936862051486969,2.471940040588379,5.70706033706665,5,1
993,-4.217446327209473,-0.16476191580295563,5.350284576416016,0.16476191580295563,2.4379220008850098,6.2231574058532715,5,1
994,-4.1063337326049805,-1.2993320226669312,5.315487861633301,1.2993320226669312,2.42246675491333,6.761205673217773,5,1
995,-4.151651382446289,-0.28749290108680725,4.379995822906494,0.28749290108680725,2.3364109992980957,6.092865943908691,5,1
996,-3.882378578186035,0.1903085857629776,5.050739288330078,-0.1903085857629776,2.5874083042144775,7.1947808265686035,5,1
997,-4.325234413146973,-1.0462722778320312,5.758323669433594,1.0462722778320312,2.4536209106445312,6.53455924987793,5,1
998,-4.261318206787109,-0.5315751433372498,4.845815658569336,0.5315751433372498,2.395153760910034,5.635457515716553,5,1
999,-4.026797294616699,0.2592998743057251,3.9603962898254395,-0.2592998743057251,2.5725350379943848,6.956867694854736,5,1
1000,-4.3324432373046875,0.03211977332830429,5.191699028015137,-0.03211977332830429,2.4646735191345215,7.615771293640137,5,1
1001,-4.08317232131958,-0.0013844072818756104,4.705088138580322,0.0013844072818756104,2.4858736991882324,5.822970390319824,5,1
1002,-4.184114933013916,-0.8694025874137878,5.714000225067139,0.8694025874137878,2.441718578338623,6.258093357086182,5,1
1003,-4.225723743438721,-0.588196337223053,5.37591028213501,0.588196337223053,2.3825151920318604,5.618580341339111,5,1
1004,-4.316401958465576,0.24999000132083893,5.228126525878906,-0.24999000132083893,2.592573881149292,6.651160717010498,5,1
1005,-4.4979400634765625,0.014419984072446823,4.632892608642578,-0.014419984072446823,2.3964803218841553,8.508404731750488,5,1
1006,-4.103956699371338,-0.3156631588935852,5.341926574707031,0.3156631588935852,2.4569156169891357,8.504220008850098,5,1
1007,-3.95986008644104,0.4495111405849457,4.633536338806152,-0.4495111405849457,2.4342081546783447,8.4253511428833,5,1
1008,-4.003565311431885,-0.3107852637767792,4.60593843460083,0.3107852637767792,2.372856855392456,7.492488861083984,5,1
1009,-3.979933023452759,-0.37177011370658875,5.066219329833984,0.37177011370658875,2.4165077209472656,6.015195846557617,5,1
1010,-3.9311904907226562,-0.4518887996673584,4.186929225921631,0.4518887996673584,2.4312632083892822,6.736389636993408,5,1
1011,-4.008285045623779,-0.20509082078933716,4.8639044761657715,0.20509082078933716,2.4324283599853516,5.517184734344482,5,1
1012,-4.037223815917969,0.21862946450710297,3.8520936965942383,-0.21862946450710297,2.4478044509887695,6.76648473739624,5,1
1013,-3.7740962505340576,-0.1272074580192566,4.481031894683838,0.1272074580192566,2.424293279647827,6.425443172454834,5,1
1014,-4.39298677444458,-0.7440324425697327,4.894440650939941,0.7440324425697327,2.4237983226776123,5.686585426330566,5,1
1015,-3.7820990085601807,-0.5120840072631836,5.034635543823242,0.5120840072631836,2.3210654258728027,6.488288402557373,5,1
1016,-3.8257365226745605,-0.6684268116950989,5.110523223876953,0.6684268116950989,2.4254343509674072,6.789159774780273,5,1
1017,-3.969867467880249,-0.5174754858016968,4.8397345542907715,0.5174754858016968,2.3383400440216064,6.111383438110352,5,1
1018,-3.683640480041504,-0.7240117788314819,4.771426200866699,0.7240117788314819,2.3091800212860107,5.458327293395996,5,1
1019,-3.8292932510375977,-0.19580349326133728,4.364494800567627,0.19580349326133728,2.518406391143799,5.3575215339660645,5,1
1020,-4.143216133117676,0.018949024379253387,5.057528495788574,-0.018949024379253387,2.53118634223938,7.384002685546875,5,1
1021,-3.8705506324768066,-0.7379068732261658,4.9180145263671875,0.7379068732261658,2.55216121673584,9.155282020568848,5,1
1022,-4.054274559020996,-0.6944959163665771,4.625026702880859,0.6944959163665771,2.3308842182159424,7.969655513763428,5,1
1023,-3.911693572998047,-0.1115783154964447,5.036846160888672,0.1115783154964447,2.4156668186187744,6.151257038116455,5,1
1024,-4.088692665100098,-0.5397266745567322,5.425850868225098,0.5397266745567322,2.418515920639038,5.377007007598877,5,1
1025,-4.187206268310547,-0.2925889492034912,5.325676441192627,0.2925889492034912,2.422022581100464,5.092635154724121,5,1
1026,-4.479789733886719,-0.8746142387390137,5.513564586639404,0.8746142387390137,2.3685173988342285,5.98074197769165,5,1
1027,-4.371728420257568,0.5377345085144043,4.690110206604004,-0.5377345085144043,2.42598557472229,6.297367572784424,5,1
1028,-4.131741046905518,-0.42956846952438354,4.752920627593994,0.42956846952438354,2.3809726238250732,6.356930255889893,5,1
1029,-3.8650872707366943,0.16578342020511627,4.661167144775391,-0.16578342020511627,2.403856039047241,6.845728874206543,5,1
1030,-4.186408042907715,-0.49906685948371887,5.004900932312012,0.49906685948371887,2.4136176109313965,5.800904273986816,5,1
1031,-3.831101655960083,-0.13699400424957275,4.858034133911133,0.13699400424957275,2.4594974517822266,6.064450740814209,5,1
1032,-4.421628475189209,0.4319040775299072,4.718553066253662,-0.4319040775299072,2.500927686691284,6.066047668457031,5,1
1033,-3.9218931198120117,-0.05901118367910385,4.583555221557617,0.05901118367910385,2.5391058921813965,6.499967098236084,5,1
1034,-4.2873616218566895,-0.6751326322555542,5.2015910148620605,0.6751326322555542,2.3679850101470947,7.1570563316345215,5,1
1035,-3.939570188522339,-0.41351181268692017,4.217951774597168,0.41351181268692017,2.38090181350708,7.256722450256348,5,1
1036,-4.22069787979126,-0.4491596221923828,5.404522895812988,0.4491596221923828,2.4613547325134277,7.096651554107666,5,1
1037,-4.226438999176025,-1.1447492837905884,5.655447959899902,1.1447492837905884,2.3615241050720215,7.491919994354248,5,1
1038,-4.046908378601074,-0.3279687166213989,4.479820251464844,0.3279687166213989,2.465961217880249,6.425411224365234,5,1
1039,-3.8306257724761963,-0.6257753968238831,4.297358989715576,0.6257753968238831,2.3641340732574463,5.795293807983398,5,1
1040,-4.527097702026367,-0.3905565142631531,4.769013404846191,0.3905565142631531,2.421269655227661,6.059149265289307,5,1
1041,-3.7993006706237793,-1.2875407934188843,6.079556465148926,1.2875407934188843,2.3798394203186035,7.410190105438232,5,1
1042,-4.552879333496094,-1.0175831317901611,5.799440383911133,1.0175831317901611,2.469816207885742,7.154219627380371,5,1
1043,-4.054919242858887,-0.6951737403869629,4.9421305656433105,0.6951737403869629,2.350142240524292,6.030099868774414,5,1
1044,-4.097784996032715,-0.716576099395752,5.037917137145996,0.716576099395752,2.5245449542999268,5.970820426940918,5,1
1045,-3.7649247646331787,0.9059900641441345,3.792898178100586,-0.9059900641441345,2.5136239528656006,7.540700912475586,5,1
1046,-3.8892529010772705,-0.4637860357761383,4.505057334899902,0.4637860357761383,2.5463125705718994,6.256872653961182,5,1
1047,-3.8437719345092773,-0.033468931913375854,4.736329078674316,0.033468931913375854,2.3168835639953613,6.331747055053711,5,1
1048,-4.016176223754883,-1.144500494003296,4.896923065185547,1.144500494003296,2.4420225620269775,6.519025802612305,5,1
1049,-3.896066188812256,-0.5035713911056519,5.350990295410156,0.5035713911056519,2.4105613231658936,6.551471710205078,5,1
1050,-4.163173198699951,0.16119129955768585,5.096337795257568,-0.16119129955768585,2.35251784324646,6.682360649108887,5,1
1051,-4.270756721496582,-0.0009501203894615173,5.089741230010986,0.0009501203894615173,2.473313093185425,5.5518622398376465,5,1
1052,-4.2486138343811035,-0.7607678771018982,5.139913082122803,0.7607678771018982,2.259181499481201,5.991375923156738,5,1
1053,-4.258127689361572,-0.20281535387039185,4.597290992736816,0.20281535387039185,2.365302085876465,5.54306173324585,5,1
1054,-4.035238265991211,-0.5593567490577698,4.377171516418457,0.5593567490577698,2.3667285442352295,5.539511680603027,5,1
1055,-4.3533782958984375,-0.2707463204860687,5.52352237701416,0.2707463204860687,2.4307100772857666,6.004600524902344,5,1
1056,-4.132785797119141,0.5527719855308533,4.509573936462402,-0.5527719855308533,2.5279271602630615,7.247284889221191,5,1
1057,-3.9678027629852295,-0.5808013677597046,4.939213275909424,0.5808013677597046,2.485903739929199,6.694519996643066,5,1
1058,-4.217911243438721,-0.7646311521530151,5.238326549530029,0.7646311521530151,2.2969844341278076,6.83937931060791,5,1
1059,-3.9912428855895996,-0.03806907311081886,5.037625312805176,0.03806907311081886,2.3716328144073486,6.268385410308838,5,1
1060,-4.066641807556152,-0.37247371673583984,5.200944900512695,0.37247371673583984,2.435007333755493,5.536143779754639,5,1
1061,-3.932029962539673,-0.44912320375442505,5.125370502471924,0.44912320375442505,2.435352087020874,6.6913065910339355,5,1
1062,-4.116296291351318,-1.3372607231140137,5.428628444671631,1.3372607231140137,2.38220477104187,7.500162124633789,5,1
1063,-3.796741247177124,-0.20689941942691803,4.561022758483887,0.20689941942691803,2.4401259422302246,6.367347240447998,5,1
1064,-4.02691650390625,-0.8342064619064331,5.610495567321777,0.8342064619064331,2.320383310317993,7.286185264587402,5,1
1065,-4.4200029373168945,0.34113290905952454,4.545323371887207,-0.34113290905952454,2.4601926803588867,8.15071964263916,5,1
1066,-3.818302869796753,-0.6613125801086426,4.619462490081787,0.6613125801086426,2.350980520248413,8.894648551940918,5,1
1067,-4.162473201751709,-0.7816660404205322,5.53652286529541,0.7816660404205322,2.380124807357788,8.532959938049316,5,1
1068,-3.804327964782715,-0.9558586478233337,5.557312965393066,0.9558586478233337,2.2926080226898193,5.963948726654053,5,1
1069,-3.892559051513672,-0.32049503922462463,5.240214824676514,0.32049503922462463,2.4478018283843994,6.391760349273682,5,1
1070,-4.01697301864624,-1.001746416091919,5.854593276977539,1.001746416091919,2.3944222927093506,6.770724773406982,5,1
1071,-4.071153163909912,-0.34516969323158264,4.781459331512451,0.34516969323158264,2.4138102531433105,6.31304931640625,5,1
1072,-3.6630146503448486,-0.8518620133399963,4.8802900314331055,0.8518620133399963,2.2707672119140625,5.4082932472229,5,1
1073,-3.870758533477783,-0.012784376740455627,4.616769790649414,0.012784376740455627,2.4251596927642822,5.634732246398926,5,1
1074,-3.7852790355682373,-0.5832767486572266,5.1854143142700195,0.5832767486572266,2.424393653869629,6.263871192932129,5,1
1075,-4.068990230560303,-0.8648651838302612,5.0572638511657715,0.8648651838302612,2.3664395809173584,7.07337760925293,5,1
1076,-3.982764720916748,-0.03333720564842224,5.067731857299805,0.03333720564842224,2.4696288108825684,9.555459976196289,5,1
1077,-3.871520757675171,-0.660419225692749,5.4064741134643555,0.660419225692749,2.365860939025879,8.740666389465332,5,1
1078,-4.2079620361328125,-0.4782838225364685,4.956173419952393,0.4782838225364685,2.325958013534546,6.869271755218506,5,1
1079,-3.767716884613037,-1.0888680219650269,4.6449127197265625,1.0888680219650269,2.3848586082458496,5.684713363647461,5,1
1080,-3.9286394119262695,-0.06457620859146118,5.181452751159668,0.06457620859146118,2.4814794063568115,5.80647087097168,5,1
1081,-3.9968128204345703,-1.1209874153137207,5.287384033203125,1.1209874153137207,2.3948545455932617,5.914310932159424,5,1
1082,-3.650923252105713,-0.6948037147521973,4.39027214050293,0.6948037147521973,2.3761191368103027,5.183986186981201,5,1
1083,-4.17842960357666,-1.46209716796875,5.667866230010986,1.46209716796875,2.4514291286468506,5.936213493347168,5,1
1084,-3.977370500564575,-0.024903617799282074,4.346475601196289,0.024903617799282074,2.3570404052734375,6.445095062255859,5,1
1085,-3.6327574253082275,-0.7908674478530884,4.756892204284668,0.7908674478530884,2.3425447940826416,5.736025333404541,5,1
1086,-3.8544700145721436,-1.089074730873108,4.970403671264648,1.089074730873108,2.364856243133545,5.513842582702637,5,1
1087,-4.243075370788574,0.4670548737049103,4.511709690093994,-0.4670548737049103,2.5710692405700684,7.475343227386475,5,1
1088,-4.188867092132568,-0.7713181972503662,5.092731475830078,0.7713181972503662,2.4461069107055664,5.46790075302124,5,1
1089,-3.934331178665161,-0.42969247698783875,4.820864677429199,0.42969247698783875,2.3127620220184326,5.505660533905029,5,1
1090,-3.704998254776001,-0.905422568321228,5.266340255737305,0.905422568321228,2.404230833053589,6.116631031036377,5,1
1091,-4.040215969085693,-0.6951282024383545,5.198843002319336,0.6951282024383545,2.4756968021392822,6.426294803619385,5,1
1092,-3.9126527309417725,-1.3692296743392944,5.146345615386963,1.3692296743392944,2.3461477756500244,7.654107093811035,5,1
1093,-4.059183120727539,-0.7078709602355957,5.413257598876953,0.7078709602355957,2.4674487113952637,6.892102241516113,5,1
1094,-4.136368751525879,-0.40236103534698486,4.985934734344482,0.40236103534698486,2.4699559211730957,5.546528339385986,5,1
1095,-3.766078472137451,-0.2213059514760971,4.368288516998291,0.2213059514760971,2.4967236518859863,6.5274271965026855,5,1
1096,-4.065815448760986,-0.9358158111572266,5.6085405349731445,0.9358158111572266,2.4358363151550293,6.907793998718262,5,1
1097,-4.007274627685547,-0.29798179864883423,4.575174331665039,0.29798179864883423,2.3781912326812744,6.634591579437256,5,1
1098,-4.015907287597656,-0.12283012270927429,4.062649250030518,0.12283012270927429,2.370201349258423,7.255932807922363,5,1
1099,-3.8779478073120117,-0.3032856285572052,4.609353065490723,0.3032856285572052,2.3699560165405273,7.537987232208252,5,1
1100,-4.180253982543945,-0.819293200969696,5.824524879455566,0.819293200969696,2.4274611473083496,6.343612194061279,5,1
1101,-3.940608501434326,-0.32508385181427,5.172893524169922,0.32508385181427,2.3878989219665527,5.975807189941406,5,1
1102,-3.941502571105957,-1.1129324436187744,4.997006416320801,1.1129324436187744,2.421720027923584,5.79621696472168,5,1
1103,-3.778963565826416,-0.815765917301178,5.246089935302734,0.815765917301178,2.3621907234191895,5.662633895874023,5,1
1104,-3.801706552505493,-0.6908910870552063,5.492894172668457,0.6908910870552063,2.3348095417022705,5.942291736602783,5,1
1105,-3.762859344482422,-0.8762881755828857,4.781345367431641,0.8762881755828857,2.4105114936828613,6.412384986877441,5,1
1106,-3.7671890258789062,-1.4451122283935547,5.267013072967529,1.4451122283935547,2.4501569271087646,7.457569122314453,5,1
1107,-3.928260087966919,-0.7987868189811707,4.751410484313965,0.7987868189811707,2.2912943363189697,9.289246559143066,5,1
1108,-4.08603572845459,-0.11416763812303543,4.993962287902832,0.11416763812303543,2.4366724491119385,8.996502876281738,5,1
1109,-4.022377014160156,-1.4889510869979858,5.170981407165527,1.4889510869979858,2.313218355178833,6.4459333419799805,5,1
1110,-3.8595457077026367,-0.5613650679588318,5.048946380615234,0.5613650679588318,2.332914352416992,5.5805487632751465,5,1
1111,-3.872880220413208,0.49601858854293823,4.5155110359191895,-0.49601858854293823,2.3709139823913574,5.868407726287842,5,1
1112,-3.987710475921631,0.14427730441093445,4.857870101928711,-0.14427730441093445,2.513397216796875,5.640378475189209,5,1
1113,-3.8196325302124023,-1.2117375135421753,5.108834743499756,1.2117375135421753,2.3966128826141357,5.897439002990723,5,1
1114,-3.852344512939453,-0.7609702348709106,5.08821439743042,0.7609702348709106,2.4211249351501465,5.081570148468018,5,1
1115,-3.773803949356079,-0.3711245059967041,5.253832817077637,0.3711245059967041,2.4501631259918213,5.481958389282227,5,1
1116,-3.8286736011505127,-0.561145544052124,4.964818000793457,0.561145544052124,2.4499149322509766,5.3322834968566895,5,1
1117,-3.979243516921997,-0.46305546164512634,4.924308776855469,0.46305546164512634,2.282466411590576,5.3943376541137695,5,1
1118,-3.8412322998046875,-0.5742124319076538,4.731290340423584,0.5742124319076538,2.3437299728393555,6.924733638763428,5,1
1119,-3.627800703048706,-0.8075671792030334,4.524969100952148,0.8075671792030334,2.3620593547821045,7.392770290374756,5,1
1120,-3.9423599243164062,-0.11414435505867004,4.562532901763916,0.11414435505867004,2.3816959857940674,5.724495887756348,5,1
1121,-3.7844715118408203,-0.7364879846572876,5.28919792175293,0.7364879846572876,2.3250739574432373,5.773370742797852,5,1
1122,-4.113214015960693,-1.1492712497711182,5.687128067016602,1.1492712497711182,2.442260503768921,7.80613899230957,5,1
1123,-3.8282861709594727,0.31732624769210815,4.435715675354004,-0.31732624769210815,2.3614799976348877,7.366233825683594,5,1
1124,-3.779872179031372,-0.3816074728965759,5.133929252624512,0.3816074728965759,2.429626941680908,5.447299957275391,5,1
1125,-4.08130407333374,-1.0985432863235474,5.669498443603516,1.0985432863235474,2.463998556137085,5.470836639404297,5,1
1126,-3.965162515640259,-0.2554473876953125,4.689391136169434,0.2554473876953125,2.3193156719207764,7.024466514587402,5,1
1127,-4.3538103103637695,-0.8373405933380127,5.651032447814941,0.8373405933380127,2.4097163677215576,7.2489423751831055,5,1
1128,-4.087915420532227,-0.7101274132728577,5.217741966247559,0.7101274132728577,2.4381167888641357,7.151436805725098,5,1
1129,-3.808105945587158,-0.27235111594200134,5.300945281982422,0.27235111594200134,2.313413143157959,6.643860340118408,5,1
1130,-3.7839367389678955,-1.219865322113037,5.117307186126709,1.219865322113037,2.3387796878814697,5.802604675292969,5,1
1131,-3.7564361095428467,-0.3531727194786072,4.6184539794921875,0.3531727194786072,2.4861652851104736,6.043739318847656,5,1
1132,-4.287537574768066,-1.0460567474365234,5.767551422119141,1.0460567474365234,2.2571513652801514,5.3523101806640625,5,1
1133,-3.9735817909240723,-1.1576075553894043,5.411439895629883,1.1576075553894043,2.4166553020477295,5.792179107666016,5,1
1134,-3.744128465652466,-1.610617995262146,5.883794784545898,1.610617995262146,2.3782944679260254,6.324932098388672,5,1
1135,-3.7591569423675537,-1.2237725257873535,5.384515762329102,1.2237725257873535,2.3803532123565674,6.118596076965332,5,1
1136,-4.071128845214844,-0.9381698966026306,5.525934219360352,0.9381698966026306,2.427659273147583,6.637491703033447,5,1
1137,-4.244494438171387,0.30606162548065186,4.774436950683594,-0.30606162548065186,2.3556244373321533,8.401131629943848,5,1
1138,-3.4358911514282227,-0.8428167104721069,4.632855415344238,0.8428167104721069,2.27604341506958,7.68018913269043,5,1
1139,-3.635209321975708,-0.8352811932563782,5.072060585021973,0.8352811932563782,2.328237295150757,5.703328609466553,5,1
1140,-3.9783241748809814,-0.6693360805511475,4.4769978523254395,0.6693360805511475,2.4448442459106445,6.551743984222412,5,1
1141,-3.9483115673065186,-1.2948997020721436,5.042574882507324,1.2948997020721436,2.3022875785827637,7.954152584075928,5,1
1142,-3.966764211654663,-0.3161318302154541,5.454312801361084,0.3161318302154541,2.2760000228881836,8.9243745803833,5,1
1143,-4.024051666259766,-0.785119891166687,5.354001522064209,0.785119891166687,2.341460704803467,6.8252997398376465,5,1
1144,-3.7330212593078613,-0.41090667247772217,5.0223541259765625,0.41090667247772217,2.3541147708892822,5.626895904541016,5,1
1145,-3.4329001903533936,-0.8403023481369019,4.2585248947143555,0.8403023481369019,2.4028759002685547,5.387683391571045,5,1
1146,-3.776477336883545,-1.0796326398849487,5.931849479675293,1.0796326398849487,2.3409669399261475,5.413697242736816,5,1
1147,-3.8305904865264893,-1.2308720350265503,4.635063171386719,1.2308720350265503,2.3621411323547363,5.563825607299805,5,1
1148,-3.704141855239868,-0.7630573511123657,4.64877986907959,0.7630573511123657,2.377551555633545,5.664852619171143,5,1
1149,-3.954275131225586,-0.21838343143463135,4.670206546783447,0.21838343143463135,2.3383047580718994,5.7072062492370605,5,1
1150,-3.6149299144744873,-1.329445481300354,4.748876571655273,1.329445481300354,2.3383398056030273,6.39135217666626,5,1
1151,-4.033769607543945,-1.1310524940490723,6.014755725860596,1.1310524940490723,2.3778679370880127,6.892125606536865,5,1
1152,-4.03767728805542,-0.1393963098526001,4.490634918212891,0.1393963098526001,2.409245252609253,6.8649725914001465,5,1
1153,-3.770813465118408,-0.929879903793335,5.163228988647461,0.929879903793335,2.397789716720581,5.97794246673584,5,1
1154,-3.88071346282959,-1.0537797212600708,5.287864685058594,1.0537797212600708,2.3276970386505127,5.6874165534973145,5,1
1155,-4.110649108886719,-0.3787856101989746,5.182730197906494,0.3787856101989746,2.4541804790496826,6.324728012084961,5,1
1156,-3.9158995151519775,-1.2004497051239014,5.520561218261719,1.2004497051239014,2.383296012878418,5.868269443511963,5,1
1157,-3.8696303367614746,-0.42452606558799744,5.28964376449585,0.42452606558799744,2.3603456020355225,5.201478481292725,5,1
1158,-4.10566520690918,-0.7908636927604675,5.0021491050720215,0.7908636927604675,2.390542507171631,6.1364359855651855,5,1
1159,-3.883110523223877,-0.858841061592102,5.521731376647949,0.858841061592102,2.3753838539123535,6.767882347106934,5,1
1160,-3.5842361450195312,-0.78877854347229,5.047339916229248,0.78877854347229,2.4256081581115723,6.858374118804932,5,1
1161,-3.6319382190704346,-0.931534469127655,5.094883918762207,0.931534469127655,2.375669479370117,7.357982158660889,5,1
1162,-4.085776329040527,-1.428364872932434,5.777172088623047,1.428364872932434,2.373966693878174,6.455316066741943,5,1
1163,-4.0670928955078125,-0.8369458317756653,5.216819763183594,0.8369458317756653,2.3529903888702393,6.8933868408203125,5,1
1164,-3.3789145946502686,-0.7866972088813782,5.217581748962402,0.7866972088813782,2.539803981781006,8.563847541809082,5,1
1165,-4.113961696624756,-0.6267794966697693,5.288545608520508,0.6267794966697693,2.456986427307129,7.417715549468994,5,1
1166,-3.763607978820801,-0.7792391180992126,5.138631820678711,0.7792391180992126,2.2840614318847656,5.940030574798584,5,1
1167,-3.7536940574645996,-0.959720253944397,5.658249855041504,0.959720253944397,2.2906761169433594,6.200022220611572,5,1
1168,-3.810068130493164,-0.8857961893081665,5.079092502593994,0.8857961893081665,2.3494889736175537,5.637558460235596,5,1
1169,-4.106614112854004,-0.5250381827354431,5.322261810302734,0.5250381827354431,2.3899009227752686,5.267633438110352,5,1
1170,-3.7603673934936523,-0.6777132153511047,4.892356872558594,0.6777132153511047,2.349442481994629,6.093264579772949,5,1
1171,-3.7733235359191895,-0.6672955751419067,4.890870571136475,0.6672955751419067,2.3943727016448975,6.467050075531006,5,1
1172,-3.8770859241485596,-0.24920785427093506,4.7548112869262695,0.24920785427093506,2.439893960952759,5.59987211227417,5,1
1173,-3.5287599563598633,-0.7936725616455078,4.618377685546875,0.7936725616455078,2.316951274871826,5.673299789428711,5,1
1174,-3.832951068878174,-1.1861635446548462,5.1815714836120605,1.1861635446548462,2.3345162868499756,5.925450801849365,5,1
1175,-4.052859306335449,-1.0945360660552979,5.12186336517334,1.0945360660552979,2.343954086303711,5.854066848754883,5,1
1176,-3.8233232498168945,-0.7571274042129517,4.832901954650879,0.7571274042129517,2.319705009460449,6.3109049797058105,5,1
1177,-3.979304075241089,-1.4148552417755127,5.320615768432617,1.4148552417755127,2.313281297683716,7.107448577880859,5,1
1178,-3.8697280883789062,0.3014482259750366,4.542280197143555,-0.3014482259750366,2.470349073410034,8.751777648925781,5,1
1179,-3.808882713317871,-0.9655556678771973,4.80057430267334,0.9655556678771973,2.208665132522583,7.396783828735352,5,1
1180,-3.81945538520813,-1.0297555923461914,5.410390853881836,1.0297555923461914,2.382056474685669,8.290080070495605,5,1
1181,-4.087223529815674,-0.4722427725791931,5.0890913009643555,0.4722427725791931,2.378795623779297,8.426186561584473,5,1
1182,-3.733356237411499,-0.24778106808662415,5.061400413513184,0.24778106808662415,2.3610079288482666,7.542579650878906,5,1
1183,-3.736963987350464,-0.652005672454834,4.932373046875,0.652005672454834,2.398458957672119,6.465195655822754,5,1
1184,-3.676825523376465,-0.5014381408691406,4.923139572143555,0.5014381408691406,2.3337271213531494,5.767923355102539,5,1
1185,-3.825136184692383,-1.3661513328552246,6.09527063369751,1.3661513328552246,2.3093018531799316,6.366745471954346,5,1
1186,-3.9328019618988037,-0.37633654475212097,5.6784281730651855,0.37633654475212097,2.388692855834961,5.9521074295043945,5,1
1187,-3.4525835514068604,-0.42789196968078613,4.136801719665527,0.42789196968078613,2.2868423461914062,7.263002395629883,5,1
1188,-4.1024675369262695,-0.09433682262897491,4.863359451293945,0.09433682262897491,2.355252742767334,6.410017013549805,5,1
1189,-3.8260018825531006,-1.633082389831543,5.1122636795043945,1.633082389831543,2.2570900917053223,4.940220355987549,5,1
1190,-3.58389949798584,-1.2525434494018555,5.257940292358398,1.2525434494018555,2.2683675289154053,5.291377067565918,5,1
1191,-3.836613655090332,-1.4084532260894775,5.465410232543945,1.4084532260894775,2.256444215774536,5.8619279861450195,5,1
1192,-4.252510070800781,-0.49326837062835693,4.822408676147461,0.49326837062835693,2.3130099773406982,5.542424201965332,5,1
1193,-3.7203426361083984,-1.1903194189071655,5.537357330322266,1.1903194189071655,2.34778094291687,5.405807018280029,5,1
1194,-3.834376573562622,-0.7734326720237732,4.933653354644775,0.7734326720237732,2.422574758529663,6.271803379058838,5,1
1195,-3.859499454498291,-1.236266016960144,5.18473482131958,1.236266016960144,2.29137921333313,6.51934814453125,5,1
1196,-3.8282530307769775,-1.1494375467300415,4.856139183044434,1.1494375467300415,2.3357245922088623,6.913171768188477,5,1
1197,-3.732579469680786,-1.0808889865875244,5.665088653564453,1.0808889865875244,2.3265068531036377,7.841923236846924,5,1
1198,-3.656064510345459,-1.3111577033996582,4.741430282592773,1.3111577033996582,2.4213523864746094,7.331859588623047,5,1
1199,-3.6207189559936523,-1.0480343103408813,5.20297908782959,1.0480343103408813,2.2888295650482178,6.192623615264893,5,1
1200,-3.671755790710449,-0.8069279193878174,5.137726783752441,0.8069279193878174,2.345184564590454,5.987490177154541,5,1
1201,-3.6484076976776123,-1.396085262298584,5.259733200073242,1.396085262298584,2.345263719558716,5.496148586273193,5,1
1202,-3.904222011566162,-1.426169514656067,5.958218574523926,1.426169514656067,2.3599889278411865,5.738174915313721,5,1
1203,-3.7854771614074707,-0.4489442706108093,4.858708381652832,0.4489442706108093,2.362476110458374,5.597219467163086,5,1
1204,-4.001840114593506,-1.2240393161773682,5.130175590515137,1.2240393161773682,2.333669900894165,6.642082691192627,5,1
1205,-3.6374621391296387,-1.0137102603912354,5.529892921447754,1.0137102603912354,2.3191068172454834,6.435793876647949,5,1
1206,-3.834012269973755,-0.5361971855163574,4.9794721603393555,0.5361971855163574,2.276801347732544,6.121407985687256,5,1
1207,-3.9974687099456787,-1.411678433418274,5.374175071716309,1.411678433418274,2.456455707550049,7.03257942199707,5,1
1208,-3.658991575241089,-0.48108285665512085,4.963590145111084,0.48108285665512085,2.353728771209717,8.619473457336426,5,1
1209,-3.634734630584717,-0.5554414391517639,4.910416603088379,0.5554414391517639,2.426299571990967,8.589262008666992,5,1
1210,-3.918020009994507,-1.0025241374969482,4.726286888122559,1.0025241374969482,2.339693784713745,6.008499622344971,5,1
1211,-4.096192836761475,-1.0252126455307007,5.379945278167725,1.0252126455307007,2.3738341331481934,5.6914191246032715,5,1
1212,-4.003142833709717,-0.765731930732727,5.442843437194824,0.765731930732727,2.3116185665130615,6.125130653381348,5,1
1213,-3.595942735671997,-1.437882900238037,4.899334907531738,1.437882900238037,2.2514467239379883,6.4488444328308105,5,1
1214,-3.9293816089630127,-1.2011947631835938,5.310426235198975,1.2011947631835938,2.2591559886932373,5.597824573516846,5,1
1215,-3.5339367389678955,-0.7270305752754211,4.415247917175293,0.7270305752754211,2.291783571243286,6.2553629875183105,5,1
1216,-3.993101119995117,-1.4831044673919678,5.681193828582764,1.4831044673919678,2.4583709239959717,7.557721138000488,5,1
1217,-3.2945399284362793,-0.8449562191963196,5.355769634246826,0.8449562191963196,2.295274019241333,7.377821922302246,5,1
1218,-3.920884847640991,-0.7972935438156128,5.354310035705566,0.7972935438156128,2.3820555210113525,6.936848163604736,5,1
1219,-4.058937072753906,-0.6868149638175964,5.382664203643799,0.6868149638175964,2.393303155899048,7.401522159576416,5,1
1220,-3.9298603534698486,-1.0287257432937622,5.611964702606201,1.0287257432937622,2.2562503814697266,7.49136209487915,5,1
1221,-3.7311902046203613,-1.7096248865127563,5.349029064178467,1.7096248865127563,2.1759276390075684,6.521843910217285,5,1
1222,-3.6250884532928467,-1.1054658889770508,5.202389717102051,1.1054658889770508,2.3422255516052246,5.435744285583496,5,1
1223,-3.9006781578063965,-0.4006733000278473,4.732265472412109,0.4006733000278473,2.409525156021118,5.9002461433410645,5,1
1224,-3.6542985439300537,-1.5398027896881104,5.358685493469238,1.5398027896881104,2.284869432449341,6.226485252380371,5,1
1225,-3.4180095195770264,-1.7268047332763672,5.825201034545898,1.7268047332763672,2.218744993209839,6.068350791931152,5,1
1226,-3.905339479446411,-1.2377454042434692,5.319827556610107,1.2377454042434692,2.3545336723327637,6.816003799438477,5,1
1227,-3.4117255210876465,-1.3907127380371094,5.14556884765625,1.3907127380371094,2.4510445594787598,6.575201511383057,5,1
1228,-3.959949493408203,-0.6581796407699585,5.280406475067139,0.6581796407699585,2.1813440322875977,4.899620532989502,5,1
1229,-3.921950340270996,-0.8782927989959717,4.856106758117676,0.8782927989959717,2.262608051300049,5.897035598754883,5,1
1230,-3.8345253467559814,-1.3860223293304443,5.5745015144348145,1.3860223293304443,2.3123979568481445,6.134773254394531,5,1
1231,-3.7998547554016113,-1.6291282176971436,5.876465797424316,1.6291282176971436,2.3426167964935303,5.474300384521484,5,1
1232,-3.9226536750793457,-0.4463445842266083,4.482149124145508,0.4463445842266083,2.436776876449585,6.546805381774902,5,1
1233,-4.0069804191589355,-1.1498425006866455,5.327428340911865,1.1498425006866455,2.3406546115875244,6.5310587882995605,5,1
1234,-3.6283419132232666,-1.1836001873016357,5.026674270629883,1.1836001873016357,2.287818431854248,5.729824542999268,5,1
1235,-3.688699245452881,-0.6942262053489685,4.596965789794922,0.6942262053489685,2.3702380657196045,5.985574722290039,5,1
1236,-3.696641206741333,-1.1026372909545898,5.30573844909668,1.1026372909545898,2.2641046047210693,6.911194324493408,5,1
1237,-3.7153027057647705,-0.6507405042648315,4.670168399810791,0.6507405042648315,2.3794331550598145,6.713547706604004,5,1
1238,-3.8372607231140137,-1.5742757320404053,5.729216575622559,1.5742757320404053,2.3649587631225586,6.710776329040527,5,1
1239,-3.9600086212158203,-1.2319855690002441,5.420923233032227,1.2319855690002441,2.370675802230835,7.423099994659424,5,1
1240,-3.305135488510132,-0.7780201435089111,4.301685810089111,0.7780201435089111,2.321575164794922,6.877299785614014,5,1
1241,-3.735771894454956,-0.7298707962036133,4.818258285522461,0.7298707962036133,2.308396577835083,7.682584285736084,5,1
1242,-3.621178150177002,-0.5264946818351746,4.710880279541016,0.5264946818351746,2.3555541038513184,8.452497482299805,5,1
1243,-4.120890140533447,-0.13900476694107056,4.947965621948242,0.13900476694107056,2.3890960216522217,7.610829830169678,5,1
1244,-3.4703903198242188,-1.1551390886306763,5.248978137969971,1.1551390886306763,2.23264217376709,5.95789098739624,5,1
1245,-3.546828269958496,-1.8402022123336792,5.5760087966918945,1.8402022123336792,2.2651352882385254,6.1037211418151855,5,1
1246,-3.9963412284851074,-0.6072176694869995,5.313196182250977,0.6072176694869995,2.289494514465332,6.363668918609619,5,1
1247,-3.647327423095703,-1.287523627281189,5.315011978149414,1.287523627281189,2.2697181701660156,6.336278438568115,5,1
1248,-3.9028918743133545,-1.7355375289916992,6.036296844482422,1.7355375289916992,2.2888600826263428,5.403263568878174,5,1
1249,-3.5499024391174316,-1.9070712327957153,5.2624969482421875,1.9070712327957153,2.1576132774353027,5.4503583908081055,5,1
1250,-3.5427560806274414,-0.8079150915145874,4.890316009521484,0.8079150915145874,2.3006651401519775,5.650597095489502,5,1
1251,-3.4729528427124023,-1.0495270490646362,4.942397117614746,1.0495270490646362,2.4041154384613037,5.552338123321533,5,1
1252,-3.4357717037200928,-1.2662904262542725,5.838824272155762,1.2662904262542725,2.3573553562164307,6.445835590362549,5,1
1253,-3.723544120788574,-0.9697985649108887,5.851278781890869,0.9697985649108887,2.417827606201172,5.713740348815918,5,1
1254,-3.582467555999756,-0.45909005403518677,4.602513790130615,0.45909005403518677,2.333881378173828,5.55177116394043,5,1
1255,-3.9786314964294434,-0.9272665977478027,5.6715288162231445,0.9272665977478027,2.341620683670044,5.868851184844971,5,1
1256,-3.6493372917175293,-1.6567749977111816,5.808595657348633,1.6567749977111816,2.367079496383667,6.010378360748291,5,1
1257,-3.5447607040405273,-1.4858427047729492,5.356049537658691,1.4858427047729492,2.2713305950164795,6.142002105712891,5,1
1258,-3.7491064071655273,-0.8540388941764832,5.766071796417236,0.8540388941764832,2.354752779006958,5.8119401931762695,5,1
1259,-3.7790486812591553,-1.0563418865203857,5.357973098754883,1.0563418865203857,2.4038889408111572,6.509209632873535,5,1
1260,-3.6057255268096924,-1.2144358158111572,5.065731525421143,1.2144358158111572,2.267896890640259,6.754343509674072,5,1
1261,-3.5701208114624023,-1.5490422248840332,5.649132251739502,1.5490422248840332,2.2107293605804443,5.561278820037842,5,1
1262,-3.7553277015686035,-1.8377153873443604,5.614065170288086,1.8377153873443604,2.323040246963501,5.291018009185791,5,1
1263,-3.769455909729004,-1.0893616676330566,5.527928352355957,1.0893616676330566,2.267946243286133,5.5512776374816895,5,1
1264,-3.647775411605835,-0.8672134876251221,5.50771951675415,0.8672134876251221,2.3266115188598633,7.6083598136901855,5,1
1265,-4.049693584442139,-0.7909747362136841,5.260797500610352,0.7909747362136841,2.326570510864258,7.690226078033447,5,1
1266,-3.615598678588867,-1.2884721755981445,5.484428405761719,1.2884721755981445,2.3421952724456787,6.501997947692871,5,1
1267,-3.778238296508789,-0.8628182411193848,5.200721740722656,0.8628182411193848,2.263340950012207,6.38225793838501,5,1
1268,-3.772676706314087,-1.2042970657348633,5.191903591156006,1.2042970657348633,2.2753334045410156,6.436957359313965,5,1
1269,-3.856360912322998,-0.537257194519043,5.07288122177124,0.537257194519043,2.4324188232421875,7.247693061828613,5,1
1270,-3.838078498840332,-1.9079899787902832,5.697653770446777,1.9079899787902832,2.2428150177001953,7.879875183105469,5,1
1271,-3.38779354095459,-1.855257511138916,5.698835372924805,1.855257511138916,2.2437455654144287,7.289875507354736,5,1
1272,-3.6649153232574463,-0.8901557922363281,5.3316473960876465,0.8901557922363281,2.295886754989624,6.314834117889404,5,1
1273,-3.3657302856445312,-1.0568571090698242,4.9038848876953125,1.0568571090698242,2.2764337062835693,5.54697322845459,5,1
1274,-3.5703930854797363,-0.7443506717681885,4.824460029602051,0.7443506717681885,2.1798360347747803,5.574217796325684,5,1
1275,-3.736929178237915,-0.6888850927352905,4.858644485473633,0.6888850927352905,2.332883358001709,6.256378650665283,5,1
1276,-3.288318634033203,-0.9360141158103943,4.983219146728516,0.9360141158103943,2.29201602935791,6.199065685272217,5,1
1277,-3.56073260307312,-0.9882622957229614,5.1312150955200195,0.9882622957229614,2.3529245853424072,7.358969211578369,5,1
1278,-3.590167760848999,-1.3156328201293945,4.741715431213379,1.3156328201293945,2.225860595703125,8.305212020874023,5,1
1279,-3.359072685241699,-1.4178394079208374,4.776978969573975,1.4178394079208374,2.272993803024292,6.500546932220459,5,1
1280,-3.4710259437561035,-0.7732180953025818,4.439125061035156,0.7732180953025818,2.2342727184295654,5.321971893310547,5,1
1281,-3.618849515914917,-0.9348013401031494,4.8384294509887695,0.9348013401031494,2.2840394973754883,5.280742168426514,5,1
1282,-3.6094279289245605,-1.5285066366195679,4.842942237854004,1.5285066366195679,2.2091941833496094,5.01555871963501,5,1
1283,-3.5100014209747314,-1.518481969833374,4.9457173347473145,1.518481969833374,2.4010610580444336,5.676046371459961,5,1
1284,-3.4135096073150635,-1.8679866790771484,5.219926357269287,1.8679866790771484,2.3144896030426025,6.150204658508301,5,1
1285,-3.4247629642486572,-1.7481050491333008,5.662718772888184,1.7481050491333008,2.395301580429077,6.3110671043396,5,1
1286,-3.471454620361328,-0.41159558296203613,4.434686660766602,0.41159558296203613,2.416219472885132,6.439101696014404,5,1
1287,-3.277805805206299,-0.29624244570732117,4.456344127655029,0.29624244570732117,2.382406234741211,6.245147705078125,5,1
1288,-3.889671802520752,-1.2762267589569092,5.633083343505859,1.2762267589569092,2.410644292831421,5.352841377258301,5,1
1289,-3.338197708129883,-1.8737995624542236,4.978816032409668,1.8737995624542236,2.1903488636016846,6.0016679763793945,5,1
1290,-3.561117649078369,-0.5084578990936279,4.8946638107299805,0.5084578990936279,2.3002917766571045,5.4559326171875,5,1
1291,-3.673846483230591,-0.7956801652908325,4.712671279907227,0.7956801652908325,2.3504772186279297,7.077851295471191,5,1
1292,-3.8067359924316406,-0.7194278240203857,5.113728046417236,0.7194278240203857,2.292915105819702,8.107015609741211,5,1
1293,-3.51715087890625,-1.4754492044448853,5.2610697746276855,1.4754492044448853,2.307006359100342,6.100949287414551,5,1
1294,-3.7979013919830322,-0.8664032220840454,5.16487979888916,0.8664032220840454,2.3646743297576904,5.912014961242676,5,1
1295,-3.707690715789795,-0.8038884997367859,5.061248779296875,0.8038884997367859,2.314663887023926,5.491608142852783,5,1
1296,-3.7944068908691406,-0.9782364368438721,5.366499900817871,0.9782364368438721,2.3370609283447266,5.669943332672119,5,1
1297,-3.6541149616241455,-0.9060148000717163,5.484957218170166,0.9060148000717163,2.369122266769409,7.330239295959473,5,1
1298,-3.241025924682617,-1.2422406673431396,4.758121490478516,1.2422406673431396,2.335965394973755,7.180959224700928,5,1
1299,-3.705138683319092,-2.080592393875122,5.685929775238037,2.080592393875122,2.31612229347229,6.841983795166016,5,1
1300,-3.7325527667999268,-0.6662611365318298,5.0821614265441895,0.6662611365318298,2.326570987701416,6.310327053070068,5,1
1301,-3.473053455352783,-0.5768998265266418,4.285222053527832,0.5768998265266418,2.4041576385498047,6.076615810394287,5,1
1302,-3.720813274383545,-0.8245571255683899,5.155343055725098,0.8245571255683899,2.225658655166626,4.960980415344238,5,1
1303,-3.150054693222046,-0.8941786289215088,5.040582656860352,0.8941786289215088,2.265153408050537,5.460304260253906,5,1
1304,-3.9443185329437256,-1.6839920282363892,6.158323287963867,1.6839920282363892,2.3514180183410645,5.988784313201904,5,1
1305,-3.7543654441833496,-0.28916701674461365,5.049836158752441,0.28916701674461365,2.38232684135437,7.237912178039551,5,1
1306,-3.9396989345550537,-1.9110643863677979,5.592670440673828,1.9110643863677979,2.3396377563476562,7.229318618774414,5,1
1307,-3.5560808181762695,-1.6425178050994873,5.142275810241699,1.6425178050994873,2.272380828857422,6.870377063751221,5,1
1308,-3.368119478225708,-1.8052493333816528,5.372800350189209,1.8052493333816528,2.2790322303771973,7.339587688446045,5,1
1309,-3.3065567016601562,-0.8577855825424194,4.848549842834473,0.8577855825424194,2.379411220550537,7.410598278045654,5,1
1310,-3.366184949874878,-1.0069552659988403,4.926293849945068,1.0069552659988403,2.2353005409240723,6.314049243927002,5,1
1311,-3.131730794906616,-1.0687057971954346,4.513681888580322,1.0687057971954346,2.246981620788574,5.383131980895996,5,1
1312,-3.805811882019043,-0.719702959060669,5.235095977783203,0.719702959060669,2.3859708309173584,5.732005596160889,5,1
1313,-3.7805628776550293,-0.8428312540054321,4.88862419128418,0.8428312540054321,2.4473671913146973,5.533297538757324,5,1
1314,-3.4957168102264404,-1.1644103527069092,5.499346733093262,1.1644103527069092,2.2091915607452393,6.230878829956055,5,1
1315,-3.8445777893066406,-0.8457479476928711,5.304231643676758,0.8457479476928711,2.3102734088897705,6.099859714508057,5,1
1316,-3.3953635692596436,-0.7868764996528625,4.666878700256348,0.7868764996528625,2.293794870376587,6.092600345611572,5,1
1317,-3.5108277797698975,-0.7137340307235718,4.934135437011719,0.7137340307235718,2.248915910720825,7.429732322692871,5,1
1318,-3.802164077758789,-1.5095621347427368,5.973445892333984,1.5095621347427368,2.2591552734375,8.337539672851562,5,1
1319,-3.5613672733306885,-0.7657901644706726,4.788914680480957,0.7657901644706726,2.387267827987671,8.474818229675293,5,1
1320,-3.6143319606781006,-1.07246994972229,5.281564712524414,1.07246994972229,2.303023338317871,7.28696346282959,5,1
1321,-3.539415121078491,-1.26583731174469,5.419548988342285,1.26583731174469,2.297363519668579,5.753422260284424,5,1
1322,-3.4436604976654053,-1.711296558380127,5.554024696350098,1.711296558380127,2.424186944961548,5.110804557800293,5,1
1323,-3.4523606300354004,-1.5498020648956299,5.202512741088867,1.5498020648956299,2.2775821685791016,5.3617424964904785,5,1
1324,-3.174454927444458,-1.4207160472869873,4.7401909828186035,1.4207160472869873,2.2775864601135254,6.274799823760986,5,1
1325,-3.7262895107269287,-1.7989182472229004,5.850430965423584,1.7989182472229004,2.33520245552063,7.109099864959717,5,1
1326,-3.668916940689087,-1.3040134906768799,4.926186561584473,1.3040134906768799,2.203547239303589,6.641805171966553,5,1
1327,-3.3757195472717285,-1.0550689697265625,4.853641033172607,1.0550689697265625,2.317134380340576,6.239872455596924,5,1
1328,-3.3566198348999023,-1.0790077447891235,5.581199645996094,1.0790077447891235,2.3379921913146973,5.597261905670166,5,1
1329,-3.384976863861084,-1.7253291606903076,5.465878009796143,1.7253291606903076,2.264047861099243,5.0418381690979,5,1
1330,-3.3952693939208984,-0.7479216456413269,4.871618747711182,0.7479216456413269,2.375255584716797,5.782595157623291,5,1
1331,-3.4166626930236816,-1.2766106128692627,5.213897228240967,1.2766106128692627,2.3249480724334717,6.496331691741943,5,1
1332,-3.2058639526367188,-1.3410824537277222,5.117832183837891,1.3410824537277222,2.3473336696624756,6.915383338928223,5,1
1333,-3.2147953510284424,-0.8220798969268799,4.859709739685059,0.8220798969268799,2.4165127277374268,8.4908447265625,5,1
1334,-3.5157532691955566,-1.0711160898208618,4.529146671295166,1.0711160898208618,2.2776474952697754,7.544340133666992,5,1
1335,-3.5435423851013184,-1.8618921041488647,5.758020877838135,1.8618921041488647,2.2439236640930176,7.133243083953857,5,1
1336,-3.6482250690460205,-1.3296164274215698,5.3747711181640625,1.3296164274215698,2.2458555698394775,6.64102029800415,5,1
1337,-3.7086517810821533,-0.8352971076965332,5.291099548339844,0.8352971076965332,2.233515977859497,5.581026077270508,5,1
1338,-3.5259180068969727,-0.8779739141464233,4.711282730102539,0.8779739141464233,2.2787652015686035,5.743675708770752,5,1
1339,-3.7324371337890625,-0.886415421962738,5.120709419250488,0.886415421962738,2.2563581466674805,5.771419048309326,5,1
1340,-3.243556261062622,-0.9684920907020569,4.468733787536621,0.9684920907020569,2.3161823749542236,4.878479480743408,5,1
1341,-3.441277265548706,-0.8949830532073975,4.9170637130737305,0.8949830532073975,2.204874277114868,5.072099208831787,5,1
1342,-3.675935983657837,-1.1344201564788818,5.241987705230713,1.1344201564788818,2.2714552879333496,6.27699089050293,5,1
1343,-3.7610692977905273,-1.4715380668640137,5.517285346984863,1.4715380668640137,2.3819286823272705,6.7813944816589355,5,1
1344,-3.632343053817749,-1.3289918899536133,4.820457458496094,1.3289918899536133,2.3457465171813965,6.9444451332092285,5,1
1345,-3.5248842239379883,-0.7669936418533325,5.236819744110107,0.7669936418533325,2.288055181503296,5.832661151885986,5,1
1346,-3.554615020751953,-1.068242073059082,5.420500755310059,1.068242073059082,2.2064077854156494,5.494591236114502,5,1
1347,-3.411414623260498,-1.652207851409912,5.325414657592773,1.652207851409912,2.2635529041290283,7.189338684082031,5,1
1348,-3.4767768383026123,-0.9213453531265259,4.964926242828369,0.9213453531265259,2.374687671661377,7.26216983795166,5,1
1349,-3.562931776046753,-1.9342763423919678,5.322301387786865,1.9342763423919678,2.2211415767669678,6.411745548248291,5,1
1350,-3.340324640274048,-1.4924964904785156,4.656083106994629,1.4924964904785156,2.315044403076172,7.527040004730225,5,1
1351,-3.512200355529785,-1.7466096878051758,5.505647659301758,1.7466096878051758,2.2330856323242188,6.989922046661377,5,1
1352,-3.748800754547119,-1.2317945957183838,5.433996200561523,1.2317945957183838,2.237234592437744,5.949015140533447,5,1
1353,-3.520829677581787,-1.8617222309112549,5.31802225112915,1.8617222309112549,2.2992441654205322,6.043542385101318,5,1
1354,-3.3887174129486084,-1.288952112197876,4.856292724609375,1.288952112197876,2.4389030933380127,6.177605152130127,5,1
1355,-3.6023061275482178,-0.7277677655220032,4.787388324737549,0.7277677655220032,2.3458900451660156,6.638413429260254,5,1
1356,-3.4741504192352295,-1.0942949056625366,4.769083499908447,1.0942949056625366,2.1892848014831543,4.767134666442871,5,1
1357,-3.635298013687134,-1.288419246673584,5.166472911834717,1.288419246673584,2.25714111328125,5.896368026733398,5,1
1358,-3.3801374435424805,-1.438591480255127,5.108870029449463,1.438591480255127,2.392648696899414,6.013815402984619,5,1
1359,-3.545905828475952,-1.6375335454940796,5.377640724182129,1.6375335454940796,2.2411789894104004,5.0755462646484375,5,1
1360,-3.939934730529785,-1.368621587753296,5.367808818817139,1.368621587753296,2.301466703414917,5.582242012023926,5,1
1361,-3.54864501953125,-1.4622087478637695,5.373659133911133,1.4622087478637695,2.294492244720459,7.696032524108887,5,1
1362,-3.629749298095703,-1.191390037536621,4.960935592651367,1.191390037536621,2.2565832138061523,8.28376579284668,5,1
1363,-3.421318531036377,-0.8518251180648804,5.124888896942139,0.8518251180648804,2.2611207962036133,7.158209800720215,5,1
1364,-3.432283401489258,-1.3277795314788818,5.2207841873168945,1.3277795314788818,2.2932240962982178,5.5591864585876465,5,1
1365,-3.74434757232666,-1.5675969123840332,5.307137966156006,1.5675969123840332,2.2331440448760986,5.084847927093506,5,1
1366,-3.3388586044311523,-1.5093128681182861,5.336193084716797,1.5093128681182861,2.4568021297454834,6.1957316398620605,5,1
1367,-3.522627592086792,-0.7112071514129639,4.756410121917725,0.7112071514129639,2.311171531677246,7.458253383636475,5,1
1368,-3.5935630798339844,-1.6470863819122314,5.239851951599121,1.6470863819122314,2.347597122192383,6.24434757232666,5,1
1369,-3.169105291366577,-1.4589612483978271,5.622236251831055,1.4589612483978271,2.2752816677093506,5.464118480682373,5,1
1370,-3.396470069885254,-1.1585052013397217,4.62495231628418,1.1585052013397217,2.342869281768799,6.068089008331299,5,1
1371,-3.5275213718414307,-0.7339991331100464,4.881653785705566,0.7339991331100464,2.285094738006592,6.832558631896973,5,1
1372,-3.5950324535369873,-1.3674565553665161,5.30570125579834,1.3674565553665161,2.314190626144409,8.09366226196289,5,1
1373,-3.2778496742248535,-1.0016226768493652,4.216549873352051,1.0016226768493652,2.2462821006774902,8.493599891662598,5,1
1374,-3.4767096042633057,-1.3052101135253906,4.762500762939453,1.3052101135253906,2.211446523666382,6.356233596801758,5,1
1375,-3.3508353233337402,-1.234272837638855,5.111547470092773,1.234272837638855,2.355076789855957,5.341469764709473,5,1
1376,-3.201509714126587,-1.480653166770935,4.628707408905029,1.480653166770935,2.2917327880859375,4.878749847412109,5,1
1377,-3.334656238555908,-0.43734630942344666,4.325230121612549,0.43734630942344666,2.294602632522583,6.799832820892334,5,1
1378,-3.5044362545013428,-1.0611958503723145,5.469890117645264,1.0611958503723145,2.3532233238220215,6.715261936187744,5,1
1379,-3.5890045166015625,-0.9600590467453003,4.771672248840332,0.9600590467453003,2.341782569885254,6.251771450042725,5,1
1380,-3.6600184440612793,-1.7974367141723633,6.340323448181152,1.7974367141723633,2.273129463195801,6.41776704788208,5,1
1381,-3.509121894836426,-1.5443370342254639,5.159729957580566,1.5443370342254639,2.3608932495117188,6.476458549499512,5,1
1382,-3.203885793685913,-0.6890497207641602,4.443133354187012,0.6890497207641602,2.3942291736602783,6.721181392669678,5,1
1383,-3.1669297218322754,-0.9324498176574707,4.838645935058594,0.9324498176574707,2.221017360687256,5.461860179901123,5,1
1384,-3.5762457847595215,-1.3985246419906616,5.301566123962402,1.3985246419906616,2.4057796001434326,5.706343650817871,5,1
1385,-3.5117712020874023,-0.8374245166778564,5.578590393066406,0.8374245166778564,2.337413787841797,6.421553611755371,5,1
1386,-3.381861925125122,-1.4054837226867676,5.115434646606445,1.4054837226867676,2.2988874912261963,7.3647780418396,5,1
1387,-3.341238021850586,-1.1728687286376953,5.182296276092529,1.1728687286376953,2.2208337783813477,8.576750755310059,5,1
1388,-3.4743916988372803,-1.852864384651184,5.402599811553955,1.852864384651184,2.3602731227874756,7.013314247131348,5,1
1389,-3.5804529190063477,-1.1429321765899658,4.755092144012451,1.1429321765899658,2.322014093399048,5.50172758102417,5,1
1390,-3.370429039001465,-0.8519883751869202,4.778173446655273,0.8519883751869202,2.2300896644592285,5.137255668640137,5,1
1391,-3.586440324783325,-1.307044506072998,5.394289970397949,1.307044506072998,2.2529540061950684,5.707050800323486,5,1
1392,-3.2239277362823486,-0.9911481142044067,4.857302665710449,0.9911481142044067,2.2179982662200928,5.9621405601501465,5,1
1393,-3.2190985679626465,-1.3175804615020752,5.020008087158203,1.3175804615020752,2.313483715057373,5.198482990264893,5,1
1394,-3.272874355316162,-1.8783445358276367,5.472875595092773,1.8783445358276367,2.243443012237549,6.403133392333984,5,1
1395,-3.4616761207580566,-1.034355640411377,5.27824592590332,1.034355640411377,2.3432321548461914,8.674184799194336,5,1
1396,-3.1930224895477295,-1.5367151498794556,5.245298862457275,1.5367151498794556,2.2083845138549805,6.468329429626465,5,1
1397,-3.250676155090332,-1.166910171508789,5.0243072509765625,1.166910171508789,2.378920078277588,5.3826799392700195,5,1
1398,-3.259815216064453,-0.8545100688934326,4.7695770263671875,0.8545100688934326,2.3342490196228027,5.235537528991699,5,1
1399,-3.50770902633667,-0.8771595358848572,5.037789344787598,0.8771595358848572,2.4250872135162354,7.378762245178223,5,1
1400,-3.5146408081054688,-1.1237611770629883,5.083530902862549,1.1237611770629883,2.264439105987549,8.066679954528809,5,1
1401,-3.630295991897583,-1.4549050331115723,5.077077865600586,1.4549050331115723,2.311652660369873,7.673765659332275,5,1
1402,-3.3706603050231934,-1.1115717887878418,4.801651477813721,1.1115717887878418,2.2287862300872803,6.55085563659668,5,1
1403,-3.3110084533691406,-1.211165189743042,5.272083759307861,1.211165189743042,2.270185947418213,5.93461275100708,5,1
1404,-3.3855929374694824,-1.327911138534546,5.036985397338867,1.327911138534546,2.213367223739624,5.351246356964111,5,1
1405,-3.461901903152466,-0.6963846683502197,4.9470109939575195,0.6963846683502197,2.2585415840148926,4.932649612426758,5,1
1406,-3.775460720062256,-0.6106477379798889,4.85883092880249,0.6106477379798889,2.263201951980591,6.362049102783203,5,1
1407,-3.4519498348236084,-0.6187670230865479,4.391347408294678,0.6187670230865479,2.3039591312408447,7.164799213409424,5,1
1408,-3.2299787998199463,-0.9571986794471741,4.7582926750183105,0.9571986794471741,2.2859818935394287,5.298612117767334,5,1
1409,-3.4754068851470947,-1.2969646453857422,4.789857864379883,1.2969646453857422,2.293523073196411,5.58927059173584,5,1
1410,-3.2600908279418945,-1.3940935134887695,4.734521865844727,1.3940935134887695,2.302698850631714,6.455361366271973,5,1
1411,-3.359229564666748,-1.1571590900421143,4.432469367980957,1.1571590900421143,2.3660664558410645,7.383167266845703,5,1
1412,-3.8088624477386475,-0.5911543369293213,4.851202964782715,0.5911543369293213,2.2974863052368164,7.940052509307861,5,1
1413,-3.56801176071167,-1.0955901145935059,4.642993927001953,1.0955901145935059,2.352229595184326,7.723163604736328,5,1
1414,-3.6634747982025146,-1.5571873188018799,5.404885768890381,1.5571873188018799,2.2810864448547363,6.2223687171936035,5,1
1415,-3.512691020965576,-1.1335875988006592,4.738986968994141,1.1335875988006592,2.3491480350494385,6.002709865570068,5,1
1416,-3.3393173217773438,-1.5619080066680908,5.426292419433594,1.5619080066680908,2.307344675064087,6.299587726593018,5,1
1417,-3.2626466751098633,-1.6338887214660645,5.5642313957214355,1.6338887214660645,2.2297310829162598,6.101994037628174,5,1
1418,-3.2785511016845703,-0.8335286378860474,4.47324275970459,0.8335286378860474,2.330501079559326,6.469390869140625,5,1
1419,-3.564227819442749,-0.8337635397911072,4.813092231750488,0.8337635397911072,2.296751022338867,5.697422504425049,5,1
1420,-3.523590564727783,-1.3171401023864746,5.183760643005371,1.3171401023864746,2.2036099433898926,5.480929374694824,5,1
1421,-3.2060627937316895,-1.9365553855895996,5.332284927368164,1.9365553855895996,2.2622878551483154,6.714747905731201,5,1
1422,-3.504735231399536,-1.3691773414611816,4.949719429016113,1.3691773414611816,2.147850751876831,5.875308036804199,5,1
1423,-3.4685168266296387,-1.6470097303390503,5.254914283752441,1.6470097303390503,2.1931416988372803,5.315954208374023,5,1
1424,-3.2800850868225098,-1.478308081626892,5.069029808044434,1.478308081626892,2.3442816734313965,6.250797271728516,5,1
1425,-3.371649742126465,-0.3997043967247009,4.296657085418701,0.3997043967247009,2.286550521850586,6.697942733764648,5,1
1426,-3.4884462356567383,-1.0374596118927002,4.885125160217285,1.0374596118927002,2.2003896236419678,7.092662334442139,5,1
1427,-3.3464677333831787,-1.0261311531066895,4.956310749053955,1.0261311531066895,2.323246717453003,7.105230331420898,5,1
1428,-3.253434658050537,-1.8345015048980713,5.36787223815918,1.8345015048980713,2.1862306594848633,7.482448101043701,5,1
1429,-3.373356342315674,-1.1223084926605225,5.009057521820068,1.1223084926605225,2.242155075073242,6.289687156677246,5,1
1430,-3.4299063682556152,-1.3586485385894775,5.063116550445557,1.3586485385894775,2.285616636276245,5.784512519836426,5,1
1431,-3.1388463973999023,-1.4582293033599854,4.346419334411621,1.4582293033599854,2.2054922580718994,5.74788236618042,5,1
1432,-3.3893520832061768,-1.0412757396697998,4.739558219909668,1.0412757396697998,2.279087781906128,6.252194404602051,5,1
1433,-3.0220792293548584,-1.6500098705291748,4.791979789733887,1.6500098705291748,2.193382501602173,5.640654563903809,5,1
1434,-3.3006045818328857,-1.3891713619232178,4.88136100769043,1.3891713619232178,2.3511900901794434,6.406104564666748,5,1
1435,-3.266679286956787,-0.6821508407592773,4.964135646820068,0.6821508407592773,2.281475305557251,5.921728610992432,5,1
1436,-3.1726632118225098,-1.6330032348632812,5.109494209289551,1.6330032348632812,2.2009975910186768,5.750975131988525,5,1
1437,-3.4703032970428467,-1.3057382106781006,4.789795875549316,1.3057382106781006,2.2972030639648438,6.407798767089844,5,1
1438,-3.3682031631469727,-1.0929903984069824,4.938819408416748,1.0929903984069824,2.284651279449463,5.970405578613281,5,1
1439,-3.318922519683838,-1.2622202634811401,4.857663631439209,1.2622202634811401,2.295802116394043,5.503101348876953,5,1
1440,-3.1336145401000977,-0.981511116027832,5.023253440856934,0.981511116027832,2.4418063163757324,6.580563545227051,5,1
1441,-3.363055467605591,-1.1674392223358154,4.68471097946167,1.1674392223358154,2.287720203399658,7.416206359863281,5,1
1442,-3.4128928184509277,-1.0598677396774292,4.849803924560547,1.0598677396774292,2.1791701316833496,7.372870445251465,5,1
1443,-2.9541501998901367,-0.8727104663848877,4.822254180908203,0.8727104663848877,2.347081184387207,8.347155570983887,5,1
1444,-3.2573063373565674,-1.3086079359054565,4.917818069458008,1.3086079359054565,2.2086596488952637,8.877233505249023,5,1
1445,-2.951864242553711,-1.1602798700332642,4.811097145080566,1.1602798700332642,2.25809907913208,8.538991928100586,5,1
1446,-3.3630149364471436,-1.4892677068710327,5.189299583435059,1.4892677068710327,2.318373918533325,7.421071529388428,5,1
1447,-3.2619009017944336,-1.406545639038086,5.345230579376221,1.406545639038086,2.3190064430236816,7.252264022827148,5,1
1448,-3.1623075008392334,-1.4758164882659912,4.922071933746338,1.4758164882659912,2.277564764022827,7.255314826965332,5,1
1449,-3.308720588684082,-1.0771864652633667,4.947896957397461,1.0771864652633667,2.2748863697052,6.865566253662109,5,1
1450,-2.9953536987304688,-1.2473015785217285,5.04838752746582,1.2473015785217285,2.2672510147094727,6.509875774383545,5,1
1451,-3.349100351333618,-0.33471420407295227,4.215030670166016,0.33471420407295227,2.1385133266448975,5.822403430938721,5,1
1452,-3.1719465255737305,-1.5160781145095825,4.61693000793457,1.5160781145095825,2.2033138275146484,5.607349395751953,5,1
1453,-3.091535806655884,-0.9610732197761536,4.790050983428955,0.9610732197761536,2.262655258178711,5.478135585784912,5,1
1454,-3.2129294872283936,-1.7977843284606934,5.0493974685668945,1.7977843284606934,2.1907806396484375,5.90016508102417,5,1
1455,-3.2128453254699707,-1.1622105836868286,5.024311065673828,1.1622105836868286,2.1817333698272705,6.163025379180908,5,1
1456,-3.109834671020508,-1.244128704071045,4.614131927490234,1.244128704071045,2.325855016708374,6.365334510803223,5,1
1457,-3.342421293258667,-0.8446536064147949,4.361036777496338,0.8446536064147949,2.344459295272827,6.123568534851074,5,1
1458,-3.5586097240448,-0.6516736745834351,4.824481010437012,0.6516736745834351,2.2063820362091064,6.150562286376953,5,1
1459,-3.369060516357422,-1.386592149734497,5.477599143981934,1.386592149734497,2.2797019481658936,6.83415412902832,5,1
1460,-3.3050801753997803,-1.2214879989624023,4.6439714431762695,1.2214879989624023,2.2088983058929443,6.232706069946289,5,1
1461,-3.3429486751556396,-0.9401153326034546,4.930479049682617,0.9401153326034546,2.3720271587371826,6.266060829162598,5,1
1462,-3.4329514503479004,-0.9645604491233826,5.018535614013672,0.9645604491233826,2.3452248573303223,6.79540491104126,5,1
1463,-2.8147189617156982,-0.8494272232055664,3.8625781536102295,0.8494272232055664,2.152942419052124,7.6707587242126465,5,1
1464,-3.3669357299804688,-2.140448570251465,5.459336280822754,2.140448570251465,2.2040116786956787,6.672033786773682,5,1
1465,-3.2734827995300293,-1.506622076034546,5.022005081176758,1.506622076034546,2.280834913253784,4.965395450592041,5,1
1466,-3.267094373703003,-1.8671040534973145,5.132702827453613,1.8671040534973145,2.285186529159546,4.959888458251953,5,1
1467,-3.12326979637146,-1.5860459804534912,5.411435127258301,1.5860459804534912,2.162116289138794,6.276132583618164,5,1
1468,-3.344196081161499,-0.9543969035148621,4.915882110595703,0.9543969035148621,2.26291823387146,7.586119651794434,5,1
1469,-3.1995856761932373,-1.5993638038635254,5.143494129180908,1.5993638038635254,2.1847221851348877,6.070865631103516,5,1
1470,-3.3351519107818604,-1.7504220008850098,5.378706932067871,1.7504220008850098,2.4115374088287354,5.839050769805908,5,1
1471,-3.5001466274261475,-1.9414125680923462,5.366284370422363,1.9414125680923462,2.2045671939849854,5.490330219268799,5,1
1472,-3.4773449897766113,-1.2737740278244019,4.799106121063232,1.2737740278244019,2.26385498046875,7.273794174194336,5,1
1473,-3.4607620239257812,-1.5458098649978638,5.036535263061523,1.5458098649978638,2.3177855014801025,9.834698677062988,5,1
1474,-3.478102445602417,-0.6090884804725647,4.614201545715332,0.6090884804725647,2.2278172969818115,9.02761173248291,5,1
1475,-3.286775588989258,-1.0241069793701172,4.786026954650879,1.0241069793701172,2.285296678543091,6.611714839935303,5,1
1476,-3.012364149093628,-1.329764723777771,4.4352240562438965,1.329764723777771,2.2395200729370117,4.931048393249512,5,1
1477,-3.334798574447632,-0.730372428894043,5.029254913330078,0.730372428894043,2.1618072986602783,4.579512596130371,5,1
1478,-3.2204957008361816,-1.8977165222167969,5.509851455688477,1.8977165222167969,2.1666181087493896,5.947994709014893,5,1
1479,-3.274625062942505,-1.8565155267715454,5.25961971282959,1.8565155267715454,2.3313510417938232,7.530447483062744,5,1
1480,-3.1479568481445312,-1.0079493522644043,4.503126621246338,1.0079493522644043,2.083517551422119,5.970387935638428,5,1
1481,-3.5324819087982178,-1.1464190483093262,5.36296272277832,1.1464190483093262,2.3541605472564697,7.745824337005615,5,1
1482,-3.183490753173828,-1.3555735349655151,5.3816046714782715,1.3555735349655151,2.4061107635498047,6.798443794250488,5,1
1483,-3.2349112033843994,-1.2901105880737305,4.411864280700684,1.2901105880737305,2.3285415172576904,7.394381999969482,5,1
1484,-3.286409616470337,-1.221149206161499,4.749063968658447,1.221149206161499,2.1853065490722656,5.5076727867126465,5,1
1485,-2.914402723312378,-0.9198838472366333,3.963061809539795,0.9198838472366333,2.5269157886505127,5.775998115539551,5,1
1486,-3.4484658241271973,-1.8791863918304443,5.255738258361816,1.8791863918304443,2.3855488300323486,6.597466945648193,5,1
1487,-3.375802516937256,-1.4591197967529297,5.307191848754883,1.4591197967529297,2.192418336868286,5.766611099243164,5,1
1488,-3.245804786682129,-1.242034673690796,4.849375247955322,1.242034673690796,2.268348455429077,6.9297709465026855,5,1
1489,-3.236572504043579,-1.2981069087982178,4.978496074676514,1.2981069087982178,2.2618565559387207,8.09427547454834,5,1
1490,-3.3580121994018555,-1.4128813743591309,5.224957466125488,1.4128813743591309,2.2244913578033447,7.552423477172852,5,1
1491,-3.351731300354004,-0.9470316171646118,5.052270412445068,0.9470316171646118,2.3338582515716553,6.756080627441406,5,1
1492,-3.1400768756866455,-1.361232876777649,4.818424701690674,1.361232876777649,2.3553590774536133,5.862249374389648,5,1
1493,-3.195329427719116,-1.326197624206543,4.964064598083496,1.326197624206543,2.2787015438079834,5.653459072113037,5,1
1494,-3.641622304916382,-1.4325380325317383,5.6567583084106445,1.4325380325317383,2.1632368564605713,5.463203430175781,5,1
1495,-3.552903175354004,-1.3513070344924927,5.476235389709473,1.3513070344924927,2.249408006668091,5.103016376495361,5,1
1496,-3.599125862121582,-1.2416232824325562,5.106566429138184,1.2416232824325562,2.231604814529419,5.415861129760742,5,1
1497,-3.521146774291992,-1.6513053178787231,5.161600112915039,1.6513053178787231,2.222028970718384,5.731345176696777,5,1
1498,-2.9574952125549316,-1.9872504472732544,5.127896308898926,1.9872504472732544,2.2669200897216797,6.322493553161621,5,1
1499,-3.1177215576171875,-1.1863973140716553,4.470402240753174,1.1863973140716553,2.3906145095825195,6.657697677612305,5,1
1500,-3.29714298248291,-1.3018739223480225,5.079868316650391,1.3018739223480225,2.283237934112549,6.183929920196533,5,1
1501,-3.0956411361694336,-1.8466233015060425,5.281625747680664,1.8466233015060425,2.302229166030884,8.771018028259277,5,1
1502,-3.2302327156066895,-0.8729016780853271,4.938606262207031,0.8729016780853271,2.190145254135132,7.226228713989258,5,1
1503,-3.1463327407836914,-1.587308645248413,5.3021650314331055,1.587308645248413,2.296921491622925,5.668245315551758,5,1
1504,-3.0458784103393555,-1.5512458086013794,4.839122772216797,1.5512458086013794,2.2379064559936523,6.416115760803223,5,1
1505,-3.390282154083252,-1.2553393840789795,4.388830184936523,1.2553393840789795,2.2392797470092773,7.086310386657715,5,1
1506,-3.324532985687256,-1.36411452293396,4.857964515686035,1.36411452293396,2.306471586227417,5.287216663360596,5,1
1507,-3.264341354370117,-1.3290365934371948,4.998749256134033,1.3290365934371948,2.1843183040618896,5.124587535858154,5,1
1508,-3.1972815990448,-0.6746476888656616,4.641844272613525,0.6746476888656616,2.251586675643921,5.4619317054748535,5,1
1509,-3.279391050338745,-1.2633333206176758,4.9379801750183105,1.2633333206176758,2.28164005279541,6.489873886108398,5,1
1510,-3.0220961570739746,-0.9340511560440063,4.4922990798950195,0.9340511560440063,2.240546703338623,7.596125602722168,5,1
1511,-3.1262400150299072,-0.58974289894104,3.962388515472412,0.58974289894104,2.2297070026397705,5.982822418212891,5,1
1512,-3.302863121032715,-0.9813827276229858,4.973662376403809,0.9813827276229858,2.0854523181915283,6.069525241851807,5,1
1513,-3.124525547027588,-1.6048595905303955,4.838447093963623,1.6048595905303955,2.3248038291931152,6.189871788024902,5,1
1514,-3.2107796669006348,-1.7404569387435913,5.198991775512695,1.7404569387435913,2.1635310649871826,7.084470272064209,5,1
1515,-3.1512162685394287,-1.2053954601287842,4.800599575042725,1.2053954601287842,2.394186019897461,6.71535062789917,5,1
1516,-3.313183069229126,-1.371842622756958,5.373126029968262,1.371842622756958,2.2858798503875732,5.872348785400391,5,1
1517,-3.4862890243530273,-0.9885410070419312,5.036526203155518,0.9885410070419312,2.3706719875335693,6.2618489265441895,5,1
1518,-3.6237030029296875,-1.426047921180725,5.012286186218262,1.426047921180725,2.224172592163086,7.750184535980225,5,1
1519,-3.2035861015319824,-0.3822178244590759,4.546175003051758,0.3822178244590759,2.315904378890991,7.312665939331055,5,1
1520,-2.96694016456604,-1.1701812744140625,3.9343459606170654,1.1701812744140625,2.2461750507354736,6.751496315002441,5,1
1521,-3.163640022277832,-1.1104071140289307,4.677335262298584,1.1104071140289307,2.1691319942474365,6.640225887298584,5,1
1522,-3.3437206745147705,-0.8561699390411377,4.519776344299316,0.8561699390411377,2.361093044281006,6.447876930236816,5,1
1523,-3.35062837600708,-1.753945231437683,5.472571849822998,1.753945231437683,2.2363414764404297,6.286597728729248,5,1
1524,-3.0571084022521973,-1.5082610845565796,4.664266586303711,1.5082610845565796,2.239525556564331,5.659763813018799,5,1
1525,-3.2912755012512207,-1.2174530029296875,5.100031852722168,1.2174530029296875,2.19095778465271,5.542440891265869,5,1
1526,-3.164252758026123,-1.4070496559143066,5.5069169998168945,1.4070496559143066,2.4268195629119873,6.008029460906982,5,1
1527,-3.404726982116699,-1.7138121128082275,5.176365852355957,1.7138121128082275,2.239924669265747,5.99177360534668,5,1
1528,-3.483419418334961,-0.7771175503730774,4.84902286529541,0.7771175503730774,2.328359842300415,7.6311116218566895,5,1
1529,-3.60321307182312,-1.1161326169967651,5.262406826019287,1.1161326169967651,2.270376443862915,6.3430633544921875,5,1
1530,-3.3494200706481934,-1.6228731870651245,5.330623626708984,1.6228731870651245,2.263045310974121,6.646120548248291,5,1
1531,-3.603574275970459,-1.4070549011230469,4.978102684020996,1.4070549011230469,2.2817602157592773,7.324265480041504,5,1
1532,-3.3325035572052,-0.939629852771759,5.311678886413574,0.939629852771759,2.443202495574951,7.80757474899292,5,1
1533,-3.281106472015381,-1.543783187866211,5.234194755554199,1.543783187866211,2.271695852279663,5.531343936920166,5,1
1534,-3.1206603050231934,-1.2250404357910156,4.553996562957764,1.2250404357910156,2.406132936477661,5.585185527801514,5,1
1535,-3.1616673469543457,-1.2053792476654053,4.636445999145508,1.2053792476654053,2.2494688034057617,7.4168243408203125,5,1
1536,-3.3377342224121094,-1.5756242275238037,5.182422637939453,1.5756242275238037,2.323241710662842,7.770735740661621,5,1
1537,-2.862205982208252,-1.5453977584838867,4.57423210144043,1.5453977584838867,2.257826089859009,7.315914630889893,5,1
1538,-3.0771644115448,-1.6722075939178467,5.212258338928223,1.6722075939178467,2.2524967193603516,7.764046669006348,5,1
1539,-3.207376718521118,-1.9279208183288574,5.350072860717773,1.9279208183288574,2.2448019981384277,7.510412216186523,5,1
1540,-3.3316166400909424,-1.2246112823486328,4.373916149139404,1.2246112823486328,2.2118093967437744,6.795880317687988,5,1
1541,-3.0653984546661377,-0.7988352179527283,4.167287349700928,0.7988352179527283,2.2991254329681396,6.855534553527832,5,1
1542,-3.0482864379882812,-1.0828313827514648,4.6543378829956055,1.0828313827514648,2.1513254642486572,6.823611736297607,5,1
1543,-3.013702392578125,-1.031268835067749,4.73887825012207,1.031268835067749,2.25445294380188,5.95264196395874,5,1
1544,-3.066929578781128,-1.5271645784378052,4.511275291442871,1.5271645784378052,2.3175389766693115,5.481153964996338,5,1
1545,-3.202094078063965,-1.186837077140808,4.743610858917236,1.186837077140808,2.2770307064056396,7.0886101722717285,5,1
1546,-3.091155529022217,-1.646105408668518,5.208028316497803,1.646105408668518,2.1928908824920654,6.7990875244140625,5,1
1547,-3.187995433807373,-1.1383135318756104,4.972625255584717,1.1383135318756104,2.2804181575775146,6.163361072540283,5,1
1548,-3.13486909866333,-2.1133928298950195,5.35015869140625,2.1133928298950195,2.1893742084503174,6.347629070281982,5,1
1549,-3.0629560947418213,-1.0909078121185303,4.7197418212890625,1.0909078121185303,2.2142326831817627,6.333162307739258,5,1
1550,-3.2299094200134277,-1.5402381420135498,5.064033508300781,1.5402381420135498,2.23488712310791,5.072603702545166,5,1
1551,-2.9999613761901855,-1.1719506978988647,4.945184707641602,1.1719506978988647,2.264914035797119,5.150017738342285,5,1
1552,-3.116856098175049,-1.159888505935669,4.794980049133301,1.159888505935669,2.2228567600250244,6.316939353942871,5,1
1553,-3.397845983505249,-0.8630797863006592,4.926906585693359,0.8630797863006592,2.326481580734253,6.339609146118164,5,1
1554,-3.0779430866241455,-1.2431252002716064,4.7646989822387695,1.2431252002716064,2.264855146408081,5.573095321655273,5,1
1555,-3.25913667678833,-1.6592888832092285,5.216098308563232,1.6592888832092285,2.2892744541168213,6.8414154052734375,5,1
1556,-3.02874755859375,-1.192760944366455,5.261713027954102,1.192760944366455,2.2856924533843994,6.178637504577637,5,1
1557,-3.1273880004882812,-1.322957992553711,4.866515159606934,1.322957992553711,2.2896463871002197,6.156745910644531,5,1
1558,-2.870811939239502,-1.176795482635498,4.372785568237305,1.176795482635498,2.1800928115844727,7.226773738861084,5,1
1559,-3.114001989364624,-1.4681410789489746,5.082516670227051,1.4681410789489746,2.36919903755188,7.1880574226379395,5,1
1560,-3.0039048194885254,-1.0836765766143799,4.901683807373047,1.0836765766143799,2.2932016849517822,6.8839287757873535,5,1
1561,-3.3906338214874268,-1.5399889945983887,5.207376003265381,1.5399889945983887,2.3040945529937744,9.185855865478516,5,1
1562,-3.334470510482788,-1.122708797454834,5.110993385314941,1.122708797454834,2.331895112991333,8.342886924743652,5,1
1563,-2.984018564224243,-1.3915187120437622,4.380268573760986,1.3915187120437622,2.35312557220459,6.926865577697754,5,1
1564,-3.2365784645080566,-1.397660732269287,5.337932109832764,1.397660732269287,2.2836592197418213,6.831859111785889,5,1
1565,-3.184325933456421,-1.7116117477416992,5.414612770080566,1.7116117477416992,2.1452670097351074,5.782179832458496,5,1
1566,-2.8186867237091064,-1.6402533054351807,4.7369585037231445,1.6402533054351807,2.3252201080322266,5.208024978637695,5,1
1567,-3.2095558643341064,-1.5410912036895752,4.9323530197143555,1.5410912036895752,2.305643320083618,5.296093940734863,5,1
1568,-3.188326120376587,-1.6855552196502686,5.124604225158691,1.6855552196502686,2.188930034637451,6.020994663238525,5,1
1569,-3.2843093872070312,-0.8497898578643799,4.598974227905273,0.8497898578643799,2.2491884231567383,5.728917598724365,5,1
1570,-3.0527660846710205,-1.326066493988037,4.626255989074707,1.326066493988037,2.292658567428589,7.219454765319824,5,1
1571,-3.319472551345825,-0.9700097441673279,4.764409065246582,0.9700097441673279,2.2097764015197754,7.710000514984131,5,1
1572,-3.0114400386810303,-0.9207911491394043,4.076785087585449,0.9207911491394043,2.235642194747925,6.5155134201049805,5,1
1573,-3.156574249267578,-1.3550636768341064,4.496630668640137,1.3550636768341064,2.2332088947296143,5.4775471687316895,5,1
1574,-3.246530532836914,-1.3673062324523926,5.228753089904785,1.3673062324523926,2.354609251022339,6.042280197143555,5,1
1575,-3.0228171348571777,-1.196905493736267,4.195590496063232,1.196905493736267,2.2094645500183105,5.524852752685547,5,1
1576,-3.063640832901001,-1.240005612373352,4.702237606048584,1.240005612373352,2.185309886932373,5.229418754577637,5,1
1577,-3.1067512035369873,-0.6348549127578735,3.941592216491699,0.6348549127578735,2.214677333831787,6.628318786621094,5,1
1578,-2.8875601291656494,-1.5207239389419556,4.763731002807617,1.5207239389419556,2.256240129470825,7.7353105545043945,5,1
1579,-3.454105854034424,-1.172323226928711,4.600409984588623,1.172323226928711,2.27085018157959,6.758093357086182,5,1
1580,-3.4173529148101807,-0.9660547375679016,4.9281768798828125,0.9660547375679016,2.3613247871398926,5.221391201019287,5,1
1581,-3.0174367427825928,-1.3459646701812744,4.915154457092285,1.3459646701812744,2.2151145935058594,5.515417575836182,5,1
1582,-2.8093786239624023,-1.2512682676315308,4.69167423248291,1.2512682676315308,2.1789283752441406,7.392115116119385,5,1
1583,-2.9711973667144775,-1.4777979850769043,4.653905868530273,1.4777979850769043,2.2176668643951416,6.977783679962158,5,1
1584,-2.8240232467651367,-1.744297742843628,4.974645137786865,1.744297742843628,2.234943389892578,5.804234504699707,5,1
1585,-3.038041353225708,-1.467881441116333,5.03010892868042,1.467881441116333,2.214221954345703,6.046982765197754,5,1
1586,-3.296640396118164,-0.9185143113136292,4.867129802703857,0.9185143113136292,2.265897035598755,7.196078777313232,5,1
1587,-3.2298150062561035,-1.3399488925933838,4.550858974456787,1.3399488925933838,2.209644079208374,8.02319622039795,5,1
1588,-3.3022642135620117,-1.1076114177703857,5.237152099609375,1.1076114177703857,2.35653018951416,8.009442329406738,5,1
1589,-3.1680591106414795,-1.7978019714355469,4.7372212409973145,1.7978019714355469,2.1692590713500977,6.501242637634277,5,1
1590,-3.2335164546966553,-1.5080721378326416,5.150967597961426,1.5080721378326416,2.3246970176696777,6.50469446182251,5,1
1591,-2.842963933944702,-1.7513080835342407,4.716377258300781,1.7513080835342407,2.2951819896698,7.06897497177124,5,1
1592,-2.923232316970825,-1.2709927558898926,4.536826133728027,1.2709927558898926,2.2688963413238525,7.247350215911865,5,1
1593,-2.951427459716797,-1.8558342456817627,5.148065567016602,1.8558342456817627,2.28629732131958,6.623373508453369,5,1
1594,-3.2501120567321777,-1.2861424684524536,4.963478088378906,1.2861424684524536,2.32484769821167,6.098846912384033,5,1
1595,-3.15746808052063,-1.8987387418746948,5.748082637786865,1.8987387418746948,2.2962303161621094,6.151391506195068,5,1
1596,-3.26959228515625,-1.9861782789230347,5.160525798797607,1.9861782789230347,2.2573306560516357,5.8059234619140625,5,1
1597,-3.055706024169922,-1.460878849029541,5.223952293395996,1.460878849029541,2.273406982421875,5.154708385467529,5,1
1598,-3.2438316345214844,-0.9028823971748352,4.5605878829956055,0.9028823971748352,2.1503207683563232,5.12454080581665,5,1
1599,-3.3344333171844482,-1.3873305320739746,5.029464244842529,1.3873305320739746,2.205936908721924,5.949296951293945,5,1
1600,-2.941558837890625,-0.6756594181060791,3.8613274097442627,0.6756594181060791,2.2996597290039062,8.156170845031738,5,1
1601,-3.222140312194824,-1.0798020362854004,4.595183849334717,1.0798020362854004,2.2940833568573,6.472530841827393,5,1
1602,-3.0190646648406982,-1.6267815828323364,4.934546947479248,1.6267815828323364,2.270951747894287,5.660416603088379,5,1
1603,-3.352707862854004,-1.1112525463104248,5.063190937042236,1.1112525463104248,2.160395860671997,6.300430774688721,5,1
1604,-3.2656421661376953,-1.6578643321990967,4.724052429199219,1.6578643321990967,2.157846450805664,8.318459510803223,5,1
1605,-3.0487022399902344,-1.0652177333831787,4.490448951721191,1.0652177333831787,2.2233104705810547,6.925775527954102,5,1
1606,-3.3722124099731445,-2.420538902282715,5.559745788574219,2.420538902282715,2.184269428253174,5.897281646728516,5,1
1607,-3.255629777908325,-1.4795348644256592,4.837001800537109,1.4795348644256592,2.2304790019989014,5.84104585647583,5,1
1608,-3.507617235183716,-1.9700371026992798,5.601329326629639,1.9700371026992798,2.300077199935913,5.308177471160889,5,1
1609,-2.7734148502349854,-1.6188135147094727,4.560659885406494,1.6188135147094727,2.287555694580078,5.610513687133789,5,1
1610,-3.1113839149475098,-0.9108899831771851,4.368232250213623,0.9108899831771851,2.2862915992736816,6.43126916885376,5,1
1611,-3.1648595333099365,-1.1920466423034668,4.404770851135254,1.1920466423034668,2.300171375274658,5.841578960418701,5,1
1612,-2.8426380157470703,-1.3312525749206543,4.536252021789551,1.3312525749206543,2.326328992843628,5.053776264190674,5,1
1613,-3.1747963428497314,-1.1826331615447998,4.30922794342041,1.1826331615447998,2.2244937419891357,6.112077236175537,5,1
1614,-3.1784071922302246,-1.4260810613632202,4.62652063369751,1.4260810613632202,2.263225793838501,6.042558193206787,5,1
1615,-3.1532821655273438,-1.0108760595321655,4.894959449768066,1.0108760595321655,2.2762551307678223,6.532680511474609,5,1
1616,-3.0615932941436768,-1.221024751663208,4.669005393981934,1.221024751663208,2.3575587272644043,7.012423038482666,5,1
1617,-3.2441115379333496,-1.2298718690872192,4.628324508666992,1.2298718690872192,2.235588788986206,5.615346908569336,5,1
1618,-3.1288793087005615,-1.5145881175994873,4.569074630737305,1.5145881175994873,2.202955484390259,5.645148277282715,5,1
1619,-2.9596643447875977,-1.6363385915756226,4.250164031982422,1.6363385915756226,2.208996295928955,6.904754638671875,5,1
1620,-3.1189770698547363,-1.1631134748458862,4.579431533813477,1.1631134748458862,2.1861512660980225,7.4995808601379395,5,1
1621,-2.9447336196899414,-1.189049243927002,4.811870574951172,1.189049243927002,2.379479169845581,7.038881301879883,5,1
1622,-3.1093673706054688,-2.001593589782715,5.407201766967773,2.001593589782715,2.1859419345855713,5.994268894195557,5,1
1623,-2.919309616088867,-1.6838051080703735,5.545526504516602,1.6838051080703735,2.2506115436553955,5.412649631500244,5,1
1624,-2.857915163040161,-1.7575846910476685,5.040998458862305,1.7575846910476685,2.123647928237915,4.908614635467529,5,1
1625,-3.259697675704956,-1.3156051635742188,4.834889888763428,1.3156051635742188,2.2506816387176514,5.248204231262207,5,1
1626,-3.1020712852478027,-1.5904500484466553,4.5850982666015625,1.5904500484466553,2.270714044570923,5.777340888977051,5,1
1627,-3.048774480819702,-1.2271130084991455,4.640567779541016,1.2271130084991455,2.2256033420562744,6.329071998596191,5,1
1628,-3.0629186630249023,-1.044795274734497,4.370549201965332,1.044795274734497,2.2282679080963135,6.7043867111206055,5,1
1629,-3.2583720684051514,-1.183142900466919,4.569759368896484,1.183142900466919,2.1056530475616455,7.437690734863281,5,1
1630,-3.3391404151916504,-1.6869370937347412,5.04435920715332,1.6869370937347412,2.2784907817840576,5.494296073913574,5,1
1631,-2.9768154621124268,-1.7003052234649658,4.862924575805664,1.7003052234649658,2.3804502487182617,5.38096809387207,5,1
1632,-3.3003556728363037,-1.4957244396209717,5.338639736175537,1.4957244396209717,2.2766435146331787,6.173178672790527,5,1
1633,-3.2084603309631348,-1.4402899742126465,5.023706436157227,1.4402899742126465,2.2114455699920654,6.613587856292725,5,1
1634,-3.151393413543701,-1.8206928968429565,5.223916530609131,1.8206928968429565,2.1703248023986816,6.523886680603027,5,1
1635,-3.064638137817383,-1.9649066925048828,5.244189262390137,1.9649066925048828,2.1797139644622803,5.382300853729248,5,1
1636,-2.9472479820251465,-1.0926841497421265,4.290935516357422,1.0926841497421265,2.2065858840942383,4.9989423751831055,5,1
1637,-2.786433219909668,-1.8691558837890625,5.078482627868652,1.8691558837890625,2.2466118335723877,5.773448944091797,5,1
1638,-3.119968891143799,-1.964597225189209,5.035711288452148,1.964597225189209,2.121067762374878,7.018290042877197,5,1
1639,-3.2192041873931885,-1.145284652709961,4.609787940979004,1.145284652709961,2.222874879837036,8.369778633117676,5,1
1640,-3.056778907775879,-1.2589796781539917,4.359133720397949,1.2589796781539917,2.344414710998535,8.065710067749023,5,1
1641,-3.3055241107940674,-1.1463686227798462,4.719943046569824,1.1463686227798462,2.191812753677368,6.631396770477295,5,1
1642,-3.207226514816284,-1.5668859481811523,5.028426170349121,1.5668859481811523,2.130750894546509,6.052014350891113,5,1
1643,-3.0449941158294678,-1.3229820728302002,4.561002731323242,1.3229820728302002,2.1694176197052,6.257115840911865,5,1
1644,-2.9628429412841797,-1.6326415538787842,4.495929718017578,1.6326415538787842,2.245088815689087,6.879481792449951,5,1
1645,-3.3652524948120117,-1.0775761604309082,5.069635391235352,1.0775761604309082,2.281799554824829,6.211415767669678,5,1
1646,-3.148050546646118,-1.8052971363067627,5.161664962768555,1.8052971363067627,2.2697930335998535,5.477501392364502,5,1
1647,-3.112839460372925,-1.3522169589996338,4.679913520812988,1.3522169589996338,2.396014451980591,5.598996162414551,5,1
1648,-3.1495163440704346,-1.534606695175171,4.849440574645996,1.534606695175171,2.113784074783325,6.394667625427246,5,1
1649,-3.2355592250823975,-1.915560007095337,5.376977920532227,1.915560007095337,2.2050716876983643,5.936329364776611,5,1
1650,-3.4206409454345703,-1.5430610179901123,5.209495544433594,1.5430610179901123,2.237144708633423,6.736392498016357,5,1
1651,-3.234147071838379,-1.0829079151153564,4.86014461517334,1.0829079151153564,2.2564754486083984,5.210205554962158,5,1
1652,-2.8393614292144775,-1.3471462726593018,4.772235870361328,1.3471462726593018,2.322801351547241,5.162318706512451,5,1
1653,-3.063044548034668,-1.6041090488433838,4.852980613708496,1.6041090488433838,2.3198509216308594,5.672241687774658,5,1
1654,-3.1091761589050293,-1.685593605041504,5.00571346282959,1.685593605041504,2.329508066177368,6.73983097076416,5,1
1655,-3.1064891815185547,-0.5935675501823425,4.248397350311279,0.5935675501823425,2.295203685760498,7.8722310066223145,5,1
1656,-3.242029905319214,-1.2475459575653076,5.089236259460449,1.2475459575653076,2.292086362838745,7.059206962585449,5,1
1657,-3.2559127807617188,-1.0383610725402832,4.88620138168335,1.0383610725402832,2.1583139896392822,6.322234153747559,5,1
1658,-2.872762680053711,-1.9445698261260986,5.048646926879883,1.9445698261260986,2.124363899230957,5.472208023071289,5,1
1659,-2.8864758014678955,-1.6632466316223145,4.98819637298584,1.6632466316223145,2.201291799545288,5.862594127655029,5,1
1660,-2.9934494495391846,-2.143641948699951,5.004380226135254,2.143641948699951,2.3127613067626953,6.141333103179932,5,1
1661,-3.081841230392456,-1.419255256652832,4.807631492614746,1.419255256652832,2.25864315032959,7.021189212799072,5,1
1662,-2.907284736633301,-1.3225162029266357,4.616222381591797,1.3225162029266357,2.2908997535705566,7.844055652618408,5,1
1663,-3.165001153945923,-1.2322176694869995,4.848697662353516,1.2322176694869995,2.236147403717041,7.2346673011779785,5,1
1664,-2.814138650894165,-1.262704610824585,4.814655303955078,1.262704610824585,2.192336320877075,5.892282485961914,5,1
1665,-3.005913734436035,-1.2302802801132202,4.57938289642334,1.2302802801132202,2.2836577892303467,5.698729515075684,5,1
1666,-3.0175182819366455,-1.1682699918746948,4.108292579650879,1.1682699918746948,2.2701103687286377,6.606080532073975,5,1
1667,-2.8791861534118652,-1.545068621635437,4.806241512298584,1.545068621635437,2.106159210205078,4.957342147827148,5,1
1668,-2.976008176803589,-1.304451823234558,4.436866760253906,1.304451823234558,2.1812820434570312,4.998118877410889,5,1
1669,-2.7998993396759033,-1.3835633993148804,4.428166389465332,1.3835633993148804,2.1962270736694336,5.589845657348633,5,1
1670,-3.1322638988494873,-1.3864904642105103,4.946651935577393,1.3864904642105103,2.2291557788848877,5.546267509460449,5,1
1671,-3.080770254135132,-1.7091656923294067,5.14145565032959,1.7091656923294067,2.2212982177734375,8.18070125579834,5,1
1672,-3.376180648803711,-1.5172388553619385,5.197913646697998,1.5172388553619385,2.1560561656951904,9.607973098754883,5,1
1673,-3.0850040912628174,-1.0908112525939941,4.555875301361084,1.0908112525939941,2.2438578605651855,5.653020858764648,5,1
1674,-2.8972716331481934,-1.226285696029663,4.774906635284424,1.226285696029663,2.2480039596557617,4.791670799255371,5,1
1675,-2.7566475868225098,-1.9737824201583862,5.224676132202148,1.9737824201583862,2.246546506881714,5.662044525146484,5,1
1676,-3.229090690612793,-1.87490975856781,5.204338073730469,1.87490975856781,2.239058494567871,6.774050712585449,5,1
1677,-3.094109058380127,-1.5337660312652588,4.41674280166626,1.5337660312652588,2.2200520038604736,6.916654586791992,5,1
1678,-2.8975167274475098,-1.4077913761138916,4.825161457061768,1.4077913761138916,2.1533637046813965,7.019394874572754,5,1
1679,-3.098168134689331,-1.490545630455017,4.6334686279296875,1.490545630455017,2.1761555671691895,7.6293840408325195,5,1
1680,-3.1068825721740723,-1.5781362056732178,4.902863502502441,1.5781362056732178,2.1010115146636963,6.208184242248535,5,1
1681,-3.018622398376465,-1.1107561588287354,4.828260898590088,1.1107561588287354,2.221233367919922,5.740828514099121,5,1
1682,-3.2545418739318848,-2.2931036949157715,5.613901615142822,2.2931036949157715,2.163773536682129,6.727240085601807,5,1
1683,-3.0163114070892334,-1.7025256156921387,4.850058555603027,1.7025256156921387,2.15596866607666,6.454593658447266,5,1
1684,-2.9350743293762207,-2.086430311203003,5.258253574371338,2.086430311203003,2.270359754562378,6.973266124725342,5,1
1685,-3.1822009086608887,-1.9323997497558594,5.642963409423828,1.9323997497558594,2.2146568298339844,7.871397495269775,5,1
1686,-3.091322898864746,-1.76125967502594,5.131064414978027,1.76125967502594,2.2948479652404785,7.826923370361328,5,1
1687,-3.102889060974121,-1.7897000312805176,5.207437992095947,1.7897000312805176,2.305379629135132,6.145884990692139,5,1
1688,-3.28934383392334,-1.4534142017364502,5.127047538757324,1.4534142017364502,2.301833391189575,5.753688335418701,5,1
1689,-3.0400989055633545,-1.2950799465179443,4.82883882522583,1.2950799465179443,2.2577579021453857,5.362365245819092,5,1
1690,-2.866091012954712,-1.760972023010254,4.810423851013184,1.760972023010254,2.4064159393310547,6.109445095062256,5,1
1691,-2.956566333770752,-1.4774110317230225,4.5699615478515625,1.4774110317230225,2.10929536819458,6.197638988494873,5,1
1692,-3.0746395587921143,-1.6100258827209473,4.77093505859375,1.6100258827209473,2.241032123565674,7.819692134857178,5,1
1693,-2.850471019744873,-1.5789813995361328,4.597394943237305,1.5789813995361328,2.3119349479675293,8.699295997619629,5,1
1694,-2.8664584159851074,-2.0111799240112305,4.960816383361816,2.0111799240112305,2.3218955993652344,8.54712200164795,5,1
1695,-3.1101391315460205,-1.412316083908081,4.6436967849731445,1.412316083908081,2.1596391201019287,5.989389419555664,5,1
1696,-3.1041204929351807,-1.4101154804229736,4.4980363845825195,1.4101154804229736,2.0921239852905273,5.013198375701904,5,1
1697,-3.0369174480438232,-0.9598289728164673,4.327885150909424,0.9598289728164673,2.1079206466674805,6.009705066680908,5,1
1698,-2.850433111190796,-1.112297534942627,4.326045036315918,1.112297534942627,2.327813148498535,5.801466941833496,5,1
1699,-3.151432752609253,-1.7313382625579834,4.791166305541992,1.7313382625579834,2.300347328186035,6.239592552185059,5,1
1700,-3.0236096382141113,-1.9586749076843262,5.126983165740967,1.9586749076843262,2.274979829788208,6.733518123626709,5,1
1701,-3.149040937423706,-1.9906105995178223,5.191617012023926,1.9906105995178223,2.1875178813934326,5.76600980758667,5,1
1702,-2.853273630142212,-1.7789406776428223,4.9886298179626465,1.7789406776428223,2.185962438583374,5.3436408042907715,5,1
1703,-2.793536424636841,-2.2462496757507324,5.289584636688232,2.2462496757507324,2.21242356300354,5.35940408706665,5,1
1704,-3.0344953536987305,-2.4519615173339844,5.323971748352051,2.4519615173339844,2.2261710166931152,6.8044304847717285,5,1
1705,-2.902909278869629,-1.836246132850647,4.922179222106934,1.836246132850647,2.070190906524658,8.186333656311035,5,1
1706,-2.958794116973877,-0.9939231872558594,4.409538269042969,0.9939231872558594,2.173099994659424,7.481285572052002,5,1
1707,-2.914792776107788,-1.5237828493118286,4.76994514465332,1.5237828493118286,2.156038999557495,6.487185478210449,5,1
1708,-3.0349199771881104,-1.2352368831634521,4.964238166809082,1.2352368831634521,2.232323408126831,5.470857620239258,5,1
1709,-2.852196216583252,-1.3593562841415405,4.758789539337158,1.3593562841415405,2.2148587703704834,6.473594665527344,5,1
1710,-3.3152053356170654,-1.1380906105041504,4.934108734130859,1.1380906105041504,2.2846157550811768,7.693317413330078,5,1
1711,-3.353394031524658,-1.3293299674987793,4.993407249450684,1.3293299674987793,2.16408371925354,6.903847694396973,5,1
1712,-3.1856420040130615,-1.222245216369629,4.795443534851074,1.222245216369629,2.1827845573425293,7.3181471824646,5,1
1713,-3.0531580448150635,-1.4750810861587524,4.7310380935668945,1.4750810861587524,2.2066903114318848,7.798138618469238,5,1
1714,-2.8190953731536865,-1.626261830329895,5.065974712371826,1.626261830329895,2.239668846130371,6.141364097595215,5,1
1715,-3.0630197525024414,-1.2168457508087158,4.748624801635742,1.2168457508087158,2.207049608230591,6.42280387878418,5,1
1716,-3.520721673965454,-0.7717952132225037,4.810939311981201,0.7717952132225037,2.3359475135803223,6.99213171005249,5,1
1717,-2.4454758167266846,-1.0218629837036133,3.9601054191589355,1.0218629837036133,2.259061574935913,5.481571674346924,5,1
1718,-2.9532155990600586,-1.5127966403961182,4.336281776428223,1.5127966403961182,2.092609167098999,6.096251487731934,5,1
1719,-2.699129819869995,-1.3654757738113403,4.614254474639893,1.3654757738113403,2.1145427227020264,6.651816368103027,5,1
1720,-2.903019905090332,-1.3057947158813477,4.546393871307373,1.3057947158813477,2.201666831970215,5.715525150299072,5,1
1721,-2.9980952739715576,-1.517491340637207,5.031562328338623,1.517491340637207,2.209493398666382,5.2227396965026855,5,1
1722,-2.8016223907470703,-1.4486534595489502,4.548866271972656,1.4486534595489502,2.240379810333252,6.405627250671387,5,1
1723,-3.273233413696289,-2.1286826133728027,5.632274150848389,2.1286826133728027,2.232196807861328,6.883762359619141,5,1
1724,-2.7332136631011963,-1.1716296672821045,4.488208293914795,1.1716296672821045,2.192655324935913,5.5218119621276855,5,1
1725,-2.7046546936035156,-1.5231187343597412,4.7370195388793945,1.5231187343597412,2.172837972640991,5.503196716308594,5,1
1726,-2.967068672180176,-1.4510338306427002,4.547396183013916,1.4510338306427002,2.2505805492401123,5.595148086547852,5,1
1727,-3.0739943981170654,-2.159501075744629,5.447230339050293,2.159501075744629,2.3883631229400635,6.12005615234375,5,1
1728,-3.0600242614746094,-1.7246599197387695,5.029809951782227,1.7246599197387695,2.3465993404388428,6.644680023193359,5,1
1729,-2.600226879119873,-1.7634763717651367,4.9942731857299805,1.7634763717651367,2.1336545944213867,6.391712665557861,5,1
1730,-2.862943172454834,-1.9784941673278809,4.877524375915527,1.9784941673278809,2.2083959579467773,5.687994956970215,5,1
1731,-3.1333088874816895,-1.4436570405960083,5.298922538757324,1.4436570405960083,2.115421772003174,5.316490650177002,5,1
1732,-2.853184223175049,-1.5943461656570435,5.047935485839844,1.5943461656570435,2.321504831314087,5.992246627807617,5,1
1733,-2.9614367485046387,-1.701894760131836,4.814517021179199,1.701894760131836,2.1516382694244385,6.369217395782471,5,1
1734,-2.634978771209717,-1.8023159503936768,4.804306507110596,1.8023159503936768,2.1169021129608154,7.923409938812256,5,1
1735,-3.0362024307250977,-1.5597727298736572,4.725740432739258,1.5597727298736572,2.213968515396118,8.551618576049805,5,1
1736,-3.110808849334717,-1.963231086730957,5.163324356079102,1.963231086730957,2.295487642288208,8.624356269836426,5,1
1737,-3.236034870147705,-1.5032992362976074,5.151008129119873,1.5032992362976074,2.149850845336914,8.147795677185059,5,1
1738,-2.9804601669311523,-1.8293908834457397,4.781786918640137,1.8293908834457397,2.2914652824401855,8.537696838378906,5,1
1739,-3.1575074195861816,-1.9286479949951172,5.693617820739746,1.9286479949951172,2.174075126647949,7.278705596923828,5,1
1740,-3.2081398963928223,-1.834424376487732,5.533080101013184,1.834424376487732,2.1353566646575928,5.802032470703125,5,1
1741,-2.8392515182495117,-1.7522681951522827,4.974870681762695,1.7522681951522827,2.252912759780884,6.544760704040527,5,1
1742,-2.8094780445098877,-2.0277633666992188,5.035836696624756,2.0277633666992188,2.207362413406372,5.855905055999756,5,1
1743,-2.6861212253570557,-2.41190242767334,5.208339691162109,2.41190242767334,2.2847485542297363,5.155667781829834,5,1
1744,-3.026409864425659,-2.3090744018554688,5.725093841552734,2.3090744018554688,2.2975664138793945,5.960299968719482,5,1
1745,-3.045656681060791,-1.5589985847473145,4.66682243347168,1.5589985847473145,2.126955270767212,6.85671854019165,5,1
1746,-3.112308979034424,-1.8409428596496582,5.35974645614624,1.8409428596496582,2.1249375343322754,5.888119220733643,5,1
1747,-2.799541711807251,-1.732529878616333,4.791566371917725,1.732529878616333,2.2755115032196045,6.069585800170898,5,1
1748,-2.8923487663269043,-1.9055513143539429,5.156091690063477,1.9055513143539429,2.1606194972991943,4.6628804206848145,5,1
1749,-3.0232701301574707,-1.584348440170288,4.657435417175293,1.584348440170288,2.270343780517578,5.965245246887207,5,1
1750,-2.9907493591308594,-1.8375736474990845,5.225677967071533,1.8375736474990845,2.1696012020111084,7.044950485229492,5,1
1751,-2.673177719116211,-1.988434076309204,5.127169609069824,1.988434076309204,2.2674145698547363,6.04979944229126,5,1
1752,-3.270566940307617,-1.330289363861084,5.275721073150635,1.330289363861084,2.2333178520202637,7.6822967529296875,5,1
1753,-3.049619197845459,-1.4826955795288086,4.752022743225098,1.4826955795288086,2.0870554447174072,6.967526912689209,5,1
1754,-3.094682455062866,-1.4073846340179443,4.732275009155273,1.4073846340179443,2.2306087017059326,7.855330467224121,5,1
1755,-2.7078261375427246,-1.9426417350769043,5.033469200134277,1.9426417350769043,2.2880477905273438,7.03693151473999,5,1
1756,-2.876530885696411,-1.8237451314926147,5.003107070922852,1.8237451314926147,2.126462936401367,6.603046894073486,5,1
1757,-2.8841640949249268,-1.7100671529769897,4.363783359527588,1.7100671529769897,2.1788742542266846,7.2761640548706055,5,1
1758,-3.1857833862304688,-1.869612693786621,5.353590488433838,1.869612693786621,2.225944995880127,7.387093544006348,5,1
1759,-2.8618338108062744,-1.8660688400268555,4.514719009399414,1.8660688400268555,2.1970317363739014,7.406838893890381,5,1
1760,-3.0337629318237305,-1.6337714195251465,4.810993194580078,1.6337714195251465,2.284200668334961,8.57576847076416,5,1
1761,-2.965146064758301,-2.082615852355957,5.059168815612793,2.082615852355957,2.2384064197540283,7.402690887451172,5,1
1762,-2.4894232749938965,-1.6453361511230469,4.725147247314453,1.6453361511230469,2.1398367881774902,5.572691440582275,5,1
1763,-3.12399959564209,-1.846059799194336,4.928836345672607,1.846059799194336,2.256575345993042,5.783782005310059,5,1
1764,-3.114060878753662,-1.8157413005828857,4.852438449859619,1.8157413005828857,2.1437880992889404,5.499518871307373,5,1
1765,-2.8909568786621094,-2.4126601219177246,5.217069625854492,2.4126601219177246,2.1224236488342285,5.0203680992126465,5,1
1766,-2.7724459171295166,-1.9082871675491333,5.177031517028809,1.9082871675491333,2.1217727661132812,4.680784225463867,5,1
1767,-2.9514565467834473,-1.7132389545440674,5.267176151275635,1.7132389545440674,2.159597158432007,6.211759567260742,5,1
1768,-2.89217209815979,-1.5837838649749756,4.959554672241211,1.5837838649749756,2.257488489151001,7.263482093811035,5,1
1769,-2.849888563156128,-2.0145366191864014,4.650543212890625,2.0145366191864014,2.3146538734436035,5.333004951477051,5,1
1770,-2.655233860015869,-1.3232712745666504,4.942625045776367,1.3232712745666504,2.11706805229187,5.236701965332031,5,1
1771,-3.0346758365631104,-1.5760564804077148,4.996208190917969,1.5760564804077148,2.1880979537963867,5.611963272094727,5,1
1772,-3.0049257278442383,-1.5153627395629883,4.842641830444336,1.5153627395629883,2.294861316680908,5.767276287078857,5,1
1773,-2.8948984146118164,-1.8777762651443481,5.419529438018799,1.8777762651443481,2.1292202472686768,6.94372034072876,5,1
1774,-2.8531830310821533,-1.6057590246200562,4.064384460449219,1.6057590246200562,2.212181568145752,7.064398765563965,5,1
1775,-2.880988359451294,-2.0517935752868652,4.998618125915527,2.0517935752868652,2.1926207542419434,5.510909557342529,5,1
1776,-2.8491737842559814,-1.5467736721038818,4.802734375,1.5467736721038818,2.2570102214813232,6.065662860870361,5,1
1777,-2.982083797454834,-1.9400163888931274,5.229399681091309,1.9400163888931274,2.384577512741089,7.241490364074707,5,1
1778,-2.900510549545288,-1.2430074214935303,3.900890827178955,1.2430074214935303,2.2317144870758057,7.002053737640381,5,1
1779,-2.8942251205444336,-1.2600200176239014,4.3488616943359375,1.2600200176239014,2.1833443641662598,7.304220676422119,5,1
1780,-3.1621086597442627,-1.4443960189819336,4.727792739868164,1.4443960189819336,2.1729676723480225,6.633693695068359,5,1
1781,-3.1638669967651367,-1.7601979970932007,4.980154991149902,1.7601979970932007,2.1010141372680664,5.980844020843506,5,1
1782,-2.4061520099639893,-1.4238612651824951,4.27285099029541,1.4238612651824951,2.2798707485198975,5.840567111968994,5,1
1783,-2.8817694187164307,-1.6257330179214478,5.116445064544678,1.6257330179214478,2.1562952995300293,6.033320426940918,5,1
1784,-2.9623756408691406,-2.0345282554626465,5.109731674194336,2.0345282554626465,2.1417994499206543,5.388454437255859,5,1
1785,-2.916868209838867,-1.851572036743164,4.870683670043945,1.851572036743164,2.172699451446533,5.7371931076049805,5,1
1786,-2.519965887069702,-1.7335741519927979,4.559527397155762,1.7335741519927979,2.179640293121338,6.560112953186035,5,1
1787,-2.852220296859741,-1.850750207901001,5.063979625701904,1.850750207901001,2.2081053256988525,5.682663917541504,5,1
1788,-2.776404619216919,-1.7572078704833984,5.073509693145752,1.7572078704833984,2.1163296699523926,5.45496129989624,5,1
1789,-2.676266670227051,-1.5907294750213623,5.148810863494873,1.5907294750213623,2.1509289741516113,6.045627593994141,5,1
1790,-2.8617055416107178,-1.7974931001663208,4.821660995483398,1.7974931001663208,2.1874704360961914,5.6117844581604,5,1
1791,-2.9082610607147217,-1.954969048500061,4.840717315673828,1.954969048500061,2.267641067504883,5.173628330230713,5,1
1792,-2.697049617767334,-2.092214584350586,5.2623796463012695,2.092214584350586,2.1536149978637695,4.768447399139404,5,1
1793,-2.9272332191467285,-1.8248307704925537,5.0547590255737305,1.8248307704925537,2.1448333263397217,5.373284816741943,5,1
1794,-2.704441547393799,-1.8317432403564453,4.481325149536133,1.8317432403564453,2.1762094497680664,5.6495747566223145,5,1
1795,-3.0551910400390625,-2.1126155853271484,5.382361888885498,2.1126155853271484,2.2062203884124756,6.290400981903076,5,1
1796,-2.73464298248291,-1.6667041778564453,5.126868724822998,1.6667041778564453,2.255213975906372,6.267035007476807,5,1
1797,-2.866848945617676,-1.4603904485702515,4.552835464477539,1.4603904485702515,2.2235267162323,6.86615514755249,5,1
1798,-2.7299680709838867,-1.6999258995056152,4.921980857849121,1.6999258995056152,2.0901801586151123,6.328399181365967,5,1
1799,-2.794921398162842,-1.9294430017471313,4.699297904968262,1.9294430017471313,2.1333603858947754,7.09474515914917,5,1
1800,-2.619170904159546,-1.5828282833099365,4.90452766418457,1.5828282833099365,2.291264295578003,7.060066223144531,5,1
1801,-3.228854179382324,-1.4827829599380493,5.1237993240356445,1.4827829599380493,2.0453834533691406,6.327587127685547,5,1
1802,-2.924043655395508,-1.8821450471878052,5.086432933807373,1.8821450471878052,2.1539270877838135,6.849185466766357,5,1
1803,-2.8420023918151855,-1.935596227645874,4.95603084564209,1.935596227645874,2.173917531967163,6.485828399658203,5,1
1804,-2.639763116836548,-1.6796622276306152,4.625528335571289,1.6796622276306152,2.241476058959961,5.386580467224121,5,1
1805,-2.9698987007141113,-1.7648091316223145,5.183385848999023,1.7648091316223145,2.190828561782837,5.876534938812256,5,1
1806,-2.9814651012420654,-1.807495355606079,5.430329322814941,1.807495355606079,2.1802217960357666,5.505799293518066,5,1
1807,-2.783936023712158,-2.1097230911254883,5.435285568237305,2.1097230911254883,2.2506449222564697,5.498424053192139,5,1
1808,-2.529223918914795,-2.0910515785217285,5.209470272064209,2.0910515785217285,2.2873849868774414,5.556839942932129,5,1
1809,-2.7572708129882812,-2.20773983001709,5.23584508895874,2.20773983001709,2.239057779312134,6.800350666046143,5,1
1810,-2.831259250640869,-1.6222105026245117,4.771783828735352,1.6222105026245117,2.24969744682312,8.526520729064941,5,1
1811,-2.8258352279663086,-1.8442039489746094,4.970768451690674,1.8442039489746094,2.1722183227539062,7.95820426940918,5,1
1812,-3.2810592651367188,-1.6571542024612427,5.554740905761719,1.6571542024612427,2.2437479496002197,7.117156982421875,5,1
1813,-2.730956554412842,-1.6361494064331055,4.689983367919922,1.6361494064331055,2.2605347633361816,6.602673530578613,5,1
1814,-2.9419851303100586,-1.563364028930664,4.8065690994262695,1.563364028930664,2.1323587894439697,5.10139274597168,5,1
1815,-2.833815574645996,-1.731026291847229,4.580833435058594,1.731026291847229,2.1973776817321777,5.922729015350342,5,1
1816,-3.078739881515503,-1.805850625038147,5.054167747497559,1.805850625038147,2.1276373863220215,6.847195148468018,5,1
1817,-2.7314181327819824,-1.7748230695724487,4.500093936920166,1.7748230695724487,2.196809768676758,8.21282958984375,5,1
1818,-2.8298683166503906,-1.9094905853271484,5.0680341720581055,1.9094905853271484,2.155818462371826,6.318617343902588,5,1
1819,-2.6033365726470947,-1.5948786735534668,4.827840328216553,1.5948786735534668,2.138976573944092,5.611403465270996,5,1
1820,-3.0741639137268066,-1.7622039318084717,5.180724143981934,1.7622039318084717,2.1255440711975098,5.868975639343262,5,1
1821,-2.573672294616699,-1.564049243927002,5.022401332855225,1.564049243927002,2.1946699619293213,6.1887922286987305,5,1
1822,-2.745683431625366,-1.6092469692230225,4.609777450561523,1.6092469692230225,2.2477896213531494,6.274500370025635,5,1
1823,-2.921095371246338,-1.7958135604858398,4.472084999084473,1.7958135604858398,2.1716086864471436,5.9024128913879395,5,1
1824,-2.8512799739837646,-1.9497014284133911,5.150574684143066,1.9497014284133911,2.084529161453247,5.568877696990967,5,1
1825,-2.8813467025756836,-1.5887268781661987,4.708634853363037,1.5887268781661987,2.087203025817871,6.540897369384766,5,1
1826,-3.1963889598846436,-1.8943004608154297,5.380670547485352,1.8943004608154297,2.2540366649627686,10.070146560668945,5,1
1827,-2.8330237865448,-2.0334458351135254,5.115400791168213,2.0334458351135254,2.3394126892089844,9.549872398376465,5,1
1828,-2.7991480827331543,-1.8680771589279175,4.857893943786621,1.8680771589279175,2.269134759902954,6.8813018798828125,5,1
1829,-2.769744873046875,-2.2979841232299805,5.1157121658325195,2.2979841232299805,2.229952573776245,5.060262680053711,5,1
1830,-2.752469301223755,-2.1186251640319824,4.890888214111328,2.1186251640319824,2.0474853515625,5.0839338302612305,5,1
1831,-2.8522608280181885,-1.5789073705673218,4.766565322875977,1.5789073705673218,2.3329999446868896,6.241772651672363,5,1
1832,-2.8406102657318115,-1.6895875930786133,4.505364418029785,1.6895875930786133,2.1589581966400146,7.1320366859436035,5,1
1833,-2.889430284500122,-1.951430320739746,5.222810745239258,1.951430320739746,2.1137688159942627,6.986623764038086,5,1
1834,-2.6803512573242188,-1.8953461647033691,4.651323318481445,1.8953461647033691,2.178910970687866,5.867918014526367,5,1
1835,-2.8747241497039795,-1.7306689023971558,4.967506408691406,1.7306689023971558,2.2822883129119873,6.701845169067383,5,1
1836,-2.5671370029449463,-2.0578432083129883,4.653988838195801,2.0578432083129883,2.168433427810669,6.0917744636535645,5,1
1837,-2.5634377002716064,-2.043706178665161,5.236844062805176,2.043706178665161,2.044553756713867,5.018341541290283,5,1
1838,-2.8793466091156006,-1.8354336023330688,5.162280082702637,1.8354336023330688,2.238668918609619,6.06797981262207,5,1
1839,-2.7414019107818604,-1.766160249710083,4.6274261474609375,1.766160249710083,2.1695539951324463,5.0834808349609375,5,1
1840,-2.6246938705444336,-1.8866177797317505,4.828786849975586,1.8866177797317505,2.101865291595459,4.821689605712891,5,1
1841,-2.4918675422668457,-2.2116575241088867,5.1663007736206055,2.2116575241088867,2.15848970413208,4.674903392791748,5,1
1842,-3.054241180419922,-2.149608612060547,5.408695220947266,2.149608612060547,2.1006808280944824,5.154524326324463,5,1
1843,-2.8528149127960205,-1.8627192974090576,4.959880828857422,1.8627192974090576,2.147425889968872,5.609115123748779,5,1
1844,-2.6030375957489014,-2.280655860900879,5.1605963706970215,2.280655860900879,2.0745255947113037,6.015987873077393,5,1
1845,-3.1324946880340576,-1.58091402053833,5.475429534912109,1.58091402053833,2.262070655822754,6.36776065826416,5,1
1846,-2.9470858573913574,-2.31588077545166,5.383818626403809,2.31588077545166,2.1472361087799072,6.452016353607178,5,1
1847,-2.289672374725342,-1.7327442169189453,4.8389692306518555,1.7327442169189453,2.069361686706543,6.008652210235596,5,1
1848,-2.844731092453003,-1.9922219514846802,5.171136856079102,1.9922219514846802,2.2048966884613037,7.0730438232421875,5,1
1849,-2.580512762069702,-2.541667938232422,5.1919426918029785,2.541667938232422,2.1657934188842773,6.429807662963867,5,1
1850,-2.8637988567352295,-1.409400463104248,4.8277740478515625,1.409400463104248,2.2406957149505615,5.1175971031188965,5,1
1851,-2.654947280883789,-1.3510509729385376,4.2957258224487305,1.3510509729385376,2.197951078414917,5.419790744781494,5,1
1852,-2.778280258178711,-1.7698702812194824,4.274731636047363,1.7698702812194824,2.276268720626831,5.361232280731201,5,1
1853,-2.8385884761810303,-1.6658337116241455,4.930713653564453,1.6658337116241455,2.208648204803467,6.7036871910095215,5,1
1854,-2.73881459236145,-1.6975823640823364,5.0355143547058105,1.6975823640823364,2.204272747039795,6.783292770385742,5,1
1855,-2.6206588745117188,-2.0719056129455566,5.419354438781738,2.0719056129455566,2.137070655822754,6.350172996520996,5,1
1856,-2.7537455558776855,-2.4330222606658936,5.551669597625732,2.4330222606658936,2.087275981903076,6.150818347930908,5,1
1857,-2.8382411003112793,-1.8123130798339844,5.072689056396484,1.8123130798339844,2.1118173599243164,7.478291034698486,5,1
1858,-2.7697641849517822,-1.3552651405334473,4.563282012939453,1.3552651405334473,2.0009584426879883,9.27950382232666,5,1
1859,-2.9461183547973633,-1.8812339305877686,4.955166816711426,1.8812339305877686,1.9991610050201416,7.304027557373047,5,1
1860,-2.724168300628662,-1.3504667282104492,4.648190498352051,1.3504667282104492,2.358135461807251,7.525749683380127,5,1
1861,-2.3913276195526123,-1.757175087928772,4.28757905960083,1.757175087928772,2.138136148452759,5.581231117248535,5,1
1862,-2.7921109199523926,-1.6443886756896973,4.918704032897949,1.6443886756896973,2.2224209308624268,5.4815216064453125,5,1
1863,-2.7468926906585693,-1.584800362586975,5.135828018188477,1.584800362586975,2.2376139163970947,5.206958770751953,5,1
1864,-2.420767068862915,-1.7421725988388062,4.3136820793151855,1.7421725988388062,2.122671127319336,5.2675251960754395,5,1
1865,-2.696854829788208,-1.5190443992614746,4.691779613494873,1.5190443992614746,2.081122398376465,5.817813396453857,5,1
1866,-2.717196226119995,-1.6981929540634155,4.788666725158691,1.6981929540634155,2.1264021396636963,5.4515156745910645,5,1
1867,-2.963505744934082,-2.257753849029541,5.093661308288574,2.257753849029541,2.1922571659088135,4.980970859527588,5,1
1868,-2.778477191925049,-1.9677664041519165,5.00816011428833,1.9677664041519165,2.29059100151062,5.165835380554199,5,1
1869,-3.0038561820983887,-2.616809844970703,5.6524658203125,2.616809844970703,2.2822117805480957,5.176767349243164,5,1
1870,-2.5061864852905273,-2.211625099182129,4.879582405090332,2.211625099182129,2.1780741214752197,6.235012054443359,5,1
1871,-2.813458204269409,-1.4916791915893555,4.883151054382324,1.4916791915893555,2.270400285720825,8.730599403381348,5,1
1872,-2.7926061153411865,-1.710005521774292,5.19111967086792,1.710005521774292,2.246182918548584,9.452120780944824,5,1
1873,-2.7544422149658203,-1.995822787284851,5.0264787673950195,1.995822787284851,2.1652936935424805,7.615339279174805,5,1
1874,-3.1995253562927246,-1.8453576564788818,5.193319320678711,1.8453576564788818,2.1684699058532715,6.9781622886657715,5,1
1875,-2.677664279937744,-2.010594367980957,4.835906028747559,2.010594367980957,2.1193246841430664,6.362215042114258,5,1
1876,-2.799016237258911,-2.5824403762817383,5.398887634277344,2.5824403762817383,2.1128056049346924,5.950486183166504,5,1
1877,-2.6187665462493896,-2.3462343215942383,6.030027389526367,2.3462343215942383,2.293968915939331,8.2615385055542,5,1
1878,-2.9147531986236572,-1.7526935338974,4.8250579833984375,1.7526935338974,2.2161011695861816,8.549243927001953,5,1
1879,-2.7652106285095215,-1.6356558799743652,4.514318466186523,1.6356558799743652,2.179187774658203,6.701844692230225,5,1
1880,-2.9916796684265137,-1.7806105613708496,4.895329475402832,1.7806105613708496,2.2736587524414062,5.7931904792785645,5,1
1881,-2.8594048023223877,-2.1747145652770996,4.980453014373779,2.1747145652770996,2.102782964706421,5.942619323730469,5,1
1882,-2.925678014755249,-1.5367348194122314,5.042942047119141,1.5367348194122314,2.180821180343628,6.610054969787598,5,1
1883,-2.7111575603485107,-2.2579574584960938,5.54292106628418,2.2579574584960938,2.1929173469543457,6.472348213195801,5,1
1884,-2.8840155601501465,-1.9230883121490479,4.737807273864746,1.9230883121490479,2.015866994857788,5.992464542388916,5,1
1885,-2.6672163009643555,-2.1722159385681152,4.573395729064941,2.1722159385681152,2.08886456489563,5.536796569824219,5,1
1886,-3.1283912658691406,-1.5650687217712402,5.027929306030273,1.5650687217712402,2.1941590309143066,6.400676250457764,5,1
1887,-2.8102316856384277,-1.7314916849136353,5.023031234741211,1.7314916849136353,2.0558078289031982,7.4260029792785645,5,1
1888,-2.653909206390381,-2.0632166862487793,4.905244827270508,2.0632166862487793,2.199331760406494,6.698375701904297,5,1
1889,-2.5975093841552734,-2.4323744773864746,5.179795265197754,2.4323744773864746,2.185858964920044,5.42762565612793,5,1
1890,-2.8978688716888428,-2.1777052879333496,5.584031581878662,2.1777052879333496,2.1256000995635986,5.125454902648926,5,1
1891,-2.9734387397766113,-2.2226386070251465,5.396002769470215,2.2226386070251465,2.2012598514556885,5.18347692489624,5,1
1892,-2.910327434539795,-2.306042194366455,5.181936264038086,2.306042194366455,2.150171995162964,6.116743087768555,5,1
1893,-3.0347464084625244,-1.866636872291565,5.426158905029297,1.866636872291565,2.1853182315826416,6.602306842803955,5,1
1894,-2.863771438598633,-1.5845056772232056,5.107827663421631,1.5845056772232056,2.2669944763183594,5.535523891448975,5,1
1895,-2.9495725631713867,-2.297055721282959,5.221770286560059,2.297055721282959,2.285935163497925,6.084596157073975,5,1
1896,-2.7216379642486572,-1.9259576797485352,4.719987869262695,1.9259576797485352,2.2797799110412598,5.310769557952881,5,1
1897,-2.694282054901123,-1.9201499223709106,4.963916778564453,1.9201499223709106,2.2090299129486084,5.077239513397217,5,1
1898,-2.602022647857666,-1.9026296138763428,4.448923110961914,1.9026296138763428,2.1231937408447266,5.576091766357422,5,1
1899,-2.8905117511749268,-1.979161262512207,5.009533882141113,1.979161262512207,2.0969886779785156,5.956361293792725,5,1
1900,-2.890350818634033,-1.671912670135498,5.050563812255859,1.671912670135498,2.236743688583374,7.170814037322998,5,1
1901,-2.5514962673187256,-2.0569849014282227,4.974571228027344,2.0569849014282227,2.2596652507781982,8.725178718566895,5,1
1902,-2.7107789516448975,-2.393453598022461,5.122152805328369,2.393453598022461,2.193568229675293,9.016610145568848,5,1
1903,-3.1931498050689697,-1.9533721208572388,5.382637023925781,1.9533721208572388,2.1533498764038086,9.00001049041748,5,1
1904,-2.6387081146240234,-1.6437621116638184,4.780357360839844,1.6437621116638184,2.146578788757324,7.97639799118042,5,1
1905,-2.672531843185425,-1.6044855117797852,4.638970375061035,1.6044855117797852,2.155959367752075,6.8559889793396,5,1
1906,-2.6896164417266846,-1.7930117845535278,5.4096269607543945,1.7930117845535278,2.2307863235473633,7.458404541015625,5,1
1907,-2.8054463863372803,-1.893656611442566,5.145542144775391,1.893656611442566,2.1837666034698486,8.657029151916504,5,1
1908,-2.6942834854125977,-1.6484429836273193,5.069510459899902,1.6484429836273193,2.1354689598083496,7.115644931793213,5,1
1909,-2.5873639583587646,-1.6642725467681885,4.169670581817627,1.6642725467681885,2.1382720470428467,5.589970111846924,5,1
1910,-2.816591262817383,-2.231801986694336,4.583796977996826,2.231801986694336,2.08091402053833,4.711201190948486,5,1
1911,-2.917705535888672,-2.4991323947906494,5.6346940994262695,2.4991323947906494,2.1134841442108154,5.3225321769714355,5,1
1912,-2.921835422515869,-2.2725419998168945,5.406156063079834,2.2725419998168945,2.1253268718719482,5.574270725250244,5,1
1913,-2.7086853981018066,-1.779148817062378,5.152532577514648,1.779148817062378,2.262903928756714,5.711915016174316,5,1
1914,-2.893650531768799,-2.2436304092407227,5.099847793579102,2.2436304092407227,2.1169357299804688,5.290579795837402,5,1
1915,-2.733531951904297,-2.063570022583008,5.12047004699707,2.063570022583008,2.1671411991119385,5.5181450843811035,5,1
1916,-2.938431978225708,-2.001711368560791,5.085176467895508,2.001711368560791,2.163303852081299,6.159637451171875,5,1
1917,-2.718780040740967,-2.491359233856201,5.646427631378174,2.491359233856201,2.1087489128112793,6.575542449951172,5,1
1918,-2.945556163787842,-1.5956752300262451,5.100295066833496,1.5956752300262451,2.0987496376037598,6.770895004272461,5,1
1919,-2.8154873847961426,-1.9438081979751587,4.56974983215332,1.9438081979751587,2.1520397663116455,7.755456447601318,5,1
1920,-3.1353654861450195,-1.7949458360671997,5.033778190612793,1.7949458360671997,2.191004753112793,5.724233627319336,5,1
1921,-2.79298996925354,-2.1787962913513184,5.087643146514893,2.1787962913513184,2.067716598510742,5.450295448303223,5,1
1922,-2.9499704837799072,-1.8536393642425537,5.300083637237549,1.8536393642425537,2.1827340126037598,5.274824619293213,5,1
1923,-2.922427177429199,-1.2695591449737549,4.886682510375977,1.2695591449737549,2.1460771560668945,6.958869457244873,5,1
1924,-2.7035675048828125,-2.1584906578063965,5.533356666564941,2.1584906578063965,2.131924629211426,7.445659637451172,5,1
1925,-2.7315409183502197,-2.3008620738983154,5.1479363441467285,2.3008620738983154,2.1586997509002686,7.792526721954346,5,1
1926,-2.74949049949646,-1.618382215499878,4.807713508605957,1.618382215499878,2.1141412258148193,6.444296360015869,5,1
1927,-2.5955653190612793,-2.044178009033203,4.950939655303955,2.044178009033203,2.1710050106048584,5.7096757888793945,5,1
1928,-2.4442920684814453,-2.4626529216766357,5.166228294372559,2.4626529216766357,2.182389259338379,5.077237606048584,5,1
1929,-2.727160692214966,-2.288574695587158,5.35395622253418,2.288574695587158,2.1049156188964844,5.933636665344238,5,1
1930,-2.9117214679718018,-1.5960062742233276,4.679490566253662,1.5960062742233276,2.0262084007263184,7.654908180236816,5,1
1931,-2.5820364952087402,-1.9158999919891357,5.274648189544678,1.9158999919891357,2.1407017707824707,7.8607282638549805,5,1
1932,-2.695420503616333,-2.1852612495422363,5.204627513885498,2.1852612495422363,2.100794553756714,6.734390735626221,5,1
1933,-2.757582902908325,-1.8369591236114502,4.971784591674805,1.8369591236114502,2.0277841091156006,6.605782508850098,5,1
1934,-2.577511787414551,-1.9114861488342285,4.761614799499512,1.9114861488342285,2.242009162902832,8.204983711242676,5,1
1935,-2.7864151000976562,-1.7463308572769165,4.717519760131836,1.7463308572769165,2.044454336166382,8.100472450256348,5,1
1936,-2.8614656925201416,-1.678797960281372,4.517472267150879,1.678797960281372,2.2338266372680664,6.427577972412109,5,1
1937,-2.8347597122192383,-1.8201192617416382,4.7147908210754395,1.8201192617416382,2.1943318843841553,7.048140048980713,5,1
1938,-2.582303524017334,-2.8928825855255127,5.650832176208496,2.8928825855255127,2.1446971893310547,7.642021656036377,5,1
1939,-2.6892499923706055,-2.3401126861572266,5.2283430099487305,2.3401126861572266,2.1448402404785156,5.309615135192871,5,1
1940,-2.627113103866577,-2.0446290969848633,5.297884464263916,2.0446290969848633,2.0269837379455566,5.6910176277160645,5,1
1941,-2.904186964035034,-1.7208263874053955,4.784355163574219,1.7208263874053955,2.1491358280181885,6.746382236480713,5,1
1942,-2.7936127185821533,-1.6578413248062134,4.307643890380859,1.6578413248062134,2.1899333000183105,8.435311317443848,5,1
1943,-2.8327298164367676,-1.7243647575378418,4.916320323944092,1.7243647575378418,2.0623769760131836,8.252083778381348,5,1
1944,-2.5008625984191895,-1.952240228652954,4.486756324768066,1.952240228652954,2.1405835151672363,5.203074932098389,5,1
1945,-2.651442527770996,-2.1570420265197754,4.780817985534668,2.1570420265197754,2.1455328464508057,5.612426280975342,5,1
1946,-2.6512908935546875,-2.3526811599731445,5.2454729080200195,2.3526811599731445,2.265860080718994,6.110781192779541,5,1
1947,-2.641937255859375,-1.6438716650009155,4.803782939910889,1.6438716650009155,2.069788694381714,4.763897895812988,5,1
1948,-2.26619029045105,-1.7651855945587158,4.30679178237915,1.7651855945587158,2.2055134773254395,5.80862283706665,5,1
1949,-2.5555741786956787,-2.3847885131835938,5.281463623046875,2.3847885131835938,2.1512246131896973,6.858867645263672,5,1
1950,-2.969015598297119,-2.656402587890625,5.622693061828613,2.656402587890625,2.0361859798431396,6.687596797943115,5,1
1951,-2.466431140899658,-1.8197884559631348,4.524786949157715,1.8197884559631348,2.1118385791778564,6.476129531860352,5,1
1952,-2.441283702850342,-2.578826904296875,5.116652488708496,2.578826904296875,2.028733253479004,6.0604777336120605,5,1
1953,-2.7055256366729736,-1.9838497638702393,5.005278587341309,1.9838497638702393,2.14471435546875,7.646046161651611,5,1
1954,-2.465768814086914,-2.332819700241089,5.103181838989258,2.332819700241089,2.096712827682495,6.0593767166137695,5,1
1955,-2.8802294731140137,-1.7791231870651245,4.878567695617676,1.7791231870651245,2.127763271331787,4.500561237335205,5,1
1956,-2.524876832962036,-2.649538040161133,5.224267959594727,2.649538040161133,2.1340737342834473,5.030277729034424,5,1
1957,-2.5465049743652344,-1.6255749464035034,4.901524543762207,1.6255749464035034,2.0669288635253906,6.225678443908691,5,1
1958,-2.6382851600646973,-1.961301326751709,4.803957939147949,1.961301326751709,2.240574836730957,7.473598480224609,5,1
1959,-2.4827394485473633,-1.7713203430175781,4.7592878341674805,1.7713203430175781,2.2171237468719482,8.238152503967285,5,1
1960,-2.724374294281006,-2.5439510345458984,5.569395542144775,2.5439510345458984,2.1155552864074707,7.427147388458252,5,1
1961,-2.7033560276031494,-2.4866998195648193,5.44779634475708,2.4866998195648193,2.197437047958374,6.468673229217529,5,1
1962,-2.7763450145721436,-2.397317886352539,5.461499214172363,2.397317886352539,2.0573925971984863,5.671284198760986,5,1
1963,-2.7648072242736816,-2.1149516105651855,4.949153423309326,2.1149516105651855,2.183208465576172,6.674590587615967,5,1
1964,-2.7274067401885986,-2.250953435897827,5.568058013916016,2.250953435897827,2.1866586208343506,7.027698040008545,5,1
1965,-2.9071035385131836,-2.3326056003570557,5.781590938568115,2.3326056003570557,2.1594762802124023,6.888628959655762,5,1
1966,-2.779081106185913,-2.4474031925201416,4.63299560546875,2.4474031925201416,2.0157604217529297,6.357933044433594,5,1
1967,-3.0412137508392334,-2.5900630950927734,5.793890953063965,2.5900630950927734,2.238672971725464,7.767518520355225,5,1
1968,-2.469916820526123,-2.1606969833374023,5.238224029541016,2.1606969833374023,2.1987557411193848,7.14922571182251,5,1
1969,-2.9646568298339844,-2.373988151550293,4.984067916870117,2.373988151550293,2.0423498153686523,6.554737091064453,5,1
1970,-2.640413522720337,-1.870251178741455,4.832145690917969,1.870251178741455,2.1618905067443848,5.755028247833252,5,1
1971,-2.7228105068206787,-1.6120150089263916,4.713383674621582,1.6120150089263916,2.140019655227661,6.005697250366211,5,1
1972,-2.821685314178467,-1.8034279346466064,4.983499526977539,1.8034279346466064,2.0450499057769775,6.728456497192383,5,1
1973,-2.5407638549804688,-2.5065371990203857,5.257295608520508,2.5065371990203857,2.1675407886505127,6.760021209716797,5,1
1974,-2.6851706504821777,-2.4865987300872803,5.169167518615723,2.4865987300872803,2.217047929763794,6.009986400604248,5,1
1975,-2.5624771118164062,-2.492644786834717,4.897497653961182,2.492644786834717,2.1216917037963867,6.955772876739502,5,1
1976,-2.6713316440582275,-2.2443017959594727,5.484717845916748,2.2443017959594727,2.090703248977661,7.926239967346191,5,1
1977,-2.6435482501983643,-2.0390453338623047,5.065406799316406,2.0390453338623047,2.2040293216705322,7.905712127685547,5,1
1978,-2.787963390350342,-2.4402692317962646,5.389364242553711,2.4402692317962646,2.145724296569824,7.474099636077881,5,1
1979,-2.6805660724639893,-2.379671812057495,5.3416242599487305,2.379671812057495,2.1586647033691406,6.1211256980896,5,1
1980,-2.793344736099243,-2.5247881412506104,5.537774562835693,2.5247881412506104,2.134100914001465,5.593054294586182,5,1
1981,-2.645143985748291,-2.4065499305725098,5.037856101989746,2.4065499305725098,2.108599901199341,6.36420202255249,5,1
1982,-2.7884109020233154,-2.3460781574249268,5.140827178955078,2.3460781574249268,2.286686420440674,7.28269624710083,5,1
1983,-2.7520840167999268,-1.983473777770996,5.026803493499756,1.983473777770996,2.156996965408325,7.112290859222412,5,1
1984,-2.2524821758270264,-1.947695255279541,5.126548767089844,1.947695255279541,2.174424648284912,6.492208003997803,5,1
1985,-2.9208180904388428,-1.980557918548584,4.668780326843262,1.980557918548584,2.198378801345825,5.876216411590576,5,1
1986,-2.795379161834717,-1.613743543624878,4.721909523010254,1.613743543624878,2.1398956775665283,6.872627258300781,5,1
1987,-2.8615336418151855,-2.111034393310547,5.03545618057251,2.111034393310547,2.196335554122925,7.978489875793457,5,1
1988,-2.7823071479797363,-1.6264194250106812,4.757013320922852,1.6264194250106812,2.148831367492676,7.257979393005371,5,1
1989,-2.636965751647949,-1.9636240005493164,4.697495460510254,1.9636240005493164,2.213052272796631,6.572825908660889,5,1
1990,-2.906228542327881,-2.2619142532348633,5.306238174438477,2.2619142532348633,2.049668312072754,4.869081497192383,5,1
1991,-2.6418349742889404,-2.784684658050537,5.631702423095703,2.784684658050537,2.1813507080078125,5.205114364624023,5,1
1992,-2.705955743789673,-2.4438564777374268,5.452430248260498,2.4438564777374268,2.217958927154541,5.881636619567871,5,1
1993,-2.820852518081665,-2.499199867248535,5.534313201904297,2.499199867248535,2.1432743072509766,6.665982723236084,5,1
1994,-2.558807611465454,-1.8149163722991943,5.169877529144287,1.8149163722991943,2.190194845199585,7.126427173614502,5,1
1995,-2.523391008377075,-1.6709436178207397,4.631209373474121,1.6709436178207397,2.032524347305298,7.021739959716797,5,1
1996,-2.6575000286102295,-1.7720609903335571,4.880666732788086,1.7720609903335571,2.158538579940796,7.554313659667969,5,1
1997,-2.6130211353302,-2.09098482131958,5.692875385284424,2.09098482131958,2.2937207221984863,7.2004594802856445,5,1
1998,-2.6071743965148926,-2.0591626167297363,5.135097980499268,2.0591626167297363,2.2131354808807373,6.321147441864014,5,1
1999,-2.8325753211975098,-2.207839012145996,5.033522129058838,2.207839012145996,2.0883045196533203,5.445129871368408,5,1
2000,-2.6384599208831787,-2.0326733589172363,4.659714698791504,2.0326733589172363,2.093637228012085,4.762528419494629,5,1
2001,-2.7499778270721436,-2.665152072906494,5.164180755615234,2.665152072906494,2.1636109352111816,5.11485481262207,5,1
2002,-2.868947744369507,-2.3279776573181152,5.305841445922852,2.3279776573181152,2.2607905864715576,4.908573150634766,5,1
2003,-2.4673984050750732,-2.3059346675872803,4.6869215965271,2.3059346675872803,2.051752805709839,4.67551851272583,5,1
2004,-2.7529351711273193,-2.252505302429199,4.897244453430176,2.252505302429199,2.0745794773101807,6.257152080535889,5,1
2005,-2.6854639053344727,-2.001068115234375,4.71940279006958,2.001068115234375,2.245972156524658,7.522025108337402,5,1
2006,-2.6220710277557373,-1.7910587787628174,4.542973518371582,1.7910587787628174,2.075543165206909,8.565028190612793,5,1
2007,-2.5298244953155518,-2.006289005279541,4.8832550048828125,2.006289005279541,2.180806875228882,7.827510833740234,5,1
2008,-2.793355703353882,-2.333367347717285,5.230189800262451,2.333367347717285,2.1116394996643066,7.226982593536377,5,1
2009,-2.733325242996216,-1.8740530014038086,5.142843723297119,1.8740530014038086,2.081984758377075,5.481027126312256,5,1
2010,-2.541997194290161,-1.9947497844696045,4.4037604331970215,1.9947497844696045,2.2202067375183105,5.756239891052246,5,1
2011,-2.8315346240997314,-2.0827600955963135,5.233520030975342,2.0827600955963135,2.119314193725586,7.02594518661499,5,1
2012,-2.9727790355682373,-2.2957167625427246,5.48401403427124,2.2957167625427246,2.186079502105713,7.236713886260986,5,1
2013,-2.938157796859741,-1.4290196895599365,4.813857078552246,1.4290196895599365,2.1157689094543457,6.770323276519775,5,1
2014,-2.5680017471313477,-1.9408013820648193,4.8986005783081055,1.9408013820648193,2.2828333377838135,6.596177577972412,5,1
2015,-2.6252026557922363,-2.2061290740966797,5.281547546386719,2.2061290740966797,2.129117727279663,7.173234462738037,5,1
2016,-2.8208539485931396,-2.198115110397339,5.2623066902160645,2.198115110397339,2.043851613998413,7.048233509063721,5,1
2017,-2.6574437618255615,-2.259834051132202,5.132089614868164,2.259834051132202,2.1831674575805664,6.322714328765869,5,1
2018,-2.740480899810791,-2.472818613052368,4.834790229797363,2.472818613052368,2.150245189666748,6.677256107330322,5,1
2019,-2.4061059951782227,-2.0081722736358643,4.874276638031006,2.0081722736358643,2.1746742725372314,7.749223709106445,5,1
2020,-2.742607593536377,-2.1205177307128906,4.909824848175049,2.1205177307128906,2.1310513019561768,7.820737838745117,5,1
2021,-2.730595827102661,-2.4080936908721924,4.9801435470581055,2.4080936908721924,2.119258165359497,7.751057147979736,5,1
2022,-2.621309280395508,-2.335350751876831,5.443054676055908,2.335350751876831,2.2552356719970703,6.521607875823975,5,1
2023,-2.611739158630371,-2.5130655765533447,5.334707260131836,2.5130655765533447,2.091338634490967,5.699892520904541,5,1
2024,-2.519528865814209,-2.715834617614746,5.180712699890137,2.715834617614746,2.0980753898620605,5.418727874755859,5,1
2025,-2.712622880935669,-2.8606677055358887,5.511149883270264,2.8606677055358887,2.1102237701416016,5.368004322052002,5,1
2026,-2.804504632949829,-2.134016513824463,5.269153594970703,2.134016513824463,2.255023241043091,7.26327657699585,5,1
2027,-2.761427879333496,-2.5622305870056152,5.366776466369629,2.5622305870056152,2.1539928913116455,6.822157859802246,5,1
2028,-2.677492618560791,-1.6831488609313965,4.742225646972656,1.6831488609313965,2.106292724609375,5.347900867462158,5,1
2029,-2.730767250061035,-1.8714473247528076,4.875980377197266,1.8714473247528076,2.144162893295288,4.610627174377441,5,1
2030,-2.5347588062286377,-1.9453380107879639,4.717796325683594,1.9453380107879639,2.123286724090576,5.06917142868042,5,1
2031,-2.4852898120880127,-2.1837377548217773,5.004551410675049,2.1837377548217773,2.0766496658325195,5.499001979827881,5,1
2032,-2.541982412338257,-2.0778520107269287,4.794243812561035,2.0778520107269287,2.1792588233947754,6.355508804321289,5,1
2033,-2.560995578765869,-2.1099328994750977,4.5051727294921875,2.1099328994750977,2.1273391246795654,7.116568565368652,5,1
2034,-2.587514877319336,-1.8890131711959839,4.678406715393066,1.8890131711959839,2.180818796157837,8.49185562133789,5,1
2035,-2.748704195022583,-2.2393813133239746,5.1183929443359375,2.2393813133239746,2.1170687675476074,8.245301246643066,5,1
2036,-2.5064854621887207,-2.151127815246582,4.900371551513672,2.151127815246582,2.1265759468078613,8.442062377929688,5,1
2037,-2.483522415161133,-1.9272438287734985,4.3801445960998535,1.9272438287734985,2.0357987880706787,6.464017391204834,5,1
2038,-2.7313897609710693,-2.415398597717285,5.392104148864746,2.415398597717285,2.113978385925293,5.666332244873047,5,1
2039,-2.5395591259002686,-2.4737305641174316,5.088712215423584,2.4737305641174316,2.096827745437622,5.095117568969727,5,1
2040,-2.664963960647583,-2.2001752853393555,5.078347682952881,2.2001752853393555,2.1049070358276367,5.25577974319458,5,1
2041,-2.762361526489258,-2.285341739654541,5.023016929626465,2.285341739654541,2.1297571659088135,5.92822265625,5,1
2042,-2.745349407196045,-1.842275857925415,4.735527038574219,1.842275857925415,2.1829166412353516,5.624022006988525,5,1
2043,-2.4469199180603027,-1.853456735610962,4.4993205070495605,1.853456735610962,2.124199867248535,7.167778968811035,5,1
2044,-3.017195701599121,-1.9353673458099365,4.885079383850098,1.9353673458099365,2.1737654209136963,8.216285705566406,5,1
2045,-2.8549864292144775,-1.8968377113342285,5.169023513793945,1.8968377113342285,2.0306272506713867,7.823317050933838,5,1
2046,-2.7014920711517334,-1.6406745910644531,4.893800735473633,1.6406745910644531,2.017517566680908,5.991485118865967,5,1
2047,-2.647294521331787,-2.3534271717071533,5.215138912200928,2.3534271717071533,2.1008307933807373,5.177264213562012,5,1
2048,-2.6145477294921875,-2.432676315307617,5.394956111907959,2.432676315307617,2.1076221466064453,4.782884120941162,5,1
2049,-2.6605381965637207,-2.0553226470947266,4.819684028625488,2.0553226470947266,2.2101073265075684,5.508922100067139,5,1
2050,-2.7803168296813965,-2.4061832427978516,5.395541191101074,2.4061832427978516,2.1558706760406494,7.058454513549805,5,1
2051,-2.6951727867126465,-2.1548264026641846,5.263174057006836,2.1548264026641846,2.1196210384368896,7.975787162780762,5,1
2052,-2.8311781883239746,-1.9409832954406738,5.162419319152832,1.9409832954406738,2.0510733127593994,7.032683849334717,5,1
2053,-2.642695903778076,-2.2878518104553223,5.156223297119141,2.2878518104553223,2.108663320541382,8.291899681091309,5,1
2054,-2.9132018089294434,-2.0341806411743164,5.140895843505859,2.0341806411743164,2.083631753921509,8.068778991699219,5,1
2055,-2.588195562362671,-2.1577396392822266,5.070757865905762,2.1577396392822266,2.1077842712402344,7.636119842529297,5,1
2056,-2.72390079498291,-1.7993927001953125,4.775562286376953,1.7993927001953125,2.053962469100952,7.65555477142334,5,1
2057,-2.7636585235595703,-2.6425116062164307,5.265183448791504,2.6425116062164307,2.0434141159057617,5.061277389526367,5,1
2058,-2.705273389816284,-2.1480231285095215,5.372669696807861,2.1480231285095215,2.121469736099243,5.000630855560303,5,1
2059,-2.5554583072662354,-2.306708812713623,5.318845748901367,2.306708812713623,1.961400032043457,5.011326789855957,5,1
2060,-2.8192265033721924,-1.822525978088379,4.587316989898682,1.822525978088379,2.14131498336792,5.941658020019531,5,1
2061,-2.7009999752044678,-2.037919282913208,5.523354530334473,2.037919282913208,2.1429336071014404,6.917782783508301,5,1
2062,-2.621006727218628,-2.095964193344116,4.628700256347656,2.095964193344116,2.0971572399139404,8.566333770751953,5,1
2063,-2.5609796047210693,-2.0534286499023438,4.611924171447754,2.0534286499023438,2.165928363800049,7.906886577606201,5,1
2064,-2.5353827476501465,-2.1077301502227783,5.029660224914551,2.1077301502227783,2.121184825897217,6.00657844543457,5,1
2065,-2.3401217460632324,-1.802088737487793,4.444640159606934,1.802088737487793,2.1130523681640625,5.162044048309326,5,1
2066,-2.8036293983459473,-2.3286619186401367,5.417963981628418,2.3286619186401367,2.130002975463867,7.094464302062988,5,1
2067,-2.6893465518951416,-1.9834355115890503,4.846989154815674,1.9834355115890503,2.180150032043457,7.582153797149658,5,1
2068,-2.4666035175323486,-2.5467922687530518,5.115161418914795,2.5467922687530518,2.1783125400543213,5.519130229949951,5,1
2069,-2.5443153381347656,-2.385925769805908,5.092524528503418,2.385925769805908,2.0432019233703613,4.843606948852539,5,1
2070,-2.9617109298706055,-1.7069392204284668,4.828226089477539,1.7069392204284668,2.2722108364105225,5.716716289520264,5,1
2071,-2.6031410694122314,-2.6737427711486816,5.161407470703125,2.6737427711486816,2.13948655128479,4.757864475250244,5,1
2072,-2.4439778327941895,-2.2522237300872803,4.809536933898926,2.2522237300872803,2.061185598373413,4.640275955200195,5,1
2073,-2.55314302444458,-2.219470500946045,5.436080455780029,2.219470500946045,2.1504199504852295,5.296766757965088,5,1
2074,-2.471071481704712,-1.6942228078842163,5.06315279006958,1.6942228078842163,2.1465744972229004,5.440132141113281,5,1
2075,-2.868525981903076,-1.9896206855773926,4.874263286590576,1.9896206855773926,2.047001838684082,6.440669059753418,5,1
2076,-2.685581684112549,-2.0832629203796387,5.109920501708984,2.0832629203796387,2.197855234146118,8.848088264465332,5,1
2077,-2.5989086627960205,-2.0242972373962402,4.840089321136475,2.0242972373962402,2.074460744857788,9.425140380859375,5,1
2078,-2.718937873840332,-2.1712911128997803,4.982001781463623,2.1712911128997803,2.1623737812042236,8.735739707946777,5,1
2079,-2.4831995964050293,-2.427076578140259,5.007976531982422,2.427076578140259,2.080496072769165,6.01029634475708,5,1
2080,-2.597771406173706,-2.4339213371276855,5.5944905281066895,2.4339213371276855,2.0744452476501465,4.772289752960205,5,1
2081,-2.5291848182678223,-2.543595314025879,4.930791854858398,2.543595314025879,2.1759231090545654,5.180211544036865,5,1
2082,-2.9648468494415283,-2.3704466819763184,5.590643882751465,2.3704466819763184,2.2945568561553955,6.276205539703369,5,1
2083,-2.247800827026367,-2.4935173988342285,5.1494903564453125,2.4935173988342285,1.9936251640319824,6.334653377532959,5,1
2084,-2.260723352432251,-2.312582015991211,4.956984043121338,2.312582015991211,2.2352957725524902,7.639490127563477,5,1
2085,-2.4991865158081055,-1.907163381576538,4.980306148529053,1.907163381576538,2.0411829948425293,7.0951828956604,5,1
2086,-2.605358839035034,-1.8945260047912598,4.940091609954834,1.8945260047912598,2.2367355823516846,6.26549768447876,5,1
2087,-2.7120983600616455,-2.1139025688171387,5.30490779876709,2.1139025688171387,2.0858356952667236,5.5642170906066895,5,1
2088,-2.6022419929504395,-2.4981019496917725,5.630263328552246,2.4981019496917725,2.0815062522888184,5.81278133392334,5,1
2089,-2.52653431892395,-1.9947859048843384,5.137886047363281,1.9947859048843384,2.1861472129821777,5.274324417114258,5,1
2090,-2.5257272720336914,-2.3312788009643555,4.871257781982422,2.3312788009643555,2.117781639099121,5.70897912979126,5,1
2091,-2.711211919784546,-1.6286840438842773,4.757422924041748,1.6286840438842773,2.156330108642578,7.739987850189209,5,1
2092,-2.58198618888855,-2.602337598800659,4.924446105957031,2.602337598800659,2.0841541290283203,7.631307601928711,5,1
2093,-2.7704715728759766,-2.499434471130371,5.365447044372559,2.499434471130371,2.0778534412384033,6.394787788391113,5,1
2094,-2.5062334537506104,-2.481123685836792,5.210321426391602,2.481123685836792,2.1212501525878906,5.144712924957275,5,1
2095,-2.5843875408172607,-2.4981191158294678,5.5028581619262695,2.4981191158294678,2.054619789123535,4.902364253997803,5,1
2096,-2.775648832321167,-2.8730666637420654,6.0586771965026855,2.8730666637420654,2.1538710594177246,5.978845596313477,5,1
2097,-2.707211971282959,-2.2557668685913086,5.445783615112305,2.2557668685913086,2.000309944152832,5.475461006164551,5,1
2098,-2.421905279159546,-1.815019130706787,4.955951690673828,1.815019130706787,2.1112823486328125,5.546359539031982,5,1
2099,-2.7456250190734863,-2.1687164306640625,5.343520164489746,2.1687164306640625,2.2527682781219482,7.571113109588623,5,1
2100,-2.5053229331970215,-2.4417495727539062,4.943918228149414,2.4417495727539062,1.9902104139328003,7.768200874328613,5,1
2101,-2.4338436126708984,-2.6347815990448,5.209894180297852,2.6347815990448,2.2089340686798096,7.3218889236450195,5,1
2102,-2.637237310409546,-3.161278247833252,5.699105262756348,3.161278247833252,2.1038925647735596,6.498870372772217,5,1
2103,-2.6552517414093018,-2.2902143001556396,5.153201103210449,2.2902143001556396,2.101677179336548,5.379741191864014,5,1
2104,-2.702554941177368,-1.8375217914581299,4.980645179748535,1.8375217914581299,2.146684169769287,5.6984100341796875,5,1
2105,-2.68920636177063,-2.1785800457000732,5.411770343780518,2.1785800457000732,2.0387275218963623,5.401582717895508,5,1
2106,-2.528668165206909,-2.3552846908569336,4.623690128326416,2.3552846908569336,2.0803275108337402,5.823919773101807,5,1
2107,-2.5523922443389893,-3.1346964836120605,5.430695056915283,3.1346964836120605,2.123283863067627,7.543410301208496,5,1
2108,-2.2261180877685547,-2.2360658645629883,5.4390106201171875,2.2360658645629883,2.142690658569336,7.171254634857178,5,1
2109,-2.622586488723755,-2.756734848022461,5.41279411315918,2.756734848022461,2.0740559101104736,5.357322692871094,5,1
2110,-2.591858386993408,-1.9517970085144043,5.333021640777588,1.9517970085144043,2.1919190883636475,5.014323711395264,5,1
2111,-2.666592836380005,-2.011564016342163,4.915693283081055,2.011564016342163,2.1127848625183105,5.792025089263916,5,1
2112,-2.345280647277832,-2.4588170051574707,5.507429122924805,2.4588170051574707,2.0313520431518555,5.505117893218994,5,1
2113,-2.325843334197998,-2.6419425010681152,5.0575666427612305,2.6419425010681152,2.1126506328582764,5.075965404510498,5,1
2114,-2.570638656616211,-2.755681037902832,5.013432025909424,2.755681037902832,2.1804542541503906,5.207404136657715,5,1
2115,-2.4103217124938965,-2.5592117309570312,5.430622577667236,2.5592117309570312,2.117624044418335,5.168150901794434,5,1
2116,-2.8585376739501953,-1.9418058395385742,4.927859783172607,1.9418058395385742,2.170804262161255,6.985692024230957,5,1
2117,-2.2525415420532227,-2.2813639640808105,4.761314868927002,2.2813639640808105,2.001596689224243,7.9024248123168945,5,1
2118,-2.5204317569732666,-1.9099771976470947,4.633105754852295,1.9099771976470947,2.104764461517334,7.576046943664551,5,1
2119,-2.6953036785125732,-2.0491302013397217,5.277407646179199,2.0491302013397217,2.1701931953430176,6.990233898162842,5,1
2120,-2.7130465507507324,-2.3158023357391357,5.091629981994629,2.3158023357391357,1.9579761028289795,6.929746627807617,5,1
2121,-2.737565279006958,-2.4647088050842285,5.159384727478027,2.4647088050842285,2.148836851119995,7.508207321166992,5,1
2122,-2.7861013412475586,-2.0098538398742676,5.4108171463012695,2.0098538398742676,2.1045687198638916,6.254246711730957,5,1
2123,-2.3006136417388916,-1.836735725402832,4.187347888946533,1.836735725402832,2.114417314529419,4.862168312072754,5,1
2124,-2.686474323272705,-1.9722076654434204,5.079246520996094,1.9722076654434204,2.1470930576324463,6.676419258117676,5,1
2125,-2.530710458755493,-1.865119218826294,4.297568321228027,1.865119218826294,2.157015562057495,7.849113464355469,5,1
2126,-2.3881492614746094,-2.1168935298919678,5.016288757324219,2.1168935298919678,2.0520472526550293,5.3847832679748535,5,1
2127,-2.65179443359375,-2.4141616821289062,4.981081008911133,2.4141616821289062,2.1569314002990723,7.177523136138916,5,1
2128,-2.8675811290740967,-2.0128631591796875,4.992753505706787,2.0128631591796875,2.074388265609741,9.063213348388672,5,1
2129,-2.518688917160034,-2.013739585876465,4.898926734924316,2.013739585876465,1.9987074136734009,7.705582141876221,5,1
2130,-2.6113245487213135,-2.2828369140625,5.26010799407959,2.2828369140625,2.1167309284210205,6.633903980255127,5,1
2131,-2.7877063751220703,-2.189643144607544,5.163630485534668,2.189643144607544,1.9996780157089233,5.1714935302734375,5,1
2132,-2.73460054397583,-1.793609857559204,4.645103454589844,1.793609857559204,2.149965524673462,6.065268516540527,5,1
2133,-2.5277791023254395,-2.7243006229400635,5.525596618652344,2.7243006229400635,2.122825860977173,7.1002044677734375,5,1
2134,-2.5448222160339355,-2.558992624282837,5.774526596069336,2.558992624282837,2.0987510681152344,7.639858722686768,5,1
2135,-2.600698709487915,-1.7841812372207642,5.394240379333496,1.7841812372207642,2.220400333404541,6.6950297355651855,5,1
2136,-2.8035728931427,-1.7759082317352295,4.695963382720947,1.7759082317352295,1.989668607711792,5.91213846206665,5,1
2137,-2.5056347846984863,-2.1100196838378906,4.5979228019714355,2.1100196838378906,2.080474853515625,6.786012649536133,5,1
2138,-2.4519548416137695,-2.5160608291625977,5.250732421875,2.5160608291625977,2.223099708557129,7.821323394775391,5,1
2139,-2.719076156616211,-1.8113340139389038,5.231660842895508,1.8113340139389038,2.0776162147521973,9.000454902648926,5,1
2140,-2.681864023208618,-2.103250026702881,5.233616352081299,2.103250026702881,2.1042981147766113,8.875297546386719,5,1
2141,-2.7483298778533936,-2.224781036376953,5.377965927124023,2.224781036376953,2.156406879425049,6.474679470062256,5,1
2142,-2.282493829727173,-2.1874895095825195,4.428056716918945,2.1874895095825195,2.0871870517730713,7.184794902801514,5,1
2143,-2.3034424781799316,-2.440847396850586,4.907778739929199,2.440847396850586,2.149235963821411,6.902592182159424,5,1
2144,-2.585631847381592,-2.8316831588745117,6.268454551696777,2.8316831588745117,2.049875497817993,5.3412861824035645,5,1
2145,-2.833160161972046,-2.6295828819274902,5.514240264892578,2.6295828819274902,2.0600180625915527,5.785382270812988,5,1
2146,-2.4348843097686768,-2.8491506576538086,5.6325178146362305,2.8491506576538086,1.973624348640442,5.708242416381836,5,1
2147,-2.345783233642578,-2.6036040782928467,5.156723976135254,2.6036040782928467,2.0695579051971436,4.8000874519348145,5,1
2148,-2.858227252960205,-2.5985593795776367,5.325516223907471,2.5985593795776367,2.167011022567749,4.5006537437438965,5,1
2149,-2.622887134552002,-2.561262607574463,5.6604719161987305,2.561262607574463,2.0970284938812256,4.812777042388916,5,1
2150,-2.8404226303100586,-2.513613224029541,5.473116874694824,2.513613224029541,2.22689151763916,6.137286186218262,5,1
2151,-2.5052425861358643,-3.1933319568634033,5.554941177368164,3.1933319568634033,2.2728323936462402,5.770886421203613,5,1
2152,-2.5376217365264893,-3.282848834991455,5.74870491027832,3.282848834991455,2.0729875564575195,5.627434730529785,5,1
2153,-2.409567356109619,-2.4819817543029785,5.340753555297852,2.4819817543029785,2.1272084712982178,7.002103805541992,5,1
2154,-2.8470535278320312,-1.4659301042556763,4.467350006103516,1.4659301042556763,2.1381471157073975,11.308670997619629,5,1
2155,-2.5585780143737793,-2.122225761413574,5.043689250946045,2.122225761413574,2.0312538146972656,7.437973499298096,5,1
2156,-2.6057546138763428,-2.182673454284668,4.8718180656433105,2.182673454284668,2.133039712905884,5.946658134460449,5,1
2157,-2.7480828762054443,-1.4745739698410034,4.4974799156188965,1.4745739698410034,2.2375385761260986,5.288410663604736,5,1
2158,-2.5241966247558594,-2.0855770111083984,4.801432132720947,2.0855770111083984,2.1854407787323,5.113716125488281,5,1
2159,-2.4262983798980713,-2.3136484622955322,5.060856819152832,2.3136484622955322,2.137593984603882,6.041804313659668,5,1
2160,-2.437283515930176,-2.3947157859802246,5.240335941314697,2.3947157859802246,2.120695114135742,5.800237655639648,5,1
2161,-2.451913356781006,-2.9296891689300537,5.133766174316406,2.9296891689300537,1.968105435371399,5.3248748779296875,5,1
2162,-2.4388198852539062,-2.7959060668945312,5.697544574737549,2.7959060668945312,1.9727551937103271,6.107778549194336,5,1
2163,-2.3791866302490234,-2.684459686279297,5.301013946533203,2.684459686279297,2.027442693710327,7.388327121734619,5,1
2164,-2.3898417949676514,-2.713390827178955,5.52007532119751,2.713390827178955,2.044325828552246,7.280924320220947,5,1
2165,-2.2060811519622803,-2.967398166656494,5.888659954071045,2.967398166656494,2.1257452964782715,7.22699499130249,5,1
2166,-2.597186326980591,-2.0481228828430176,5.049859046936035,2.0481228828430176,2.1302449703216553,7.640451908111572,5,1
2167,-2.533262252807617,-2.5667929649353027,5.32943868637085,2.5667929649353027,2.081141471862793,6.960917949676514,5,1
2168,-2.551779270172119,-2.4276418685913086,5.037221908569336,2.4276418685913086,2.07108473777771,6.442905426025391,5,1
2169,-2.650343894958496,-2.432143449783325,5.345493316650391,2.432143449783325,1.9888534545898438,5.984314918518066,5,1
2170,-2.6223316192626953,-2.5208253860473633,4.985538482666016,2.5208253860473633,2.07212495803833,7.522434234619141,5,1
2171,-2.4052371978759766,-1.9140121936798096,4.793402671813965,1.9140121936798096,2.240417003631592,8.187752723693848,5,1
2172,-2.490410327911377,-2.7485342025756836,5.641698837280273,2.7485342025756836,2.1464052200317383,5.9571428298950195,5,1
2173,-2.408604860305786,-2.202683448791504,4.742886066436768,2.202683448791504,2.073935031890869,5.868311882019043,5,1
2174,-2.4952709674835205,-2.4797210693359375,4.974954605102539,2.4797210693359375,2.0612597465515137,6.293783187866211,5,1
2175,-2.432851791381836,-2.654508590698242,5.379416465759277,2.654508590698242,2.000441074371338,6.021299839019775,5,1
2176,-2.4668657779693604,-2.686434030532837,4.81254768371582,2.686434030532837,2.1240174770355225,7.45700740814209,5,1
2177,-2.7272889614105225,-2.6337080001831055,5.588988780975342,2.6337080001831055,2.01786732673645,8.270484924316406,5,1
2178,-2.7126576900482178,-1.953996181488037,5.065844535827637,1.953996181488037,2.193599224090576,9.447754859924316,5,1
2179,-2.478062629699707,-2.53300142288208,5.571298599243164,2.53300142288208,1.9987215995788574,7.240619659423828,5,1
2180,-2.300926685333252,-2.7456226348876953,5.289423942565918,2.7456226348876953,2.211339235305786,5.163719177246094,5,1
2181,-2.377855062484741,-2.649740695953369,5.345219612121582,2.649740695953369,2.046853542327881,5.6475300788879395,5,1
2182,-2.7738912105560303,-2.5865073204040527,5.4863128662109375,2.5865073204040527,2.12579083442688,6.657050132751465,5,1
2183,-2.6476430892944336,-2.2691566944122314,5.443038463592529,2.2691566944122314,2.1184120178222656,6.1424880027771,5,1
2184,-2.413254737854004,-2.217414140701294,5.115226745605469,2.217414140701294,2.1076889038085938,4.95067834854126,5,1
2185,-2.407968044281006,-2.0707497596740723,4.964445114135742,2.0707497596740723,1.9985425472259521,4.990875720977783,5,1
2186,-2.4853053092956543,-2.227315902709961,4.88583517074585,2.227315902709961,2.020491361618042,4.8959808349609375,5,1
2187,-2.573925256729126,-2.7689719200134277,5.125593185424805,2.7689719200134277,2.12796950340271,6.164848804473877,5,1
2188,-2.5474531650543213,-2.5830345153808594,5.362289905548096,2.5830345153808594,2.081801176071167,7.80975341796875,5,1
2189,-2.6823537349700928,-2.1982150077819824,5.350425720214844,2.1982150077819824,2.131728410720825,7.562345027923584,5,1
2190,-2.8231241703033447,-2.5689239501953125,5.393171310424805,2.5689239501953125,2.1632397174835205,7.977199554443359,5,1
2191,-2.7455615997314453,-2.433117151260376,5.354898929595947,2.433117151260376,2.0173134803771973,8.194644927978516,5,1
2192,-2.456423282623291,-2.762885570526123,5.445758819580078,2.762885570526123,2.1678264141082764,6.923070907592773,5,1
2193,-2.4818170070648193,-2.5941500663757324,5.72007942199707,2.5941500663757324,2.262279748916626,5.920143127441406,5,1
2194,-2.2595958709716797,-2.645958185195923,5.525252342224121,2.645958185195923,2.157212972640991,5.956326007843018,5,1
2195,-2.699831485748291,-2.350590229034424,5.401430606842041,2.350590229034424,2.1422195434570312,6.494454383850098,5,1
2196,-2.4313011169433594,-2.162564754486084,5.050713539123535,2.162564754486084,2.266757011413574,9.078816413879395,5,1
2197,-2.5559287071228027,-1.8659067153930664,4.742919921875,1.8659067153930664,2.0614545345306396,8.90239429473877,5,1
2198,-2.811596632003784,-2.2769742012023926,4.927737712860107,2.2769742012023926,2.1134631633758545,6.9207682609558105,5,1
2199,-2.481343984603882,-2.1342315673828125,5.025866508483887,2.1342315673828125,2.006330728530884,5.431390285491943,5,1
2200,-2.485048532485962,-2.376826524734497,5.423473358154297,2.376826524734497,2.1579301357269287,6.497341632843018,5,1
2201,-2.238722562789917,-2.329444169998169,4.646686553955078,2.329444169998169,2.0704519748687744,5.927420139312744,5,1
2202,-2.348653793334961,-2.3971948623657227,4.974550724029541,2.3971948623657227,2.057626962661743,5.571774959564209,5,1
2203,-2.5085678100585938,-1.8944742679595947,4.870526313781738,1.8944742679595947,2.0414071083068848,6.990853309631348,5,1
2204,-2.627761125564575,-2.4871647357940674,4.997696399688721,2.4871647357940674,2.143033504486084,8.641140937805176,5,1
2205,-2.756173610687256,-2.5209100246429443,5.582286834716797,2.5209100246429443,2.107377529144287,8.511202812194824,5,1
2206,-2.3841516971588135,-3.03564453125,5.648824691772461,3.03564453125,2.139860153198242,6.078981876373291,5,1
2207,-2.4141533374786377,-2.468630075454712,4.962103366851807,2.468630075454712,2.128150224685669,7.429102420806885,5,1
2208,-2.381575584411621,-2.4010376930236816,5.33765983581543,2.4010376930236816,2.0165932178497314,7.556360244750977,5,1
2209,-2.500114679336548,-2.40836763381958,5.376435279846191,2.40836763381958,2.0333683490753174,6.403810977935791,5,1
2210,-2.416926145553589,-2.188774824142456,4.749034881591797,2.188774824142456,2.0283823013305664,5.999155044555664,5,1
2211,-2.694664716720581,-2.7663216590881348,5.318507194519043,2.7663216590881348,2.090179204940796,7.436222076416016,5,1
2212,-2.8439338207244873,-2.854480743408203,5.359635829925537,2.854480743408203,2.0703368186950684,8.102492332458496,5,1
2213,-2.5680627822875977,-2.179697036743164,5.182701110839844,2.179697036743164,2.0661282539367676,6.192378520965576,5,1
2214,-2.5580501556396484,-2.4995431900024414,5.106078624725342,2.4995431900024414,2.1352341175079346,6.0262227058410645,5,1
2215,-2.583646774291992,-2.404217004776001,5.485071659088135,2.404217004776001,2.011504888534546,5.997251033782959,5,1
2216,-2.701873302459717,-2.6971187591552734,5.675135135650635,2.6971187591552734,2.0342607498168945,5.590702533721924,5,1
2217,-2.3477699756622314,-2.6604108810424805,5.08648681640625,2.6604108810424805,2.250978946685791,5.6714019775390625,5,1
2218,-2.5034475326538086,-2.9888501167297363,5.596273422241211,2.9888501167297363,2.0640525817871094,6.918330669403076,5,1
2219,-2.8202102184295654,-2.488557815551758,5.709667205810547,2.488557815551758,2.0822269916534424,7.0113325119018555,5,1
2220,-2.4163873195648193,-2.215027332305908,4.9773783683776855,2.215027332305908,2.0672953128814697,5.742325782775879,5,1
2221,-2.322659492492676,-2.4453601837158203,4.827980041503906,2.4453601837158203,2.011012315750122,5.231385231018066,5,1
2222,-2.7265524864196777,-2.2581396102905273,5.30198860168457,2.2581396102905273,2.2248504161834717,5.782135963439941,5,1
2223,-2.594414234161377,-2.6720786094665527,5.613241672515869,2.6720786094665527,2.0226681232452393,5.312772750854492,5,1
2224,-2.252800464630127,-2.531374454498291,5.032642364501953,2.531374454498291,1.978906512260437,5.023263931274414,5,1
2225,-2.447509288787842,-2.2003939151763916,4.687713623046875,2.2003939151763916,2.213036298751831,5.713555812835693,5,1
2226,-2.507021903991699,-2.3448917865753174,5.001127243041992,2.3448917865753174,2.1301052570343018,4.781187534332275,5,1
2227,-2.4128270149230957,-2.610109329223633,4.761248588562012,2.610109329223633,2.1201353073120117,4.914800643920898,5,1
2228,-2.5521624088287354,-3.133923053741455,5.544070720672607,3.133923053741455,2.0411875247955322,5.658969402313232,5,1
2229,-2.5443050861358643,-2.5225772857666016,5.2974138259887695,2.5225772857666016,2.1765940189361572,6.861560344696045,5,1
2230,-2.4508914947509766,-2.5473849773406982,5.378686904907227,2.5473849773406982,2.126671314239502,8.341914176940918,5,1
2231,-2.453827142715454,-2.3742427825927734,5.445086479187012,2.3742427825927734,2.1101784706115723,8.685848236083984,5,1
2232,-2.4886276721954346,-2.389796257019043,5.214844703674316,2.389796257019043,2.1706621646881104,6.667024612426758,5,1
2233,-2.318415403366089,-2.5400171279907227,5.192440986633301,2.5400171279907227,2.097411870956421,6.118716239929199,5,1
2234,-2.2647147178649902,-2.7723286151885986,4.986464500427246,2.7723286151885986,2.15055513381958,7.766818523406982,5,1
2235,-2.509155035018921,-2.4271059036254883,5.197348594665527,2.4271059036254883,2.136528491973877,9.091894149780273,5,1
2236,-2.5180461406707764,-2.7078802585601807,5.325084209442139,2.7078802585601807,2.03438663482666,8.552287101745605,5,1
2237,-2.4940078258514404,-2.7246060371398926,5.780693531036377,2.7246060371398926,2.0892107486724854,7.008448123931885,5,1
2238,-2.643509864807129,-2.4302711486816406,5.102774143218994,2.4302711486816406,2.173015594482422,6.806766510009766,5,1
2239,-2.348109245300293,-2.5948562622070312,5.083258628845215,2.5948562622070312,2.0977566242218018,6.005983352661133,5,1
2240,-2.553419828414917,-2.4781126976013184,5.417828559875488,2.4781126976013184,2.129880905151367,6.541562080383301,5,1
2241,-2.3264827728271484,-2.9404525756835938,5.061893463134766,2.9404525756835938,2.1769802570343018,6.076591491699219,5,1
2242,-2.239924907684326,-2.4066109657287598,4.696303367614746,2.4066109657287598,2.16339111328125,5.609275817871094,5,1
2243,-2.172879934310913,-2.427912712097168,4.769872665405273,2.427912712097168,2.044814348220825,5.556725025177002,5,1
2244,-2.4560282230377197,-2.357039451599121,5.305875778198242,2.357039451599121,2.0308923721313477,5.842187404632568,5,1
2245,-2.731595277786255,-2.82686185836792,5.602203369140625,2.82686185836792,2.1594557762145996,7.071648120880127,5,1
2246,-2.522470474243164,-2.7462832927703857,5.625354766845703,2.7462832927703857,1.9045039415359497,6.01843786239624,5,1
2247,-2.4866952896118164,-2.6731770038604736,5.382640361785889,2.6731770038604736,2.114118814468384,6.984254360198975,5,1
2248,-2.5778160095214844,-2.729654312133789,5.480700492858887,2.729654312133789,2.1042537689208984,8.013415336608887,5,1
2249,-2.3463845252990723,-2.7537198066711426,5.260278224945068,2.7537198066711426,2.1333577632904053,7.922221660614014,5,1
2250,-2.740037202835083,-2.350878953933716,5.283785343170166,2.350878953933716,2.0395946502685547,7.908167362213135,5,1
2251,-2.490415573120117,-2.310994863510132,4.851279258728027,2.310994863510132,2.1528866291046143,7.879910945892334,5,1
2252,-2.5699994564056396,-2.456324577331543,5.163125991821289,2.456324577331543,2.0229032039642334,7.3145246505737305,5,1
2253,-2.469071626663208,-1.9549449682235718,4.956271171569824,1.9549449682235718,2.110775947570801,6.22900390625,5,1
2254,-2.4163525104522705,-2.7828879356384277,5.499894142150879,2.7828879356384277,1.9702637195587158,6.242806434631348,5,1
2255,-2.472966432571411,-2.568502902984619,5.116066932678223,2.568502902984619,2.1755411624908447,6.663522243499756,5,1
2256,-2.3105216026306152,-2.6003408432006836,5.0595269203186035,2.6003408432006836,2.2513885498046875,7.032622814178467,5,1
2257,-2.247380018234253,-2.362253189086914,5.228647708892822,2.362253189086914,2.1573405265808105,7.883821964263916,5,1
2258,-2.5657105445861816,-2.651296615600586,5.57666015625,2.651296615600586,2.0599074363708496,6.951416969299316,5,1
2259,-2.2775421142578125,-2.8102052211761475,5.033644676208496,2.8102052211761475,2.1135599613189697,5.628899574279785,5,1
2260,-2.660428524017334,-2.9282846450805664,5.6184163093566895,2.9282846450805664,2.212799072265625,5.69211483001709,5,1
2261,-2.6429519653320312,-2.708869695663452,5.397517204284668,2.708869695663452,2.035287380218506,5.429664134979248,5,1
2262,-2.204348564147949,-2.529048442840576,4.911844253540039,2.529048442840576,2.0324220657348633,6.233137607574463,5,1
2263,-2.4585354328155518,-2.2086398601531982,4.906213760375977,2.2086398601531982,2.1276612281799316,6.140270709991455,5,1
2264,-2.2806694507598877,-2.6829071044921875,5.132997035980225,2.6829071044921875,1.9927877187728882,5.3749589920043945,5,1
2265,-2.601835250854492,-2.7394983768463135,5.528076171875,2.7394983768463135,2.1485888957977295,6.720793724060059,5,1
2266,-2.420484781265259,-2.5260965824127197,4.613154411315918,2.5260965824127197,2.0877864360809326,6.317234039306641,5,1
2267,-2.6592564582824707,-1.9799292087554932,4.9336442947387695,1.9799292087554932,2.1351895332336426,6.356719493865967,5,1
2268,-2.3985400199890137,-1.8501806259155273,4.943957328796387,1.8501806259155273,2.0623960494995117,6.268825531005859,5,1
2269,-2.4420106410980225,-2.2113146781921387,5.075186729431152,2.2113146781921387,2.283257484436035,5.850759506225586,5,1
2270,-2.5074009895324707,-2.6310534477233887,5.6448163986206055,2.6310534477233887,2.0871927738189697,5.091981887817383,5,1
2271,-2.5810627937316895,-2.3778669834136963,4.979819297790527,2.3778669834136963,2.1664278507232666,5.748676776885986,5,1
2272,-2.2589316368103027,-2.3247950077056885,4.891977787017822,2.3247950077056885,2.0891759395599365,5.455546855926514,5,1
2273,-2.777108669281006,-2.212256908416748,5.4012322425842285,2.212256908416748,2.205378293991089,5.309883117675781,5,1
2274,-2.266024589538574,-2.013908863067627,4.539578437805176,2.013908863067627,2.1066994667053223,5.096773147583008,5,1
2275,-2.6881020069122314,-2.6659717559814453,5.3723673820495605,2.6659717559814453,2.1022536754608154,7.347359657287598,5,1
2276,-2.5082178115844727,-3.0144495964050293,5.3311591148376465,3.0144495964050293,2.1381630897521973,9.644490242004395,5,1
2277,-2.404733896255493,-2.8511528968811035,5.409422397613525,2.8511528968811035,2.038163423538208,7.636506080627441,5,1
2278,-2.6272289752960205,-2.5624401569366455,5.277397155761719,2.5624401569366455,1.9221277236938477,5.967413425445557,5,1
2279,-2.4018280506134033,-2.434088706970215,4.791157245635986,2.434088706970215,2.164396286010742,6.0677409172058105,5,1
2280,-2.364993095397949,-2.5883426666259766,5.644937515258789,2.5883426666259766,2.0834858417510986,6.078787803649902,5,1
2281,-2.6588361263275146,-2.6944894790649414,5.061651229858398,2.6944894790649414,2.0387368202209473,6.869901180267334,5,1
2282,-2.336916923522949,-2.660823106765747,4.616729736328125,2.660823106765747,2.017850637435913,6.956514835357666,5,1
2283,-2.519623279571533,-2.445425033569336,5.176965713500977,2.445425033569336,2.1650631427764893,7.198136329650879,5,1
2284,-2.474903106689453,-2.165884256362915,4.960540771484375,2.165884256362915,2.042813777923584,6.047214984893799,5,1
2285,-2.558744430541992,-2.3981168270111084,5.19315242767334,2.3981168270111084,2.165154218673706,6.988592147827148,5,1
2286,-2.360576868057251,-2.7681515216827393,5.2737836837768555,2.7681515216827393,2.139969825744629,6.408152103424072,5,1
2287,-2.68520188331604,-2.248776912689209,5.635448455810547,2.248776912689209,2.13883638381958,5.395350456237793,5,1
2288,-2.359189510345459,-2.2642784118652344,4.851008415222168,2.2642784118652344,2.200197696685791,5.772127628326416,5,1
2289,-2.316236972808838,-2.088961124420166,4.856908321380615,2.088961124420166,2.1682348251342773,5.4096245765686035,5,1
2290,-2.569767475128174,-2.0783066749572754,5.051410675048828,2.0783066749572754,2.2586450576782227,7.252400875091553,5,1
2291,-2.658890724182129,-1.989867091178894,4.836816310882568,1.989867091178894,2.214833974838257,10.329727172851562,5,1
2292,-2.3152849674224854,-2.61325740814209,5.271689414978027,2.61325740814209,2.0424983501434326,8.901054382324219,5,1
2293,-2.6541965007781982,-2.3125038146972656,5.3336639404296875,2.3125038146972656,2.026285409927368,5.917592525482178,5,1
2294,-2.2494380474090576,-2.0597083568573,4.758699417114258,2.0597083568573,2.155076026916504,5.47271203994751,5,1
2295,-2.5190086364746094,-2.35371470451355,4.710578918457031,2.35371470451355,1.9896492958068848,5.764105796813965,5,1
2296,-2.55583119392395,-1.7406251430511475,4.747285842895508,1.7406251430511475,2.0930473804473877,5.835035800933838,5,1
2297,-2.213315963745117,-2.340569257736206,5.016809940338135,2.340569257736206,2.1985292434692383,5.103114128112793,5,1
2298,-2.8060965538024902,-1.9290374517440796,4.976975440979004,1.9290374517440796,2.1660988330841064,4.770233154296875,5,1
2299,-2.317481517791748,-2.6990694999694824,5.186174392700195,2.6990694999694824,2.067230463027954,6.1579976081848145,5,1
2300,-2.248206377029419,-2.112926959991455,5.017976760864258,2.112926959991455,2.102900505065918,6.392919540405273,5,1
2301,-2.0483968257904053,-2.9079627990722656,5.2546539306640625,2.9079627990722656,2.04455304145813,6.177707195281982,5,1
2302,-2.58103084564209,-2.8740944862365723,5.66890811920166,2.8740944862365723,1.9496963024139404,5.733299255371094,5,1
2303,-2.299832344055176,-2.3318614959716797,5.0476579666137695,2.3318614959716797,2.0283701419830322,5.554099082946777,5,1
2304,-2.3899483680725098,-2.4511096477508545,5.2622480392456055,2.4511096477508545,2.129696846008301,5.395744800567627,5,1
2305,-2.3675284385681152,-3.0253405570983887,5.171799659729004,3.0253405570983887,2.0693507194519043,5.1742987632751465,5,1
2306,-2.3725435733795166,-2.2092716693878174,4.845062255859375,2.2092716693878174,2.020486354827881,6.038351058959961,5,1
2307,-2.2037179470062256,-2.1820473670959473,4.679106712341309,2.1820473670959473,2.176210641860962,6.840190410614014,5,1
2308,-2.560133695602417,-2.7415008544921875,5.371888637542725,2.7415008544921875,2.135629653930664,6.190295696258545,5,1
2309,-2.4255359172821045,-2.7758333683013916,5.523910045623779,2.7758333683013916,2.075881004333496,6.743801593780518,5,1
2310,-2.5099124908447266,-2.0581374168395996,5.0008392333984375,2.0581374168395996,2.1276423931121826,7.8489670753479,5,1
2311,-2.278646230697632,-2.083928108215332,4.504111289978027,2.083928108215332,2.0856223106384277,8.147427558898926,5,1
2312,-2.489471435546875,-2.8112683296203613,5.116230487823486,2.8112683296203613,2.1399595737457275,7.928393363952637,5,1
2313,-2.962545394897461,-1.850327491760254,5.632368087768555,1.850327491760254,2.0372307300567627,7.039787769317627,5,1
2314,-2.532344341278076,-2.3002214431762695,4.98137092590332,2.3002214431762695,1.956725001335144,5.746223449707031,5,1
2315,-2.5431101322174072,-2.4952316284179688,5.0646491050720215,2.4952316284179688,2.0769503116607666,6.562114715576172,5,1
2316,-2.7205793857574463,-2.4948313236236572,5.144786357879639,2.4948313236236572,2.054030179977417,7.837200164794922,5,1
2317,-2.334792375564575,-2.198619842529297,4.596673011779785,2.198619842529297,2.157033920288086,8.757577896118164,5,1
2318,-2.5381453037261963,-1.888218879699707,4.851651191711426,1.888218879699707,2.1198184490203857,8.49392032623291,5,1
2319,-2.7486438751220703,-2.425067901611328,5.326537132263184,2.425067901611328,2.107421636581421,6.612851142883301,5,1
2320,-2.210984230041504,-2.6590819358825684,4.923001766204834,2.6590819358825684,2.0195605754852295,4.91137170791626,5,1
2321,-2.051025629043579,-2.3319411277770996,4.526608467102051,2.3319411277770996,2.1960134506225586,4.866426944732666,5,1
2322,-2.4456849098205566,-2.481929302215576,5.292280197143555,2.481929302215576,2.0519509315490723,5.95372200012207,5,1
2323,-2.5294697284698486,-2.3209216594696045,5.29107141494751,2.3209216594696045,1.9928908348083496,8.177166938781738,5,1
2324,-2.355731725692749,-2.9773027896881104,5.242613792419434,2.9773027896881104,2.0569863319396973,8.640183448791504,5,1
2325,-2.41609787940979,-2.7934646606445312,5.57167911529541,2.7934646606445312,2.152052402496338,8.386436462402344,5,1
2326,-2.5502796173095703,-2.4399099349975586,5.254252910614014,2.4399099349975586,2.0951356887817383,6.675273895263672,5,1
2327,-2.4311752319335938,-2.9288713932037354,5.410881996154785,2.9288713932037354,2.1484248638153076,6.17100191116333,5,1
2328,-2.6618881225585938,-2.5158681869506836,5.094245910644531,2.5158681869506836,2.030669927597046,5.9294962882995605,5,1
2329,-2.281330108642578,-2.426389694213867,5.4543352127075195,2.426389694213867,2.0476388931274414,5.284717559814453,5,1
2330,-2.36240291595459,-2.623297691345215,5.176488399505615,2.623297691345215,2.0625550746917725,4.668177127838135,5,1
2331,-2.627504825592041,-3.0094714164733887,6.054060935974121,3.0094714164733887,2.1210758686065674,6.090371608734131,5,1
2332,-2.6368110179901123,-3.004830837249756,5.584627628326416,3.004830837249756,2.1256024837493896,6.337589263916016,5,1
2333,-2.282848596572876,-3.1089048385620117,6.013121128082275,3.1089048385620117,2.0333733558654785,7.027574062347412,5,1
2334,-2.3685848712921143,-2.065432071685791,4.922690391540527,2.065432071685791,2.0216355323791504,6.039282321929932,5,1
2335,-2.5526340007781982,-1.941688060760498,4.939400672912598,1.941688060760498,2.0975353717803955,6.509592533111572,5,1
2336,-2.4246580600738525,-2.0023934841156006,4.706296443939209,2.0023934841156006,2.090188503265381,8.761683464050293,5,1
2337,-2.5646300315856934,-2.224679946899414,5.020351409912109,2.224679946899414,2.1809301376342773,7.461220741271973,5,1
2338,-2.3005945682525635,-2.238593339920044,5.005192756652832,2.238593339920044,2.061239719390869,7.875436305999756,5,1
2339,-2.416447162628174,-2.126659870147705,4.949703693389893,2.126659870147705,2.0314598083496094,7.369040489196777,5,1
2340,-2.6994612216949463,-2.5105679035186768,5.108817100524902,2.5105679035186768,2.1249256134033203,6.959389686584473,5,1
2341,-2.2827653884887695,-2.4953055381774902,5.000235557556152,2.4953055381774902,2.050422191619873,7.064408779144287,5,1
2342,-2.510718822479248,-2.539785146713257,5.12974214553833,2.539785146713257,2.10859751701355,6.642392635345459,5,1
2343,-2.730149507522583,-2.537146806716919,5.490123271942139,2.537146806716919,2.321138620376587,5.489261150360107,5,1
2344,-2.5082666873931885,-2.4643049240112305,4.925062656402588,2.4643049240112305,1.946303129196167,4.532923698425293,5,1
2345,-2.296959400177002,-2.358356237411499,4.865764617919922,2.358356237411499,2.0823450088500977,4.728286266326904,5,1
2346,-2.5045037269592285,-2.6388871669769287,5.495650291442871,2.6388871669769287,2.086794853210449,5.553600788116455,5,1
2347,-2.5258967876434326,-3.01141095161438,5.533267974853516,3.01141095161438,2.0309879779815674,5.435492992401123,5,1
2348,-2.330775022506714,-2.6137099266052246,4.954452991485596,2.6137099266052246,2.0433883666992188,5.229279041290283,5,1
2349,-2.1201133728027344,-2.3620409965515137,4.9339447021484375,2.3620409965515137,2.063631057739258,6.563666820526123,5,1
2350,-2.150408983230591,-2.2805557250976562,5.247208595275879,2.2805557250976562,2.092768907546997,7.551619052886963,5,1
2351,-2.684593439102173,-2.4951746463775635,5.138718605041504,2.4951746463775635,2.0635008811950684,8.941119194030762,5,1
2352,-2.4712483882904053,-2.6984870433807373,5.093912124633789,2.6984870433807373,2.1414477825164795,9.05009651184082,5,1
2353,-2.4663355350494385,-2.463015556335449,5.10980224609375,2.463015556335449,2.0442230701446533,7.160686016082764,5,1
2354,-2.6797826290130615,-1.660414457321167,4.828577041625977,1.660414457321167,2.122311592102051,6.647877216339111,5,1
2355,-2.370903491973877,-2.20603084564209,4.270152568817139,2.20603084564209,2.1003243923187256,6.667076587677002,5,1
2356,-2.6727681159973145,-2.4255199432373047,5.289694786071777,2.4255199432373047,2.0911965370178223,6.449221611022949,5,1
2357,-2.3559653759002686,-1.9805450439453125,4.3366804122924805,1.9805450439453125,2.183723211288452,7.459959983825684,5,1
2358,-2.684391498565674,-2.2150719165802,5.134518146514893,2.2150719165802,2.1631298065185547,7.143381595611572,5,1
2359,-2.7823729515075684,-2.4893271923065186,5.2124857902526855,2.4893271923065186,1.9769574403762817,6.802051067352295,5,1
2360,-2.1783318519592285,-2.5458121299743652,4.939837455749512,2.5458121299743652,2.054346799850464,7.00856876373291,5,1
2361,-2.644397020339966,-2.5345373153686523,5.2357988357543945,2.5345373153686523,1.9992247819900513,6.972474575042725,5,1
2362,-2.3141696453094482,-2.6024723052978516,4.96717643737793,2.6024723052978516,2.035198211669922,6.2409772872924805,5,1
2363,-2.355013847351074,-2.3664298057556152,4.894881248474121,2.3664298057556152,2.0404341220855713,5.189883708953857,5,1
2364,-2.408494234085083,-2.710859775543213,5.085422039031982,2.710859775543213,1.950893759727478,5.270381927490234,5,1
2365,-2.5492775440216064,-3.2083427906036377,5.473933219909668,3.2083427906036377,1.9638278484344482,6.653561115264893,5,1
2366,-2.4988627433776855,-2.8902182579040527,5.809279441833496,2.8902182579040527,1.993077278137207,6.213313102722168,5,1
2367,-2.5223050117492676,-2.743368625640869,5.555010795593262,2.743368625640869,1.9726943969726562,6.179281234741211,5,1
2368,-2.466946840286255,-2.54084849357605,5.189501762390137,2.54084849357605,2.152149200439453,8.497815132141113,5,1
2369,-2.218825578689575,-2.1239304542541504,4.596433639526367,2.1239304542541504,2.12734317779541,7.434887409210205,5,1
2370,-2.3301360607147217,-2.9697532653808594,5.4654340744018555,2.9697532653808594,2.1832895278930664,6.865739822387695,5,1
2371,-2.274383306503296,-2.4768974781036377,5.514142036437988,2.4768974781036377,2.037341594696045,7.30218505859375,5,1
2372,-2.3187451362609863,-2.20139479637146,5.174378395080566,2.20139479637146,2.048875093460083,7.396542072296143,5,1
2373,-2.2816669940948486,-2.1742329597473145,4.465824127197266,2.1742329597473145,1.9419279098510742,6.60140323638916,5,1
2374,-2.2751381397247314,-2.2958858013153076,4.960707187652588,2.2958858013153076,1.9977948665618896,6.9599199295043945,5,1
2375,-2.5716135501861572,-2.559509515762329,5.338593482971191,2.559509515762329,1.9968606233596802,7.292585372924805,5,1
2376,-2.246565580368042,-2.1708908081054688,5.016300678253174,2.1708908081054688,2.052410840988159,7.240362167358398,5,1
2377,-2.1372692584991455,-2.1878671646118164,4.572535037994385,2.1878671646118164,2.078416109085083,7.237806797027588,5,1
2378,-2.3433408737182617,-2.661942481994629,5.196651935577393,2.661942481994629,2.0377321243286133,5.59664249420166,5,1
2379,-2.285236358642578,-2.736509323120117,4.9661149978637695,2.736509323120117,2.1198344230651855,4.662374973297119,5,1
2380,-2.3706679344177246,-2.243227481842041,4.535057067871094,2.243227481842041,2.1200342178344727,4.605544090270996,5,1
2381,-2.146822929382324,-2.3358376026153564,4.635714054107666,2.3358376026153564,1.9991161823272705,4.970003604888916,5,1
2382,-2.6452465057373047,-2.0815045833587646,4.777980804443359,2.0815045833587646,2.0718183517456055,6.208609104156494,5,1
2383,-2.438000202178955,-2.297822952270508,5.034077167510986,2.297822952270508,2.0948071479797363,5.872927188873291,5,1
2384,-2.180546522140503,-2.5950541496276855,4.95234489440918,2.5950541496276855,1.9285718202590942,5.745320796966553,5,1
2385,-2.591014862060547,-2.554403305053711,5.402381896972656,2.554403305053711,2.119100332260132,8.17116928100586,5,1
2386,-2.596245765686035,-2.404667377471924,5.371793270111084,2.404667377471924,2.1282801628112793,9.624524116516113,5,1
2387,-2.4139418601989746,-2.266000270843506,4.914377212524414,2.266000270843506,2.1199581623077393,7.660566806793213,5,1
2388,-2.366213798522949,-2.20266056060791,5.0091447830200195,2.20266056060791,2.205989122390747,6.695416450500488,5,1
2389,-2.513432502746582,-2.642706871032715,5.031332015991211,2.642706871032715,1.991435170173645,6.300512790679932,5,1
2390,-2.3634965419769287,-2.758077621459961,5.551119804382324,2.758077621459961,1.9937134981155396,7.805627822875977,5,1
2391,-2.4821293354034424,-3.0242362022399902,6.135769844055176,3.0242362022399902,2.0706119537353516,8.316375732421875,5,1
2392,-2.0499143600463867,-2.5820488929748535,5.128129959106445,2.5820488929748535,2.106825113296509,6.324330806732178,5,1
2393,-2.1749377250671387,-2.3394389152526855,4.282062530517578,2.3394389152526855,2.0467443466186523,5.79680871963501,5,1
2394,-2.3650615215301514,-2.2601430416107178,4.5844244956970215,2.2601430416107178,2.1877098083496094,4.832889556884766,5,1
2395,-2.418621778488159,-2.8446078300476074,5.0750274658203125,2.8446078300476074,1.9991285800933838,5.5264105796813965,5,1
2396,-2.316119432449341,-3.133075714111328,5.452329158782959,3.133075714111328,2.067542791366577,5.914825439453125,5,1
2397,-2.24705171585083,-2.220186233520508,5.051145553588867,2.220186233520508,2.136599540710449,5.548498153686523,5,1
2398,-2.595437526702881,-2.4492368698120117,5.296505928039551,2.4492368698120117,2.0790162086486816,5.3316497802734375,5,1
2399,-2.3488166332244873,-2.3730733394622803,4.935540199279785,2.3730733394622803,1.8505773544311523,5.5199079513549805,5,1
2400,-2.632169485092163,-2.20379638671875,4.965367317199707,2.20379638671875,1.960073709487915,6.616106986999512,5,1
2401,-2.65913987159729,-2.425649404525757,4.950373649597168,2.425649404525757,2.0289576053619385,8.21066665649414,5,1
2402,-2.574148416519165,-2.598081588745117,5.244471549987793,2.598081588745117,2.080801486968994,8.286005973815918,5,1
2403,-2.597219467163086,-2.6429550647735596,5.38113260269165,2.6429550647735596,2.068359375,5.921735763549805,5,1
2404,-2.2555735111236572,-2.3611671924591064,4.660988807678223,2.3611671924591064,1.9557265043258667,4.908330917358398,5,1
2405,-2.3609259128570557,-2.5392942428588867,5.173754692077637,2.5392942428588867,2.140775442123413,5.136715412139893,5,1
2406,-2.365570545196533,-2.6716065406799316,5.53492546081543,2.6716065406799316,2.086542844772339,4.653284549713135,5,1
2407,-2.4934074878692627,-2.3518927097320557,5.334932327270508,2.3518927097320557,2.0311343669891357,5.299361705780029,5,1
2408,-2.167954921722412,-2.3543972969055176,4.898720741271973,2.3543972969055176,2.087066650390625,5.2886457443237305,5,1
2409,-2.487560510635376,-2.630263328552246,5.6149444580078125,2.630263328552246,2.1380839347839355,5.746003150939941,5,1
2410,-2.6368987560272217,-2.531909942626953,5.5859575271606445,2.531909942626953,2.048793315887451,7.2949323654174805,5,1
2411,-2.3746731281280518,-2.5379509925842285,5.2368950843811035,2.5379509925842285,2.0994808673858643,7.43869161605835,5,1
2412,-2.333409547805786,-2.5868051052093506,4.888763427734375,2.5868051052093506,2.0551812648773193,6.237062931060791,5,1
2413,-2.1975014209747314,-2.446606159210205,4.891884803771973,2.446606159210205,2.142399787902832,7.164334774017334,5,1
2414,-2.454015016555786,-2.4077720642089844,5.31498908996582,2.4077720642089844,2.0632495880126953,7.341891765594482,5,1
2415,-2.391674518585205,-2.2328662872314453,4.829383850097656,2.2328662872314453,2.0490927696228027,6.479343891143799,5,1
2416,-2.318013906478882,-1.9538984298706055,4.504029273986816,1.9538984298706055,2.112499713897705,5.83349084854126,5,1
2417,-2.3310792446136475,-2.434410572052002,4.820305824279785,2.434410572052002,1.9847787618637085,4.84343147277832,5,1
2418,-2.373889684677124,-2.3556430339813232,5.118360996246338,2.3556430339813232,2.0472497940063477,5.944126129150391,5,1
2419,-2.4457755088806152,-2.2138619422912598,5.141015529632568,2.2138619422912598,2.044093370437622,7.273611068725586,5,1
2420,-2.6893796920776367,-2.6239700317382812,4.91154670715332,2.6239700317382812,2.2708969116210938,8.451662063598633,5,1
2421,-2.248461961746216,-2.178046941757202,4.869294166564941,2.178046941757202,2.0476813316345215,6.431610584259033,5,1
2422,-2.2720141410827637,-2.4416730403900146,5.180827617645264,2.4416730403900146,2.1468467712402344,6.1050214767456055,5,1
2423,-2.4156107902526855,-2.443966865539551,5.132596492767334,2.443966865539551,2.106105327606201,7.870738506317139,5,1
2424,-2.1445889472961426,-2.612501621246338,5.352410316467285,2.612501621246338,2.072587728500366,8.31084156036377,5,1
2425,-2.46315860748291,-2.8468716144561768,5.257181644439697,2.8468716144561768,1.9746177196502686,5.834083557128906,5,1
2426,-2.665330171585083,-2.879366397857666,5.297446250915527,2.879366397857666,2.0707485675811768,5.9838457107543945,5,1
2427,-2.294471502304077,-2.6689701080322266,5.418149471282959,2.6689701080322266,1.9947655200958252,6.212561130523682,5,1
2428,-2.499432325363159,-2.7584831714630127,5.437673568725586,2.7584831714630127,2.055915355682373,6.562767028808594,5,1
2429,-2.303645610809326,-2.684760570526123,5.200608730316162,2.684760570526123,2.0830471515655518,6.488096237182617,5,1
2430,-2.4201574325561523,-2.401171922683716,4.859807968139648,2.401171922683716,2.1771445274353027,6.358766078948975,5,1
2431,-2.4150896072387695,-3.2195000648498535,5.427664756774902,3.2195000648498535,2.0819308757781982,5.370466232299805,5,1
2432,-2.519819736480713,-2.6173410415649414,5.074828147888184,2.6173410415649414,1.9888546466827393,6.268755912780762,5,1
2433,-2.5246829986572266,-2.468512773513794,5.420605659484863,2.468512773513794,2.1335692405700684,5.439641952514648,5,1
2434,-2.178209066390991,-2.6293439865112305,5.484297752380371,2.6293439865112305,2.036315441131592,5.24403190612793,5,1
2435,-2.5556235313415527,-3.0659704208374023,5.386045932769775,3.0659704208374023,1.9843789339065552,6.457571029663086,5,1
2436,-2.6080732345581055,-2.5054080486297607,5.500641345977783,2.5054080486297607,2.0900378227233887,6.620914936065674,5,1
2437,-2.149606704711914,-2.5445384979248047,4.748422145843506,2.5445384979248047,2.0992486476898193,8.363302230834961,5,1
2438,-2.6788151264190674,-2.7661855220794678,5.514143943786621,2.7661855220794678,1.9996776580810547,6.320894241333008,5,1
2439,-2.3872737884521484,-2.7970428466796875,5.065702438354492,2.7970428466796875,2.129488229751587,5.594117164611816,5,1
2440,-2.714181661605835,-2.4949898719787598,5.367074966430664,2.4949898719787598,2.216956615447998,6.312567234039307,5,1
2441,-2.2475881576538086,-2.5801868438720703,4.848174095153809,2.5801868438720703,2.0539324283599854,6.315727233886719,5,1
2442,-2.3573436737060547,-2.322726249694824,4.681117057800293,2.322726249694824,2.155648708343506,6.603127479553223,5,1
2443,-2.4507460594177246,-2.9083614349365234,5.4589385986328125,2.9083614349365234,2.0380187034606934,7.044920921325684,5,1
2444,-2.763066053390503,-2.9908547401428223,5.527779579162598,2.9908547401428223,2.0992612838745117,6.070076942443848,5,1
2445,-2.439516067504883,-2.5291476249694824,5.4622297286987305,2.5291476249694824,1.958001971244812,5.600430011749268,5,1
2446,-2.5505259037017822,-2.359468460083008,5.488621711730957,2.359468460083008,1.9479151964187622,6.575810432434082,5,1
2447,-2.4584503173828125,-2.8175034523010254,5.653912544250488,2.8175034523010254,2.050264835357666,8.367443084716797,5,1
2448,-2.429039716720581,-2.4847004413604736,5.2194061279296875,2.4847004413604736,2.2004847526550293,9.166041374206543,5,1
2449,-2.2219491004943848,-2.746997356414795,4.875906944274902,2.746997356414795,2.020512819290161,8.235525131225586,5,1
2450,-2.4566714763641357,-2.4211490154266357,4.89979362487793,2.4211490154266357,2.139108180999756,8.90761661529541,5,1
2451,-2.5783636569976807,-2.0427184104919434,5.172998905181885,2.0427184104919434,2.0453295707702637,7.020449161529541,5,1
2452,-2.7435731887817383,-2.0770421028137207,4.583889007568359,2.0770421028137207,2.1006100177764893,6.227897644042969,5,1
2453,-2.4043829441070557,-2.685931921005249,5.1802520751953125,2.685931921005249,2.0965468883514404,5.50700044631958,5,1
2454,-2.190309524536133,-2.242422103881836,4.449077606201172,2.242422103881836,1.9250284433364868,4.728803634643555,5,1
2455,-2.4131407737731934,-2.8601877689361572,5.294110298156738,2.8601877689361572,1.9538044929504395,5.011371612548828,5,1
2456,-2.261152982711792,-3.1432251930236816,5.9362640380859375,3.1432251930236816,2.1266918182373047,7.45954704284668,5,1
2457,-2.2723751068115234,-2.2247605323791504,4.981928825378418,2.2247605323791504,2.021425247192383,6.814314365386963,5,1
2458,-2.4309937953948975,-2.5316267013549805,5.004111289978027,2.5316267013549805,2.048119306564331,6.764293193817139,5,1
2459,-2.370999574661255,-2.770659923553467,5.320590019226074,2.770659923553467,2.1499030590057373,7.205394268035889,5,1
2460,-2.467966318130493,-3.0519285202026367,5.620185852050781,3.0519285202026367,2.0252525806427,6.481835842132568,5,1
2461,-2.440176248550415,-2.8021745681762695,5.205631256103516,2.8021745681762695,2.092277765274048,6.657434940338135,5,1
2462,-2.1941158771514893,-2.375379800796509,5.125234603881836,2.375379800796509,2.0802390575408936,6.8087592124938965,5,1
2463,-2.394399642944336,-2.833455801010132,5.593690395355225,2.833455801010132,1.9787861108779907,6.1707587242126465,5,1
2464,-2.460076093673706,-2.6793060302734375,5.39179801940918,2.6793060302734375,1.9722216129302979,6.607923984527588,5,1
2465,-2.3689663410186768,-2.5932276248931885,4.945989608764648,2.5932276248931885,2.0444023609161377,9.184258460998535,5,1
2466,-2.394158124923706,-2.513965606689453,5.010858535766602,2.513965606689453,1.943785548210144,8.452392578125,5,1
2467,-2.3244807720184326,-2.661785125732422,4.9805192947387695,2.661785125732422,2.0414772033691406,4.509078025817871,5,1
2468,-2.595022439956665,-3.2507126331329346,5.666218280792236,3.2507126331329346,2.1234805583953857,6.875472545623779,5,1
2469,-2.150461435317993,-2.9960713386535645,5.183901786804199,2.9960713386535645,2.1180357933044434,6.296416282653809,5,1
2470,-2.4053592681884766,-3.1776018142700195,5.498021125793457,3.1776018142700195,2.0905232429504395,6.14443302154541,5,1
2471,-2.290839910507202,-2.4485278129577637,4.847363471984863,2.4485278129577637,1.9776991605758667,7.408602237701416,5,1
2472,-2.3898122310638428,-2.701943874359131,4.87147331237793,2.701943874359131,2.044473171234131,5.977376461029053,5,1
2473,-2.2554991245269775,-2.6515374183654785,5.0195417404174805,2.6515374183654785,2.1041553020477295,4.762964725494385,5,1
2474,-2.289804697036743,-2.9742307662963867,5.352083683013916,2.9742307662963867,1.9368194341659546,4.928792953491211,5,1
2475,-2.381504535675049,-2.417816162109375,5.009432792663574,2.417816162109375,1.955758810043335,5.20182466506958,5,1
2476,-2.279435634613037,-2.9450254440307617,5.559914588928223,2.9450254440307617,2.0898592472076416,5.370755195617676,5,1
2477,-2.1498637199401855,-2.9876394271850586,5.506258964538574,2.9876394271850586,2.0384199619293213,5.543101787567139,5,1
2478,-2.2893264293670654,-2.526217222213745,5.063546180725098,2.526217222213745,2.0335440635681152,6.457630634307861,5,1
2479,-2.297654628753662,-2.921616554260254,4.892470359802246,2.921616554260254,2.139796018600464,6.538573741912842,5,1
2480,-2.1881492137908936,-2.660280466079712,5.190730094909668,2.660280466079712,2.019132137298584,5.430318832397461,5,1
2481,-2.157970905303955,-3.2803986072540283,5.689820766448975,3.2803986072540283,1.887906789779663,5.841817855834961,5,1
2482,-2.3678879737854004,-2.6273837089538574,5.239144325256348,2.6273837089538574,2.1099371910095215,7.894253253936768,5,1
2483,-2.4070613384246826,-2.0823354721069336,5.272168159484863,2.0823354721069336,2.090846538543701,9.980892181396484,5,1
2484,-2.5204555988311768,-2.479156970977783,5.197537899017334,2.479156970977783,2.163404703140259,6.898980140686035,5,1
2485,-2.473763942718506,-2.7070186138153076,5.359050750732422,2.7070186138153076,1.905032753944397,4.9943528175354,5,1
2486,-2.447593927383423,-2.4206769466400146,4.943799018859863,2.4206769466400146,1.961950421333313,5.386702060699463,5,1
2487,-2.2379770278930664,-2.23740291595459,4.643280982971191,2.23740291595459,2.0817208290100098,5.707897663116455,5,1
2488,-2.368939161300659,-2.4223837852478027,4.7779998779296875,2.4223837852478027,1.9222583770751953,6.011752605438232,5,1
2489,-2.59769606590271,-3.0775907039642334,5.509365558624268,3.0775907039642334,2.02453351020813,6.74962854385376,5,1
2490,-2.0855867862701416,-2.2156479358673096,4.8224945068359375,2.2156479358673096,2.138796091079712,7.688267707824707,5,1
2491,-2.6433658599853516,-2.256493091583252,5.082804203033447,2.256493091583252,2.014139413833618,8.425724983215332,5,1
2492,-2.5485682487487793,-2.9653987884521484,5.695333480834961,2.9653987884521484,2.0052688121795654,7.366018772125244,5,1
2493,-2.326056957244873,-2.497053861618042,5.022224426269531,2.497053861618042,2.0707764625549316,5.50900411605835,5,1
2494,-2.093613862991333,-2.3182029724121094,4.986522674560547,2.3182029724121094,2.0568528175354004,5.327367305755615,5,1
2495,-2.4171791076660156,-2.4018614292144775,5.288632869720459,2.4018614292144775,2.115163564682007,5.990963935852051,5,1
2496,-2.2195498943328857,-2.5173168182373047,5.0318145751953125,2.5173168182373047,2.1065738201141357,5.0336809158325195,5,1
2497,-2.332721471786499,-3.0887269973754883,5.743539333343506,3.0887269973754883,2.0123579502105713,5.516765117645264,5,1
2498,-2.4163105487823486,-2.3861265182495117,5.059041976928711,2.3861265182495117,2.0941834449768066,5.859746932983398,5,1
2499,-2.320434808731079,-1.7517602443695068,4.614684581756592,1.7517602443695068,2.089061737060547,6.240628719329834,5,1
2500,-2.0307557582855225,-2.42043399810791,4.6742730140686035,2.42043399810791,2.035710334777832,6.364450931549072,5,1
2501,-2.3638172149658203,-2.205606460571289,4.735562324523926,2.205606460571289,2.091543674468994,7.503044605255127,5,1
2502,-2.239053964614868,-2.342926025390625,5.377073287963867,2.342926025390625,2.081219434738159,6.592177867889404,5,1
2503,-2.510896921157837,-2.332760810852051,4.8829545974731445,2.332760810852051,2.002054452896118,5.150312423706055,5,1
2504,-2.153498411178589,-2.8148486614227295,5.1678690910339355,2.8148486614227295,2.1397910118103027,5.91361141204834,5,1
2505,-2.109320640563965,-2.4019381999969482,4.989504337310791,2.4019381999969482,2.064626932144165,7.527591705322266,5,1
2506,-2.3609135150909424,-2.991624593734741,5.459495544433594,2.991624593734741,2.075737953186035,9.807564735412598,5,1
2507,-2.5341038703918457,-2.2852752208709717,5.094837188720703,2.2852752208709717,2.043729066848755,8.122671127319336,5,1
2508,-2.1012215614318848,-2.6361918449401855,5.06081485748291,2.6361918449401855,2.0285050868988037,5.208460330963135,5,1
2509,-2.233785629272461,-3.07541823387146,5.4772114753723145,3.07541823387146,2.1334874629974365,5.251728057861328,5,1
2510,-2.0117578506469727,-2.5097250938415527,4.751254081726074,2.5097250938415527,2.143566846847534,6.210458278656006,5,1
2511,-2.195727586746216,-2.395526647567749,4.968757629394531,2.395526647567749,2.1933443546295166,7.683516979217529,5,1
2512,-2.3714423179626465,-2.535461902618408,5.10433292388916,2.535461902618408,2.071911096572876,7.157374382019043,5,1
2513,-2.256052017211914,-2.5271735191345215,4.940455913543701,2.5271735191345215,2.0760200023651123,8.454848289489746,5,1
2514,-2.4760122299194336,-2.211591958999634,5.023038864135742,2.211591958999634,2.0513627529144287,7.722539901733398,5,1
2515,-2.251554012298584,-2.480116367340088,4.820775032043457,2.480116367340088,2.0568716526031494,5.079941272735596,5,1
2516,-2.2911453247070312,-2.0823349952697754,4.674559593200684,2.0823349952697754,2.1811561584472656,5.509067058563232,5,1
2517,-2.1385984420776367,-2.6272196769714355,4.508001327514648,2.6272196769714355,2.0468637943267822,6.413651943206787,5,1
2518,-2.113173007965088,-2.6842293739318848,4.957268714904785,2.6842293739318848,2.0253090858459473,6.815556526184082,5,1
2519,-2.4291322231292725,-2.468963623046875,5.38685417175293,2.468963623046875,1.9258626699447632,6.142387866973877,5,1
2520,-2.4796342849731445,-2.2833895683288574,4.896685600280762,2.2833895683288574,2.0344951152801514,6.0042643547058105,5,1
2521,-2.4237172603607178,-2.394580125808716,4.945529937744141,2.394580125808716,2.1742441654205322,6.404569625854492,5,1
2522,-2.165644884109497,-2.6354076862335205,5.421208381652832,2.6354076862335205,1.9897316694259644,7.006605625152588,5,1
2523,-2.36616849899292,-2.7271718978881836,5.131531715393066,2.7271718978881836,2.0792746543884277,6.2230072021484375,5,1
2524,-2.2322945594787598,-2.7110207080841064,5.272726058959961,2.7110207080841064,1.9631458520889282,5.7225823402404785,5,1
2525,-2.3715500831604004,-2.5567026138305664,4.885242462158203,2.5567026138305664,2.0260863304138184,6.67473840713501,5,1
2526,-2.059293270111084,-2.5272936820983887,5.26066780090332,2.5272936820983887,2.221229314804077,7.730993747711182,5,1
2527,-2.400434732437134,-2.461331844329834,5.151662826538086,2.461331844329834,2.087672233581543,7.518590450286865,5,1
2528,-2.2454142570495605,-2.351128101348877,4.744972229003906,2.351128101348877,2.048656702041626,6.8092360496521,5,1
2529,-2.2711777687072754,-1.749056339263916,4.495942115783691,1.749056339263916,2.1155753135681152,6.668319225311279,5,1
2530,-2.5405397415161133,-2.4462838172912598,4.934453964233398,2.4462838172912598,2.0604052543640137,7.303718566894531,5,1
2531,-2.332318067550659,-1.9447689056396484,4.717443466186523,1.9447689056396484,2.11906361579895,8.637410163879395,5,1
2532,-2.6415040493011475,-2.543924570083618,5.16534423828125,2.543924570083618,1.9590888023376465,6.82872200012207,5,1
2533,-2.5368096828460693,-2.8104734420776367,5.526982307434082,2.8104734420776367,2.1278014183044434,5.287496089935303,5,1
2534,-2.093393325805664,-2.1914145946502686,4.594751834869385,2.1914145946502686,2.126492977142334,6.412631988525391,5,1
2535,-1.9945381879806519,-2.4582295417785645,4.435779571533203,2.4582295417785645,2.038891553878784,6.8953046798706055,5,1
2536,-2.229302167892456,-2.2188034057617188,4.729284763336182,2.2188034057617188,2.0704104900360107,5.865004539489746,5,1
2537,-2.467968225479126,-2.8178234100341797,4.86762809753418,2.8178234100341797,1.999663233757019,5.287543296813965,5,1
2538,-2.4426844120025635,-3.2376699447631836,5.631755828857422,3.2376699447631836,2.043245315551758,4.751612663269043,5,1
2539,-2.1161882877349854,-3.1083569526672363,5.436642169952393,3.1083569526672363,2.0906643867492676,6.244742393493652,5,1
2540,-2.5163049697875977,-2.7302744388580322,5.633328437805176,2.7302744388580322,2.0781896114349365,7.238179683685303,5,1
2541,-1.9723124504089355,-2.605039596557617,4.7839131355285645,2.605039596557617,2.0627260208129883,6.303438663482666,5,1
2542,-2.188572883605957,-2.7232067584991455,4.929187774658203,2.7232067584991455,2.042109251022339,5.8905110359191895,5,1
2543,-2.506059169769287,-2.679131031036377,5.590527534484863,2.679131031036377,2.0556845664978027,5.177273273468018,5,1
2544,-2.487487316131592,-2.7047152519226074,4.991855144500732,2.7047152519226074,2.123076915740967,5.571802139282227,5,1
2545,-2.252195119857788,-2.4261043071746826,4.968146324157715,2.4261043071746826,2.110650062561035,5.507168292999268,5,1
2546,-2.4388623237609863,-2.3702566623687744,5.062292575836182,2.3702566623687744,2.013252019882202,6.115755081176758,5,1
2547,-2.2134199142456055,-2.057968854904175,4.360055446624756,2.057968854904175,2.1370277404785156,8.614709854125977,5,1
2548,-2.4027352333068848,-2.4830150604248047,4.984201908111572,2.4830150604248047,1.9803837537765503,7.5848588943481445,5,1
2549,-2.2539875507354736,-2.450577974319458,5.028473854064941,2.450577974319458,2.038966417312622,6.385040283203125,5,1
2550,-2.6457178592681885,-2.945620536804199,5.78740119934082,2.945620536804199,2.12165904045105,7.17667818069458,5,1
2551,-2.434833288192749,-2.6032581329345703,5.2516279220581055,2.6032581329345703,1.9791069030761719,7.040010452270508,5,1
2552,-2.151777744293213,-2.5264062881469727,4.901194095611572,2.5264062881469727,1.9307236671447754,5.5271992683410645,5,1
2553,-2.4973793029785156,-1.6763538122177124,4.741329193115234,1.6763538122177124,2.1272377967834473,7.200366020202637,5,1
2554,-2.246145725250244,-1.9753048419952393,4.517751693725586,1.9753048419952393,2.053326368331909,7.364935398101807,5,1
2555,-2.3851993083953857,-2.7898969650268555,5.517148971557617,2.7898969650268555,2.134469747543335,6.4980082511901855,5,1
2556,-2.261399507522583,-2.555781126022339,5.054782390594482,2.555781126022339,1.95205819606781,5.37060022354126,5,1
2557,-2.269212245941162,-1.8030931949615479,4.4993767738342285,1.8030931949615479,2.219796657562256,6.4376044273376465,5,1
2558,-2.0083413124084473,-2.7319865226745605,4.949373245239258,2.7319865226745605,2.0298073291778564,5.624521732330322,5,1
2559,-2.1007583141326904,-2.844045400619507,5.0922112464904785,2.844045400619507,2.0134167671203613,5.104904651641846,5,1
2560,-2.1701958179473877,-2.5500125885009766,4.6625800132751465,2.5500125885009766,1.994176983833313,5.421469211578369,5,1
2561,-2.095271587371826,-2.543001890182495,5.084875106811523,2.543001890182495,1.9516618251800537,4.8081955909729,5,1
2562,-2.0989878177642822,-2.7374887466430664,5.087350845336914,2.7374887466430664,1.9797112941741943,6.579681396484375,5,1
2563,-2.2682437896728516,-2.126016139984131,4.958416938781738,2.126016139984131,1.9193146228790283,7.15460205078125,5,1
2564,-2.174454927444458,-2.4433486461639404,4.863946914672852,2.4433486461639404,2.025191307067871,7.317592144012451,5,1
2565,-2.1316282749176025,-2.759260892868042,5.023759365081787,2.759260892868042,2.0384132862091064,6.140235900878906,5,1
2566,-2.1449086666107178,-2.82126522064209,5.229133129119873,2.82126522064209,2.070680856704712,5.107037544250488,5,1
2567,-2.5867040157318115,-2.950918197631836,5.525296211242676,2.950918197631836,2.014794111251831,4.901684761047363,5,1
2568,-2.231363534927368,-2.816361904144287,5.426660537719727,2.816361904144287,2.10227632522583,5.290915012359619,5,1
2569,-2.132054567337036,-2.9479339122772217,5.131834506988525,2.9479339122772217,1.9619300365447998,5.218057632446289,5,1
2570,-2.124506711959839,-2.5768675804138184,4.688866138458252,2.5768675804138184,2.016354560852051,5.81436824798584,5,1
2571,-2.2894601821899414,-2.7674362659454346,5.236781120300293,2.7674362659454346,2.0412468910217285,5.395758628845215,5,1
2572,-2.2392258644104004,-3.045447587966919,5.345890045166016,3.045447587966919,2.189842700958252,6.836202144622803,5,1
2573,-2.4533371925354004,-2.3921546936035156,5.203474998474121,2.3921546936035156,2.0504837036132812,7.422731399536133,5,1
2574,-2.5238821506500244,-2.251878499984741,5.139153480529785,2.251878499984741,2.106452465057373,5.815770149230957,5,1
2575,-2.545733690261841,-2.2916834354400635,5.255451202392578,2.2916834354400635,2.018115282058716,7.091092586517334,5,1
2576,-2.6002607345581055,-1.5938702821731567,4.674627304077148,1.5938702821731567,2.043610095977783,8.141036987304688,5,1
2577,-2.1462817192077637,-2.431941032409668,4.638934135437012,2.431941032409668,2.0515053272247314,7.54030704498291,5,1
2578,-2.306353807449341,-2.451392889022827,5.104248046875,2.451392889022827,2.0731215476989746,7.0288496017456055,5,1
2579,-2.220332622528076,-2.431962728500366,5.147160530090332,2.431962728500366,2.0643210411071777,5.666830062866211,5,1
2580,-2.163907289505005,-2.3073887825012207,4.696444988250732,2.3073887825012207,1.9932849407196045,5.509438991546631,5,1
2581,-2.3908939361572266,-2.8882057666778564,5.338611125946045,2.8882057666778564,2.0260608196258545,6.581031322479248,5,1
2582,-2.4046647548675537,-2.789731979370117,5.555539131164551,2.789731979370117,2.053725242614746,7.386429309844971,5,1
2583,-2.3737730979919434,-2.3920655250549316,4.878743648529053,2.3920655250549316,1.987695336341858,5.46856164932251,5,1
2584,-2.2271528244018555,-2.7904064655303955,5.0102081298828125,2.7904064655303955,1.9691050052642822,5.421812057495117,5,1
2585,-2.349008083343506,-2.3863821029663086,5.025429725646973,2.3863821029663086,2.0372695922851562,5.689164638519287,5,1
2586,-2.3869965076446533,-2.6255924701690674,5.210963249206543,2.6255924701690674,2.1804795265197754,6.599463939666748,5,1
2587,-2.2002975940704346,-2.6681294441223145,5.097023010253906,2.6681294441223145,2.020632266998291,6.544365406036377,5,1
2588,-2.298577308654785,-3.143667697906494,5.042569160461426,3.143667697906494,2.069993734359741,6.258658409118652,5,1
2589,-2.241084098815918,-2.625110626220703,5.072544097900391,2.625110626220703,2.031200647354126,6.819688320159912,5,1
2590,-2.229041814804077,-2.83221435546875,4.817575454711914,2.83221435546875,2.0070693492889404,6.062363147735596,5,1
2591,-2.690166473388672,-2.493438959121704,5.346151351928711,2.493438959121704,1.9871869087219238,5.0071635246276855,5,1
2592,-2.3439056873321533,-2.894228458404541,5.636447906494141,2.894228458404541,1.984330654144287,5.16735315322876,5,1
2593,-2.217449426651001,-2.485044479370117,4.954989910125732,2.485044479370117,2.155761957168579,6.17748498916626,5,1
2594,-2.2228844165802,-2.528026819229126,4.920934677124023,2.528026819229126,2.0544826984405518,7.079346656799316,5,1
2595,-2.5188746452331543,-3.0449295043945312,5.520698070526123,3.0449295043945312,2.1052634716033936,7.925059795379639,5,1
2596,-2.343817710876465,-2.6197338104248047,5.25235652923584,2.6197338104248047,2.0358219146728516,7.446235179901123,5,1
2597,-2.5345618724823,-2.312549352645874,5.469668388366699,2.312549352645874,1.9223755598068237,6.017297744750977,5,1
2598,-2.1182477474212646,-2.372525215148926,4.618838310241699,2.372525215148926,1.992147445678711,6.920644760131836,5,1
2599,-2.2166526317596436,-2.8946006298065186,5.152352333068848,2.8946006298065186,2.0783145427703857,5.901945114135742,5,1
2600,-2.425172805786133,-2.342740058898926,5.036137580871582,2.342740058898926,2.0953569412231445,4.949020862579346,5,1
2601,-2.372347116470337,-2.4196465015411377,5.009497165679932,2.4196465015411377,2.150904417037964,6.196706771850586,5,1
2602,-2.3940787315368652,-2.522645950317383,4.8287177085876465,2.522645950317383,2.073789119720459,6.465027332305908,5,1
2603,-2.357814073562622,-1.8240349292755127,4.907199859619141,1.8240349292755127,2.038755416870117,8.58218002319336,5,1
2604,-2.3740968704223633,-1.987602710723877,4.8852105140686035,1.987602710723877,1.997400164604187,8.038126945495605,5,1
2605,-2.256469964981079,-2.5577218532562256,4.712588310241699,2.5577218532562256,2.107497453689575,6.2412824630737305,5,1
2606,-2.174807548522949,-2.6666665077209473,5.099032878875732,2.6666665077209473,2.043767213821411,5.261065483093262,5,1
2607,-2.1399612426757812,-3.296689748764038,5.428213119506836,3.296689748764038,1.9605381488800049,5.171358585357666,5,1
2608,-2.3868749141693115,-2.714200019836426,5.144193649291992,2.714200019836426,1.9635413885116577,6.0567193031311035,5,1
2609,-2.1811208724975586,-2.2535548210144043,5.051029682159424,2.2535548210144043,2.166419267654419,7.5741777420043945,5,1
2610,-2.333686351776123,-3.032142400741577,5.819480895996094,3.032142400741577,2.0099189281463623,7.916276454925537,5,1
2611,-2.2619051933288574,-2.835299015045166,5.366693496704102,2.835299015045166,2.2089462280273438,8.091704368591309,5,1
2612,-2.3340566158294678,-2.8905258178710938,5.574636936187744,2.8905258178710938,2.0510072708129883,7.702188014984131,5,1
2613,-2.3884575366973877,-2.161041021347046,5.050106525421143,2.161041021347046,2.041654586791992,7.118907928466797,5,1
2614,-1.9437048435211182,-2.6050474643707275,4.584731101989746,2.6050474643707275,2.0970308780670166,5.7842302322387695,5,1
2615,-2.34513258934021,-2.4053754806518555,4.896531105041504,2.4053754806518555,2.0208497047424316,4.417877197265625,5,1
2616,-2.217390775680542,-2.5314998626708984,4.998043537139893,2.5314998626708984,2.1301698684692383,5.162674903869629,5,1
2617,-2.140965700149536,-2.324617385864258,4.68425178527832,2.324617385864258,2.0203588008880615,5.21718168258667,5,1
2618,-2.328723192214966,-3.054164171218872,5.514476776123047,3.054164171218872,2.149139642715454,5.068119049072266,5,1
2619,-2.476036548614502,-2.5412471294403076,5.072365760803223,2.5412471294403076,2.047511100769043,4.779772758483887,5,1
2620,-1.942188024520874,-2.4262242317199707,4.762232303619385,2.4262242317199707,2.0140767097473145,7.23485803604126,5,1
2621,-2.09444260597229,-3.0529818534851074,4.950892448425293,3.0529818534851074,2.091264009475708,7.936646938323975,5,1
2622,-2.2886412143707275,-2.668748378753662,5.11143159866333,2.668748378753662,1.925631046295166,5.780945301055908,5,1
2623,-2.114999294281006,-2.7588558197021484,4.5757060050964355,2.7588558197021484,1.9596970081329346,4.850393295288086,5,1
2624,-2.233628273010254,-2.3564600944519043,4.924350738525391,2.3564600944519043,1.9287712574005127,5.849108695983887,5,1
2625,-2.534872531890869,-2.3512234687805176,5.206753730773926,2.3512234687805176,2.0273849964141846,5.958797931671143,5,1
2626,-2.2705087661743164,-2.370493173599243,4.979095458984375,2.370493173599243,2.0030248165130615,5.9657487869262695,5,1
2627,-2.2190463542938232,-2.808095932006836,4.968376159667969,2.808095932006836,1.9765667915344238,6.484588146209717,5,1
2628,-2.2968833446502686,-2.8831536769866943,5.117827415466309,2.8831536769866943,2.0731942653656006,6.377050399780273,5,1
2629,-2.341390371322632,-2.9922947883605957,5.574063301086426,2.9922947883605957,1.9560339450836182,6.932368755340576,5,1
2630,-2.3023102283477783,-2.6247363090515137,5.090871810913086,2.6247363090515137,1.893839955329895,7.501335620880127,5,1
2631,-2.254821300506592,-2.366117000579834,4.692344665527344,2.366117000579834,1.9488860368728638,6.61208963394165,5,1
2632,-2.484003782272339,-2.244657278060913,4.811750411987305,2.244657278060913,2.0825388431549072,6.089341163635254,5,1
2633,-2.226766347885132,-2.711651563644409,5.201990604400635,2.711651563644409,1.9247868061065674,7.191068172454834,5,1
2634,-2.444164752960205,-2.865300178527832,5.316267967224121,2.865300178527832,2.031778573989868,7.888179302215576,5,1
2635,-2.361928939819336,-2.740571975708008,5.5224480628967285,2.740571975708008,2.044814348220825,6.924280166625977,5,1
2636,-2.7523138523101807,-2.2170138359069824,4.956724166870117,2.2170138359069824,1.974256992340088,6.598310947418213,5,1
2637,-2.270803451538086,-2.0962090492248535,4.646909713745117,2.0962090492248535,1.9815820455551147,5.973668575286865,5,1
2638,-2.271380662918091,-2.685753345489502,4.855835914611816,2.685753345489502,2.1268253326416016,6.280741214752197,5,1
2639,-2.3710453510284424,-2.9500536918640137,5.328742027282715,2.9500536918640137,2.010373115539551,6.532721519470215,5,1
2640,-2.3867290019989014,-2.5377111434936523,5.240065574645996,2.5377111434936523,2.0103063583374023,6.5791778564453125,5,1
2641,-2.100778579711914,-3.1814284324645996,5.373775482177734,3.1814284324645996,2.032057046890259,7.223411560058594,5,1
2642,-2.4430031776428223,-3.288147449493408,5.875202178955078,3.288147449493408,1.983948826789856,5.881972312927246,5,1
2643,-2.3701963424682617,-2.8704030513763428,5.417530059814453,2.8704030513763428,1.9418957233428955,4.541130065917969,5,1
2644,-2.29736328125,-2.8890388011932373,5.1138458251953125,2.8890388011932373,1.983124017715454,6.15606689453125,5,1
2645,-2.1672801971435547,-3.3477931022644043,5.576503276824951,3.3477931022644043,2.0192227363586426,6.421350002288818,5,1
2646,-2.160429000854492,-2.8434386253356934,5.570605754852295,2.8434386253356934,1.9808109998703003,5.835346221923828,5,1
2647,-2.447111129760742,-2.7587387561798096,5.156685829162598,2.7587387561798096,1.9528961181640625,5.633995532989502,5,1
2648,-2.2981467247009277,-2.181018829345703,4.965762615203857,2.181018829345703,2.0938501358032227,6.2238569259643555,5,1
2649,-2.356837511062622,-2.5883116722106934,5.2409868240356445,2.5883116722106934,1.9485299587249756,7.384478569030762,5,1
2650,-2.321786403656006,-2.5640392303466797,5.161756992340088,2.5640392303466797,2.0596563816070557,7.267094135284424,5,1
2651,-2.1911673545837402,-2.763204336166382,4.939092636108398,2.763204336166382,1.938515543937683,7.050404071807861,5,1
2652,-2.235999584197998,-2.762291193008423,5.067152976989746,2.762291193008423,2.0068440437316895,5.665125370025635,5,1
2653,-2.05313777923584,-2.166975736618042,4.721954822540283,2.166975736618042,1.8976542949676514,5.254400730133057,5,1
2654,-2.2701478004455566,-2.7463889122009277,5.383893966674805,2.7463889122009277,2.0010108947753906,5.844482898712158,5,1
2655,-2.484321117401123,-2.8680007457733154,5.14817476272583,2.8680007457733154,2.1127710342407227,6.205355644226074,5,1
2656,-2.3438048362731934,-2.5541388988494873,5.03953742980957,2.5541388988494873,2.10833477973938,5.902143955230713,5,1
2657,-2.606844902038574,-2.882988929748535,5.726389408111572,2.882988929748535,1.9810179471969604,6.757300853729248,5,1
2658,-2.3444840908050537,-2.6556849479675293,5.17216157913208,2.6556849479675293,2.040510892868042,7.445475101470947,5,1
2659,-2.24031925201416,-2.7333552837371826,5.335712909698486,2.7333552837371826,1.985669493675232,6.82173490524292,5,1
2660,-2.4694414138793945,-3.4611029624938965,5.723734378814697,3.4611029624938965,1.976337194442749,6.741037845611572,5,1
2661,-2.1753177642822266,-3.006687641143799,5.014187335968018,3.006687641143799,2.034803628921509,5.159008979797363,5,1
2662,-2.11818265914917,-2.2088088989257812,5.034188270568848,2.2088088989257812,2.025982618331909,4.723023891448975,5,1
2663,-2.320521354675293,-2.8014445304870605,5.709130764007568,2.8014445304870605,2.0337142944335938,4.744045734405518,5,1
2664,-1.886854648590088,-2.69624924659729,5.013730049133301,2.69624924659729,1.9578769207000732,5.260229110717773,5,1
2665,-2.24008846282959,-2.934718132019043,5.359422206878662,2.934718132019043,2.0066308975219727,6.024345397949219,5,1
2666,-2.114107370376587,-2.831549644470215,5.203906059265137,2.831549644470215,2.015744924545288,7.095016956329346,5,1
2667,-2.361480474472046,-2.3594470024108887,5.039792060852051,2.3594470024108887,2.1202762126922607,7.066875457763672,5,1
2668,-2.148007869720459,-2.3814220428466797,4.852388381958008,2.3814220428466797,2.0754106044769287,7.360537528991699,5,1
2669,-2.205899715423584,-2.437319278717041,4.585580348968506,2.437319278717041,2.1736323833465576,6.986758232116699,5,1
2670,-2.286062002182007,-2.5756454467773438,5.452633857727051,2.5756454467773438,2.059065103530884,5.732800006866455,5,1
2671,-2.491185188293457,-2.634941577911377,5.104838848114014,2.634941577911377,2.0497052669525146,5.333065986633301,5,1
2672,-2.244819402694702,-3.1942410469055176,5.374468803405762,3.1942410469055176,2.0527215003967285,6.79370641708374,5,1
2673,-2.2267391681671143,-2.9786198139190674,5.129221439361572,2.9786198139190674,2.030123233795166,7.162098407745361,5,1
2674,-2.3843090534210205,-2.9710397720336914,5.581774711608887,2.9710397720336914,2.056171417236328,6.053595066070557,5,1
2675,-2.458254337310791,-2.680558681488037,5.344176292419434,2.680558681488037,2.028721570968628,6.253310203552246,5,1
2676,-2.1879913806915283,-3.000523328781128,5.070102691650391,3.000523328781128,1.9416346549987793,6.726588726043701,5,1
2677,-2.6025938987731934,-3.177340507507324,5.743807792663574,3.177340507507324,1.8257951736450195,6.655016899108887,5,1
2678,-2.1431710720062256,-3.0163514614105225,5.3453688621521,3.0163514614105225,2.0429296493530273,5.9305100440979,5,1
2679,-2.504718542098999,-2.5436642169952393,5.499817848205566,2.5436642169952393,2.0172407627105713,5.612613677978516,5,1
2680,-2.2208328247070312,-2.568354606628418,4.930454730987549,2.568354606628418,2.0826785564422607,6.812219142913818,5,1
2681,-2.2621383666992188,-1.9065698385238647,4.661643028259277,1.9065698385238647,2.0232579708099365,6.5366129875183105,5,1
2682,-2.416651725769043,-2.2888879776000977,4.488697052001953,2.2888879776000977,2.0083179473876953,5.115567207336426,5,1
2683,-2.334888219833374,-2.6287007331848145,5.033412933349609,2.6287007331848145,1.9917421340942383,4.946827411651611,5,1
2684,-2.398941993713379,-2.302248954772949,4.850874423980713,2.302248954772949,2.078007936477661,6.054713249206543,5,1
2685,-2.1650607585906982,-2.5384254455566406,4.481451034545898,2.5384254455566406,2.0890939235687256,7.447842597961426,5,1
2686,-2.393548011779785,-1.6548712253570557,4.424636363983154,1.6548712253570557,2.089977979660034,7.960500240325928,5,1
2687,-2.3286235332489014,-2.2874984741210938,4.859953880310059,2.2874984741210938,1.961405873298645,5.918003082275391,5,1
2688,-2.1791646480560303,-2.120359420776367,4.514649391174316,2.120359420776367,1.9504365921020508,4.699756145477295,5,1
2689,-2.215703010559082,-2.679457902908325,4.9756269454956055,2.679457902908325,2.0807857513427734,4.710108280181885,5,1
2690,-2.2938008308410645,-2.944687843322754,5.187200546264648,2.944687843322754,2.110459804534912,5.5099778175354,5,1
2691,-2.3013103008270264,-3.214289903640747,5.366732597351074,3.214289903640747,1.9787794351577759,6.684361457824707,5,1
2692,-2.4729435443878174,-3.1763248443603516,5.794986724853516,3.1763248443603516,2.122713088989258,8.60482406616211,5,1
2693,-2.282435178756714,-2.285313129425049,4.69268798828125,2.285313129425049,2.088374376296997,8.508344650268555,5,1
2694,-2.455310821533203,-2.586897373199463,5.0417327880859375,2.586897373199463,2.23207950592041,7.501645565032959,5,1
2695,-2.2684531211853027,-2.526576519012451,5.020476341247559,2.526576519012451,2.122610092163086,6.130242824554443,5,1
2696,-2.3649604320526123,-2.417234420776367,4.733545303344727,2.417234420776367,1.9967416524887085,5.1482367515563965,5,1
2697,-2.2460453510284424,-2.9611973762512207,5.371383190155029,2.9611973762512207,2.061614513397217,4.929060459136963,5,1
2698,-2.0775909423828125,-2.59415340423584,4.967012405395508,2.59415340423584,2.0487277507781982,6.0179972648620605,5,1
2699,-2.1969404220581055,-2.621385097503662,4.95424747467041,2.621385097503662,2.0317769050598145,7.063451766967773,5,1
2700,-2.451838731765747,-2.278165340423584,5.110442161560059,2.278165340423584,2.183053970336914,7.184588432312012,5,1
2701,-2.2891759872436523,-2.6982645988464355,4.9754486083984375,2.6982645988464355,2.0620415210723877,6.767329692840576,5,1
2702,-2.168509006500244,-2.4186391830444336,4.4364800453186035,2.4186391830444336,1.994835376739502,6.087613582611084,5,1
2703,-2.5293991565704346,-1.9179660081863403,4.967041969299316,1.9179660081863403,2.0667076110839844,5.244048118591309,5,1
2704,-2.2815768718719482,-2.669376850128174,5.098761558532715,2.669376850128174,2.043844699859619,6.600762844085693,5,1
2705,-2.4414074420928955,-2.6484837532043457,5.253363132476807,2.6484837532043457,2.1433284282684326,9.0040283203125,5,1
2706,-2.3154265880584717,-2.7702386379241943,5.134799003601074,2.7702386379241943,2.040409564971924,6.7290120124816895,5,1
2707,-2.2627243995666504,-2.4273324012756348,5.194908618927002,2.4273324012756348,1.9368115663528442,5.541128158569336,5,1
2708,-2.2149462699890137,-2.7598376274108887,5.117164134979248,2.7598376274108887,2.069878101348877,5.572325706481934,5,1
2709,-2.1740028858184814,-2.716541051864624,5.017752647399902,2.716541051864624,2.0392279624938965,5.586512565612793,5,1
2710,-2.217848300933838,-2.8571348190307617,5.197456359863281,2.8571348190307617,2.045031785964966,5.669526100158691,5,1
2711,-2.329176664352417,-2.5872249603271484,5.160881042480469,2.5872249603271484,2.130091428756714,6.0244293212890625,5,1
2712,-2.311217784881592,-2.2013306617736816,4.6957550048828125,2.2013306617736816,2.136319875717163,7.053158283233643,5,1
2713,-2.2482950687408447,-2.4302291870117188,5.043108940124512,2.4302291870117188,1.9503023624420166,6.32460880279541,5,1
2714,-2.085423707962036,-2.7032573223114014,4.902072906494141,2.7032573223114014,2.079765796661377,5.870515823364258,5,1
2715,-2.291956901550293,-2.4922642707824707,4.978387832641602,2.4922642707824707,2.047471046447754,5.879922389984131,5,1
2716,-2.414341449737549,-2.131108522415161,4.798649787902832,2.131108522415161,2.1673994064331055,6.558216094970703,5,1
2717,-2.267676830291748,-2.4874277114868164,4.517496109008789,2.4874277114868164,1.988577127456665,6.509784698486328,5,1
2718,-2.1347243785858154,-2.5792927742004395,4.681056022644043,2.5792927742004395,2.139258861541748,6.056748867034912,5,1
2719,-2.291177272796631,-2.7089741230010986,5.126864433288574,2.7089741230010986,2.0733299255371094,6.221724987030029,5,1
2720,-2.184086322784424,-2.3982858657836914,4.477790832519531,2.3982858657836914,2.053070068359375,5.485507488250732,5,1
2721,-2.011049747467041,-2.3619954586029053,4.256778717041016,2.3619954586029053,2.0384316444396973,5.270628929138184,5,1
2722,-2.3086163997650146,-2.3193140029907227,5.107546806335449,2.3193140029907227,2.102741241455078,6.137334823608398,5,1
2723,-2.3763742446899414,-2.5407514572143555,5.152761459350586,2.5407514572143555,2.1176223754882812,6.193620681762695,5,1
2724,-2.2521917819976807,-3.1101231575012207,5.564854145050049,3.1101231575012207,1.9886187314987183,5.550127029418945,5,1
2725,-2.3406405448913574,-3.2661995887756348,5.56736946105957,3.2661995887756348,2.0118777751922607,4.862695693969727,5,1
2726,-2.099022626876831,-3.005669593811035,5.636679172515869,3.005669593811035,2.11604905128479,5.252223968505859,5,1
2727,-1.8122683763504028,-2.6403050422668457,4.928290843963623,2.6403050422668457,2.045464038848877,5.554922580718994,5,1
2728,-2.210955858230591,-2.4385428428649902,5.1743974685668945,2.4385428428649902,1.9934096336364746,6.073854923248291,5,1
2729,-2.270866870880127,-3.5585460662841797,5.816769123077393,3.5585460662841797,1.9479719400405884,6.783722400665283,5,1
2730,-2.2648239135742188,-3.068635940551758,5.271157264709473,3.068635940551758,1.8998651504516602,7.525432586669922,5,1
2731,-2.1824910640716553,-3.256465435028076,5.782020568847656,3.256465435028076,2.054703712463379,7.499823093414307,5,1
2732,-2.2583913803100586,-3.0653858184814453,5.833131313323975,3.0653858184814453,2.154923915863037,7.231181621551514,5,1
2733,-2.3253796100616455,-2.987077474594116,5.461787223815918,2.987077474594116,2.093754291534424,6.595763206481934,5,1
2734,-2.243767023086548,-2.2458302974700928,5.028159141540527,2.2458302974700928,1.9236187934875488,6.007752895355225,5,1
2735,-2.2574222087860107,-2.610732316970825,4.852180004119873,2.610732316970825,1.9738205671310425,5.5224928855896,5,1
2736,-2.3512673377990723,-2.856830358505249,5.265070915222168,2.856830358505249,2.1179823875427246,5.391310691833496,5,1
2737,-2.052577257156372,-2.8745005130767822,5.001168251037598,2.8745005130767822,2.014167070388794,5.377089500427246,5,1
2738,-2.175945281982422,-3.4705309867858887,5.33233642578125,3.4705309867858887,2.0014305114746094,5.879128932952881,5,1
2739,-2.31156063079834,-2.88632869720459,5.113384246826172,2.88632869720459,1.8413313627243042,6.02783727645874,5,1
2740,-2.1850035190582275,-2.723817825317383,5.244367599487305,2.723817825317383,2.0351665019989014,7.374556541442871,5,1
2741,-2.1949594020843506,-2.599078416824341,5.202671051025391,2.599078416824341,2.0042083263397217,7.836782455444336,5,1
2742,-2.2232964038848877,-2.9324381351470947,5.252695083618164,2.9324381351470947,2.041560649871826,6.6759819984436035,5,1
2743,-2.415877342224121,-2.618929862976074,5.226153373718262,2.618929862976074,1.9667539596557617,6.66477632522583,5,1
2744,-2.3235878944396973,-2.9089717864990234,5.34423303604126,2.9089717864990234,2.0390939712524414,7.402299404144287,5,1
2745,-2.1995837688446045,-3.1671342849731445,5.524649620056152,3.1671342849731445,1.984837293624878,6.522294998168945,5,1
2746,-2.2285101413726807,-3.6342368125915527,5.558600425720215,3.6342368125915527,2.003528118133545,6.940708637237549,5,1
2747,-2.168299674987793,-2.880110740661621,5.222477912902832,2.880110740661621,2.011707067489624,6.4394001960754395,5,1
2748,-2.1217286586761475,-2.3591315746307373,4.986701011657715,2.3591315746307373,1.9933801889419556,6.216660022735596,5,1
2749,-2.1217610836029053,-2.6425235271453857,5.196598052978516,2.6425235271453857,2.045595645904541,6.096023082733154,5,1
2750,-2.2136123180389404,-2.5868725776672363,4.7036871910095215,2.5868725776672363,1.9391905069351196,7.494165897369385,5,1
2751,-2.1973838806152344,-2.444932460784912,4.999638557434082,2.444932460784912,1.953113317489624,7.904821395874023,5,1
2752,-2.1150736808776855,-2.754619598388672,5.030305862426758,2.754619598388672,2.040137767791748,6.675887584686279,5,1
2753,-2.2126669883728027,-2.443556308746338,4.474515914916992,2.443556308746338,2.1148927211761475,7.29749870300293,5,1
2754,-2.3423471450805664,-1.9578447341918945,4.610358238220215,1.9578447341918945,2.0110912322998047,6.21852970123291,5,1
2755,-2.40529727935791,-2.524786949157715,4.984246253967285,2.524786949157715,2.022845983505249,4.975254535675049,5,1
2756,-2.256612777709961,-2.4240798950195312,4.907932281494141,2.4240798950195312,2.030630350112915,5.672726154327393,5,1
2757,-2.289153575897217,-2.3763062953948975,4.99569034576416,2.3763062953948975,2.023367404937744,6.791349411010742,5,1
2758,-2.085236072540283,-2.182948112487793,4.584694862365723,2.182948112487793,1.9678324460983276,6.487466812133789,5,1
2759,-2.3815836906433105,-2.4798531532287598,4.6498847007751465,2.4798531532287598,1.9590264558792114,7.075107574462891,5,1
2760,-2.28609561920166,-2.4826319217681885,4.903343200683594,2.4826319217681885,2.0982327461242676,7.602692127227783,5,1
2761,-1.9611626863479614,-2.9079532623291016,4.814800262451172,2.9079532623291016,1.9732422828674316,6.538829326629639,5,1
2762,-2.3592212200164795,-2.8367722034454346,5.585332870483398,2.8367722034454346,2.11946702003479,6.0018181800842285,5,1
2763,-2.4356679916381836,-2.755934000015259,5.364753723144531,2.755934000015259,2.044919967651367,4.976586818695068,5,1
2764,-2.2623867988586426,-3.120084285736084,5.50938606262207,3.120084285736084,2.0490334033966064,5.2364702224731445,5,1
2765,-2.2591681480407715,-2.848968982696533,5.317798137664795,2.848968982696533,1.990463376045227,4.916143894195557,5,1
2766,-2.218320369720459,-2.922471284866333,5.437644004821777,2.922471284866333,2.053586959838867,5.413496494293213,5,1
2767,-2.260207176208496,-3.2954626083374023,5.794076442718506,3.2954626083374023,1.9916675090789795,5.904499530792236,5,1
2768,-2.2061069011688232,-2.655195713043213,5.140183448791504,2.655195713043213,2.188264846801758,5.76888370513916,5,1
2769,-2.21565842628479,-2.8535513877868652,5.064311504364014,2.8535513877868652,1.983127236366272,6.201771259307861,5,1
2770,-2.23561429977417,-2.146677017211914,4.827634811401367,2.146677017211914,1.999977946281433,7.258993148803711,5,1
2771,-2.4274191856384277,-1.9514238834381104,4.831350326538086,1.9514238834381104,2.0578908920288086,7.98063325881958,5,1
2772,-2.192936897277832,-2.573011636734009,4.699140548706055,2.573011636734009,2.0072832107543945,6.8721795082092285,5,1
2773,-2.387845039367676,-2.713125705718994,4.558150291442871,2.713125705718994,1.9887511730194092,6.9468255043029785,5,1
2774,-2.1516623497009277,-2.9139604568481445,5.256684303283691,2.9139604568481445,2.128228187561035,6.095214366912842,5,1
2775,-2.3291537761688232,-3.1273913383483887,5.584651470184326,3.1273913383483887,2.024445056915283,5.9987030029296875,5,1
2776,-2.1552202701568604,-3.158123731613159,5.253844261169434,3.158123731613159,2.084207534790039,5.501775741577148,5,1
2777,-2.0576632022857666,-2.5932626724243164,5.138672351837158,2.5932626724243164,2.0577445030212402,5.5790276527404785,5,1
2778,-2.2076189517974854,-2.5147786140441895,4.7211408615112305,2.5147786140441895,2.0228254795074463,5.915908336639404,5,1
2779,-2.183612108230591,-2.442213296890259,4.842328071594238,2.442213296890259,2.0124080181121826,5.503909587860107,5,1
2780,-2.216567277908325,-2.3622565269470215,4.874773979187012,2.3622565269470215,1.9897677898406982,6.04359245300293,5,1
2781,-2.220210313796997,-2.406993865966797,4.783491611480713,2.406993865966797,1.9439994096755981,7.075960159301758,5,1
2782,-2.216533899307251,-2.428347110748291,4.926028251647949,2.428347110748291,1.8591786623001099,7.529726982116699,5,1
2783,-2.302699565887451,-2.4407436847686768,5.018287658691406,2.4407436847686768,1.7934260368347168,6.881044387817383,5,1
2784,-2.047013759613037,-2.798898696899414,4.881612777709961,2.798898696899414,1.9413127899169922,5.399484634399414,5,1
2785,-2.2367353439331055,-2.2464776039123535,4.761869430541992,2.2464776039123535,2.0310282707214355,5.617715358734131,5,1
2786,-1.979740023612976,-2.288234233856201,4.4671735763549805,2.288234233856201,1.97878897190094,7.391756534576416,5,1
2787,-1.9637346267700195,-2.0345804691314697,4.459870338439941,2.0345804691314697,1.9018023014068604,6.818958282470703,5,1
2788,-2.21962833404541,-2.306058883666992,4.353899955749512,2.306058883666992,2.050158977508545,6.1272172927856445,5,1
2789,-2.1984565258026123,-2.5363476276397705,4.8661346435546875,2.5363476276397705,2.044036626815796,5.878695487976074,5,1
2790,-2.2683193683624268,-2.3272557258605957,4.639401435852051,2.3272557258605957,2.189075231552124,6.436553478240967,5,1
2791,-2.045822858810425,-2.439303159713745,4.919492721557617,2.439303159713745,2.036820650100708,6.306495189666748,5,1
2792,-1.9660049676895142,-2.31827974319458,4.327938079833984,2.31827974319458,2.1298716068267822,5.701979160308838,5,1
2793,-2.5200185775756836,-2.142167091369629,4.802723407745361,2.142167091369629,2.072719097137451,5.883712291717529,5,1
2794,-2.340446949005127,-2.401068687438965,4.5259623527526855,2.401068687438965,1.951946496963501,5.518286228179932,5,1
2795,-2.1451847553253174,-2.3185930252075195,4.9868621826171875,2.3185930252075195,2.0221102237701416,7.304445743560791,5,1
2796,-2.374284267425537,-2.0627923011779785,4.568263530731201,2.0627923011779785,2.163404703140259,9.020484924316406,5,1
2797,-2.202826738357544,-2.182037353515625,4.496491432189941,2.182037353515625,1.9079275131225586,7.3827385902404785,5,1
2798,-2.253842830657959,-2.596654176712036,5.164577484130859,2.596654176712036,2.0359272956848145,5.637163162231445,5,1
2799,-2.2221059799194336,-2.811903238296509,5.201399326324463,2.811903238296509,1.9961433410644531,5.893836975097656,5,1
2800,-2.3828532695770264,-2.365248203277588,4.707770347595215,2.365248203277588,1.943598747253418,5.974001884460449,5,1
2801,-2.102734088897705,-2.650101661682129,4.6388726234436035,2.650101661682129,2.0575971603393555,5.064801216125488,5,1
2802,-2.333496332168579,-2.758533477783203,4.954919815063477,2.758533477783203,1.9575611352920532,4.934727191925049,5,1
2803,-2.351482629776001,-2.9132776260375977,5.4412689208984375,2.9132776260375977,2.002048969268799,5.7494730949401855,5,1
2804,-2.5806827545166016,-2.2523181438446045,4.927573204040527,2.2523181438446045,2.0519957542419434,7.083878040313721,5,1
2805,-2.2809815406799316,-2.3639936447143555,5.041884422302246,2.3639936447143555,2.0413336753845215,7.051677227020264,5,1
2806,-2.251962423324585,-3.0543718338012695,5.423298358917236,3.0543718338012695,2.052779197692871,6.480438232421875,5,1
2807,-2.177732467651367,-2.9596755504608154,5.175983428955078,2.9596755504608154,1.9729527235031128,7.205852508544922,5,1
2808,-2.2736618518829346,-3.0472476482391357,5.520195960998535,3.0472476482391357,2.1866676807403564,7.074075222015381,5,1
2809,-2.206357479095459,-3.6145243644714355,5.837923049926758,3.6145243644714355,2.01699161529541,6.841066837310791,5,1
2810,-2.3219990730285645,-3.1652817726135254,5.523658752441406,3.1652817726135254,1.9932074546813965,5.678162574768066,5,1
2811,-2.2877001762390137,-2.1455976963043213,4.97951602935791,2.1455976963043213,2.143662929534912,8.35079574584961,5,1
2812,-2.2822418212890625,-2.096226692199707,4.620293617248535,2.096226692199707,2.200195789337158,8.664825439453125,5,1
2813,-2.1976125240325928,-2.5723302364349365,5.152158260345459,2.5723302364349365,1.9951632022857666,5.5801005363464355,5,1
2814,-2.147609233856201,-3.284961223602295,5.476380825042725,3.284961223602295,2.058671474456787,6.324676036834717,5,1
2815,-2.5217809677124023,-2.9419727325439453,5.630605697631836,2.9419727325439453,2.025958299636841,6.1341753005981445,5,1
2816,-2.2513482570648193,-3.031907081604004,5.052731037139893,3.031907081604004,2.0882768630981445,5.190420627593994,5,1
2817,-1.7178397178649902,-3.057455539703369,4.802113056182861,3.057455539703369,2.0571956634521484,5.023510456085205,5,1
2818,-2.1554477214813232,-2.9266409873962402,4.923450946807861,2.9266409873962402,2.090724229812622,5.852803707122803,5,1
2819,-2.267704486846924,-2.2776622772216797,4.8955078125,2.2776622772216797,2.101390838623047,7.128911018371582,5,1
2820,-2.0280044078826904,-2.7975351810455322,5.067787170410156,2.7975351810455322,1.996463418006897,6.485446453094482,5,1
2821,-2.185028076171875,-2.458621025085449,5.292271614074707,2.458621025085449,2.0661404132843018,8.044628143310547,5,1
2822,-2.358346462249756,-2.4505815505981445,5.075981140136719,2.4505815505981445,1.9203290939331055,6.790363311767578,5,1
2823,-2.266646146774292,-2.7244787216186523,5.316306114196777,2.7244787216186523,2.020371675491333,6.432883262634277,5,1
2824,-2.067309617996216,-3.318854331970215,5.279707431793213,3.318854331970215,1.9744631052017212,8.09450626373291,5,1
2825,-2.207369804382324,-2.9186134338378906,5.616215705871582,2.9186134338378906,2.159167766571045,7.2053070068359375,5,1
2826,-2.296597957611084,-3.161067485809326,5.701026916503906,3.161067485809326,1.9846413135528564,5.945023536682129,5,1
2827,-2.3802013397216797,-2.9173643589019775,5.212894439697266,2.9173643589019775,2.055217742919922,7.248668193817139,5,1
2828,-2.2885897159576416,-2.3467140197753906,4.987412452697754,2.3467140197753906,2.043175458908081,7.893763065338135,5,1
2829,-2.4202523231506348,-2.701307773590088,4.816295146942139,2.701307773590088,2.1192474365234375,7.79334020614624,5,1
2830,-2.314732313156128,-2.9029603004455566,5.20814323425293,2.9029603004455566,2.04274845123291,6.094163417816162,5,1
2831,-2.1120357513427734,-2.9629321098327637,5.27742338180542,2.9629321098327637,1.9512640237808228,4.841897487640381,5,1
2832,-2.1375725269317627,-2.4887702465057373,4.903833389282227,2.4887702465057373,1.9685719013214111,4.434174060821533,5,1
2833,-1.978122353553772,-2.698518991470337,4.980104446411133,2.698518991470337,1.998253345489502,4.589177131652832,5,1
2834,-2.1337592601776123,-2.65423583984375,4.8595499992370605,2.65423583984375,1.9355871677398682,5.509414196014404,5,1
2835,-2.1129825115203857,-3.029296875,5.517643928527832,3.029296875,1.9837288856506348,6.3681721687316895,5,1
2836,-2.162564516067505,-2.936708450317383,5.2629594802856445,2.936708450317383,2.1279029846191406,8.557589530944824,5,1
2837,-2.279954671859741,-2.7323105335235596,5.474142551422119,2.7323105335235596,1.9130595922470093,8.111491203308105,5,1
2838,-2.234269142150879,-2.5937986373901367,4.752490997314453,2.5937986373901367,1.9684842824935913,6.031668663024902,5,1
2839,-1.9770442247390747,-2.240410804748535,4.801206588745117,2.240410804748535,2.131913900375366,6.153304576873779,5,1
2840,-2.140014886856079,-2.828329563140869,5.123685359954834,2.828329563140869,2.135469436645508,5.0363264083862305,5,1
2841,-2.326639175415039,-2.63012957572937,5.184642791748047,2.63012957572937,2.1292688846588135,6.778787136077881,5,1
2842,-2.128368616104126,-2.5638859272003174,4.916257858276367,2.5638859272003174,1.9796082973480225,7.356978893280029,5,1
2843,-2.1964433193206787,-3.2129175662994385,5.548259258270264,3.2129175662994385,2.123457193374634,7.56229829788208,5,1
2844,-2.377218723297119,-2.7859184741973877,5.389614582061768,2.7859184741973877,2.0287532806396484,7.3028564453125,5,1
2845,-2.446056604385376,-2.634575128555298,5.274107933044434,2.634575128555298,2.1056997776031494,6.778245449066162,5,1
2846,-2.195549726486206,-2.5763800144195557,5.192440986633301,2.5763800144195557,2.060828685760498,7.006737232208252,5,1
2847,-2.3419878482818604,-3.1433424949645996,5.533327102661133,3.1433424949645996,1.8984166383743286,5.866998195648193,5,1
2848,-2.1867926120758057,-2.6633715629577637,5.050775051116943,2.6633715629577637,2.0122365951538086,5.170840263366699,5,1
2849,-2.2468621730804443,-2.4322073459625244,5.254861831665039,2.4322073459625244,2.033282518386841,5.326948165893555,5,1
2850,-1.8231450319290161,-2.566434383392334,4.759132385253906,2.566434383392334,2.0665323734283447,5.662103652954102,5,1
2851,-2.086913585662842,-2.6225123405456543,5.292245864868164,2.6225123405456543,2.0074567794799805,5.885936260223389,5,1
2852,-1.9072582721710205,-2.438774585723877,4.797576904296875,2.438774585723877,2.1268272399902344,6.404575824737549,5,1
2853,-2.1256256103515625,-2.5841293334960938,5.096818923950195,2.5841293334960938,2.054258108139038,8.831067085266113,5,1
2854,-2.4678614139556885,-3.0340404510498047,5.437728404998779,3.0340404510498047,2.042973279953003,8.154173851013184,5,1
2855,-2.09637451171875,-2.6197381019592285,4.744345188140869,2.6197381019592285,1.9767398834228516,4.894311428070068,5,1
2856,-2.100261688232422,-2.7996864318847656,5.039102554321289,2.7996864318847656,2.024538040161133,5.283318996429443,5,1
2857,-2.3309903144836426,-2.7581210136413574,4.984172821044922,2.7581210136413574,1.9079406261444092,5.196621894836426,5,1
2858,-2.100905418395996,-2.7448437213897705,4.7003397941589355,2.7448437213897705,1.991390347480774,4.724418640136719,5,1
2859,-2.200308322906494,-2.339170217514038,4.945574760437012,2.339170217514038,1.9904625415802002,7.016052722930908,5,1
2860,-2.2438435554504395,-2.8683650493621826,5.0367865562438965,2.8683650493621826,1.9968503713607788,7.71828556060791,5,1
2861,-2.2719931602478027,-2.207479476928711,4.6784772872924805,2.207479476928711,2.062227725982666,6.529894828796387,5,1
2862,-2.344132661819458,-2.3925323486328125,5.308116912841797,2.3925323486328125,1.9996583461761475,5.953895092010498,5,1
2863,-1.847465991973877,-2.857971668243408,4.873784065246582,2.857971668243408,1.9154846668243408,5.985887050628662,5,1
2864,-1.962536096572876,-3.0112671852111816,5.461111068725586,3.0112671852111816,2.078547239303589,6.558947563171387,5,1
2865,-2.247088670730591,-3.1470229625701904,5.325737476348877,3.1470229625701904,2.054372787475586,5.675548076629639,5,1
2866,-2.175225257873535,-2.7380709648132324,5.052142143249512,2.7380709648132324,2.1905126571655273,6.2987446784973145,5,1
2867,-2.3152406215667725,-3.141000747680664,5.678523063659668,3.141000747680664,2.096417188644409,6.140551567077637,5,1
2868,-2.138904094696045,-3.0645456314086914,5.397263526916504,3.0645456314086914,2.0768918991088867,6.834815502166748,5,1
2869,-2.09444522857666,-3.3564352989196777,5.377662658691406,3.3564352989196777,2.0764715671539307,7.479761123657227,5,1
2870,-2.0932111740112305,-3.33540678024292,5.937500953674316,3.33540678024292,2.083735227584839,8.921735763549805,5,1
2871,-2.1554062366485596,-2.6625685691833496,5.207984924316406,2.6625685691833496,2.106889486312866,6.714198112487793,5,1
2872,-2.5082905292510986,-2.107417583465576,4.832340240478516,2.107417583465576,2.0731019973754883,6.316147327423096,5,1
2873,-2.184410333633423,-2.2780303955078125,4.7756171226501465,2.2780303955078125,2.059926748275757,5.836688041687012,5,1
2874,-2.296694040298462,-3.102492332458496,5.252333641052246,3.102492332458496,1.8890907764434814,4.8744635581970215,5,1
2875,-2.2738165855407715,-2.9632973670959473,5.418662071228027,2.9632973670959473,2.1046359539031982,6.037100791931152,5,1
2876,-2.38055157661438,-2.957566976547241,5.133971214294434,2.957566976547241,1.819416880607605,6.083974838256836,5,1
2877,-2.0732648372650146,-2.4278388023376465,4.976038455963135,2.4278388023376465,2.1375741958618164,6.921496868133545,5,1
2878,-1.9307019710540771,-2.909695625305176,4.835634231567383,2.909695625305176,1.9657789468765259,6.615849494934082,5,1
2879,-2.2020533084869385,-3.3253326416015625,5.874869346618652,3.3253326416015625,2.024646759033203,8.081828117370605,5,1
2880,-2.296729564666748,-2.8575620651245117,5.572148323059082,2.8575620651245117,2.09124755859375,8.291038513183594,5,1
2881,-2.2208597660064697,-2.7469534873962402,5.237911224365234,2.7469534873962402,2.0330116748809814,7.037012100219727,5,1
2882,-2.280590534210205,-2.606081247329712,4.948424816131592,2.606081247329712,2.012286424636841,5.0910749435424805,5,1
2883,-2.2340872287750244,-2.8975934982299805,5.2071919441223145,2.8975934982299805,1.9334864616394043,4.951259136199951,5,1
2884,-2.06679368019104,-2.2401485443115234,4.3985466957092285,2.2401485443115234,1.9357225894927979,5.158318996429443,5,1
2885,-2.3822383880615234,-1.6925568580627441,4.295905113220215,1.6925568580627441,2.1059517860412598,6.117692470550537,5,1
2886,-2.158507823944092,-1.4146015644073486,3.8487157821655273,1.4146015644073486,2.0009448528289795,6.091161727905273,5,1
2887,-1.9729607105255127,-2.1647486686706543,3.767381191253662,2.1647486686706543,1.9948548078536987,5.850389003753662,5,1
2888,-2.021101951599121,-3.115020275115967,4.9749650955200195,3.115020275115967,1.9569774866104126,5.588456630706787,5,1
2889,-2.310821294784546,-2.940161943435669,5.393643379211426,2.940161943435669,1.9176350831985474,6.121851444244385,5,1
2890,-2.1184332370758057,-3.015446662902832,5.297795295715332,3.015446662902832,2.095614433288574,7.492898464202881,5,1
2891,-2.495918035507202,-2.984855890274048,5.358334064483643,2.984855890274048,1.977138876914978,6.835505485534668,5,1
2892,-2.2813706398010254,-2.071122169494629,4.957113742828369,2.071122169494629,2.071702718734741,6.539961814880371,5,1
2893,-2.1616437435150146,-2.1587061882019043,4.51253604888916,2.1587061882019043,2.064225673675537,5.304666519165039,5,1
2894,-2.1929104328155518,-2.7747795581817627,5.124201774597168,2.7747795581817627,2.0439138412475586,4.789576053619385,5,1
2895,-2.2443418502807617,-3.3744826316833496,5.526035785675049,3.3744826316833496,2.0657525062561035,6.678133487701416,5,1
2896,-2.245173692703247,-2.3647308349609375,4.800727844238281,2.3647308349609375,2.0133676528930664,8.020689010620117,5,1
2897,-2.203782320022583,-2.4865715503692627,5.049988269805908,2.4865715503692627,2.053694486618042,7.751357555389404,5,1
2898,-2.1866888999938965,-3.0547525882720947,5.455085277557373,3.0547525882720947,2.0705642700195312,6.562653064727783,5,1
2899,-2.2786238193511963,-2.9069437980651855,5.262409687042236,2.9069437980651855,1.990322470664978,5.502370357513428,5,1
2900,-1.8839635848999023,-2.711008310317993,5.311928749084473,2.711008310317993,1.9216117858886719,6.138581275939941,5,1
2901,-2.1270625591278076,-2.8624050617218018,5.0246429443359375,2.8624050617218018,1.9615648984909058,7.417940139770508,5,1
2902,-2.128222942352295,-2.900515556335449,5.362020492553711,2.900515556335449,1.9932985305786133,7.110577583312988,5,1
2903,-2.0185720920562744,-3.114004373550415,5.158991813659668,3.114004373550415,1.8821699619293213,5.067512035369873,5,1
2904,-1.8833898305892944,-2.8755288124084473,5.1344380378723145,2.8755288124084473,1.922681450843811,6.20026159286499,5,1
2905,-1.9317986965179443,-2.407221794128418,4.679607391357422,2.407221794128418,2.1398818492889404,6.13667106628418,5,1
2906,-2.011686325073242,-2.486267566680908,4.603761196136475,2.486267566680908,1.9648617506027222,6.63431978225708,5,1
2907,-2.4130678176879883,-2.9009807109832764,5.019063949584961,2.9009807109832764,1.977035403251648,6.408046722412109,5,1
2908,-2.314713954925537,-1.8929029703140259,4.739302635192871,1.8929029703140259,2.042325973510742,5.888167381286621,5,1
2909,-2.3638086318969727,-2.3524694442749023,4.9876298904418945,2.3524694442749023,2.1085455417633057,5.630889892578125,5,1
2910,-1.8205100297927856,-2.9135594367980957,4.667783737182617,2.9135594367980957,2.054441213607788,5.295199871063232,5,1
2911,-2.175225019454956,-2.9513866901397705,5.493144512176514,2.9513866901397705,2.0900659561157227,6.840028285980225,5,1
2912,-2.1623775959014893,-2.705594778060913,4.650600433349609,2.705594778060913,1.9457627534866333,5.4327521324157715,5,1
2913,-2.3887979984283447,-2.089712619781494,5.00620174407959,2.089712619781494,1.9463136196136475,5.997181415557861,5,1
2914,-2.3293964862823486,-2.1060709953308105,4.934078216552734,2.1060709953308105,2.057664632797241,5.880300521850586,5,1
2915,-2.1473941802978516,-2.194416046142578,4.619289398193359,2.194416046142578,2.144618511199951,6.619393825531006,5,1
2916,-2.198619842529297,-3.0121490955352783,5.143810272216797,3.0121490955352783,2.0224223136901855,5.588794231414795,5,1
2917,-2.0346508026123047,-2.6058151721954346,4.913064002990723,2.6058151721954346,1.9779481887817383,5.529387950897217,5,1
2918,-2.071342945098877,-2.6717910766601562,4.862954616546631,2.6717910766601562,2.038696527481079,8.081615447998047,5,1
2919,-2.1170055866241455,-2.8095638751983643,4.890326499938965,2.8095638751983643,1.9410271644592285,8.787117958068848,5,1
2920,-2.045487880706787,-2.6484384536743164,5.171602249145508,2.6484384536743164,1.9161447286605835,6.234452724456787,5,1
2921,-2.1602883338928223,-2.765542984008789,5.341107368469238,2.765542984008789,2.0369527339935303,6.038819789886475,5,1
2922,-1.9707024097442627,-3.123843193054199,5.372594356536865,3.123843193054199,2.00630521774292,6.109226703643799,5,1
2923,-1.801209807395935,-3.460163116455078,5.396571159362793,3.460163116455078,2.0180060863494873,5.972530364990234,5,1
2924,-2.1871180534362793,-2.5808582305908203,5.342686176300049,2.5808582305908203,2.0072474479675293,6.955862045288086,5,1
2925,-2.2280802726745605,-3.0307626724243164,5.374691963195801,3.0307626724243164,2.015068292617798,7.83443546295166,5,1
2926,-2.2096445560455322,-3.133183717727661,5.817045211791992,3.133183717727661,2.066645622253418,6.836831569671631,5,1
2927,-2.2460477352142334,-2.698488473892212,5.09599494934082,2.698488473892212,2.1730780601501465,5.616146087646484,5,1
2928,-2.088728666305542,-2.618710994720459,5.096482276916504,2.618710994720459,1.9370793104171753,5.106708526611328,5,1
2929,-2.1895670890808105,-2.562610626220703,4.774483680725098,2.562610626220703,1.9457050561904907,5.363279342651367,5,1
2930,-1.8859808444976807,-2.644556999206543,4.918879508972168,2.644556999206543,1.8719121217727661,5.098780632019043,5,1
2931,-2.106473922729492,-2.71817684173584,4.776810169219971,2.71817684173584,2.0398964881896973,5.810971260070801,5,1
2932,-2.1131389141082764,-2.7125184535980225,4.857054233551025,2.7125184535980225,2.0277163982391357,7.6760334968566895,5,1
2933,-2.283175468444824,-2.5506973266601562,5.144083023071289,2.5506973266601562,1.988473892211914,8.1725435256958,5,1
2934,-2.155025005340576,-2.8222384452819824,4.788707256317139,2.8222384452819824,1.9525071382522583,5.651883125305176,5,1
2935,-2.2010879516601562,-2.982909679412842,5.0422186851501465,2.982909679412842,1.970906138420105,5.116436004638672,5,1
2936,-2.0647287368774414,-2.870730400085449,5.057392120361328,2.870730400085449,1.976875901222229,5.517841815948486,5,1
2937,-2.1600213050842285,-2.528177261352539,5.023428440093994,2.528177261352539,1.9324007034301758,6.058485507965088,5,1
2938,-2.0965003967285156,-2.896259307861328,4.949168682098389,2.896259307861328,2.0951592922210693,6.0167975425720215,5,1
2939,-2.296769142150879,-2.399905204772949,5.171040058135986,2.399905204772949,1.9021632671356201,4.890728950500488,5,1
2940,-1.951404333114624,-3.042790651321411,4.746216773986816,3.042790651321411,2.1370584964752197,5.84916877746582,5,1
2941,-2.090785503387451,-2.996840715408325,5.199434280395508,2.996840715408325,2.182616710662842,6.757211685180664,5,1
2942,-2.3150548934936523,-2.833509922027588,5.499838352203369,2.833509922027588,1.9478802680969238,7.3518385887146,5,1
2943,-2.2033963203430176,-3.5485804080963135,5.698667526245117,3.5485804080963135,2.02913236618042,6.122194766998291,5,1
2944,-2.2114028930664062,-2.7748005390167236,5.294009208679199,2.7748005390167236,1.860853672027588,5.1230669021606445,5,1
2945,-1.9225739240646362,-2.715127944946289,5.100726127624512,2.715127944946289,1.9527829885482788,4.936239719390869,5,1
2946,-2.0114545822143555,-2.428053855895996,4.718479156494141,2.428053855895996,2.018075704574585,6.754979133605957,5,1
2947,-1.93559992313385,-2.3164079189300537,4.492424011230469,2.3164079189300537,1.9464460611343384,7.101164817810059,5,1
2948,-2.241084337234497,-2.7744083404541016,5.367358207702637,2.7744083404541016,2.005286931991577,6.211518287658691,5,1
2949,-2.095123291015625,-2.640500068664551,5.052987098693848,2.640500068664551,1.9861990213394165,5.997613906860352,5,1
2950,-2.1389806270599365,-2.4553873538970947,5.216844081878662,2.4553873538970947,1.9834659099578857,6.240231990814209,5,1
2951,-2.243070125579834,-2.6090636253356934,4.921370983123779,2.6090636253356934,2.020817756652832,6.512892723083496,5,1
2952,-2.008981943130493,-2.805990695953369,4.972956657409668,2.805990695953369,2.0917060375213623,6.212678909301758,5,1
2953,-2.30798077583313,-2.7065417766571045,5.113411903381348,2.7065417766571045,1.996302604675293,5.539642333984375,5,1
2954,-1.9058048725128174,-2.519705295562744,5.074230194091797,2.519705295562744,1.9381872415542603,6.926726341247559,5,1
2955,-2.2713401317596436,-2.974172830581665,4.794887542724609,2.974172830581665,1.9639561176300049,7.43635892868042,5,1
2956,-2.010427474975586,-2.7401723861694336,5.0170817375183105,2.7401723861694336,1.9857218265533447,5.451991558074951,5,1
2957,-2.136260509490967,-2.4923653602600098,5.222527503967285,2.4923653602600098,2.004791736602783,5.001062870025635,5,1
2958,-2.3454537391662598,-2.622450351715088,5.463773727416992,2.622450351715088,2.011199474334717,4.633454322814941,5,1
2959,-2.202634334564209,-2.262758255004883,4.563071250915527,2.262758255004883,1.9591648578643799,4.736034393310547,5,1
2960,-2.335219144821167,-2.6886439323425293,5.21201229095459,2.6886439323425293,2.033810615539551,6.538801193237305,5,1
2961,-2.413966655731201,-3.0455660820007324,5.408053398132324,3.0455660820007324,2.0109012126922607,6.6935272216796875,5,1
2962,-2.289588212966919,-2.5223686695098877,4.694103717803955,2.5223686695098877,2.1100406646728516,4.868220329284668,5,1
2963,-2.1797759532928467,-2.4738407135009766,5.053877830505371,2.4738407135009766,2.032193183898926,6.638751983642578,5,1
2964,-2.15439772605896,-3.1591012477874756,5.280181884765625,3.1591012477874756,2.0067899227142334,5.873861312866211,5,1
2965,-1.9649606943130493,-2.924342632293701,5.496039390563965,2.924342632293701,1.8959940671920776,4.947706699371338,5,1
2966,-2.124516487121582,-2.649569511413574,4.896861553192139,2.649569511413574,1.9974130392074585,5.600261211395264,5,1
2967,-1.989354133605957,-2.445152759552002,4.780325889587402,2.445152759552002,1.9990880489349365,6.257901668548584,5,1
2968,-1.9884278774261475,-2.3143112659454346,4.532719612121582,2.3143112659454346,2.0294909477233887,6.715140342712402,5,1
2969,-2.130307197570801,-2.4368274211883545,4.871829032897949,2.4368274211883545,1.9658091068267822,7.705085754394531,5,1
2970,-2.5979373455047607,-2.1102676391601562,4.994267463684082,2.1102676391601562,1.9938699007034302,6.271998882293701,5,1
2971,-2.36446213722229,-2.5590176582336426,5.051098823547363,2.5590176582336426,2.013014554977417,6.001161575317383,5,1
2972,-2.212028741836548,-1.6695375442504883,4.664655685424805,1.6695375442504883,2.058621644973755,6.634610176086426,5,1
2973,-2.074453115463257,-3.012698173522949,4.971020698547363,3.012698173522949,1.9022917747497559,5.651914119720459,5,1
2974,-2.3602511882781982,-3.0109195709228516,5.585135459899902,3.0109195709228516,1.9168779850006104,4.4727783203125,5,1
2975,-2.0385804176330566,-2.8960118293762207,5.288669586181641,2.8960118293762207,2.044534921646118,4.587844371795654,5,1
2976,-1.9944130182266235,-2.630387306213379,5.198980331420898,2.630387306213379,2.032607316970825,5.6316375732421875,5,1
2977,-2.2778873443603516,-2.726421356201172,5.175851821899414,2.726421356201172,2.0228171348571777,7.236135482788086,5,1
2978,-2.2899813652038574,-2.45249080657959,4.708016872406006,2.45249080657959,2.1282153129577637,7.746942043304443,5,1
2979,-2.457430362701416,-2.5039093494415283,5.28881311416626,2.5039093494415283,2.028809070587158,6.744325637817383,5,1
2980,-2.0012001991271973,-3.182796001434326,5.624267578125,3.182796001434326,1.9349724054336548,6.2103986740112305,5,1
2981,-1.8000457286834717,-2.6597683429718018,4.711698532104492,2.6597683429718018,1.9897289276123047,5.188233852386475,5,1
2982,-2.1980326175689697,-2.523768901824951,4.853035926818848,2.523768901824951,2.010416269302368,6.493389129638672,5,1
2983,-2.1193342208862305,-2.458240509033203,4.903648376464844,2.458240509033203,2.090616226196289,6.384774684906006,5,1
2984,-2.20953631401062,-2.6878647804260254,5.127297401428223,2.6878647804260254,1.8886157274246216,6.838913917541504,5,1
2985,-2.33909273147583,-2.854114294052124,5.4550604820251465,2.854114294052124,2.1740617752075195,7.933600425720215,5,1
2986,-2.1275079250335693,-2.932777166366577,5.18012809753418,2.932777166366577,2.0093164443969727,6.159455299377441,5,1
2987,-2.0781025886535645,-3.0985989570617676,5.373938083648682,3.0985989570617676,2.0078799724578857,4.7602033615112305,5,1
2988,-2.1479530334472656,-2.834293842315674,4.993156433105469,2.834293842315674,2.060756206512451,4.676961421966553,5,1
2989,-2.215981960296631,-3.1235098838806152,5.358509063720703,3.1235098838806152,1.9369112253189087,5.590893745422363,5,1
2990,-2.1627376079559326,-2.7814297676086426,5.197063446044922,2.7814297676086426,1.9504961967468262,6.333337783813477,5,1
2991,-2.0031843185424805,-3.15812087059021,5.187882900238037,3.15812087059021,2.046790599822998,6.126491546630859,5,1
2992,-1.9786452054977417,-2.7311434745788574,5.359894275665283,2.7311434745788574,1.9407713413238525,6.639437198638916,5,1
2993,-2.15759015083313,-2.549513816833496,4.597952842712402,2.549513816833496,2.1141765117645264,7.089340686798096,5,1
2994,-1.8458386659622192,-2.6973118782043457,4.820108413696289,2.6973118782043457,1.9847602844238281,6.744418144226074,5,1
2995,-2.3711016178131104,-3.241706371307373,5.364656925201416,3.241706371307373,1.844985008239746,7.761439800262451,5,1
2996,-2.1454222202301025,-2.4474525451660156,4.590976715087891,2.4474525451660156,1.960589051246643,8.0545015335083,5,1
2997,-2.256357431411743,-2.708000421524048,5.296778678894043,2.708000421524048,2.0258524417877197,7.198350429534912,5,1
2998,-2.216191530227661,-2.669499397277832,4.796607494354248,2.669499397277832,2.0686023235321045,6.534567356109619,5,1
2999,-2.1373801231384277,-3.2291815280914307,5.0271172523498535,3.2291815280914307,2.0188140869140625,5.606400489807129,5,1
3000,-2.080120325088501,-2.4854722023010254,5.023427963256836,2.4854722023010254,1.944688081741333,5.311728477478027,5,1
3001,-2.00508975982666,-2.5402255058288574,4.955773830413818,2.5402255058288574,2.1279022693634033,5.141019821166992,5,1
3002,-2.2705061435699463,-2.519746780395508,4.875730991363525,2.519746780395508,2.0217182636260986,6.4809184074401855,5,1
3003,-2.1414382457733154,-2.032240867614746,4.608083724975586,2.032240867614746,2.1303141117095947,5.049633502960205,5,1
3004,-2.127842426300049,-2.8806087970733643,5.196422576904297,2.8806087970733643,1.9628689289093018,5.288381576538086,5,1
3005,-1.947066068649292,-2.7237000465393066,4.922430992126465,2.7237000465393066,2.055682897567749,5.74835205078125,5,1
3006,-2.219217300415039,-3.182034730911255,5.185237884521484,3.182034730911255,1.9860020875930786,4.9572906494140625,5,1
3007,-2.238753318786621,-2.7190773487091064,5.170371055603027,2.7190773487091064,2.092489004135132,4.964637279510498,5,1
3008,-2.062697649002075,-2.7612874507904053,5.4432172775268555,2.7612874507904053,2.0722897052764893,5.550067901611328,5,1
3009,-2.324666976928711,-3.0795950889587402,5.4916582107543945,3.0795950889587402,1.970974326133728,7.413116455078125,5,1
3010,-2.20776104927063,-2.3863162994384766,4.696110725402832,2.3863162994384766,1.8354638814926147,6.923741340637207,5,1
3011,-2.2932257652282715,-2.3381505012512207,4.820815086364746,2.3381505012512207,2.0758769512176514,6.45212459564209,5,1
3012,-2.190573215484619,-2.777111530303955,5.084672451019287,2.777111530303955,2.0688211917877197,6.285372257232666,5,1
3013,-1.9883146286010742,-3.0064151287078857,5.022106170654297,3.0064151287078857,1.951546549797058,6.5033440589904785,5,1
3014,-1.9318653345108032,-2.7087082862854004,4.716832160949707,2.7087082862854004,1.907638669013977,6.26855993270874,5,1
3015,-2.1247057914733887,-2.8826675415039062,4.854531288146973,2.8826675415039062,2.09383487701416,4.960241794586182,5,1
3016,-2.2931618690490723,-2.5553314685821533,5.0057196617126465,2.5553314685821533,2.1142868995666504,5.095454692840576,5,1
3017,-2.1046364307403564,-2.873810291290283,4.943613529205322,2.873810291290283,1.888357162475586,5.993038177490234,5,1
3018,-2.144737720489502,-2.6873669624328613,5.1783127784729,2.6873669624328613,2.1373631954193115,8.159607887268066,5,1
3019,-2.1526243686676025,-2.075528860092163,4.665114402770996,2.075528860092163,1.9967007637023926,7.795254707336426,5,1
3020,-2.2434890270233154,-2.555582284927368,4.538370132446289,2.555582284927368,1.9217503070831299,5.891867160797119,5,1
3021,-2.2728617191314697,-2.508782386779785,4.817244529724121,2.508782386779785,1.9733048677444458,5.92539119720459,5,1
3022,-2.2300820350646973,-1.8701705932617188,4.592373847961426,1.8701705932617188,2.0054616928100586,6.963477611541748,5,1
3023,-2.0649266242980957,-2.445420742034912,4.4889607429504395,2.445420742034912,2.018153667449951,7.437498092651367,5,1
3024,-2.1828229427337646,-1.908332109451294,4.470799922943115,1.908332109451294,2.094273090362549,7.00601863861084,5,1
3025,-2.093229293823242,-2.217848300933838,4.531914234161377,2.217848300933838,2.1274378299713135,6.704418659210205,5,1
3026,-2.262967348098755,-2.2486860752105713,4.734040260314941,2.2486860752105713,2.1212735176086426,6.466423988342285,5,1
3027,-2.1155707836151123,-2.4167070388793945,4.8438310623168945,2.4167070388793945,2.0794637203216553,4.984865665435791,5,1
3028,-1.8726099729537964,-2.3469276428222656,4.659170150756836,2.3469276428222656,1.9337425231933594,5.2516560554504395,5,1
3029,-2.2008588314056396,-2.5260848999023438,4.758797645568848,2.5260848999023438,1.9467310905456543,5.721238613128662,5,1
3030,-2.007333993911743,-3.235541343688965,5.1709699630737305,3.235541343688965,2.128310203552246,5.727608680725098,5,1
3031,-2.069669485092163,-2.980781078338623,5.369911193847656,2.980781078338623,2.004427194595337,5.651342868804932,5,1
3032,-2.1214184761047363,-2.8922953605651855,5.082602500915527,2.8922953605651855,1.9934234619140625,5.005849838256836,5,1
3033,-2.216054677963257,-2.5870440006256104,5.10165548324585,2.5870440006256104,2.0491325855255127,5.7071638107299805,5,1
3034,-2.3172767162323,-2.411132335662842,4.858375549316406,2.411132335662842,2.062893867492676,6.2715935707092285,5,1
3035,-1.8327243328094482,-2.8549537658691406,4.766310214996338,2.8549537658691406,1.9610134363174438,4.5512189865112305,5,1
3036,-2.006162166595459,-2.3555548191070557,4.910531997680664,2.3555548191070557,2.0938305854797363,5.586642742156982,5,1
3037,-2.1998627185821533,-2.4370667934417725,4.65848445892334,2.4370667934417725,1.9926934242248535,6.663058280944824,5,1
3038,-2.3228366374969482,-2.247211217880249,4.778500556945801,2.247211217880249,2.049004316329956,8.608475685119629,5,1
3039,-2.2229831218719482,-2.104560136795044,4.622145652770996,2.104560136795044,2.047466516494751,7.211051940917969,5,1
3040,-2.287029266357422,-2.8391027450561523,5.3773393630981445,2.8391027450561523,1.992807388305664,4.745035648345947,5,1
3041,-2.0724399089813232,-2.8182525634765625,5.342350959777832,2.8182525634765625,1.9975534677505493,4.953723430633545,5,1
3042,-2.1082394123077393,-2.1850554943084717,4.9098920822143555,2.1850554943084717,2.121263265609741,5.323548316955566,5,1
3043,-2.0449471473693848,-1.843540072441101,3.9918198585510254,1.843540072441101,2.0519251823425293,6.099313735961914,5,1
3044,-2.2645745277404785,-2.0177690982818604,4.303891181945801,2.0177690982818604,2.0656659603118896,6.392779350280762,5,1
3045,-2.120617389678955,-2.5740137100219727,4.641875267028809,2.5740137100219727,2.011901378631592,4.913402557373047,5,1
3046,-2.108668327331543,-3.5332229137420654,5.225020408630371,3.5332229137420654,1.9381917715072632,6.039972305297852,5,1
3047,-2.036159038543701,-3.112833261489868,5.412440299987793,3.112833261489868,2.0360193252563477,7.6046833992004395,5,1
3048,-1.953419804573059,-2.5222928524017334,4.981861114501953,2.5222928524017334,1.9188177585601807,6.82887601852417,5,1
3049,-2.338923454284668,-2.2853198051452637,4.913717269897461,2.2853198051452637,2.126518964767456,7.689902305603027,5,1
3050,-2.2192223072052,-2.6871352195739746,4.857829570770264,2.6871352195739746,2.106325387954712,6.042671203613281,5,1
3051,-2.013442039489746,-2.767860174179077,5.07072639465332,2.767860174179077,2.1075026988983154,4.899768829345703,5,1
3052,-2.070369243621826,-3.029129981994629,5.070420742034912,3.029129981994629,1.9157805442810059,4.421762943267822,5,1
3053,-2.2185580730438232,-2.8685598373413086,5.167133331298828,2.8685598373413086,1.9680243730545044,4.766373157501221,5,1
3054,-1.9202605485916138,-3.0909080505371094,5.450406074523926,3.0909080505371094,1.9652197360992432,5.422698974609375,5,1
3055,-2.3136746883392334,-2.5756704807281494,5.524758338928223,2.5756704807281494,2.0029544830322266,5.975594997406006,5,1
3056,-2.359508991241455,-1.9180105924606323,4.555389404296875,1.9180105924606323,2.1843435764312744,6.801630020141602,5,1
3057,-2.0204668045043945,-2.739077568054199,5.2049150466918945,2.739077568054199,2.0924735069274902,7.955801486968994,5,1
3058,-2.0490472316741943,-2.466688394546509,4.887367248535156,2.466688394546509,1.9924440383911133,6.400363922119141,5,1
3059,-2.124880313873291,-2.856396198272705,5.164800643920898,2.856396198272705,1.8734819889068604,4.897836208343506,5,1
3060,-2.1266655921936035,-2.918268918991089,5.322141647338867,2.918268918991089,2.095479965209961,5.206229209899902,5,1
3061,-2.038774013519287,-2.911301374435425,5.416856288909912,2.911301374435425,1.9139004945755005,5.336984634399414,5,1
3062,-1.834483027458191,-3.0068845748901367,5.083718299865723,3.0068845748901367,1.9389472007751465,6.814980506896973,5,1
3063,-2.408698081970215,-3.10018253326416,5.674612045288086,3.10018253326416,1.9503633975982666,7.887670993804932,5,1
3064,-2.1227922439575195,-2.304004430770874,5.014443397521973,2.304004430770874,1.9806329011917114,6.705531597137451,5,1
3065,-2.2871766090393066,-2.2058401107788086,4.255475044250488,2.2058401107788086,1.9437534809112549,4.987489223480225,5,1
3066,-2.03318452835083,-1.7524243593215942,4.454134941101074,1.7524243593215942,1.9671612977981567,5.514082908630371,5,1
3067,-1.9775495529174805,-2.2094125747680664,4.213915824890137,2.2094125747680664,1.8428456783294678,5.468149662017822,5,1
3068,-2.1277225017547607,-2.522455930709839,4.984187126159668,2.522455930709839,1.8574351072311401,5.482422351837158,5,1
3069,-2.040982961654663,-2.9119608402252197,5.320570945739746,2.9119608402252197,1.923211693763733,6.269685745239258,5,1
3070,-1.925911545753479,-3.138345956802368,5.653149604797363,3.138345956802368,2.1135103702545166,6.524569034576416,5,1
3071,-1.9024555683135986,-2.8775887489318848,4.976567268371582,2.8775887489318848,2.0135509967803955,8.13393497467041,5,1
3072,-2.4319868087768555,-3.106802463531494,5.559178829193115,3.106802463531494,1.9937547445297241,8.85664176940918,5,1
3073,-2.249537944793701,-3.291419506072998,5.8917236328125,3.291419506072998,2.079455852508545,7.703380584716797,5,1
3074,-2.088080644607544,-3.1536803245544434,5.1761555671691895,3.1536803245544434,1.9666247367858887,5.530533313751221,5,1
3075,-2.0540075302124023,-2.7312562465667725,5.184889316558838,2.7312562465667725,2.0437581539154053,4.413142204284668,5,1
3076,-2.0957624912261963,-2.8419079780578613,5.088849067687988,2.8419079780578613,1.9557344913482666,5.149342060089111,5,1
3077,-2.472583293914795,-2.9676809310913086,5.586432456970215,2.9676809310913086,1.8805943727493286,6.210643768310547,5,1
3078,-2.068971872329712,-2.5193493366241455,4.886002540588379,2.5193493366241455,1.993033766746521,6.921748161315918,5,1
3079,-2.0300073623657227,-2.277177095413208,4.624161243438721,2.277177095413208,2.040532112121582,6.027119159698486,5,1
3080,-1.967861533164978,-2.845933437347412,4.911173343658447,2.845933437347412,1.913331151008606,5.027906894683838,5,1
3081,-1.9943779706954956,-2.9033384323120117,5.132889747619629,2.9033384323120117,2.043334722518921,5.864473342895508,5,1
3082,-2.300396680831909,-2.5658047199249268,5.046389102935791,2.5658047199249268,2.0838849544525146,8.017062187194824,5,1
3083,-2.2931036949157715,-2.5740084648132324,4.924795150756836,2.5740084648132324,2.0135066509246826,9.319023132324219,5,1
3084,-2.0335912704467773,-2.809483766555786,5.268174171447754,2.809483766555786,1.8767591714859009,7.314459323883057,5,1
3085,-2.31732177734375,-2.1961376667022705,5.03040885925293,2.1961376667022705,2.0558040142059326,7.4967851638793945,5,1
3086,-2.0819807052612305,-2.4142441749572754,4.653964042663574,2.4142441749572754,1.9216886758804321,6.977112770080566,5,1
3087,-2.1417527198791504,-2.744385242462158,4.704087734222412,2.744385242462158,1.9480522871017456,5.454031944274902,5,1
3088,-2.1166579723358154,-2.6007347106933594,4.675319671630859,2.6007347106933594,2.0028750896453857,6.013411045074463,5,1
3089,-2.1815297603607178,-3.101015567779541,5.338088035583496,3.101015567779541,1.949181318283081,5.618870258331299,5,1
3090,-2.07232403755188,-2.5717811584472656,4.685688495635986,2.5717811584472656,1.9256885051727295,4.662145137786865,5,1
3091,-2.4048633575439453,-2.5827407836914062,4.961235046386719,2.5827407836914062,2.01143741607666,4.857474327087402,5,1
3092,-2.2263708114624023,-2.3986308574676514,5.022970199584961,2.3986308574676514,2.172962188720703,6.810129165649414,5,1
3093,-1.9114737510681152,-2.9985809326171875,5.073342323303223,2.9985809326171875,2.028916358947754,7.8829345703125,5,1
3094,-2.127800703048706,-2.8763794898986816,5.261940002441406,2.8763794898986816,1.9788975715637207,7.5195112228393555,5,1
3095,-1.9397728443145752,-3.0478124618530273,4.998810768127441,3.0478124618530273,1.9472756385803223,6.952414035797119,5,1
3096,-2.1203582286834717,-2.438337564468384,4.986384868621826,2.438337564468384,1.9759377241134644,6.4886393547058105,5,1
3097,-2.1313064098358154,-2.848712205886841,5.327285289764404,2.848712205886841,2.097425699234009,5.350961685180664,5,1
3098,-1.891689419746399,-2.792684555053711,4.8504862785339355,2.792684555053711,2.034294605255127,6.2355570793151855,5,1
3099,-2.0190773010253906,-3.0841236114501953,4.973531723022461,3.0841236114501953,1.9306999444961548,5.537592887878418,5,1
3100,-1.7710779905319214,-3.2515857219696045,5.419099807739258,3.2515857219696045,1.875938057899475,5.121731758117676,5,1
3101,-1.9275184869766235,-2.919912099838257,5.300634384155273,2.919912099838257,1.837889313697815,5.1090898513793945,5,1
3102,-2.2541236877441406,-2.7850141525268555,5.204551696777344,2.7850141525268555,2.0394840240478516,5.11091947555542,5,1
3103,-1.9713048934936523,-2.711066246032715,4.810056209564209,2.711066246032715,2.030958652496338,5.009839057922363,5,1
3104,-1.9926424026489258,-2.703026533126831,4.816165447235107,2.703026533126831,2.0366437435150146,6.762025833129883,5,1
3105,-1.9928815364837646,-3.0563547611236572,5.134937286376953,3.0563547611236572,1.8953067064285278,7.044086933135986,5,1
3106,-2.04978609085083,-3.0034127235412598,5.2036638259887695,3.0034127235412598,1.9564950466156006,5.86700439453125,5,1
3107,-1.9436464309692383,-2.727785587310791,4.812000274658203,2.727785587310791,1.9882347583770752,5.4486284255981445,5,1
3108,-2.120490550994873,-3.134361743927002,4.94746208190918,3.134361743927002,1.852700114250183,5.260251522064209,5,1
3109,-2.102430820465088,-3.1504392623901367,5.484354019165039,3.1504392623901367,2.1426374912261963,7.118760108947754,5,1
3110,-1.9019973278045654,-2.7956302165985107,5.087373733520508,2.7956302165985107,2.0003151893615723,7.754185676574707,5,1
3111,-2.067470073699951,-2.696584463119507,4.996238708496094,2.696584463119507,1.8737938404083252,6.186618804931641,5,1
3112,-2.207017421722412,-2.528583526611328,4.635756015777588,2.528583526611328,1.986523985862732,5.049399375915527,5,1
3113,-1.848935842514038,-2.136751413345337,4.264298439025879,2.136751413345337,1.9510564804077148,5.09347677230835,5,1
3114,-2.2573623657226562,-2.0534563064575195,4.389339447021484,2.0534563064575195,1.9916670322418213,6.4778923988342285,5,1
3115,-1.796157956123352,-1.9839227199554443,3.8957109451293945,1.9839227199554443,2.057270050048828,7.041942596435547,5,1
3116,-2.152168035507202,-2.596774101257324,4.643850803375244,2.596774101257324,2.0364205837249756,6.109134674072266,5,1
3117,-1.8933688402175903,-2.381293535232544,4.72309684753418,2.381293535232544,1.9955451488494873,5.2386345863342285,5,1
3118,-2.1876354217529297,-2.8780055046081543,5.245348930358887,2.8780055046081543,2.0459835529327393,5.834552764892578,5,1
3119,-2.1783599853515625,-2.3531603813171387,4.710740089416504,2.3531603813171387,2.0644993782043457,7.0406670570373535,5,1
3120,-2.13985013961792,-2.4383840560913086,4.9555511474609375,2.4383840560913086,2.226640224456787,6.990133762359619,5,1
3121,-2.187159299850464,-2.4278998374938965,4.793392658233643,2.4278998374938965,2.048835515975952,7.4061737060546875,5,1
3122,-2.000354051589966,-2.3903908729553223,4.714967250823975,2.3903908729553223,2.093966245651245,8.484047889709473,5,1
3123,-2.0886640548706055,-2.591891288757324,4.627932548522949,2.591891288757324,2.0368449687957764,6.119184970855713,5,1
3124,-2.045974016189575,-2.566956043243408,4.889585494995117,2.566956043243408,2.0658979415893555,6.082188129425049,5,1
3125,-1.892198085784912,-2.600708246231079,4.717285633087158,2.600708246231079,2.0231099128723145,7.707003593444824,5,1
3126,-1.8357789516448975,-2.58351469039917,4.676077365875244,2.58351469039917,1.9112156629562378,6.9311842918396,5,1
3127,-1.9377909898757935,-2.947650909423828,4.978597640991211,2.947650909423828,1.978015661239624,5.510602951049805,5,1
3128,-2.1462488174438477,-2.5313475131988525,5.063269138336182,2.5313475131988525,1.9730579853057861,6.12467098236084,5,1
3129,-2.3019044399261475,-3.2798967361450195,5.658721923828125,3.2798967361450195,2.0575757026672363,7.984941482543945,5,1
3130,-2.1872963905334473,-3.21608304977417,5.329501152038574,3.21608304977417,1.9698537588119507,6.605313301086426,5,1
3131,-2.3346750736236572,-2.5570333003997803,5.027933120727539,2.5570333003997803,2.07646107673645,6.116029262542725,5,1
3132,-1.8605420589447021,-3.2029919624328613,5.012270450592041,3.2029919624328613,2.0332136154174805,5.690966606140137,5,1
3133,-2.2083356380462646,-2.713639259338379,5.000636100769043,2.713639259338379,2.177846670150757,5.591977596282959,5,1
3134,-2.2939846515655518,-3.3186655044555664,5.109494686126709,3.3186655044555664,1.8901079893112183,4.9022111892700195,5,1
3135,-2.1350257396698,-2.6715221405029297,5.430051803588867,2.6715221405029297,1.8561980724334717,4.73297119140625,5,1
3136,-2.1914196014404297,-2.6395726203918457,4.6386919021606445,2.6395726203918457,1.9885128736495972,5.69082498550415,5,1
3137,-2.3451685905456543,-2.3110148906707764,4.726633071899414,2.3110148906707764,2.082740306854248,6.774132251739502,5,1
3138,-2.1360151767730713,-2.1701207160949707,4.286947250366211,2.1701207160949707,1.9785594940185547,7.228313446044922,5,1
3139,-2.3185465335845947,-2.310849666595459,4.603732109069824,2.310849666595459,2.0161731243133545,6.458861351013184,5,1
3140,-1.7114955186843872,-2.6282026767730713,4.499859809875488,2.6282026767730713,2.0504331588745117,6.545144557952881,5,1
3141,-2.132171154022217,-3.254784345626831,5.59522819519043,3.254784345626831,2.0009756088256836,6.231201171875,5,1
3142,-1.9417277574539185,-3.3099517822265625,5.253374099731445,3.3099517822265625,1.953398585319519,5.701111793518066,5,1
3143,-2.1266024112701416,-3.0827198028564453,5.522623538970947,3.0827198028564453,1.9343407154083252,7.08124303817749,5,1
3144,-2.2252373695373535,-3.202817440032959,5.3097381591796875,3.202817440032959,1.9172391891479492,7.108921527862549,5,1
3145,-2.2318577766418457,-2.9901790618896484,5.330307483673096,2.9901790618896484,1.9873892068862915,6.377059459686279,5,1
3146,-2.0736851692199707,-2.463933229446411,4.670673370361328,2.463933229446411,2.0722851753234863,7.282083988189697,5,1
3147,-2.105177640914917,-3.216963768005371,5.418465614318848,3.216963768005371,1.947214126586914,7.070128917694092,5,1
3148,-2.241220235824585,-2.5774593353271484,5.0696797370910645,2.5774593353271484,1.9350241422653198,6.065956115722656,5,1
3149,-1.8722422122955322,-3.02034068107605,5.2161688804626465,3.02034068107605,2.021928310394287,5.551121711730957,5,1
3150,-2.0317296981811523,-2.5578131675720215,4.97050666809082,2.5578131675720215,2.024932622909546,6.994143009185791,5,1
3151,-1.8735305070877075,-2.970677137374878,5.164161682128906,2.970677137374878,1.9517706632614136,6.731906890869141,5,1
3152,-2.2080392837524414,-2.7940571308135986,5.513025760650635,2.7940571308135986,1.979269027709961,4.956188201904297,5,1
3153,-1.7627146244049072,-2.8965909481048584,4.90422248840332,2.8965909481048584,1.8956655263900757,4.650452136993408,5,1
3154,-2.038097620010376,-2.727964162826538,4.909885406494141,2.727964162826538,1.942406415939331,6.306928634643555,5,1
3155,-2.342043161392212,-2.2754154205322266,4.758240222930908,2.2754154205322266,2.006091594696045,7.288702011108398,5,1
3156,-2.186286449432373,-2.6364598274230957,4.749459743499756,2.6364598274230957,1.9508355855941772,5.646231174468994,5,1
3157,-2.0078601837158203,-2.783378839492798,5.326635837554932,2.783378839492798,1.9435991048812866,4.768657684326172,5,1
3158,-2.514080047607422,-3.081747055053711,5.4032745361328125,3.081747055053711,2.0256245136260986,5.438023090362549,5,1
3159,-2.175718069076538,-2.3261191844940186,4.43968391418457,2.3261191844940186,1.9791674613952637,7.09566068649292,5,1
3160,-2.2594563961029053,-2.2736196517944336,4.744250774383545,2.2736196517944336,2.079965353012085,9.248563766479492,5,1
3161,-2.1252970695495605,-2.7707135677337646,5.105191230773926,2.7707135677337646,2.027740716934204,6.938665866851807,5,1
3162,-1.996915340423584,-3.0272865295410156,5.440800666809082,3.0272865295410156,2.0452370643615723,6.044072151184082,5,1
3163,-2.215632915496826,-2.8378007411956787,5.068703651428223,2.8378007411956787,1.9937080144882202,5.577915191650391,5,1
3164,-2.235241174697876,-2.7791407108306885,5.076115131378174,2.7791407108306885,1.865920066833496,4.797944068908691,5,1
3165,-2.066195011138916,-2.891916036605835,5.126089096069336,2.891916036605835,1.8470849990844727,5.1743035316467285,5,1
3166,-2.2443718910217285,-2.985894203186035,5.251269340515137,2.985894203186035,2.02598237991333,5.480759620666504,5,1
3167,-2.1471354961395264,-2.9935269355773926,5.0724029541015625,2.9935269355773926,1.949364185333252,5.1894001960754395,5,1
3168,-2.0563700199127197,-3.050569534301758,5.180813789367676,3.050569534301758,2.041780471801758,5.164528846740723,5,1
3169,-2.0417468547821045,-3.208050489425659,5.6797590255737305,3.208050489425659,1.9912766218185425,5.3420796394348145,5,1
3170,-1.9120633602142334,-3.0559754371643066,5.474798202514648,3.0559754371643066,2.0492241382598877,5.8331074714660645,5,1
3171,-2.151348352432251,-2.995021343231201,5.22177267074585,2.995021343231201,2.0075905323028564,7.015618324279785,5,1
3172,-2.1598920822143555,-2.6777191162109375,5.036109924316406,2.6777191162109375,1.9530566930770874,6.878531455993652,5,1
3173,-2.050729513168335,-2.6571121215820312,4.8859639167785645,2.6571121215820312,2.051877737045288,6.1654462814331055,5,1
3174,-2.129554510116577,-3.2690505981445312,5.604192733764648,3.2690505981445312,1.903490424156189,6.681796550750732,5,1
3175,-2.252265214920044,-2.2849621772766113,4.979489326477051,2.2849621772766113,2.091379165649414,7.5180583000183105,5,1
3176,-2.1617870330810547,-2.4439401626586914,4.759119033813477,2.4439401626586914,2.0030126571655273,7.540005207061768,5,1
3177,-2.358337163925171,-2.12416934967041,4.696794033050537,2.12416934967041,2.1256654262542725,6.341797828674316,5,1
3178,-1.9863266944885254,-2.629985809326172,4.985078811645508,2.629985809326172,1.86760413646698,4.862832069396973,5,1
3179,-2.3656888008117676,-2.1547999382019043,4.769469738006592,2.1547999382019043,1.9819055795669556,4.987696170806885,5,1
3180,-1.9584362506866455,-2.3638358116149902,4.732327461242676,2.3638358116149902,2.0291943550109863,5.179263591766357,5,1
3181,-1.8981192111968994,-2.173957347869873,4.499721050262451,2.173957347869873,1.8705326318740845,5.792232036590576,5,1
3182,-2.0430521965026855,-2.6559908390045166,4.938313961029053,2.6559908390045166,2.0267412662506104,6.478457450866699,5,1
3183,-2.1829216480255127,-2.797140121459961,5.04157829284668,2.797140121459961,1.9448379278182983,7.696248531341553,5,1
3184,-2.0738525390625,-2.872000217437744,4.908973693847656,2.872000217437744,1.897505760192871,6.765174388885498,5,1
3185,-2.0660696029663086,-2.9276938438415527,5.37628698348999,2.9276938438415527,1.9997221231460571,5.142151355743408,5,1
3186,-1.775371789932251,-3.3043065071105957,5.323975563049316,3.3043065071105957,1.9502583742141724,4.946429252624512,5,1
3187,-2.0789365768432617,-2.8907339572906494,5.170603275299072,2.8907339572906494,1.936375379562378,5.5874409675598145,5,1
3188,-2.250058650970459,-2.736051559448242,5.241757392883301,2.736051559448242,1.8781977891921997,6.217399597167969,5,1
3189,-2.1399879455566406,-2.7373557090759277,5.10714054107666,2.7373557090759277,2.063723087310791,8.102655410766602,5,1
3190,-2.4663212299346924,-2.3633885383605957,5.235260009765625,2.3633885383605957,1.9684350490570068,8.768083572387695,5,1
3191,-2.0947089195251465,-3.046886444091797,5.370441436767578,3.046886444091797,2.00180983543396,6.408624172210693,5,1
3192,-1.9374847412109375,-2.6153512001037598,4.650325775146484,2.6153512001037598,2.1105446815490723,6.314079761505127,5,1
3193,-2.1277565956115723,-2.382931709289551,4.512266635894775,2.382931709289551,1.8457145690917969,4.9308085441589355,5,1
3194,-2.2427008152008057,-2.528278350830078,4.927306175231934,2.528278350830078,1.9706707000732422,5.634236812591553,5,1
3195,-2.0679001808166504,-2.7142386436462402,4.349020957946777,2.7142386436462402,1.932112693786621,7.118772506713867,5,1
3196,-1.9347975254058838,-2.7349963188171387,4.543023109436035,2.7349963188171387,2.076524257659912,7.099390983581543,5,1
3197,-2.0243537425994873,-3.1382386684417725,5.1613945960998535,3.1382386684417725,1.9120627641677856,5.197340488433838,5,1
3198,-2.2209417819976807,-2.9334189891815186,5.733681678771973,2.9334189891815186,2.0111186504364014,5.090823173522949,5,1
3199,-1.6390678882598877,-3.00986909866333,4.745666980743408,3.00986909866333,2.072345018386841,6.422902584075928,5,1
3200,-1.7710767984390259,-2.906411647796631,4.867358684539795,2.906411647796631,1.9814050197601318,6.090444564819336,5,1
3201,-2.0778510570526123,-2.621248722076416,5.036797523498535,2.621248722076416,1.9977704286575317,6.516223907470703,5,1
3202,-2.1208901405334473,-2.8157176971435547,5.419539928436279,2.8157176971435547,2.0243778228759766,6.972591876983643,5,1
3203,-1.9376325607299805,-2.7142133712768555,5.010077953338623,2.7142133712768555,2.0362939834594727,6.199660778045654,5,1
3204,-2.14924955368042,-3.0798590183258057,5.42715311050415,3.0798590183258057,1.9812431335449219,7.3655195236206055,5,1
3205,-2.2785444259643555,-2.597506523132324,5.143869400024414,2.597506523132324,2.102649688720703,7.812231063842773,5,1
3206,-2.268815517425537,-2.406623363494873,4.981127738952637,2.406623363494873,2.017693519592285,7.778020858764648,5,1
3207,-1.7402187585830688,-2.5663414001464844,4.427056312561035,2.5663414001464844,2.0462093353271484,6.118893623352051,5,1
3208,-1.8450103998184204,-2.7327311038970947,4.651985168457031,2.7327311038970947,1.991355538368225,4.841411590576172,5,1
3209,-2.009478807449341,-2.75872802734375,5.018095970153809,2.75872802734375,2.067099094390869,5.774758815765381,5,1
3210,-2.007810592651367,-2.9312357902526855,5.532228469848633,2.9312357902526855,2.0507607460021973,6.748576641082764,5,1
3211,-2.2078144550323486,-2.5374956130981445,5.069591999053955,2.5374956130981445,2.0593860149383545,7.706258296966553,5,1
3212,-1.9893162250518799,-2.5358636379241943,4.575830459594727,2.5358636379241943,1.9966416358947754,7.566293716430664,5,1
3213,-2.2882561683654785,-2.861510753631592,5.023313522338867,2.861510753631592,1.915042519569397,6.681929588317871,5,1
3214,-2.34326434135437,-2.619379997253418,4.90412712097168,2.619379997253418,2.0222268104553223,5.318912029266357,5,1
3215,-2.1414473056793213,-2.785879611968994,4.902599334716797,2.785879611968994,2.0231425762176514,4.69407844543457,5,1
3216,-1.8104355335235596,-2.8310394287109375,4.687090873718262,2.8310394287109375,1.9574633836746216,4.386692047119141,5,1
3217,-1.9842314720153809,-2.6212031841278076,4.5658111572265625,2.6212031841278076,1.9332733154296875,4.250461578369141,5,1
3218,-2.203868865966797,-3.0936851501464844,5.193353176116943,3.0936851501464844,1.9079234600067139,4.286037921905518,5,1
3219,-2.1391403675079346,-2.9058151245117188,5.043585300445557,2.9058151245117188,2.0605149269104004,4.976456165313721,5,1
3220,-1.9193601608276367,-2.0524351596832275,4.50518798828125,2.0524351596832275,2.0355632305145264,5.90363883972168,5,1
3221,-1.8860230445861816,-2.4773120880126953,4.335999965667725,2.4773120880126953,2.0117483139038086,4.935182571411133,5,1
3222,-1.997249960899353,-2.865419387817383,5.111238479614258,2.865419387817383,2.1142783164978027,5.439465045928955,5,1
3223,-2.223762035369873,-3.0516245365142822,4.968409538269043,3.0516245365142822,2.0639898777008057,7.88466739654541,5,1
3224,-1.9435433149337769,-2.637754201889038,4.757332801818848,2.637754201889038,1.997367024421692,8.784931182861328,5,1
3225,-2.432865858078003,-1.977445363998413,4.671098232269287,1.977445363998413,2.1685597896575928,9.184353828430176,5,1
3226,-1.9931683540344238,-2.466423511505127,4.878514766693115,2.466423511505127,2.0613272190093994,6.6122236251831055,5,1
3227,-2.0783939361572266,-2.89420747756958,5.131875991821289,2.89420747756958,2.020554780960083,6.7595624923706055,5,1
3228,-2.19218111038208,-2.9120659828186035,5.264142990112305,2.9120659828186035,2.022374153137207,9.268877983093262,5,1
3229,-1.9496937990188599,-1.9557280540466309,4.19649600982666,1.9557280540466309,1.9610167741775513,6.103705406188965,5,1
3230,-2.1057627201080322,-1.9024040699005127,4.044899940490723,1.9024040699005127,1.9164252281188965,4.914979457855225,5,1
3231,-2.07833194732666,-2.153815984725952,3.8823540210723877,2.153815984725952,2.060393810272217,5.37216854095459,5,1
3232,-2.0951712131500244,-2.106261730194092,3.8633244037628174,2.106261730194092,2.076308250427246,6.3135480880737305,5,1
3233,-1.9102247953414917,-2.2724902629852295,4.6160054206848145,2.2724902629852295,2.045477867126465,7.173319339752197,5,1
3234,-1.7294118404388428,-2.684753894805908,4.549110412597656,2.684753894805908,1.9754005670547485,6.250760078430176,5,1
3235,-2.1295313835144043,-2.3884353637695312,4.970046520233154,2.3884353637695312,1.9344077110290527,6.1444597244262695,5,1
3236,-1.8773293495178223,-2.6522908210754395,5.035515308380127,2.6522908210754395,1.9105312824249268,5.657857418060303,5,1
3237,-2.1365017890930176,-2.4770073890686035,4.8615264892578125,2.4770073890686035,2.1064870357513428,5.465853214263916,5,1
3238,-2.1273484230041504,-2.7459003925323486,4.618955612182617,2.7459003925323486,2.0085268020629883,6.25753927230835,5,1
3239,-2.099072217941284,-2.456941604614258,4.988166332244873,2.456941604614258,1.9946725368499756,7.076890468597412,5,1
3240,-1.9052544832229614,-2.2780818939208984,4.408814430236816,2.2780818939208984,1.9592822790145874,6.444630146026611,5,1
3241,-2.185499906539917,-2.476524829864502,4.835168361663818,2.476524829864502,1.987107515335083,6.100411891937256,5,1
3242,-1.8759183883666992,-2.712146759033203,4.651045799255371,2.712146759033203,1.9713515043258667,5.153275966644287,5,1
3243,-2.196582555770874,-2.8037052154541016,5.168277740478516,2.8037052154541016,1.9465831518173218,5.598426342010498,5,1
3244,-1.9665499925613403,-3.0817832946777344,5.231091022491455,3.0817832946777344,1.9790303707122803,8.578081130981445,5,1
3245,-2.1644349098205566,-2.8737640380859375,5.454693794250488,2.8737640380859375,1.9835840463638306,7.916933059692383,5,1
3246,-2.223076343536377,-2.5720553398132324,4.81976318359375,2.5720553398132324,1.9644023180007935,4.8041486740112305,5,1
3247,-2.098360538482666,-2.8238158226013184,5.042665481567383,2.8238158226013184,2.0319225788116455,5.28930139541626,5,1
3248,-2.005897283554077,-2.665724754333496,4.74143648147583,2.665724754333496,1.932569980621338,6.468266487121582,5,1
3249,-1.9994609355926514,-2.599045753479004,4.748734474182129,2.599045753479004,1.9886133670806885,6.014625072479248,5,1
3250,-1.8508459329605103,-2.0688397884368896,4.529016017913818,2.0688397884368896,1.9815707206726074,5.00480842590332,5,1
3251,-1.892734169960022,-2.1595187187194824,4.139399528503418,2.1595187187194824,1.9922821521759033,5.320316791534424,5,1
3252,-2.1859548091888428,-3.015047550201416,5.14595890045166,3.015047550201416,2.0698843002319336,5.802478313446045,5,1
3253,-2.219899892807007,-2.746951103210449,5.1033430099487305,2.746951103210449,1.9558151960372925,5.253632068634033,5,1
3254,-2.0768518447875977,-2.814260244369507,4.986837387084961,2.814260244369507,1.9964370727539062,5.519171237945557,5,1
3255,-2.1561853885650635,-2.877044439315796,5.094308853149414,2.877044439315796,2.124901533126831,8.93970012664795,5,1
3256,-2.0055105686187744,-3.0644445419311523,5.191894054412842,3.0644445419311523,2.054875135421753,7.765605926513672,5,1
3257,-2.0164525508880615,-2.922523260116577,4.932431221008301,2.922523260116577,2.04494571685791,5.279240608215332,5,1
3258,-2.1517977714538574,-2.468155860900879,4.890068054199219,2.468155860900879,1.9777973890304565,6.324008464813232,5,1
3259,-1.776536226272583,-2.4105288982391357,4.456333160400391,2.4105288982391357,1.9907019138336182,7.391160488128662,5,1
3260,-1.966321587562561,-2.0994791984558105,4.166199207305908,2.0994791984558105,2.0064356327056885,7.171955585479736,5,1
3261,-2.1411569118499756,-2.835745334625244,5.117527961730957,2.835745334625244,1.9920754432678223,7.270895957946777,5,1
3262,-2.167673110961914,-3.2756404876708984,5.356645584106445,3.2756404876708984,2.0252506732940674,6.337883472442627,5,1
3263,-2.2896573543548584,-3.140774726867676,5.552635192871094,3.140774726867676,2.1573545932769775,6.412942886352539,5,1
3264,-2.177075147628784,-3.041834831237793,5.527531623840332,3.041834831237793,2.090449333190918,6.472084045410156,5,1
3265,-2.2024457454681396,-3.019084930419922,5.343655586242676,3.019084930419922,2.013949394226074,6.554408550262451,5,1
3266,-1.9193248748779297,-2.800542116165161,5.193755149841309,2.800542116165161,1.9816240072250366,6.681084632873535,5,1
3267,-2.030259370803833,-2.6093430519104004,5.043498992919922,2.6093430519104004,2.046971082687378,6.497741222381592,5,1
3268,-1.781035304069519,-2.520216464996338,4.650439262390137,2.520216464996338,2.225405216217041,7.393239974975586,5,1
3269,-1.961806297302246,-2.4069743156433105,4.769255638122559,2.4069743156433105,2.084709405899048,7.749853134155273,5,1
3270,-1.9080570936203003,-3.0276670455932617,5.482963562011719,3.0276670455932617,2.0664384365081787,5.302887439727783,5,1
3271,-2.1518783569335938,-2.6569862365722656,5.041228771209717,2.6569862365722656,2.0066678524017334,5.0051679611206055,5,1
3272,-2.0576062202453613,-2.62460994720459,4.935066223144531,2.62460994720459,1.9989291429519653,4.2469801902771,5,1
3273,-2.1722519397735596,-2.796409845352173,4.9943389892578125,2.796409845352173,2.028294563293457,4.693371772766113,5,1
3274,-2.179755210876465,-2.1186680793762207,4.651101112365723,2.1186680793762207,2.1215968132019043,6.0331268310546875,5,1
3275,-1.8791630268096924,-2.2871341705322266,4.244445323944092,2.2871341705322266,2.0736310482025146,5.488276958465576,5,1
3276,-1.9465148448944092,-2.5568056106567383,4.548727989196777,2.5568056106567383,1.9577330350875854,6.155833721160889,5,1
3277,-2.1750190258026123,-2.1096084117889404,4.365416526794434,2.1096084117889404,2.036025047302246,7.778478622436523,5,1
3278,-2.2018487453460693,-2.324174404144287,4.576048851013184,2.324174404144287,1.9389442205429077,7.616114616394043,5,1
3279,-2.1813271045684814,-2.110574245452881,4.320245265960693,2.110574245452881,2.0709714889526367,6.009028434753418,5,1
3280,-2.1832683086395264,-2.1553335189819336,4.493696212768555,2.1553335189819336,2.1414248943328857,5.609246253967285,5,1
3281,-2.0058791637420654,-2.3277430534362793,4.341282844543457,2.3277430534362793,2.0024197101593018,5.3834028244018555,5,1
3282,-1.7005250453948975,-2.7469913959503174,4.749617576599121,2.7469913959503174,1.996093988418579,5.705268859863281,5,1
3283,-1.8313746452331543,-3.0851283073425293,5.236187934875488,3.0851283073425293,1.9342372417449951,5.669247150421143,5,1
3284,-2.1750683784484863,-2.7769291400909424,4.951735496520996,2.7769291400909424,2.0655455589294434,5.3456621170043945,5,1
3285,-2.233550786972046,-3.371306896209717,5.45632266998291,3.371306896209717,1.9010441303253174,5.730731010437012,5,1
3286,-1.9388281106948853,-3.2483201026916504,5.249083042144775,3.2483201026916504,1.919999361038208,6.097776889801025,5,1
3287,-2.2126717567443848,-2.7367334365844727,4.963460922241211,2.7367334365844727,2.1006381511688232,5.529278755187988,5,1
3288,-2.111051082611084,-3.0712227821350098,5.1250104904174805,3.0712227821350098,1.9189517498016357,5.337712287902832,5,1
3289,-1.8509641885757446,-2.5779378414154053,4.70710563659668,2.5779378414154053,1.977340579032898,5.260532379150391,5,1
3290,-1.8325133323669434,-2.947037696838379,5.322536468505859,2.947037696838379,2.069648265838623,6.2699689865112305,5,1
3291,-2.2599101066589355,-3.2229883670806885,5.555910110473633,3.2229883670806885,1.8315144777297974,5.287691116333008,5,1
3292,-2.007655620574951,-3.1331229209899902,5.260968208312988,3.1331229209899902,1.9894906282424927,5.387482166290283,5,1
3293,-1.8892083168029785,-2.6410868167877197,5.166928768157959,2.6410868167877197,1.9047949314117432,6.844400405883789,5,1
3294,-2.15419340133667,-2.250668525695801,4.449489593505859,2.250668525695801,1.8817615509033203,6.939455986022949,5,1
3295,-2.1292641162872314,-2.3862175941467285,4.6983771324157715,2.3862175941467285,2.0003387928009033,7.789789199829102,5,1
3296,-2.0650813579559326,-2.4466824531555176,4.479943752288818,2.4466824531555176,1.9563910961151123,6.357682704925537,5,1
3297,-1.9475295543670654,-2.7293262481689453,4.633309364318848,2.7293262481689453,1.9417134523391724,5.291182041168213,5,1
3298,-1.9477158784866333,-2.700974941253662,4.742010116577148,2.700974941253662,1.9185649156570435,4.58686637878418,5,1
3299,-1.8198639154434204,-2.904183864593506,4.731343746185303,2.904183864593506,1.9227895736694336,5.713352203369141,5,1
3300,-1.9288824796676636,-3.0017948150634766,5.0750041007995605,3.0017948150634766,1.9809927940368652,6.901573657989502,5,1
3301,-2.2033166885375977,-3.215580940246582,5.685474395751953,3.215580940246582,2.018826723098755,6.1804890632629395,5,1
3302,-1.9173128604888916,-3.3111026287078857,5.584996223449707,3.3111026287078857,1.9033011198043823,5.069305896759033,5,1
3303,-2.214860439300537,-2.657992124557495,4.810140609741211,2.657992124557495,2.014753818511963,5.131453037261963,5,1
3304,-2.1851253509521484,-2.4575881958007812,4.907092094421387,2.4575881958007812,2.1271376609802246,6.7488179206848145,5,1
3305,-1.9095001220703125,-2.3457841873168945,4.692774772644043,2.3457841873168945,2.0527164936065674,6.983311653137207,5,1
3306,-1.8799123764038086,-2.308079242706299,4.679622650146484,2.308079242706299,1.8589563369750977,6.517193794250488,5,1
3307,-2.047290086746216,-2.5303287506103516,4.846443176269531,2.5303287506103516,2.045752763748169,5.300356864929199,5,1
3308,-1.9208793640136719,-2.551950693130493,4.527566909790039,2.551950693130493,1.9720544815063477,6.699212551116943,5,1
3309,-2.2092738151550293,-2.670987367630005,4.928064823150635,2.670987367630005,2.0323824882507324,7.9058003425598145,5,1
3310,-1.7828071117401123,-2.100646495819092,4.128795623779297,2.100646495819092,2.047255277633667,8.962367057800293,5,1
3311,-2.1039748191833496,-2.422621726989746,4.915387153625488,2.422621726989746,1.9686603546142578,7.881350517272949,5,1
3312,-2.2310378551483154,-2.9860620498657227,5.168892860412598,2.9860620498657227,2.04817795753479,5.8748979568481445,5,1
3313,-2.1341099739074707,-3.0626187324523926,5.254666805267334,3.0626187324523926,2.0576114654541016,4.744332790374756,5,1
3314,-2.0996944904327393,-3.4934937953948975,5.643144130706787,3.4934937953948975,1.9217290878295898,4.8736467361450195,5,1
3315,-1.995863914489746,-2.724816083908081,4.956587791442871,2.724816083908081,2.017194986343384,5.798267364501953,5,1
3316,-2.135570526123047,-2.264451503753662,4.603816986083984,2.264451503753662,2.0261282920837402,7.506134510040283,5,1
3317,-2.2177648544311523,-2.8802638053894043,4.909988880157471,2.8802638053894043,2.0735037326812744,7.151609897613525,5,1
3318,-1.9341166019439697,-2.9202661514282227,4.918696880340576,2.9202661514282227,1.7583894729614258,5.875358581542969,5,1
3319,-2.018602132797241,-3.1244874000549316,5.029081344604492,3.1244874000549316,1.9219297170639038,4.815044403076172,5,1
3320,-1.8481674194335938,-3.120098114013672,5.42043924331665,3.120098114013672,2.0487966537475586,5.828047275543213,5,1
3321,-2.0804595947265625,-2.538346290588379,4.848919868469238,2.538346290588379,2.129443407058716,7.425528049468994,5,1
3322,-2.051567554473877,-3.1489009857177734,5.359884262084961,3.1489009857177734,2.006361246109009,4.830646991729736,5,1
3323,-1.8385283946990967,-3.3859658241271973,4.920859336853027,3.3859658241271973,1.9374960660934448,4.431521892547607,5,1
3324,-1.892293930053711,-3.023691177368164,5.175837516784668,3.023691177368164,2.004977226257324,6.154544353485107,5,1
3325,-2.262347459793091,-2.7387893199920654,5.216117858886719,2.7387893199920654,2.072843313217163,5.6058878898620605,5,1
3326,-2.1050424575805664,-3.0906009674072266,5.332141876220703,3.0906009674072266,1.987656831741333,4.866719722747803,5,1
3327,-1.9929070472717285,-2.999943256378174,5.372195243835449,2.999943256378174,1.8855476379394531,5.328794002532959,5,1
3328,-2.250082492828369,-2.422321081161499,4.958658695220947,2.422321081161499,1.955796718597412,6.422122001647949,5,1
3329,-1.8203471899032593,-2.4577043056488037,4.466389179229736,2.4577043056488037,2.0421173572540283,5.542787075042725,5,1
3330,-2.2755608558654785,-2.7236135005950928,4.939847946166992,2.7236135005950928,2.1297378540039062,7.0417070388793945,5,1
3331,-2.0219509601593018,-3.1244423389434814,5.084478855133057,3.1244423389434814,1.9819414615631104,7.443889617919922,5,1
3332,-2.33247709274292,-3.4115233421325684,5.547205924987793,3.4115233421325684,1.9204996824264526,7.367784023284912,5,1
3333,-1.911285161972046,-2.6901869773864746,5.00966215133667,2.6901869773864746,1.979221224784851,6.775980472564697,5,1
3334,-1.9588901996612549,-3.0785269737243652,5.097254276275635,3.0785269737243652,2.0030734539031982,6.039342403411865,5,1
3335,-2.026871919631958,-2.7007288932800293,4.862565994262695,2.7007288932800293,1.9105641841888428,6.471816539764404,5,1
3336,-2.0367579460144043,-2.634056568145752,4.76542854309082,2.634056568145752,2.0033843517303467,7.074216365814209,5,1
3337,-1.9081213474273682,-2.3215155601501465,4.6081132888793945,2.3215155601501465,2.0078914165496826,5.731592178344727,5,1
3338,-1.8713302612304688,-2.5998127460479736,4.48789119720459,2.5998127460479736,1.9210376739501953,5.549144744873047,5,1
3339,-2.018122434616089,-1.9149487018585205,4.427863121032715,1.9149487018585205,2.0059685707092285,6.325521945953369,5,1
3340,-1.8976463079452515,-2.287599563598633,4.0022735595703125,2.287599563598633,2.0026111602783203,6.04058313369751,5,1
3341,-2.2037339210510254,-1.9793285131454468,4.247468948364258,1.9793285131454468,1.8670053482055664,6.60762357711792,5,1
3342,-1.814712405204773,-1.9225077629089355,4.023860931396484,1.9225077629089355,2.0422558784484863,6.417749404907227,5,1
3343,-2.1611921787261963,-2.109066963195801,4.636475086212158,2.109066963195801,2.005373477935791,4.944803714752197,5,1
3344,-2.197434425354004,-2.737238883972168,4.930588722229004,2.737238883972168,1.9998385906219482,5.294914722442627,5,1
3345,-1.7185885906219482,-2.751424551010132,4.562673091888428,2.751424551010132,1.9350239038467407,5.087660312652588,5,1
3346,-2.016507387161255,-2.0233325958251953,4.148147106170654,2.0233325958251953,2.095208168029785,6.239666938781738,5,1
3347,-1.8561545610427856,-2.654998779296875,4.866977214813232,2.654998779296875,1.9141253232955933,6.339846134185791,5,1
3348,-1.8480453491210938,-2.791024923324585,4.761684417724609,2.791024923324585,1.9242527484893799,5.588638782501221,5,1
3349,-2.090369701385498,-3.1390464305877686,5.632189750671387,3.1390464305877686,1.9658710956573486,5.667765140533447,5,1
3350,-2.057570219039917,-2.9475951194763184,5.228620529174805,2.9475951194763184,2.054029941558838,5.990480899810791,5,1
3351,-2.0612640380859375,-2.542407274246216,4.952937126159668,2.542407274246216,2.0472421646118164,6.517971038818359,5,1
3352,-2.040757656097412,-2.7538859844207764,4.9118452072143555,2.7538859844207764,1.9398529529571533,10.164237976074219,5,1
3353,-2.189774751663208,-2.8775277137756348,5.307238578796387,2.8775277137756348,1.97660231590271,9.555093765258789,5,1
3354,-2.045313596725464,-3.2563982009887695,5.602487087249756,3.2563982009887695,1.907173991203308,4.658455848693848,5,1
3355,-1.8150379657745361,-3.244570255279541,5.2297563552856445,3.244570255279541,2.086437463760376,5.368195056915283,5,1
3356,-1.9070074558258057,-2.9324333667755127,5.120938301086426,2.9324333667755127,1.8449649810791016,4.654246807098389,5,1
3357,-1.8237709999084473,-3.1194705963134766,5.25226354598999,3.1194705963134766,1.9543564319610596,4.571841716766357,5,1
3358,-1.7614856958389282,-2.782959461212158,4.681363582611084,2.782959461212158,1.9811848402023315,5.069643497467041,5,1
3359,-2.142441987991333,-3.378166675567627,5.298821449279785,3.378166675567627,1.8444145917892456,5.91621732711792,5,1
3360,-2.066270589828491,-3.0423355102539062,5.391075134277344,3.0423355102539062,1.9303042888641357,7.804742813110352,5,1
3361,-2.127345561981201,-3.0907633304595947,5.316039562225342,3.0907633304595947,1.9385509490966797,8.143540382385254,5,1
3362,-1.9823468923568726,-3.0003232955932617,5.069286346435547,3.0003232955932617,1.9250980615615845,6.174475193023682,5,1
3363,-1.9777172803878784,-2.6795573234558105,4.724404335021973,2.6795573234558105,1.9748337268829346,6.262868404388428,5,1
3364,-2.1734163761138916,-2.869481086730957,5.289994239807129,2.869481086730957,2.03633451461792,9.158985137939453,5,1
3365,-2.1806957721710205,-2.3574392795562744,4.763683319091797,2.3574392795562744,2.0197272300720215,8.871841430664062,5,1
3366,-2.1586503982543945,-2.404768466949463,5.119811058044434,2.404768466949463,2.0651721954345703,5.408548355102539,5,1
3367,-2.176107406616211,-2.921322822570801,5.148548126220703,2.921322822570801,1.860212802886963,4.6799139976501465,5,1
3368,-2.2196261882781982,-3.362757682800293,5.876114845275879,3.362757682800293,1.9612020254135132,5.68145751953125,5,1
3369,-1.8511089086532593,-2.6804885864257812,5.03489875793457,2.6804885864257812,2.069532871246338,6.8479790687561035,5,1
3370,-2.153200149536133,-2.2285337448120117,4.5301713943481445,2.2285337448120117,2.1545915603637695,7.206058979034424,5,1
3371,-2.0475897789001465,-2.527669906616211,4.672475814819336,2.527669906616211,1.9727813005447388,6.827006816864014,5,1
3372,-1.9689977169036865,-2.9951229095458984,5.148396015167236,2.9951229095458984,1.9789133071899414,7.223816394805908,5,1
3373,-1.8807801008224487,-2.7710466384887695,4.67067813873291,2.7710466384887695,2.015531301498413,8.097702980041504,5,1
3374,-2.075639009475708,-2.9918212890625,5.158102035522461,2.9918212890625,2.091020107269287,6.820969104766846,5,1
3375,-1.9076802730560303,-2.938267707824707,5.568011283874512,2.938267707824707,1.9512070417404175,4.894834995269775,5,1
3376,-1.9934934377670288,-2.990253448486328,5.028041839599609,2.990253448486328,1.974186897277832,4.53614616394043,5,1
3377,-1.9501185417175293,-2.5429465770721436,4.795639514923096,2.5429465770721436,2.135357141494751,6.087737560272217,5,1
3378,-2.2271792888641357,-2.924734592437744,5.0221967697143555,2.924734592437744,1.9327201843261719,5.413833141326904,5,1
3379,-1.9952930212020874,-2.6774299144744873,5.069007396697998,2.6774299144744873,1.9681346416473389,5.636396884918213,5,1
3380,-1.9164015054702759,-2.4342706203460693,4.057647705078125,2.4342706203460693,2.0291571617126465,4.762513637542725,5,1
3381,-2.2715847492218018,-2.2712974548339844,4.7863850593566895,2.2712974548339844,1.9154853820800781,6.169247150421143,5,1
3382,-2.0275166034698486,-2.968393564224243,4.848552703857422,2.968393564224243,1.9958672523498535,6.891319274902344,5,1
3383,-2.008392572402954,-2.573637008666992,4.7798943519592285,2.573637008666992,1.9826689958572388,5.580401420593262,5,1
3384,-1.9435186386108398,-2.6630935668945312,4.816978454589844,2.6630935668945312,1.980871558189392,6.1832051277160645,5,1
3385,-1.8528454303741455,-2.893092393875122,5.104569911956787,2.893092393875122,1.9526550769805908,6.224973678588867,5,1
3386,-2.2047972679138184,-2.9779610633850098,5.282464027404785,2.9779610633850098,1.9923921823501587,4.807679653167725,5,1
3387,-1.8101742267608643,-2.888078212738037,4.614235877990723,2.888078212738037,1.9685208797454834,6.04579496383667,5,1
3388,-1.9128848314285278,-2.684671401977539,4.736593246459961,2.684671401977539,1.9410512447357178,7.681213855743408,5,1
3389,-1.5577229261398315,-2.798614740371704,4.599164962768555,2.798614740371704,1.9354982376098633,7.362183570861816,5,1
3390,-1.966143250465393,-2.147307872772217,4.424400329589844,2.147307872772217,1.9175175428390503,7.049021244049072,5,1
3391,-2.32899808883667,-3.0146853923797607,5.124491214752197,3.0146853923797607,1.9925707578659058,6.511922359466553,5,1
3392,-1.9578038454055786,-2.8390111923217773,4.959466934204102,2.8390111923217773,1.9930795431137085,6.461324214935303,5,1
3393,-2.0356462001800537,-2.7980713844299316,4.669970512390137,2.7980713844299316,1.9604815244674683,5.839662075042725,5,1
3394,-2.422715425491333,-2.4591915607452393,4.896009922027588,2.4591915607452393,1.991426706314087,5.811985015869141,5,1
3395,-2.1382510662078857,-2.9191970825195312,5.2974042892456055,2.9191970825195312,1.9170637130737305,5.117928981781006,5,1
3396,-2.0659000873565674,-2.8574931621551514,5.1947102546691895,2.8574931621551514,2.1113650798797607,6.510560512542725,5,1
3397,-1.980984091758728,-3.4388911724090576,5.312464237213135,3.4388911724090576,1.8902552127838135,6.674052715301514,5,1
3398,-1.962705373764038,-3.1012136936187744,5.018029689788818,3.1012136936187744,1.8291397094726562,5.927543640136719,5,1
3399,-2.094302177429199,-3.1411187648773193,5.290482521057129,3.1411187648773193,1.8957997560501099,6.87904691696167,5,1
3400,-1.9219948053359985,-2.264115810394287,4.489902019500732,2.264115810394287,2.1169273853302,7.754995346069336,5,1
3401,-2.1927237510681152,-2.2425103187561035,4.503360748291016,2.2425103187561035,1.9551903009414673,7.0896711349487305,5,1
3402,-2.060119867324829,-2.1843924522399902,4.696359157562256,2.1843924522399902,2.110060691833496,7.071203231811523,5,1
3403,-1.9758929014205933,-2.884235382080078,4.484619140625,2.884235382080078,1.9509155750274658,6.489988803863525,5,1
3404,-2.254176139831543,-1.845185399055481,4.593289375305176,1.845185399055481,2.0205211639404297,6.662127494812012,5,1
3405,-2.048509120941162,-2.3663136959075928,4.048927307128906,2.3663136959075928,2.0747649669647217,6.790781021118164,5,1
3406,-2.2858855724334717,-2.5195322036743164,5.095505714416504,2.5195322036743164,1.9878427982330322,6.519923686981201,5,1
3407,-2.2222678661346436,-2.8325109481811523,4.943639278411865,2.8325109481811523,1.9438536167144775,6.062049388885498,5,1
3408,-1.9728875160217285,-3.0660464763641357,5.274766445159912,3.0660464763641357,2.0099360942840576,5.2803425788879395,5,1
3409,-1.9351203441619873,-3.3005752563476562,5.293475151062012,3.3005752563476562,1.7733410596847534,5.438429832458496,5,1
3410,-2.3447086811065674,-2.7122836112976074,5.109131336212158,2.7122836112976074,1.9338250160217285,7.564731597900391,5,1
3411,-2.111152172088623,-2.3887667655944824,4.680788993835449,2.3887667655944824,2.0437731742858887,8.253827095031738,5,1
3412,-2.1626644134521484,-2.2599868774414062,4.717649936676025,2.2599868774414062,2.0658085346221924,7.125615119934082,5,1
3413,-2.150029182434082,-2.4248344898223877,4.87347412109375,2.4248344898223877,1.968267560005188,5.835740089416504,5,1
3414,-1.817566990852356,-3.195228099822998,5.004525184631348,3.195228099822998,1.9822685718536377,6.36790657043457,5,1
3415,-1.752514123916626,-3.0186362266540527,4.8584136962890625,3.0186362266540527,2.060011625289917,4.926436901092529,5,1
3416,-1.7986738681793213,-2.7172837257385254,4.601326942443848,2.7172837257385254,2.0954232215881348,5.483548164367676,5,1
3417,-1.9888801574707031,-2.768470048904419,4.71415901184082,2.768470048904419,2.0243940353393555,5.554088592529297,5,1
3418,-2.1717865467071533,-2.9709503650665283,5.392735004425049,2.9709503650665283,1.9990057945251465,5.4455342292785645,5,1
3419,-1.9613085985183716,-3.023080587387085,5.026271820068359,3.023080587387085,1.897203803062439,5.072851657867432,5,1
3420,-1.9416933059692383,-2.9239554405212402,5.751221656799316,2.9239554405212402,1.9387942552566528,4.187078475952148,5,1
3421,-1.8095717430114746,-3.010657787322998,5.180438995361328,3.010657787322998,2.0455379486083984,4.370798587799072,5,1
3422,-1.8733503818511963,-2.732573986053467,4.608691215515137,2.732573986053467,2.122231960296631,5.316555023193359,5,1
3423,-2.28462290763855,-2.904426097869873,5.034636497497559,2.904426097869873,1.9248710870742798,6.8422393798828125,5,1
3424,-1.8292555809020996,-3.4677083492279053,5.330634593963623,3.4677083492279053,1.915798306465149,6.538668632507324,5,1
3425,-1.9139808416366577,-3.2658119201660156,5.170685768127441,3.2658119201660156,2.027042865753174,7.395223140716553,5,1
3426,-2.085702896118164,-3.2829837799072266,5.366228103637695,3.2829837799072266,2.0453646183013916,6.953186511993408,5,1
3427,-2.0084750652313232,-2.8009133338928223,4.934777736663818,2.8009133338928223,1.9789108037948608,7.7264084815979,5,1
3428,-1.9468313455581665,-2.9423410892486572,4.895911693572998,2.9423410892486572,1.9696799516677856,7.0931291580200195,5,1
3429,-2.2231476306915283,-2.712279796600342,5.098531723022461,2.712279796600342,2.075723171234131,6.964409828186035,5,1
3430,-2.042372226715088,-2.5429186820983887,4.75304651260376,2.5429186820983887,1.9978158473968506,6.658915042877197,5,1
3431,-1.9840832948684692,-2.676098346710205,5.047481536865234,2.676098346710205,2.0529162883758545,5.333887100219727,5,1
3432,-1.9767094850540161,-2.4111475944519043,4.643646240234375,2.4111475944519043,1.9746778011322021,5.646925449371338,5,1
3433,-2.039360284805298,-2.3034684658050537,4.6091156005859375,2.3034684658050537,1.9986101388931274,6.375034809112549,5,1
3434,-1.9349112510681152,-2.450930595397949,4.666431427001953,2.450930595397949,2.0724737644195557,5.580770969390869,5,1
3435,-2.110840082168579,-2.5018138885498047,5.144043922424316,2.5018138885498047,1.985387921333313,5.34062385559082,5,1
3436,-1.9171226024627686,-2.9809346199035645,4.730630874633789,2.9809346199035645,2.0609958171844482,6.198751449584961,5,1
3437,-2.098090410232544,-3.157127857208252,5.383731842041016,3.157127857208252,1.9788670539855957,8.188716888427734,5,1
3438,-1.9170745611190796,-2.853571891784668,4.899651527404785,2.853571891784668,1.9407196044921875,8.97762680053711,5,1
3439,-2.096278667449951,-2.356813430786133,4.676370620727539,2.356813430786133,2.0384411811828613,7.377635478973389,5,1
3440,-2.3440184593200684,-2.5499916076660156,5.0347490310668945,2.5499916076660156,1.9150888919830322,5.6409430503845215,5,1
3441,-2.0286858081817627,-2.3177781105041504,4.455759048461914,2.3177781105041504,2.0389537811279297,5.788799285888672,5,1
3442,-1.9559533596038818,-2.337618589401245,4.652821063995361,2.337618589401245,1.8973513841629028,4.863854885101318,5,1
3443,-2.335599184036255,-2.7575490474700928,5.035586357116699,2.7575490474700928,1.917497992515564,5.190260410308838,5,1
3444,-2.014512062072754,-2.2392144203186035,4.467092037200928,2.2392144203186035,1.9856176376342773,4.717294216156006,5,1
3445,-2.020740270614624,-2.2947230339050293,4.360613822937012,2.2947230339050293,2.171506643295288,5.729052543640137,5,1
3446,-2.049544095993042,-2.805659770965576,4.742162227630615,2.805659770965576,1.9897395372390747,8.608137130737305,5,1
3447,-1.945732831954956,-3.1282167434692383,5.222908020019531,3.1282167434692383,1.9771233797073364,7.413149356842041,5,1
3448,-1.8635426759719849,-3.086268663406372,5.320096969604492,3.086268663406372,1.9219169616699219,5.357912063598633,5,1
3449,-2.087265968322754,-2.630410671234131,4.9520416259765625,2.630410671234131,1.9889938831329346,6.493994235992432,5,1
3450,-2.242241144180298,-2.758770704269409,4.880449295043945,2.758770704269409,2.064007520675659,6.317718982696533,5,1
3451,-2.1543803215026855,-2.8693671226501465,5.079315185546875,2.8693671226501465,1.8632302284240723,4.852366924285889,5,1
3452,-1.9133343696594238,-3.1732497215270996,5.547571659088135,3.1732497215270996,1.9055298566818237,4.4503254890441895,5,1
3453,-2.168484926223755,-2.6478970050811768,5.012335300445557,2.6478970050811768,1.8637652397155762,4.152562141418457,5,1
3454,-2.0233042240142822,-2.976583242416382,5.06901216506958,2.976583242416382,1.8632959127426147,4.73999547958374,5,1
3455,-2.065634250640869,-3.285379648208618,5.32711935043335,3.285379648208618,1.9677648544311523,5.074208736419678,5,1
3456,-2.0842697620391846,-2.8258090019226074,5.132299423217773,2.8258090019226074,2.0477304458618164,6.456629276275635,5,1
3457,-1.7455869913101196,-2.9192440509796143,4.709012985229492,2.9192440509796143,2.063105821609497,5.75963020324707,5,1
3458,-2.015369415283203,-3.441208600997925,5.351338863372803,3.441208600997925,1.8943719863891602,5.267802715301514,5,1
3459,-1.8105624914169312,-2.8145899772644043,4.765486717224121,2.8145899772644043,1.9453378915786743,6.087604522705078,5,1
3460,-2.0238585472106934,-2.7785651683807373,4.807439804077148,2.7785651683807373,1.9636199474334717,7.5622968673706055,5,1
3461,-1.8767008781433105,-2.4868650436401367,4.744466781616211,2.4868650436401367,2.0314362049102783,7.773054122924805,5,1
3462,-1.7606078386306763,-2.863832950592041,4.764575958251953,2.863832950592041,1.9059655666351318,6.689373970031738,5,1
3463,-2.1184706687927246,-2.2388648986816406,4.439263343811035,2.2388648986816406,2.0667190551757812,7.6506476402282715,5,1
3464,-1.8456089496612549,-2.7375001907348633,4.8224406242370605,2.7375001907348633,1.9154326915740967,5.567917346954346,5,1
3465,-1.9990171194076538,-3.075641632080078,5.167524814605713,3.075641632080078,1.9856464862823486,4.9530348777771,5,1
3466,-2.190049886703491,-3.1110739707946777,5.470606327056885,3.1110739707946777,1.8979463577270508,4.467550754547119,5,1
3467,-1.9175344705581665,-2.8100900650024414,5.015786647796631,2.8100900650024414,1.9934890270233154,5.123086929321289,5,1
3468,-2.107886791229248,-2.0903375148773193,4.764371871948242,2.0903375148773193,2.016556739807129,8.094366073608398,5,1
3469,-2.2931911945343018,-2.5580883026123047,4.7592926025390625,2.5580883026123047,2.014453172683716,7.230033874511719,5,1
3470,-1.8778196573257446,-2.854005813598633,4.825234413146973,2.854005813598633,1.9110783338546753,5.269958019256592,5,1
3471,-2.083475112915039,-2.314357280731201,4.952907085418701,2.314357280731201,1.9725663661956787,5.757054328918457,5,1
3472,-1.9325696229934692,-2.7962050437927246,4.732906341552734,2.7962050437927246,1.9711949825286865,6.130519866943359,5,1
3473,-2.173670768737793,-2.018932342529297,4.250049591064453,2.018932342529297,2.125535488128662,7.162890911102295,5,1
3474,-2.122581958770752,-2.382309675216675,4.584006309509277,2.382309675216675,1.963135004043579,7.269826889038086,5,1
3475,-1.9948408603668213,-2.9382288455963135,4.539555549621582,2.9382288455963135,2.0201430320739746,7.381706237792969,5,1
3476,-1.8871926069259644,-2.4539794921875,4.697037220001221,2.4539794921875,1.9110499620437622,8.123409271240234,5,1
3477,-1.7979068756103516,-2.2619822025299072,4.31587553024292,2.2619822025299072,2.0468647480010986,6.088261127471924,5,1
3478,-1.969619870185852,-2.462982654571533,4.302478790283203,2.462982654571533,1.9647011756896973,5.21748161315918,5,1
3479,-1.8655905723571777,-2.4224133491516113,4.7048797607421875,2.4224133491516113,2.01491641998291,5.6368794441223145,5,1
3480,-1.814913272857666,-1.939604640007019,4.181209087371826,1.939604640007019,2.111884355545044,5.148709297180176,5,1
3481,-1.7618478536605835,-2.5865840911865234,4.399909973144531,2.5865840911865234,1.8781765699386597,4.1756815910339355,5,1
3482,-2.011418342590332,-2.715268135070801,5.09706974029541,2.715268135070801,1.9037576913833618,4.901728630065918,5,1
3483,-2.109530210494995,-2.440192699432373,4.897470474243164,2.440192699432373,1.931093692779541,6.277066230773926,5,1
3484,-1.9015185832977295,-2.9905855655670166,4.996916770935059,2.9905855655670166,1.994213581085205,6.8512187004089355,5,1
3485,-1.9660120010375977,-3.2036938667297363,5.461201190948486,3.2036938667297363,1.9850363731384277,7.385912895202637,5,1
3486,-1.7914421558380127,-2.668703556060791,4.650601387023926,2.668703556060791,2.0250394344329834,5.980079174041748,5,1
3487,-2.0836191177368164,-1.9274426698684692,4.827875137329102,1.9274426698684692,1.8917781114578247,4.56990385055542,5,1
3488,-1.8154493570327759,-2.1843695640563965,4.152987480163574,2.1843695640563965,2.081021547317505,4.816734790802002,5,1
3489,-1.799820065498352,-2.0628881454467773,4.142210483551025,2.0628881454467773,2.012111186981201,4.871272087097168,5,1
3490,-2.130812168121338,-2.0515975952148438,4.546724319458008,2.0515975952148438,1.9504404067993164,6.010059356689453,5,1
3491,-2.0631275177001953,-2.721656322479248,4.907135009765625,2.721656322479248,2.0323102474212646,5.306843280792236,5,1
3492,-2.2157816886901855,-2.9060781002044678,5.153356075286865,2.9060781002044678,2.0174853801727295,5.392777442932129,5,1
3493,-2.4002695083618164,-2.830223560333252,5.350717067718506,2.830223560333252,2.0780272483825684,8.830413818359375,5,1
3494,-1.9478601217269897,-3.088709831237793,5.08690071105957,3.088709831237793,2.0060298442840576,8.698322296142578,5,1
3495,-2.0121026039123535,-2.0102367401123047,4.498626708984375,2.0102367401123047,1.928092360496521,8.192835807800293,5,1
3496,-1.9867618083953857,-2.35632061958313,4.605090141296387,2.35632061958313,2.002852201461792,6.694759368896484,5,1
3497,-2.030904769897461,-2.56402587890625,4.773178577423096,2.56402587890625,2.016728639602661,4.621364116668701,5,1
3498,-1.9393810033798218,-2.7156224250793457,4.860312461853027,2.7156224250793457,2.0443484783172607,5.307618618011475,5,1
3499,-2.150764226913452,-2.2003843784332275,4.6715850830078125,2.2003843784332275,1.8723726272583008,4.791764259338379,5,1
3500,-1.88710355758667,-2.3604629039764404,4.574427604675293,2.3604629039764404,2.0170109272003174,5.182905197143555,5,1
3501,-2.120457649230957,-2.587141513824463,4.817085266113281,2.587141513824463,2.088404417037964,7.874269008636475,5,1
3502,-2.2112972736358643,-2.7011098861694336,5.040029525756836,2.7011098861694336,1.9830937385559082,7.4222002029418945,5,1
3503,-1.746109127998352,-2.523242235183716,4.417107105255127,2.523242235183716,1.8970909118652344,4.798039436340332,5,1
3504,-1.9864643812179565,-2.656557083129883,4.893088340759277,2.656557083129883,1.8871769905090332,5.035327911376953,5,1
3505,-1.9184094667434692,-2.7697529792785645,4.942201137542725,2.7697529792785645,1.9381260871887207,5.059141635894775,5,1
3506,-1.9001553058624268,-2.0956249237060547,4.501995086669922,2.0956249237060547,2.1205787658691406,4.9859209060668945,5,1
3507,-2.0651230812072754,-2.5978925228118896,4.822328567504883,2.5978925228118896,2.051253080368042,6.215334892272949,5,1
3508,-1.8274085521697998,-2.579893112182617,4.173809051513672,2.579893112182617,1.9027681350708008,7.51566743850708,5,1
3509,-1.9410611391067505,-2.9663805961608887,4.875085830688477,2.9663805961608887,2.003687858581543,7.424263954162598,5,1
3510,-2.0818519592285156,-2.86492919921875,5.270576477050781,2.86492919921875,1.9057362079620361,6.8555521965026855,5,1
3511,-2.0782766342163086,-2.3719820976257324,4.467700004577637,2.3719820976257324,2.0662131309509277,8.244073867797852,5,1
3512,-1.9367223978042603,-2.336616039276123,4.581345558166504,2.336616039276123,1.9566361904144287,5.615830898284912,5,1
3513,-2.1437723636627197,-2.828895330429077,4.928976058959961,2.828895330429077,1.8348214626312256,4.482914447784424,5,1
3514,-2.197380304336548,-2.605318784713745,5.289822101593018,2.605318784713745,2.1082839965820312,6.5439677238464355,5,1
3515,-2.1331839561462402,-2.7492430210113525,5.387281894683838,2.7492430210113525,2.06280779838562,7.114057540893555,5,1
3516,-2.3751871585845947,-2.795322895050049,4.7909746170043945,2.795322895050049,1.9445252418518066,5.783356666564941,5,1
3517,-1.9007827043533325,-2.8870553970336914,4.977472305297852,2.8870553970336914,1.8075064420700073,5.517040729522705,5,1
3518,-1.9691190719604492,-3.254115104675293,5.270695686340332,3.254115104675293,1.9126981496810913,5.491203308105469,5,1
3519,-1.7810783386230469,-2.9886960983276367,4.609255790710449,2.9886960983276367,1.9273474216461182,5.882648944854736,5,1
3520,-2.1157126426696777,-3.01499605178833,5.115752696990967,3.01499605178833,1.9762964248657227,7.309792995452881,5,1
3521,-1.8341007232666016,-2.784982204437256,4.6524248123168945,2.784982204437256,1.9600598812103271,7.311674118041992,5,1
3522,-2.0712544918060303,-3.1054534912109375,5.331674575805664,3.1054534912109375,1.8454525470733643,5.164116859436035,5,1
3523,-1.8550931215286255,-2.5413641929626465,4.6689534187316895,2.5413641929626465,2.0344085693359375,4.402732849121094,5,1
3524,-1.8581557273864746,-2.846757173538208,5.106523513793945,2.846757173538208,2.0467374324798584,4.47705078125,5,1
3525,-1.9438345432281494,-3.1088781356811523,5.2241740226745605,3.1088781356811523,1.9636873006820679,6.007142066955566,5,1
3526,-1.8905928134918213,-2.776158332824707,5.315162658691406,2.776158332824707,1.9254266023635864,7.277839660644531,5,1
3527,-1.9426854848861694,-2.65997314453125,4.788218021392822,2.65997314453125,2.0790886878967285,7.683382034301758,5,1
3528,-1.9309982061386108,-2.6519856452941895,4.436588764190674,2.6519856452941895,2.0034878253936768,6.141908168792725,5,1
3529,-1.663607120513916,-2.8773348331451416,4.863569259643555,2.8773348331451416,1.950857162475586,6.961549282073975,5,1
3530,-1.9755737781524658,-2.1970486640930176,4.245522499084473,2.1970486640930176,2.081543207168579,8.390299797058105,5,1
3531,-2.3044867515563965,-1.9264593124389648,4.0453104972839355,1.9264593124389648,1.988042950630188,6.102192401885986,5,1
3532,-1.8836781978607178,-2.486149311065674,4.456565856933594,2.486149311065674,1.9963322877883911,7.666214942932129,5,1
3533,-1.8763304948806763,-2.3754942417144775,4.270101547241211,2.3754942417144775,2.001772403717041,8.769355773925781,5,1
3534,-1.9247735738754272,-2.3086490631103516,4.576730251312256,2.3086490631103516,1.9627612829208374,6.6179704666137695,5,1
3535,-1.9263174533843994,-2.2469801902770996,4.356591701507568,2.2469801902770996,1.9672964811325073,5.658288955688477,5,1
3536,-2.077502965927124,-1.8563328981399536,4.071176528930664,1.8563328981399536,1.9362353086471558,5.471382141113281,5,1
3537,-2.245014190673828,-1.897900104522705,4.071162223815918,1.897900104522705,1.948655605316162,4.7399163246154785,5,1
3538,-2.184757947921753,-1.946631908416748,4.445925712585449,1.946631908416748,1.9024895429611206,5.4557061195373535,5,1
3539,-1.9361017942428589,-1.9238966703414917,3.969583511352539,1.9238966703414917,2.1074774265289307,6.495003700256348,5,1
3540,-2.2915523052215576,-1.840066909790039,4.497225761413574,1.840066909790039,2.01814603805542,4.4721999168396,5,1
3541,-1.4153302907943726,-2.877861261367798,4.1257476806640625,2.877861261367798,1.9412513971328735,4.302128791809082,5,1
3542,-1.9704035520553589,-2.428771495819092,4.8980207443237305,2.428771495819092,2.0320138931274414,4.787139415740967,5,1
3543,-2.1169629096984863,-2.563614845275879,4.746179580688477,2.563614845275879,1.9968749284744263,5.035942554473877,5,1
3544,-2.2294209003448486,-2.494018077850342,4.984912872314453,2.494018077850342,1.9682389497756958,5.35666561126709,5,1
3545,-2.0379605293273926,-2.600433826446533,4.941041946411133,2.600433826446533,2.072848320007324,6.463744163513184,5,1
3546,-2.0195910930633545,-2.3161041736602783,4.589746952056885,2.3161041736602783,2.0033884048461914,7.498404026031494,5,1
3547,-2.0646190643310547,-2.552755355834961,4.972662925720215,2.552755355834961,1.8733770847320557,6.588363170623779,5,1
3548,-2.085813283920288,-1.9767533540725708,3.978832483291626,1.9767533540725708,2.011399984359741,6.428581714630127,5,1
3549,-2.0459887981414795,-2.2096447944641113,4.335601806640625,2.2096447944641113,1.972125768661499,7.6778764724731445,5,1
3550,-2.0885062217712402,-2.4915924072265625,4.096373558044434,2.4915924072265625,1.9881932735443115,7.857614040374756,5,1
3551,-1.8734983205795288,-2.290290355682373,4.757670879364014,2.290290355682373,1.843163251876831,6.653988361358643,5,1
3552,-2.269367218017578,-2.2018494606018066,4.437056541442871,2.2018494606018066,1.8782334327697754,5.685598373413086,5,1
3553,-1.5895864963531494,-2.5298149585723877,4.296025276184082,2.5298149585723877,2.0726630687713623,5.001392841339111,5,1
3554,-1.902820110321045,-3.1644725799560547,5.435427665710449,3.1644725799560547,1.9957417249679565,4.490704536437988,5,1
3555,-1.9574081897735596,-3.1250274181365967,5.109560966491699,3.1250274181365967,2.063121795654297,5.116231918334961,5,1
3556,-1.8858131170272827,-2.9588189125061035,5.187329292297363,2.9588189125061035,1.9248321056365967,6.067188739776611,5,1
3557,-2.0730128288269043,-3.0763351917266846,5.359139919281006,3.0763351917266846,2.0520389080047607,8.121223449707031,5,1
3558,-1.9562314748764038,-2.6112372875213623,5.0432024002075195,2.6112372875213623,2.0297365188598633,8.40639877319336,5,1
3559,-2.0795021057128906,-2.635124921798706,4.796462059020996,2.635124921798706,2.0580358505249023,7.843440055847168,5,1
3560,-1.7711430788040161,-2.562713623046875,4.374847888946533,2.562713623046875,1.8931519985198975,6.021457672119141,5,1
3561,-1.9722814559936523,-2.3975305557250977,4.471612930297852,2.3975305557250977,2.111046552658081,5.438331604003906,5,1
3562,-1.8053686618804932,-2.578195095062256,4.253590106964111,2.578195095062256,1.886854887008667,5.338769435882568,5,1
3563,-1.974624752998352,-2.3742072582244873,4.488699913024902,2.3742072582244873,1.961212396621704,5.819935321807861,5,1
3564,-2.3051023483276367,-2.6722664833068848,4.994344234466553,2.6722664833068848,1.9545406103134155,5.185500621795654,5,1
3565,-1.972090244293213,-2.824150800704956,5.2145771980285645,2.824150800704956,2.052692174911499,7.013662338256836,5,1
3566,-1.7733360528945923,-2.5653023719787598,4.405826568603516,2.5653023719787598,1.981074333190918,7.217745780944824,5,1
3567,-1.936832070350647,-2.4573934078216553,4.5118818283081055,2.4573934078216553,1.9633692502975464,4.926053524017334,5,1
3568,-2.1246750354766846,-2.790677309036255,5.213618278503418,2.790677309036255,2.006915807723999,6.103878974914551,5,1
3569,-2.1239514350891113,-2.632108449935913,4.971404075622559,2.632108449935913,1.967290997505188,7.107701778411865,5,1
3570,-2.0030715465545654,-2.727545738220215,4.945185661315918,2.727545738220215,2.0031354427337646,6.797418117523193,5,1
3571,-1.9293125867843628,-2.6253087520599365,5.106297969818115,2.6253087520599365,1.923337697982788,5.840822696685791,5,1
3572,-2.0544850826263428,-2.8212759494781494,5.311568737030029,2.8212759494781494,2.079355239868164,6.0185675621032715,5,1
3573,-1.9627496004104614,-2.9113211631774902,5.283446311950684,2.9113211631774902,1.8105885982513428,6.884646892547607,5,1
3574,-2.0720372200012207,-2.929072856903076,5.222206115722656,2.929072856903076,1.9891985654830933,6.295104503631592,5,1
3575,-1.9633867740631104,-2.836332321166992,5.072809219360352,2.836332321166992,1.9249495267868042,5.454787731170654,5,1
3576,-1.8815314769744873,-2.4353036880493164,4.845481872558594,2.4353036880493164,2.0205445289611816,5.750667095184326,5,1
3577,-2.1532351970672607,-3.046905040740967,5.135763645172119,3.046905040740967,1.8579171895980835,5.465100288391113,5,1
3578,-1.8244534730911255,-2.4911816120147705,4.638663291931152,2.4911816120147705,2.024183988571167,5.386462688446045,5,1
3579,-1.782768726348877,-2.8356781005859375,5.103477478027344,2.8356781005859375,2.059478759765625,5.835865497589111,5,1
3580,-2.0333733558654785,-2.8199305534362793,5.067163944244385,2.8199305534362793,1.9639177322387695,6.511857509613037,5,1
3581,-1.9554330110549927,-2.4718728065490723,4.839914798736572,2.4718728065490723,2.0088818073272705,8.099660873413086,5,1
3582,-2.1788439750671387,-2.841740131378174,5.029894828796387,2.841740131378174,2.1163368225097656,7.596310615539551,5,1
3583,-2.087071180343628,-3.271162509918213,5.62214994430542,3.271162509918213,2.0329458713531494,7.428626537322998,5,1
3584,-1.950784683227539,-2.322716236114502,4.809865951538086,2.322716236114502,2.028183698654175,6.2695183753967285,5,1
3585,-2.186061382293701,-2.8363356590270996,4.868997573852539,2.8363356590270996,1.9689871072769165,4.517004489898682,5,1
3586,-2.094256639480591,-2.3304991722106934,4.780858039855957,2.3304991722106934,1.9469801187515259,5.832386493682861,5,1
3587,-1.8918167352676392,-2.6241841316223145,4.374000549316406,2.6241841316223145,1.8752870559692383,5.4413251876831055,5,1
3588,-1.9229878187179565,-3.031315326690674,4.695257663726807,3.031315326690674,2.011449098587036,4.780549049377441,5,1
3589,-1.9779640436172485,-2.5714712142944336,4.714211463928223,2.5714712142944336,1.9267209768295288,6.258542537689209,5,1
3590,-2.008692979812622,-2.4968016147613525,4.65479040145874,2.4968016147613525,2.076399326324463,6.471155166625977,5,1
3591,-2.151993751525879,-2.207730531692505,4.231924533843994,2.207730531692505,1.945530891418457,6.7992777824401855,5,1
3592,-1.8637412786483765,-1.9881709814071655,3.981600761413574,1.9881709814071655,1.9950999021530151,6.239632606506348,5,1
3593,-1.886467456817627,-2.8834340572357178,4.944383144378662,2.8834340572357178,1.9442553520202637,5.790131568908691,5,1
3594,-1.953932285308838,-2.6354317665100098,4.876255512237549,2.6354317665100098,2.0133395195007324,4.613268852233887,5,1
3595,-1.7446844577789307,-2.900064468383789,4.82315731048584,2.900064468383789,2.0996992588043213,5.8427534103393555,5,1
3596,-1.677734613418579,-2.713927745819092,4.754300117492676,2.713927745819092,2.01959228515625,6.071663856506348,5,1
3597,-2.071903944015503,-2.347405433654785,5.021856784820557,2.347405433654785,1.8932136297225952,8.079015731811523,5,1
3598,-2.138956069946289,-2.445000648498535,4.89199161529541,2.445000648498535,1.985256314277649,7.406913757324219,5,1
3599,-2.038619041442871,-2.427107572555542,4.905289649963379,2.427107572555542,1.9465482234954834,6.504518032073975,5,1
3600,-1.9616284370422363,-2.697338581085205,4.6015400886535645,2.697338581085205,2.087723731994629,7.818757057189941,5,1
3601,-2.2727808952331543,-2.887657880783081,5.062962532043457,2.887657880783081,1.9196786880493164,7.072466850280762,5,1
3602,-1.8964722156524658,-2.309993267059326,4.648870944976807,2.309993267059326,1.8833564519882202,5.016826152801514,5,1
3603,-1.7576504945755005,-2.062739610671997,4.098173141479492,2.062739610671997,1.9901714324951172,5.671799182891846,5,1
3604,-1.9734623432159424,-2.978376626968384,5.11924409866333,2.978376626968384,2.0308570861816406,5.198624610900879,5,1
3605,-2.035123348236084,-2.7750113010406494,5.069796562194824,2.7750113010406494,1.8991254568099976,5.153852462768555,5,1
3606,-2.018348217010498,-2.7280194759368896,5.08558464050293,2.7280194759368896,1.9849146604537964,5.634293079376221,5,1
3607,-1.7111504077911377,-2.571267604827881,4.5988311767578125,2.571267604827881,2.063812017440796,8.312603950500488,5,1
3608,-2.0857348442077637,-2.304121971130371,4.7142863273620605,2.304121971130371,1.9204896688461304,7.537929058074951,5,1
3609,-1.8649119138717651,-2.492537021636963,4.444185733795166,2.492537021636963,2.0126543045043945,7.2012505531311035,5,1
3610,-2.146374464035034,-2.1247425079345703,4.458145618438721,2.1247425079345703,1.9935734272003174,7.4999470710754395,5,1
3611,-1.758764624595642,-2.333683729171753,4.193948745727539,2.333683729171753,1.9494906663894653,6.772942543029785,5,1
3612,-1.6499087810516357,-2.3116729259490967,4.1433515548706055,2.3116729259490967,2.0951008796691895,6.869247913360596,5,1
3613,-2.011047601699829,-2.891110897064209,4.931462287902832,2.891110897064209,1.9747340679168701,5.313174724578857,5,1
3614,-1.9039974212646484,-3.2487688064575195,5.348448753356934,3.2487688064575195,2.025108814239502,4.94143009185791,5,1
3615,-1.8453305959701538,-3.037926435470581,5.138316631317139,3.037926435470581,1.8776355981826782,5.079768657684326,5,1
3616,-2.0418734550476074,-2.747204303741455,4.983514308929443,2.747204303741455,2.038703203201294,6.044012069702148,5,1
3617,-2.1534993648529053,-3.1911253929138184,5.695382118225098,3.1911253929138184,2.0554044246673584,5.845597743988037,5,1
3618,-2.215592384338379,-2.8199870586395264,5.254195690155029,2.8199870586395264,1.9477479457855225,5.232589244842529,5,1
3619,-1.965395450592041,-2.5952515602111816,4.613215446472168,2.5952515602111816,1.9403419494628906,4.729407787322998,5,1
3620,-2.2339067459106445,-2.6241960525512695,4.643735408782959,2.6241960525512695,1.9246495962142944,4.746833801269531,5,1
3621,-2.105614423751831,-2.7243165969848633,4.951915264129639,2.7243165969848633,2.086881160736084,5.958090782165527,5,1
3622,-1.8709430694580078,-2.9529335498809814,4.891388893127441,2.9529335498809814,1.895588994026184,6.749996662139893,5,1
3623,-2.044898748397827,-2.8877692222595215,4.972681999206543,2.8877692222595215,1.9779860973358154,7.598000526428223,5,1
3624,-2.2031748294830322,-2.2043395042419434,4.447825908660889,2.2043395042419434,1.9389934539794922,7.683716297149658,5,1
3625,-1.9648585319519043,-2.335148811340332,4.273321628570557,2.335148811340332,2.0810511112213135,7.431136608123779,5,1
3626,-1.994748830795288,-1.8877794742584229,3.8566434383392334,1.8877794742584229,1.9569953680038452,6.7074360847473145,5,1
3627,-1.8435914516448975,-2.3185551166534424,4.176473617553711,2.3185551166534424,1.930681824684143,5.9065093994140625,5,1
3628,-1.7979886531829834,-2.910377264022827,4.727239608764648,2.910377264022827,2.0299832820892334,4.949167728424072,5,1
3629,-2.0369713306427,-2.9738478660583496,5.123618125915527,2.9738478660583496,1.9447885751724243,5.606961727142334,5,1
3630,-1.893454670906067,-2.7875590324401855,4.976544380187988,2.7875590324401855,2.019902467727661,6.118282794952393,5,1
3631,-2.0252685546875,-2.823665142059326,4.667203426361084,2.823665142059326,1.8871732950210571,6.141883850097656,5,1
3632,-1.8198246955871582,-1.994744062423706,4.570084571838379,1.994744062423706,2.06712007522583,7.27765417098999,5,1
3633,-2.1397132873535156,-1.886535406112671,4.267250061035156,1.886535406112671,2.0729730129241943,8.558094024658203,5,1
3634,-2.1043663024902344,-2.4612796306610107,4.585177898406982,2.4612796306610107,1.9044899940490723,8.491125106811523,5,1
3635,-2.1956560611724854,-2.266294479370117,4.558965682983398,2.266294479370117,2.079693078994751,7.061865329742432,5,1
3636,-1.9485869407653809,-2.3256940841674805,4.42973518371582,2.3256940841674805,2.030853271484375,5.757379055023193,5,1
3637,-2.012529134750366,-2.219104766845703,4.310588836669922,2.219104766845703,2.021095037460327,6.160023212432861,5,1
3638,-1.7882415056228638,-2.267426013946533,4.101734638214111,2.267426013946533,1.9894726276397705,6.240391254425049,5,1
3639,-1.8442943096160889,-2.5971665382385254,4.7086639404296875,2.5971665382385254,1.9165725708007812,4.541626930236816,5,1
3640,-1.9565801620483398,-2.355010509490967,4.529423713684082,2.355010509490967,1.9610216617584229,4.67113733291626,5,1
3641,-1.934749960899353,-3.040283441543579,4.650981903076172,3.040283441543579,2.001924753189087,5.703272819519043,5,1
3642,-1.9993324279785156,-2.790255546569824,5.07148551940918,2.790255546569824,2.033592462539673,5.8053741455078125,5,1
3643,-2.1618716716766357,-2.730903387069702,5.203832626342773,2.730903387069702,2.0706238746643066,6.368560314178467,5,1
3644,-2.0770111083984375,-2.465083360671997,4.723346710205078,2.465083360671997,1.8148704767227173,6.645558834075928,5,1
3645,-1.9981260299682617,-2.8371567726135254,4.763570785522461,2.8371567726135254,2.0122358798980713,7.3567914962768555,5,1
3646,-1.8095512390136719,-2.7338755130767822,5.074468612670898,2.7338755130767822,1.897316575050354,6.984889030456543,5,1
3647,-1.9651780128479004,-3.303013324737549,5.269044876098633,3.303013324737549,1.902963638305664,5.986153602600098,5,1
3648,-2.1580922603607178,-2.8488564491271973,5.300644874572754,2.8488564491271973,1.940058946609497,6.220369815826416,5,1
3649,-2.1841299533843994,-3.1876657009124756,5.460233688354492,3.1876657009124756,2.008229970932007,6.886606216430664,5,1
3650,-1.8469136953353882,-2.619379997253418,4.996710300445557,2.619379997253418,1.9039421081542969,6.068704605102539,5,1
3651,-2.274142026901245,-3.1026828289031982,4.888339042663574,3.1026828289031982,1.9660512208938599,6.695486068725586,5,1
3652,-2.0739219188690186,-2.4493508338928223,4.66630744934082,2.4493508338928223,2.008415937423706,5.15374755859375,5,1
3653,-1.6912070512771606,-2.5042381286621094,4.518608093261719,2.5042381286621094,1.9492449760437012,4.928073883056641,5,1
3654,-1.9997034072875977,-2.767240285873413,4.747559547424316,2.767240285873413,1.9770939350128174,4.492782115936279,5,1
3655,-2.0608253479003906,-3.208468437194824,5.395977973937988,3.208468437194824,2.0267410278320312,5.820741176605225,5,1
3656,-2.263528823852539,-2.3393375873565674,4.804392337799072,2.3393375873565674,2.0354204177856445,8.7998685836792,5,1
3657,-1.7134093046188354,-2.0392560958862305,4.166723251342773,2.0392560958862305,2.066929340362549,7.80819845199585,5,1
3658,-2.1258037090301514,-2.578911304473877,4.864995956420898,2.578911304473877,1.951823115348816,6.526078224182129,5,1
3659,-1.9166837930679321,-2.1797986030578613,4.263375282287598,2.1797986030578613,2.0019936561584473,5.5881500244140625,5,1
3660,-2.07558274269104,-2.420729398727417,4.674960136413574,2.420729398727417,2.140366792678833,5.789597034454346,5,1
3661,-1.6559051275253296,-2.8643240928649902,4.317267417907715,2.8643240928649902,2.001288414001465,6.467298984527588,5,1
3662,-1.896301507949829,-2.5135374069213867,4.537439346313477,2.5135374069213867,2.1834793090820312,8.056119918823242,5,1
3663,-1.9876680374145508,-3.2033376693725586,5.034247398376465,3.2033376693725586,1.962304711341858,6.691004276275635,5,1
3664,-1.943803071975708,-3.0777761936187744,5.140034198760986,3.0777761936187744,1.9610099792480469,4.873195648193359,5,1
3665,-2.0764076709747314,-2.827484130859375,4.995455265045166,2.827484130859375,2.0252304077148438,5.423495769500732,5,1
3666,-2.01005482673645,-2.783393144607544,5.073052406311035,2.783393144607544,1.8681565523147583,4.703415393829346,5,1
3667,-2.008180856704712,-2.889078140258789,4.93300724029541,2.889078140258789,1.9818137884140015,5.963830947875977,5,1
3668,-1.7580667734146118,-2.745309829711914,4.694079875946045,2.745309829711914,1.9413889646530151,5.961400985717773,5,1
3669,-1.80582857131958,-2.8075432777404785,4.649604797363281,2.8075432777404785,2.0624759197235107,5.976830959320068,5,1
3670,-1.7604742050170898,-2.7298691272735596,4.602081298828125,2.7298691272735596,1.9830763339996338,6.502466201782227,5,1
3671,-2.184713363647461,-3.11073899269104,5.087832450866699,3.11073899269104,1.9950989484786987,6.7229509353637695,5,1
3672,-1.869538426399231,-2.7007291316986084,4.961452484130859,2.7007291316986084,2.0127904415130615,6.512080669403076,5,1
3673,-2.0319597721099854,-2.88236665725708,4.883920669555664,2.88236665725708,2.0144734382629395,5.653002738952637,5,1
3674,-2.0751471519470215,-2.3962509632110596,4.900952339172363,2.3962509632110596,1.9478052854537964,6.056571960449219,5,1
3675,-2.367948532104492,-2.2807416915893555,4.860816955566406,2.2807416915893555,2.101649045944214,7.524056911468506,5,1
3676,-1.8900892734527588,-2.414436101913452,4.596643447875977,2.414436101913452,2.0656659603118896,6.144499778747559,5,1
3677,-2.107999563217163,-2.7425944805145264,4.9481658935546875,2.7425944805145264,1.9050507545471191,6.099869728088379,5,1
3678,-1.9228190183639526,-2.405585527420044,4.353592872619629,2.405585527420044,2.012305736541748,6.81315279006958,5,1
3679,-1.7272729873657227,-2.581662893295288,4.4721760749816895,2.581662893295288,1.9353673458099365,5.040463924407959,5,1
3680,-1.9495437145233154,-2.614035129547119,4.477997779846191,2.614035129547119,1.9744956493377686,5.104862689971924,5,1
3681,-1.999808430671692,-2.8288745880126953,5.033257961273193,2.8288745880126953,1.9114514589309692,5.560046195983887,5,1
3682,-2.1152334213256836,-2.9457340240478516,5.210475921630859,2.9457340240478516,2.046243906021118,5.94065523147583,5,1
3683,-1.9335476160049438,-2.6901373863220215,4.707578659057617,2.6901373863220215,1.941676139831543,5.1319804191589355,5,1
3684,-2.1200144290924072,-2.922339916229248,5.0546369552612305,2.922339916229248,1.9458562135696411,5.394850730895996,5,1
3685,-1.8790886402130127,-3.1448280811309814,4.979826927185059,3.1448280811309814,1.996401309967041,6.360901832580566,5,1
3686,-2.073270559310913,-3.3873090744018555,5.446572303771973,3.3873090744018555,2.063570261001587,7.702406883239746,5,1
3687,-2.0473756790161133,-2.71765398979187,5.005896091461182,2.71765398979187,2.0179848670959473,7.279481410980225,5,1
3688,-2.117607593536377,-3.0849688053131104,5.372406482696533,3.0849688053131104,1.9562584161758423,5.774924278259277,5,1
3689,-1.8383187055587769,-2.1810567378997803,4.3778300285339355,2.1810567378997803,1.9187631607055664,4.581697940826416,5,1
3690,-1.8995345830917358,-2.2295613288879395,4.161195755004883,2.2295613288879395,2.052821397781372,5.165608882904053,5,1
3691,-1.9820307493209839,-2.3756232261657715,5.009355545043945,2.3756232261657715,1.9773000478744507,6.751523494720459,5,1
3692,-1.8468033075332642,-2.532022714614868,4.292170524597168,2.532022714614868,1.9490489959716797,6.023777484893799,5,1
3693,-2.1145761013031006,-2.5660624504089355,4.516856670379639,2.5660624504089355,1.9698306322097778,5.499248504638672,5,1
3694,-2.0162506103515625,-2.45511531829834,4.37802791595459,2.45511531829834,1.904281497001648,6.16263484954834,5,1
3695,-2.1662888526916504,-2.440601348876953,4.574517250061035,2.440601348876953,1.8837640285491943,6.673393249511719,5,1
3696,-2.122335195541382,-2.549420118331909,4.895964622497559,2.549420118331909,1.937834620475769,6.804629802703857,5,1
3697,-2.177069902420044,-2.739931583404541,5.288585662841797,2.739931583404541,1.9211610555648804,6.169053077697754,5,1
3698,-1.953075647354126,-2.6295881271362305,4.467662811279297,2.6295881271362305,1.961779236793518,7.165834426879883,5,1
3699,-1.9252393245697021,-2.8043198585510254,4.779067516326904,2.8043198585510254,2.0358760356903076,7.553462505340576,5,1
3700,-1.9803515672683716,-2.5875141620635986,4.954458236694336,2.5875141620635986,1.997626543045044,5.223222255706787,5,1
3701,-1.922633409500122,-2.526498794555664,4.785016059875488,2.526498794555664,1.90250563621521,4.5901360511779785,5,1
3702,-1.7494505643844604,-2.3861215114593506,4.219417572021484,2.3861215114593506,1.9481042623519897,5.435400009155273,5,1
3703,-2.122910499572754,-2.3626112937927246,4.605502605438232,2.3626112937927246,1.8089611530303955,4.616466999053955,5,1
3704,-1.9200232028961182,-2.920579195022583,5.234192371368408,2.920579195022583,1.9942296743392944,7.083204746246338,5,1
3705,-1.9747085571289062,-2.658071994781494,4.710847854614258,2.658071994781494,1.873712182044983,6.942561626434326,5,1
3706,-1.7736403942108154,-2.4972212314605713,4.292296409606934,2.4972212314605713,1.9793288707733154,7.048984050750732,5,1
3707,-2.197615146636963,-2.080355644226074,4.338799953460693,2.080355644226074,1.9543180465698242,8.83103084564209,5,1
3708,-1.8328051567077637,-2.845162868499756,4.679276466369629,2.845162868499756,1.9347158670425415,6.860132694244385,5,1
3709,-1.878627061843872,-2.610320806503296,4.655226707458496,2.610320806503296,1.9681367874145508,7.193943023681641,5,1
3710,-1.976404070854187,-2.0441699028015137,4.335489749908447,2.0441699028015137,1.974442958831787,7.248163223266602,5,1
3711,-1.8477760553359985,-2.0518922805786133,4.380518436431885,2.0518922805786133,2.043942451477051,6.446142196655273,5,1
3712,-2.1698522567749023,-2.268049955368042,4.410706043243408,2.268049955368042,1.869017481803894,6.7236647605896,5,1
3713,-2.0853641033172607,-1.9399707317352295,3.9887094497680664,1.9399707317352295,2.0565385818481445,6.144411087036133,5,1
3714,-2.018887996673584,-2.2304329872131348,4.180415153503418,2.2304329872131348,2.0396692752838135,6.214367866516113,5,1
3715,-2.126535177230835,-2.3185880184173584,4.632612228393555,2.3185880184173584,1.9592046737670898,6.469095230102539,5,1
3716,-1.9784742593765259,-2.5174942016601562,4.957018852233887,2.5174942016601562,2.0067338943481445,5.987721920013428,5,1
3717,-2.078829526901245,-2.6709907054901123,4.738349437713623,2.6709907054901123,1.9416494369506836,4.63916015625,5,1
3718,-1.6125088930130005,-2.806324005126953,4.826104164123535,2.806324005126953,1.9236767292022705,5.170318603515625,5,1
3719,-2.0750229358673096,-2.7311558723449707,4.8091888427734375,2.7311558723449707,1.8308908939361572,4.423067569732666,5,1
3720,-1.8416458368301392,-2.7503983974456787,4.567804336547852,2.7503983974456787,2.016594409942627,5.861108303070068,5,1
3721,-2.1927578449249268,-2.521483898162842,4.741695404052734,2.521483898162842,1.9503401517868042,6.35483980178833,5,1
3722,-1.9693776369094849,-2.50981068611145,5.0913801193237305,2.50981068611145,1.9408797025680542,6.640028476715088,5,1
3723,-2.131443738937378,-2.0760793685913086,4.517797470092773,2.0760793685913086,1.9494218826293945,6.378597259521484,5,1
3724,-1.877686619758606,-1.7735686302185059,3.88668155670166,1.7735686302185059,1.9224271774291992,6.6322760581970215,5,1
3725,-2.0795929431915283,-2.3131933212280273,4.602490425109863,2.3131933212280273,1.9703037738800049,6.4545512199401855,5,1
3726,-2.0521554946899414,-2.9072635173797607,4.9525370597839355,2.9072635173797607,1.9419795274734497,6.0573201179504395,5,1
3727,-2.0905537605285645,-2.778311252593994,5.000573635101318,2.778311252593994,1.8444597721099854,5.529228687286377,5,1
3728,-1.6149520874023438,-3.1686251163482666,4.75163459777832,3.1686251163482666,1.835192084312439,4.554294109344482,5,1
3729,-1.758115291595459,-2.3149197101593018,4.366560935974121,2.3149197101593018,1.9970911741256714,6.5485148429870605,5,1
3730,-1.9214979410171509,-2.7430410385131836,4.777547836303711,2.7430410385131836,1.9226949214935303,6.308295726776123,5,1
3731,-2.073230504989624,-2.9398770332336426,4.96565055847168,2.9398770332336426,2.005472183227539,6.638388156890869,5,1
3732,-2.0722625255584717,-2.8976597785949707,5.308810234069824,2.8976597785949707,1.9069830179214478,7.743625640869141,5,1
3733,-1.9337141513824463,-2.657329559326172,5.129034996032715,2.657329559326172,1.9101215600967407,7.749377250671387,5,1
3734,-1.9534060955047607,-2.7554616928100586,4.937880516052246,2.7554616928100586,2.185515880584717,7.431827545166016,5,1
3735,-1.877731204032898,-3.0959181785583496,5.076067924499512,3.0959181785583496,1.9478893280029297,6.465744972229004,5,1
3736,-2.0796658992767334,-3.251492977142334,5.395305633544922,3.251492977142334,1.9991130828857422,7.513791084289551,5,1
3737,-1.9084354639053345,-2.5824196338653564,4.908197402954102,2.5824196338653564,2.104006767272949,7.566223621368408,5,1
3738,-1.9590915441513062,-2.3102493286132812,4.459481239318848,2.3102493286132812,1.9548128843307495,6.734827995300293,5,1
3739,-1.9097718000411987,-2.3436038494110107,4.49049186706543,2.3436038494110107,1.900408387184143,5.43152379989624,5,1
3740,-1.8248765468597412,-2.2915029525756836,4.314358234405518,2.2915029525756836,1.9306237697601318,6.79475212097168,5,1
3741,-2.003959894180298,-2.479623317718506,4.716194152832031,2.479623317718506,1.9110608100891113,5.706869602203369,5,1
3742,-1.8423280715942383,-2.7219343185424805,4.608009338378906,2.7219343185424805,1.989966630935669,6.884743690490723,5,1
3743,-2.1022756099700928,-2.0892159938812256,4.274571418762207,2.0892159938812256,1.9391926527023315,7.422870635986328,5,1
3744,-1.8318642377853394,-2.0551295280456543,4.287166595458984,2.0551295280456543,2.03806209564209,7.6071882247924805,5,1
3745,-1.9471855163574219,-2.3869526386260986,4.61301326751709,2.3869526386260986,1.9867970943450928,6.65242338180542,5,1
3746,-1.8382997512817383,-1.453627586364746,4.040912628173828,1.453627586364746,2.0081701278686523,5.355616569519043,5,1
3747,-1.9506174325942993,-2.426569938659668,4.621607780456543,2.426569938659668,1.891188144683838,4.789639472961426,5,1
3748,-1.7958370447158813,-2.424875259399414,4.509766578674316,2.424875259399414,2.013216733932495,4.2405314445495605,5,1
3749,-1.9417123794555664,-2.8231215476989746,4.411844730377197,2.8231215476989746,1.894884467124939,5.045361042022705,5,1
3750,-1.8908233642578125,-2.826493740081787,5.055233955383301,2.826493740081787,2.0135257244110107,6.263505935668945,5,1
3751,-2.1540751457214355,-2.6483407020568848,5.097157001495361,2.6483407020568848,1.8034285306930542,6.104548454284668,5,1
3752,-1.9401968717575073,-2.6829686164855957,4.655850887298584,2.6829686164855957,1.9506022930145264,6.647160530090332,5,1
3753,-1.738534688949585,-2.5332863330841064,4.455142021179199,2.5332863330841064,2.0899429321289062,7.773241996765137,5,1
3754,-1.8633496761322021,-2.6702182292938232,4.6335649490356445,2.6702182292938232,2.038632869720459,6.436463356018066,5,1
3755,-1.903374433517456,-2.1505565643310547,4.679203987121582,2.1505565643310547,1.9352024793624878,6.360504150390625,5,1
3756,-1.8771228790283203,-2.365999460220337,4.340904712677002,2.365999460220337,1.9030219316482544,7.397145748138428,5,1
3757,-1.7667850255966187,-2.257990837097168,4.585933685302734,2.257990837097168,1.9867547750473022,7.224761009216309,5,1
3758,-1.8094797134399414,-2.586045742034912,4.443028926849365,2.586045742034912,2.0142531394958496,6.955873489379883,5,1
3759,-2.147756338119507,-2.4617741107940674,4.811678886413574,2.4617741107940674,1.9635449647903442,6.492978096008301,5,1
3760,-1.880481243133545,-2.4685306549072266,4.401341438293457,2.4685306549072266,1.8505219221115112,6.445879936218262,5,1
3761,-1.849478006362915,-2.2954485416412354,4.170085906982422,2.2954485416412354,1.9482965469360352,6.3120927810668945,5,1
3762,-2.0752053260803223,-2.4891245365142822,4.880229949951172,2.4891245365142822,1.9800126552581787,5.746786594390869,5,1
3763,-1.8745248317718506,-2.5509445667266846,4.035253524780273,2.5509445667266846,2.0995430946350098,6.312320709228516,5,1
3764,-2.228794813156128,-2.684908628463745,4.964846611022949,2.684908628463745,1.8794670104980469,6.821702480316162,5,1
3765,-2.091015577316284,-2.4709575176239014,4.712298393249512,2.4709575176239014,2.006931781768799,6.430562496185303,5,1
3766,-2.0731210708618164,-2.384066104888916,4.887917518615723,2.384066104888916,1.8682117462158203,6.64359712600708,5,1
3767,-2.0587706565856934,-2.116093873977661,4.565311908721924,2.116093873977661,2.0999035835266113,6.901212215423584,5,1
3768,-1.8103480339050293,-2.225409746170044,4.071455001831055,2.225409746170044,2.1362457275390625,6.892141342163086,5,1
3769,-1.8937565088272095,-2.8478550910949707,4.784536838531494,2.8478550910949707,1.9352021217346191,6.454076290130615,5,1
3770,-1.997837781906128,-2.584146499633789,5.033546447753906,2.584146499633789,1.97576105594635,5.19608736038208,5,1
3771,-1.8541916608810425,-2.4764280319213867,4.412583351135254,2.4764280319213867,1.8846811056137085,4.443044185638428,5,1
3772,-2.1013925075531006,-2.9785144329071045,4.697512626647949,2.9785144329071045,1.881443738937378,4.829705715179443,5,1
3773,-2.0844457149505615,-2.415224313735962,4.590608596801758,2.415224313735962,2.020659923553467,5.5589399337768555,5,1
3774,-1.9452252388000488,-2.704768180847168,4.523058891296387,2.704768180847168,2.059314012527466,5.166700839996338,5,1
3775,-1.9586098194122314,-2.6705055236816406,4.814330101013184,2.6705055236816406,2.0101478099823,5.418315887451172,5,1
3776,-1.8395246267318726,-2.444368839263916,4.439779758453369,2.444368839263916,1.9859869480133057,5.611755847930908,5,1
3777,-1.8886196613311768,-2.523857593536377,4.385024547576904,2.523857593536377,2.0841262340545654,8.224609375,5,1
3778,-2.1841585636138916,-2.765852928161621,4.899094581604004,2.765852928161621,1.9563312530517578,7.710536479949951,5,1
3779,-1.8812003135681152,-2.707301616668701,4.709679126739502,2.707301616668701,1.94820237159729,6.5582146644592285,5,1
3780,-1.9986509084701538,-2.466907501220703,4.549278259277344,2.466907501220703,1.9781849384307861,5.730556488037109,5,1
3781,-2.1339104175567627,-2.4309659004211426,4.536943435668945,2.4309659004211426,1.9359794855117798,5.727624416351318,5,1
3782,-1.7625494003295898,-2.8771064281463623,4.375866889953613,2.8771064281463623,1.9265793561935425,5.187153339385986,5,1
3783,-1.9591883420944214,-2.3881359100341797,4.658374786376953,2.3881359100341797,1.9461042881011963,7.283664226531982,5,1
3784,-1.8339728116989136,-2.709958791732788,4.572046756744385,2.709958791732788,2.0291547775268555,6.695182800292969,5,1
3785,-1.8476475477218628,-3.0746092796325684,5.36624002456665,3.0746092796325684,2.016098976135254,5.477996349334717,5,1
3786,-1.9719573259353638,-2.930602550506592,4.793326377868652,2.930602550506592,1.8812551498413086,7.050901412963867,5,1
3787,-2.169046640396118,-2.657583475112915,4.797579288482666,2.657583475112915,2.0725831985473633,8.164243698120117,5,1
3788,-1.772562861442566,-2.049109697341919,4.21893835067749,2.049109697341919,1.9270535707473755,6.807864665985107,5,1
3789,-2.047244071960449,-2.2652063369750977,4.220484733581543,2.2652063369750977,1.9162964820861816,5.547693729400635,5,1
3790,-1.8708279132843018,-1.8498616218566895,3.919588088989258,1.8498616218566895,2.0723843574523926,6.285867214202881,5,1
3791,-2.0481395721435547,-2.1985652446746826,4.361180782318115,2.1985652446746826,1.9876855611801147,5.106022834777832,5,1
3792,-1.934894323348999,-2.8734688758850098,5.034196853637695,2.8734688758850098,1.9366008043289185,4.819758892059326,5,1
3793,-2.0321407318115234,-2.509760856628418,5.138296127319336,2.509760856628418,1.984885573387146,6.215077877044678,5,1
3794,-1.9692234992980957,-1.9632859230041504,4.220364093780518,1.9632859230041504,2.0718343257904053,5.488315582275391,5,1
3795,-2.116063117980957,-2.2871479988098145,4.555147171020508,2.2871479988098145,1.9067412614822388,4.84091854095459,5,1
3796,-2.016935348510742,-2.2651560306549072,4.492164134979248,2.2651560306549072,1.943816065788269,5.991211414337158,5,1
3797,-2.0027804374694824,-2.3296658992767334,4.5692243576049805,2.3296658992767334,1.9883815050125122,6.117769241333008,5,1
3798,-1.8206088542938232,-2.678771495819092,4.436908721923828,2.678771495819092,1.938677191734314,4.634748935699463,5,1
3799,-1.7862110137939453,-2.6252543926239014,4.600805282592773,2.6252543926239014,1.9299412965774536,5.648128509521484,5,1
3800,-2.208662986755371,-2.9687423706054688,4.93845796585083,2.9687423706054688,1.8985426425933838,6.183181285858154,5,1
3801,-1.81895112991333,-2.8992714881896973,4.697969436645508,2.8992714881896973,1.9903526306152344,6.360133647918701,5,1
3802,-1.9679746627807617,-2.4837889671325684,4.865766525268555,2.4837889671325684,1.9666318893432617,6.195068359375,5,1
3803,-1.8338028192520142,-2.5934479236602783,4.733415603637695,2.5934479236602783,2.084076166152954,5.533758640289307,5,1
3804,-2.0920984745025635,-2.28067684173584,4.864161491394043,2.28067684173584,1.9337669610977173,6.639077663421631,5,1
3805,-2.07305908203125,-2.24113130569458,4.319762229919434,2.24113130569458,1.9264583587646484,7.1431779861450195,5,1
3806,-1.8086613416671753,-2.839305877685547,4.589779853820801,2.839305877685547,1.873670220375061,6.674957275390625,5,1
3807,-1.8940484523773193,-2.9934396743774414,5.117592811584473,2.9934396743774414,1.9455530643463135,5.187005043029785,5,1
3808,-1.736953854560852,-2.8489322662353516,5.356690883636475,2.8489322662353516,1.9549813270568848,4.175494194030762,5,1
3809,-1.9896583557128906,-2.54201078414917,4.61433219909668,2.54201078414917,2.0434606075286865,5.2745866775512695,5,1
3810,-1.8997113704681396,-3.007093906402588,4.830119609832764,3.007093906402588,1.939987301826477,4.510680198669434,5,1
3811,-2.147768974304199,-3.2242612838745117,5.442209720611572,3.2242612838745117,1.9690390825271606,6.954701900482178,5,1
3812,-2.025742530822754,-2.273873805999756,4.278830528259277,2.273873805999756,2.122702121734619,9.33991813659668,5,1
3813,-1.8389849662780762,-2.2652173042297363,4.299905776977539,2.2652173042297363,2.028622627258301,8.475282669067383,5,1
3814,-2.1044719219207764,-2.673851490020752,5.134799957275391,2.673851490020752,2.041301727294922,7.256471157073975,5,1
3815,-1.9537904262542725,-2.6273534297943115,4.649235725402832,2.6273534297943115,1.9372361898422241,5.796677112579346,5,1
3816,-1.860316514968872,-2.488011598587036,4.715078353881836,2.488011598587036,1.9635928869247437,5.595843315124512,5,1
3817,-1.7878655195236206,-2.5801525115966797,4.9313154220581055,2.5801525115966797,1.9972739219665527,5.555331707000732,5,1
3818,-1.9607893228530884,-2.9298927783966064,4.8329339027404785,2.9298927783966064,1.9093533754348755,5.128092288970947,5,1
3819,-1.9968044757843018,-2.829702377319336,4.956157207489014,2.829702377319336,1.9548481702804565,6.019764423370361,5,1
3820,-2.1526269912719727,-2.5515635013580322,4.767307758331299,2.5515635013580322,1.9878041744232178,6.316726207733154,5,1
3821,-1.8517457246780396,-2.610767364501953,4.701511383056641,2.610767364501953,1.8833459615707397,5.046490669250488,5,1
3822,-1.739015817642212,-2.774322032928467,4.6941680908203125,2.774322032928467,1.870928168296814,4.831655502319336,5,1
3823,-2.062758207321167,-2.6531453132629395,4.690382957458496,2.6531453132629395,1.964656114578247,6.060495853424072,5,1
3824,-1.8720574378967285,-1.714463233947754,4.155736446380615,1.714463233947754,2.085653066635132,6.539211750030518,5,1
3825,-2.02856707572937,-2.536055088043213,4.48165225982666,2.536055088043213,1.943198800086975,6.566444396972656,5,1
3826,-1.8572146892547607,-2.7012834548950195,4.580911159515381,2.7012834548950195,1.9633530378341675,5.615476608276367,5,1
3827,-1.9832934141159058,-2.6086111068725586,4.6791815757751465,2.6086111068725586,1.994199514389038,5.81779670715332,5,1
3828,-1.8522957563400269,-2.691640853881836,4.777403354644775,2.691640853881836,2.002392053604126,7.213473320007324,5,1
3829,-2.043384313583374,-2.029062271118164,4.519213676452637,2.029062271118164,1.8638718128204346,9.672171592712402,5,1
3830,-1.9570997953414917,-2.762664794921875,4.876933574676514,2.762664794921875,1.842344880104065,7.9968485832214355,5,1
3831,-2.1418023109436035,-2.35766339302063,5.0003814697265625,2.35766339302063,1.9841361045837402,6.524411201477051,5,1
3832,-1.9958382844924927,-2.0742239952087402,4.483351707458496,2.0742239952087402,2.121960163116455,6.6599602699279785,5,1
3833,-2.0022144317626953,-2.5616161823272705,4.360851287841797,2.5616161823272705,1.9410860538482666,5.8311238288879395,5,1
3834,-1.6568173170089722,-2.3407599925994873,4.203900337219238,2.3407599925994873,2.0309770107269287,5.414682865142822,5,1
3835,-2.1718051433563232,-2.172987699508667,4.431662082672119,2.172987699508667,1.9697027206420898,5.592735767364502,5,1
3836,-1.829280138015747,-1.9982287883758545,4.073843955993652,1.9982287883758545,2.041875123977661,5.9163713455200195,5,1
3837,-1.6798830032348633,-2.7169651985168457,4.452485084533691,2.7169651985168457,2.0547115802764893,5.9708685874938965,5,1
3838,-2.0759494304656982,-2.544449806213379,4.770843505859375,2.544449806213379,1.9695473909378052,5.626704216003418,5,1
3839,-1.763150930404663,-2.7581467628479004,4.7028913497924805,2.7581467628479004,1.9775137901306152,5.490743160247803,5,1
3840,-1.9292066097259521,-2.8084683418273926,4.907210350036621,2.8084683418273926,1.921849250793457,4.477566719055176,5,1
3841,-1.8006209135055542,-2.884394884109497,4.750270843505859,2.884394884109497,1.9880377054214478,5.024820327758789,5,1
3842,-2.0250017642974854,-2.406139373779297,4.640135288238525,2.406139373779297,2.0225419998168945,7.496962070465088,5,1
3843,-2.0372910499572754,-2.90483021736145,4.903652191162109,2.90483021736145,2.022808313369751,8.45218276977539,5,1
3844,-2.185728073120117,-2.421994686126709,4.81818962097168,2.421994686126709,1.9181541204452515,7.3886847496032715,5,1
3845,-2.0791382789611816,-2.626819133758545,4.7137227058410645,2.626819133758545,1.8674434423446655,5.910182476043701,5,1
3846,-1.8339951038360596,-2.422614574432373,4.728218078613281,2.422614574432373,1.9853428602218628,6.707614421844482,5,1
3847,-1.9745092391967773,-2.5353260040283203,4.991312026977539,2.5353260040283203,1.9364458322525024,7.510207176208496,5,1
3848,-1.7599139213562012,-2.127562999725342,4.367571830749512,2.127562999725342,1.827002763748169,6.331638336181641,5,1
3849,-1.9082069396972656,-2.587583065032959,4.767546653747559,2.587583065032959,2.0430281162261963,6.357996463775635,5,1
3850,-2.053161859512329,-2.6753339767456055,4.768129348754883,2.6753339767456055,2.0063374042510986,6.434067249298096,5,1
3851,-1.7410824298858643,-2.883425235748291,4.969900131225586,2.883425235748291,1.9510198831558228,5.887184143066406,5,1
3852,-1.8793941736221313,-2.966003894805908,5.1128153800964355,2.966003894805908,1.9277334213256836,6.057529926300049,5,1
3853,-1.7800185680389404,-3.247037887573242,5.111259937286377,3.247037887573242,1.931046485900879,7.017570972442627,5,1
3854,-2.112729549407959,-3.033425807952881,5.008973121643066,3.033425807952881,2.017807960510254,6.220414161682129,5,1
3855,-1.6300780773162842,-2.5279769897460938,4.376760482788086,2.5279769897460938,1.9934489727020264,5.433019638061523,5,1
3856,-1.6885132789611816,-2.845994472503662,4.565947532653809,2.845994472503662,1.9681872129440308,5.558810234069824,5,1
3857,-1.9174716472625732,-3.0249009132385254,4.8697428703308105,3.0249009132385254,1.8795089721679688,5.745655059814453,5,1
3858,-1.9426268339157104,-2.6355490684509277,4.784278392791748,2.6355490684509277,1.9037827253341675,5.944834232330322,5,1
3859,-2.100684642791748,-2.535362720489502,4.794305801391602,2.535362720489502,1.9104273319244385,8.31075382232666,5,1
3860,-1.9894908666610718,-2.3932886123657227,4.517648220062256,2.3932886123657227,1.8930743932724,9.123038291931152,5,1
3861,-1.8390451669692993,-2.9915261268615723,4.695347785949707,2.9915261268615723,2.1467955112457275,6.548969268798828,5,1
3862,-1.935211181640625,-2.670677661895752,5.063525199890137,2.670677661895752,2.0176267623901367,6.161919116973877,5,1
3863,-1.9406977891921997,-2.4749412536621094,4.747737884521484,2.4749412536621094,2.0597259998321533,6.164992809295654,5,1
3864,-2.091252565383911,-2.3623757362365723,4.530150890350342,2.3623757362365723,1.8797895908355713,7.031030178070068,5,1
3865,-1.914739966392517,-2.7800352573394775,4.829634666442871,2.7800352573394775,1.952336072921753,8.835022926330566,5,1
3866,-2.0908946990966797,-2.914886951446533,5.251274108886719,2.914886951446533,1.9334132671356201,6.254720211029053,5,1
3867,-2.1579854488372803,-3.076983690261841,4.872101783752441,3.076983690261841,1.978484869003296,4.926337718963623,5,1
3868,-2.2019505500793457,-2.6425113677978516,4.9176201820373535,2.6425113677978516,2.0121593475341797,5.214860439300537,5,1
3869,-1.7102234363555908,-2.4775302410125732,4.683321952819824,2.4775302410125732,2.00419020652771,5.668578624725342,5,1
3870,-2.087794303894043,-2.1518394947052,4.488620758056641,2.1518394947052,1.9731205701828003,5.44936466217041,5,1
3871,-2.038668155670166,-1.6274032592773438,3.9947049617767334,1.6274032592773438,1.958698034286499,6.45689058303833,5,1
3872,-1.9554064273834229,-1.8854445219039917,3.690539598464966,1.8854445219039917,2.1003260612487793,5.487900257110596,5,1
3873,-1.9394502639770508,-1.650666356086731,4.015018463134766,1.650666356086731,2.015873908996582,5.215211391448975,5,1
3874,-1.7400867938995361,-1.5705065727233887,3.9328324794769287,1.5705065727233887,1.7929705381393433,5.34937858581543,5,1
3875,-2.0223371982574463,-2.2199015617370605,4.211518287658691,2.2199015617370605,1.995489478111267,5.280170917510986,5,1
3876,-1.7152795791625977,-2.369490385055542,4.234353065490723,2.369490385055542,2.0097591876983643,6.356437683105469,5,1
3877,-2.1372828483581543,-1.995377779006958,4.044914245605469,1.995377779006958,1.981311321258545,7.7040534019470215,5,1
3878,-1.7720006704330444,-1.918262004852295,3.896756172180176,1.918262004852295,2.0144736766815186,5.782171726226807,5,1
3879,-2.112529993057251,-2.3963401317596436,4.562012195587158,2.3963401317596436,2.023822546005249,5.1877522468566895,5,1
3880,-1.8068522214889526,-2.3524909019470215,4.304961204528809,2.3524909019470215,2.091102361679077,7.573241233825684,5,1
3881,-1.9539397954940796,-2.4753952026367188,4.524811267852783,2.4753952026367188,1.8930025100708008,5.708270072937012,5,1
3882,-1.8592338562011719,-2.952497959136963,4.718363285064697,2.952497959136963,1.9772173166275024,4.406271457672119,5,1
3883,-2.0612823963165283,-2.2600505352020264,4.835794448852539,2.2600505352020264,1.9267290830612183,5.33066987991333,5,1
3884,-2.026189088821411,-3.1270089149475098,5.064523696899414,3.1270089149475098,1.9012647867202759,5.870516300201416,5,1
3885,-2.0540897846221924,-2.812467575073242,5.127366065979004,2.812467575073242,2.1047558784484863,6.560328006744385,5,1
3886,-1.924159288406372,-2.1221628189086914,4.445730209350586,2.1221628189086914,2.0055177211761475,6.583435535430908,5,1
3887,-1.9527513980865479,-2.808133602142334,4.916973114013672,2.808133602142334,2.0095725059509277,5.894332408905029,5,1
3888,-1.6707762479782104,-2.961367130279541,4.83176851272583,2.961367130279541,2.0505099296569824,6.1022233963012695,5,1
3889,-1.866285800933838,-2.806889533996582,5.113846302032471,2.806889533996582,2.0225436687469482,4.999793529510498,5,1
3890,-1.863255500793457,-2.825192928314209,4.525238990783691,2.825192928314209,1.9015185832977295,5.600290775299072,5,1
3891,-1.661240816116333,-2.367729425430298,4.624800205230713,2.367729425430298,2.034663200378418,7.014805316925049,5,1
3892,-1.8989816904067993,-2.9109838008880615,5.11637544631958,2.9109838008880615,1.9869329929351807,6.97878885269165,5,1
3893,-1.838603138923645,-2.8538432121276855,4.721063613891602,2.8538432121276855,1.985738754272461,6.859528541564941,5,1
3894,-1.7097811698913574,-2.6435461044311523,4.5025200843811035,2.6435461044311523,2.033205509185791,6.348519802093506,5,1
3895,-1.7296016216278076,-2.5923829078674316,4.465710639953613,2.5923829078674316,1.8751404285430908,6.525088787078857,5,1
3896,-2.1023037433624268,-2.255094051361084,4.8430328369140625,2.255094051361084,1.9284303188323975,7.408356666564941,5,1
3897,-1.8166565895080566,-2.4922432899475098,4.712207794189453,2.4922432899475098,1.946894645690918,5.955021858215332,5,1
3898,-1.8820972442626953,-2.3385205268859863,4.339104652404785,2.3385205268859863,2.160750150680542,6.437236785888672,5,1
3899,-1.7699246406555176,-2.8577322959899902,4.9132585525512695,2.8577322959899902,1.8964067697525024,5.44291353225708,5,1
3900,-2.2120440006256104,-2.4372823238372803,4.599726676940918,2.4372823238372803,1.8916842937469482,6.141849040985107,5,1
3901,-1.6423105001449585,-2.252549171447754,4.5465922355651855,2.252549171447754,1.9327430725097656,6.432468891143799,5,1
3902,-1.9692929983139038,-2.717097282409668,4.82684326171875,2.717097282409668,2.0367422103881836,4.5870795249938965,5,1
3903,-1.9329196214675903,-2.8230812549591064,4.9608306884765625,2.8230812549591064,1.9464054107666016,4.527646541595459,5,1
3904,-1.649242639541626,-2.7743091583251953,4.791603088378906,2.7743091583251953,1.8902758359909058,5.387760639190674,5,1
3905,-1.9528394937515259,-2.6893739700317383,4.81593656539917,2.6893739700317383,1.9100960493087769,5.204113960266113,5,1
3906,-1.8913052082061768,-2.6975393295288086,4.857832908630371,2.6975393295288086,1.9718636274337769,5.676576614379883,5,1
3907,-1.6789977550506592,-2.5902256965637207,4.980395793914795,2.5902256965637207,1.9082976579666138,6.408320903778076,5,1
3908,-2.1717255115509033,-2.2159433364868164,4.565863609313965,2.2159433364868164,1.9476276636123657,5.997114658355713,5,1
3909,-1.8563634157180786,-2.5782456398010254,4.422623157501221,2.5782456398010254,1.8479862213134766,5.7773966789245605,5,1
3910,-2.0862221717834473,-2.291226625442505,4.466376304626465,2.291226625442505,1.8506498336791992,6.365872859954834,5,1
3911,-2.0564987659454346,-2.5080509185791016,4.619062423706055,2.5080509185791016,1.9158047437667847,5.678276062011719,5,1
3912,-2.0381791591644287,-2.469604015350342,4.537858009338379,2.469604015350342,1.9139034748077393,5.028178691864014,5,1
3913,-1.9244188070297241,-2.6930031776428223,4.660157203674316,2.6930031776428223,1.9562969207763672,5.368167877197266,5,1
3914,-1.996115803718567,-2.7950186729431152,5.016444206237793,2.7950186729431152,1.9671679735183716,6.707550048828125,5,1
3915,-2.0195868015289307,-2.207463264465332,4.842384338378906,2.207463264465332,2.0268514156341553,7.287755966186523,5,1
3916,-1.8189737796783447,-2.302295446395874,4.498880386352539,2.302295446395874,1.957149863243103,8.983231544494629,5,1
3917,-2.053447723388672,-2.9060277938842773,5.047037124633789,2.9060277938842773,2.042900323867798,7.516077518463135,5,1
3918,-2.0046327114105225,-3.030538558959961,5.446149826049805,3.030538558959961,2.0829665660858154,6.266005992889404,5,1
3919,-1.942228078842163,-3.211872100830078,5.173876762390137,3.211872100830078,2.0687685012817383,6.327118873596191,5,1
3920,-1.8682951927185059,-2.3378803730010986,4.49464225769043,2.3378803730010986,1.8712382316589355,4.946560382843018,5,1
3921,-1.9777591228485107,-1.8715323209762573,4.412988185882568,1.8715323209762573,2.0579710006713867,6.8345136642456055,5,1
3922,-1.7751708030700684,-1.8453584909439087,3.566263198852539,1.8453584909439087,1.9754658937454224,5.813683986663818,5,1
3923,-2.1131978034973145,-2.1728456020355225,4.325328826904297,2.1728456020355225,2.030106782913208,5.321250915527344,5,1
3924,-2.001673698425293,-2.4571869373321533,4.330027103424072,2.4571869373321533,1.8996793031692505,4.676313400268555,5,1
3925,-1.5467498302459717,-2.2806737422943115,4.0187249183654785,2.2806737422943115,2.0241754055023193,5.063666820526123,5,1
3926,-1.9133864641189575,-2.1186656951904297,4.416195392608643,2.1186656951904297,1.9447234869003296,5.939169406890869,5,1
3927,-2.1167759895324707,-2.6154909133911133,4.801443576812744,2.6154909133911133,1.8496938943862915,6.9723992347717285,5,1
3928,-2.1994566917419434,-2.2291507720947266,4.664072036743164,2.2291507720947266,1.787980318069458,7.194538593292236,5,1
3929,-1.9050536155700684,-2.6948137283325195,4.563045501708984,2.6948137283325195,1.9981439113616943,6.828821182250977,5,1
3930,-2.0513267517089844,-2.3103888034820557,4.558894157409668,2.3103888034820557,1.9677772521972656,6.412539005279541,5,1
3931,-1.9832276105880737,-1.8493258953094482,4.651241302490234,1.8493258953094482,2.0435047149658203,6.66286039352417,5,1
3932,-1.8386635780334473,-2.81203031539917,4.557236671447754,2.81203031539917,1.8381417989730835,5.52052640914917,5,1
3933,-2.1104588508605957,-3.3870551586151123,5.282222270965576,3.3870551586151123,1.819197177886963,8.269497871398926,5,1
3934,-2.072145462036133,-2.7621123790740967,4.925004005432129,2.7621123790740967,2.07379412651062,8.649019241333008,5,1
3935,-1.8982971906661987,-2.8218350410461426,4.666377067565918,2.8218350410461426,1.9086817502975464,6.416997909545898,5,1
3936,-1.9484593868255615,-2.5088624954223633,4.762125015258789,2.5088624954223633,2.0185952186584473,6.263800621032715,5,1
3937,-1.967285394668579,-2.974215030670166,5.115364074707031,2.974215030670166,1.8758293390274048,6.185235500335693,5,1
3938,-1.8678479194641113,-3.1091694831848145,5.024070739746094,3.1091694831848145,1.8717966079711914,5.21040153503418,5,1
3939,-1.9894535541534424,-2.507091760635376,4.836237907409668,2.507091760635376,2.0156075954437256,4.870440483093262,5,1
3940,-1.8927963972091675,-2.5021214485168457,4.597458839416504,2.5021214485168457,1.8487253189086914,4.669689655303955,5,1
3941,-1.9137336015701294,-2.380713939666748,4.7450127601623535,2.380713939666748,1.8743836879730225,5.001981735229492,5,1
3942,-1.8770999908447266,-2.854619026184082,4.819876670837402,2.854619026184082,2.0210742950439453,4.354856014251709,5,1
3943,-1.752845048904419,-2.764561891555786,4.890837669372559,2.764561891555786,1.9103604555130005,4.825923442840576,5,1
3944,-1.9491639137268066,-2.24326229095459,4.307496547698975,2.24326229095459,1.8442919254302979,5.864048480987549,5,1
3945,-1.8040337562561035,-1.9203689098358154,4.145691871643066,1.9203689098358154,2.0275368690490723,6.581023693084717,5,1
3946,-1.796333909034729,-2.3491203784942627,4.168020248413086,2.3491203784942627,1.9867753982543945,5.901264190673828,5,1
3947,-1.8495464324951172,-2.946150064468384,4.884527206420898,2.946150064468384,1.9079841375350952,5.767253875732422,5,1
3948,-1.7857943773269653,-2.558138608932495,4.803035736083984,2.558138608932495,2.0630123615264893,5.4127373695373535,5,1
3949,-2.1046552658081055,-2.350121259689331,4.761167526245117,2.350121259689331,2.004606246948242,6.639175891876221,5,1
3950,-2.026384115219116,-2.6341512203216553,4.5813188552856445,2.6341512203216553,1.9849231243133545,7.939293384552002,5,1
3951,-1.7949575185775757,-2.472454071044922,4.315263748168945,2.472454071044922,1.9518277645111084,6.917362213134766,5,1
3952,-1.89402437210083,-3.287003755569458,5.326108932495117,3.287003755569458,1.831242322921753,5.806283950805664,5,1
3953,-1.9303237199783325,-2.3615317344665527,4.5015740394592285,2.3615317344665527,1.8890661001205444,5.94488525390625,5,1
3954,-2.0241317749023438,-2.1780924797058105,4.084446907043457,2.1780924797058105,1.9510856866836548,7.806136131286621,5,1
3955,-1.9510301351547241,-2.446286678314209,4.758182048797607,2.446286678314209,2.1024296283721924,8.752935409545898,5,1
3956,-1.9412070512771606,-2.759697437286377,4.63857889175415,2.759697437286377,2.0115742683410645,6.160349369049072,5,1
3957,-1.896301031112671,-2.7629852294921875,5.045966625213623,2.7629852294921875,1.9401494264602661,5.36553955078125,5,1
3958,-2.032803535461426,-2.6432137489318848,5.006776332855225,2.6432137489318848,1.9281644821166992,5.972794532775879,5,1
3959,-1.8699390888214111,-2.1926419734954834,4.241117477416992,2.1926419734954834,1.9693220853805542,5.60811185836792,5,1
3960,-1.9148375988006592,-2.778745651245117,4.841987609863281,2.778745651245117,2.0192129611968994,7.067085266113281,5,1
3961,-2.014404773712158,-2.5379488468170166,4.799863338470459,2.5379488468170166,1.8974382877349854,7.596850395202637,5,1
3962,-2.2404062747955322,-2.2673826217651367,4.410253524780273,2.2673826217651367,1.9717849493026733,6.976722240447998,5,1
3963,-1.9823596477508545,-2.578855514526367,4.335943222045898,2.578855514526367,2.0036780834198,6.4851765632629395,5,1
3964,-2.0453290939331055,-2.9003562927246094,5.465668678283691,2.9003562927246094,1.9056322574615479,4.9845685958862305,5,1
3965,-1.5690312385559082,-2.7914233207702637,4.723540306091309,2.7914233207702637,1.9287550449371338,5.307522773742676,5,1
3966,-1.9742023944854736,-2.3750579357147217,4.62375020980835,2.3750579357147217,1.8693920373916626,4.968194007873535,5,1
3967,-1.8953349590301514,-2.3239035606384277,4.3598833084106445,2.3239035606384277,2.067342519760132,6.468815326690674,5,1
3968,-1.8290399312973022,-2.891061782836914,4.926796913146973,2.891061782836914,1.8533943891525269,5.1569504737854,5,1
3969,-1.8596583604812622,-2.7269163131713867,4.793713569641113,2.7269163131713867,1.9418292045593262,4.530109405517578,5,1
3970,-1.5362794399261475,-3.0859546661376953,4.853123664855957,3.0859546661376953,1.9916441440582275,5.007522106170654,5,1
3971,-1.812203049659729,-2.929957866668701,4.591054916381836,2.929957866668701,2.070950508117676,5.520224094390869,5,1
3972,-2.0603389739990234,-2.509477138519287,4.9618096351623535,2.509477138519287,1.9583945274353027,6.037384986877441,5,1
3973,-2.0681281089782715,-3.0475680828094482,5.083879470825195,3.0475680828094482,1.9217413663864136,7.4737958908081055,5,1
3974,-1.9843641519546509,-2.9348673820495605,5.252062797546387,2.9348673820495605,1.9219623804092407,6.284186363220215,5,1
3975,-1.9688133001327515,-2.7420759201049805,4.5216064453125,2.7420759201049805,1.9402443170547485,4.979868412017822,5,1
3976,-1.95228111743927,-2.732341766357422,4.641808986663818,2.732341766357422,1.9069509506225586,4.112357139587402,5,1
3977,-1.8232463598251343,-2.3824102878570557,4.407381534576416,2.3824102878570557,2.0482242107391357,4.974318981170654,5,1
3978,-1.9093266725540161,-2.616420269012451,4.755790710449219,2.616420269012451,1.9061036109924316,4.501648902893066,5,1
3979,-1.9954147338867188,-3.072223424911499,5.148441314697266,3.072223424911499,2.071749210357666,5.801011085510254,5,1
3980,-2.125967025756836,-3.154371976852417,5.462327003479004,3.154371976852417,2.0354578495025635,6.002124309539795,5,1
3981,-2.2007226943969727,-3.3205039501190186,5.352657318115234,3.3205039501190186,2.091723918914795,7.592223644256592,5,1
3982,-1.8778883218765259,-3.0105013847351074,4.583274841308594,3.0105013847351074,1.8914847373962402,6.665412425994873,5,1
3983,-2.103721857070923,-2.62298846244812,4.890908718109131,2.62298846244812,1.9993776082992554,7.191884517669678,5,1
3984,-2.038433790206909,-2.6074163913726807,4.472750186920166,2.6074163913726807,1.914926290512085,7.204896926879883,5,1
3985,-1.9842442274093628,-2.275071144104004,4.507750034332275,2.275071144104004,1.9308329820632935,7.587182521820068,5,1
3986,-1.9942388534545898,-2.246128559112549,4.091839790344238,2.246128559112549,1.9235628843307495,6.456908702850342,5,1
3987,-1.6638538837432861,-2.5059003829956055,4.577229022979736,2.5059003829956055,1.7811706066131592,4.551485538482666,5,1
3988,-1.8757543563842773,-2.3546955585479736,4.25190544128418,2.3546955585479736,1.805638074874878,5.2869415283203125,5,1
3989,-1.7418830394744873,-2.3912241458892822,4.310201644897461,2.3912241458892822,1.9442224502563477,6.336131572723389,5,1
3990,-1.7609937191009521,-2.3127188682556152,4.491539478302002,2.3127188682556152,1.923517107963562,6.431624412536621,5,1
3991,-1.950670838356018,-2.3990285396575928,4.620940208435059,2.3990285396575928,1.8903250694274902,4.991824150085449,5,1
3992,-1.7702289819717407,-2.6032333374023438,4.20179557800293,2.6032333374023438,2.0781097412109375,6.035834312438965,5,1
3993,-1.9099161624908447,-2.319284439086914,4.312215805053711,2.319284439086914,1.9661697149276733,5.921011447906494,5,1
3994,-1.7447099685668945,-2.36873459815979,4.361114501953125,2.36873459815979,1.920619249343872,6.222857475280762,5,1
3995,-2.1424059867858887,-2.3466169834136963,4.596413612365723,2.3466169834136963,1.8709685802459717,6.693354606628418,5,1
3996,-1.8505746126174927,-2.3839054107666016,4.145044803619385,2.3839054107666016,1.8813772201538086,7.800675392150879,5,1
3997,-2.0509610176086426,-2.35243558883667,5.045849800109863,2.35243558883667,1.9788274765014648,6.882970333099365,5,1
3998,-1.5968281030654907,-2.8321940898895264,4.454500198364258,2.8321940898895264,1.9978570938110352,5.822793960571289,5,1
3999,-2.1907076835632324,-2.498029947280884,4.891426086425781,2.498029947280884,2.0037176609039307,5.863471508026123,5,1
4000,-1.7709417343139648,-3.042586326599121,4.87699556350708,3.042586326599121,1.934572696685791,5.384562969207764,5,1
4001,-1.9382275342941284,-2.5687522888183594,4.655257701873779,2.5687522888183594,1.9746748208999634,6.8792548179626465,5,1
4002,-2.0983924865722656,-2.1879022121429443,4.48595666885376,2.1879022121429443,1.8677748441696167,6.033695697784424,5,1
4003,-1.6687779426574707,-3.018181324005127,4.941269874572754,3.018181324005127,2.027402400970459,5.495371341705322,5,1
4004,-2.0100815296173096,-2.9917378425598145,5.003247261047363,2.9917378425598145,2.012702703475952,5.440747261047363,5,1
4005,-1.642102599143982,-3.3111073970794678,4.812576770782471,3.3111073970794678,1.9225919246673584,6.192404270172119,5,1
4006,-1.7390151023864746,-2.8820419311523438,4.963086128234863,2.8820419311523438,1.9208359718322754,5.832741737365723,5,1
4007,-1.8004239797592163,-2.5125670433044434,4.296404838562012,2.5125670433044434,1.9388056993484497,5.6789116859436035,5,1
4008,-1.8917864561080933,-2.6616783142089844,4.590374946594238,2.6616783142089844,1.99107825756073,7.380124568939209,5,1
4009,-2.0963029861450195,-1.6894314289093018,4.076622486114502,1.6894314289093018,1.9509750604629517,6.860391616821289,5,1
4010,-1.9114646911621094,-2.2295703887939453,4.336698532104492,2.2295703887939453,2.1829302310943604,7.407088279724121,5,1
4011,-1.9860926866531372,-2.6025617122650146,4.598969459533691,2.6025617122650146,1.9160382747650146,7.094095230102539,5,1
4012,-1.9279224872589111,-2.8705801963806152,5.144867897033691,2.8705801963806152,1.9007534980773926,5.776252746582031,5,1
4013,-1.9710755348205566,-2.559678792953491,5.106534957885742,2.559678792953491,1.9662857055664062,6.930154800415039,5,1
4014,-1.9395501613616943,-2.4555649757385254,4.661695957183838,2.4555649757385254,1.908764362335205,6.648879528045654,5,1
4015,-1.9573525190353394,-2.414984941482544,4.599135398864746,2.414984941482544,1.9735164642333984,4.597487449645996,5,1
4016,-1.9076085090637207,-2.302029609680176,4.6049370765686035,2.302029609680176,1.9372212886810303,4.720363140106201,5,1
4017,-1.798201084136963,-2.368072032928467,4.358040809631348,2.368072032928467,1.9421175718307495,5.2269392013549805,5,1
4018,-1.7699580192565918,-2.863297462463379,4.820431709289551,2.863297462463379,1.8030277490615845,6.9123454093933105,5,1
4019,-1.9899441003799438,-3.331568717956543,5.040270805358887,3.331568717956543,1.9854384660720825,8.180184364318848,5,1
4020,-1.8210840225219727,-3.1767067909240723,5.290395259857178,3.1767067909240723,1.9647188186645508,5.914153575897217,5,1
4021,-1.7751601934432983,-2.614952564239502,5.168455123901367,2.614952564239502,1.9588507413864136,5.8125762939453125,5,1
4022,-2.005178451538086,-2.9054481983184814,5.26536750793457,2.9054481983184814,1.9228159189224243,5.809394359588623,5,1
4023,-1.792040228843689,-2.979257345199585,4.871837615966797,2.979257345199585,2.0329980850219727,5.064321517944336,5,1
4024,-2.0305252075195312,-2.9475088119506836,5.1505584716796875,2.9475088119506836,1.9502897262573242,5.9981160163879395,5,1
4025,-1.792771816253662,-2.3528411388397217,4.424238204956055,2.3528411388397217,1.9466235637664795,5.917874336242676,5,1
4026,-1.863325595855713,-3.341779947280884,5.26066780090332,3.341779947280884,1.846157193183899,5.084012985229492,5,1
4027,-2.018671989440918,-3.083141803741455,5.028804302215576,3.083141803741455,1.8790570497512817,6.150463104248047,5,1
4028,-1.861252784729004,-2.822381019592285,4.56861686706543,2.822381019592285,1.8855761289596558,6.803995132446289,5,1
4029,-1.9116032123565674,-2.6364259719848633,4.595729351043701,2.6364259719848633,2.0379436016082764,6.591694355010986,5,1
4030,-2.0389914512634277,-2.9191160202026367,4.776782989501953,2.9191160202026367,1.9324394464492798,6.905294418334961,5,1
4031,-1.894685983657837,-2.186807155609131,4.49008846282959,2.186807155609131,2.0428969860076904,8.435539245605469,5,1
4032,-1.8915214538574219,-2.053502082824707,4.061439514160156,2.053502082824707,2.107394218444824,9.467260360717773,5,1
4033,-1.945895791053772,-2.453779697418213,4.5483198165893555,2.453779697418213,2.0048446655273438,6.282246112823486,5,1
4034,-1.8212394714355469,-2.1905181407928467,4.548458099365234,2.1905181407928467,2.0277795791625977,6.016020774841309,5,1
4035,-1.8942842483520508,-2.8133432865142822,4.817945957183838,2.8133432865142822,2.0619444847106934,6.695478916168213,5,1
4036,-2.067166566848755,-2.3082642555236816,4.948652267456055,2.3082642555236816,2.0101397037506104,6.434992790222168,5,1
4037,-1.7943195104599,-2.854811668395996,5.020134925842285,2.854811668395996,1.7834652662277222,6.411200523376465,5,1
4038,-2.0261025428771973,-2.593745231628418,4.858898639678955,2.593745231628418,1.8783422708511353,5.1551833152771,5,1
4039,-1.8696281909942627,-2.377380847930908,4.581010818481445,2.377380847930908,1.8828312158584595,5.638584613800049,5,1
4040,-2.1172831058502197,-2.596759557723999,4.879120349884033,2.596759557723999,2.017361640930176,7.932764053344727,5,1
4041,-1.8829710483551025,-2.504091262817383,4.866158485412598,2.504091262817383,1.8873602151870728,6.977910041809082,5,1
4042,-1.886669635772705,-2.851020336151123,4.804429054260254,2.851020336151123,2.032973289489746,5.1207075119018555,5,1
4043,-1.6469323635101318,-2.652651786804199,4.788532733917236,2.652651786804199,1.9788732528686523,5.858332633972168,5,1
4044,-1.6531028747558594,-2.2920565605163574,3.9570486545562744,2.2920565605163574,1.9369198083877563,5.598337650299072,5,1
4045,-1.7863476276397705,-2.382981300354004,4.177550792694092,2.382981300354004,1.9174444675445557,5.627223014831543,5,1
4046,-1.8970444202423096,-2.718789577484131,4.912195205688477,2.718789577484131,1.8492505550384521,4.339309215545654,5,1
4047,-2.1170194149017334,-2.615993022918701,4.8797807693481445,2.615993022918701,1.9591563940048218,4.649761199951172,5,1
4048,-1.8871078491210938,-3.0448007583618164,4.833580493927002,3.0448007583618164,1.9143052101135254,5.437718868255615,5,1
4049,-1.8866589069366455,-2.528780460357666,4.905177593231201,2.528780460357666,1.9592818021774292,5.755346775054932,5,1
4050,-1.8616403341293335,-3.006478786468506,5.07948112487793,3.006478786468506,2.02384877204895,5.993252277374268,5,1
4051,-1.9166369438171387,-2.4458632469177246,4.600965976715088,2.4458632469177246,1.9453990459442139,5.416831016540527,5,1
4052,-1.8103647232055664,-2.235710620880127,4.134745121002197,2.235710620880127,2.097909927368164,7.6008429527282715,5,1
4053,-1.6709554195404053,-2.950815200805664,4.573546886444092,2.950815200805664,1.8760710954666138,6.361172199249268,5,1
4054,-1.9231743812561035,-2.69875431060791,4.973508834838867,2.69875431060791,1.862876057624817,7.282207012176514,5,1
4055,-1.822009563446045,-3.0813074111938477,5.012897968292236,3.0813074111938477,1.9329016208648682,6.829699516296387,5,1
4056,-2.007704019546509,-2.9035537242889404,5.017032623291016,2.9035537242889404,2.043987512588501,5.006320953369141,5,1
4057,-1.970949649810791,-2.9083738327026367,4.669711112976074,2.9083738327026367,1.9880807399749756,4.649649620056152,5,1
4058,-1.656511664390564,-2.56921648979187,4.211736679077148,2.56921648979187,1.8653970956802368,4.408201217651367,5,1
4059,-1.8998496532440186,-2.079469680786133,4.130891799926758,2.079469680786133,2.0156946182250977,5.267189979553223,5,1
4060,-1.8154726028442383,-1.8467081785202026,3.694312810897827,1.8467081785202026,1.9241960048675537,6.806933403015137,5,1
4061,-1.966875672340393,-1.8895899057388306,3.742039680480957,1.8895899057388306,2.053215503692627,6.666473865509033,5,1
4062,-1.7287647724151611,-1.9414715766906738,3.8786840438842773,1.9414715766906738,2.0505876541137695,5.7132134437561035,5,1
4063,-1.900077223777771,-2.6462013721466064,4.624702453613281,2.6462013721466064,1.9593278169631958,6.278576374053955,5,1
4064,-1.7238523960113525,-2.3884990215301514,4.406626224517822,2.3884990215301514,1.9238859415054321,5.834018230438232,5,1
4065,-2.085400342941284,-2.0898523330688477,4.234188079833984,2.0898523330688477,1.9166076183319092,7.363319396972656,5,1
4066,-1.8402780294418335,-1.903266429901123,4.018815040588379,1.903266429901123,1.9425278902053833,6.837306022644043,5,1
4067,-1.4663598537445068,-2.132331609725952,3.55098819732666,2.132331609725952,1.8889620304107666,5.745830059051514,5,1
4068,-1.9061915874481201,-1.8377784490585327,3.764570474624634,1.8377784490585327,1.8523783683776855,6.312594413757324,5,1
4069,-2.0524394512176514,-1.8708934783935547,4.144705772399902,1.8708934783935547,1.9493153095245361,5.438875198364258,5,1
4070,-1.8494560718536377,-2.1948132514953613,4.329491138458252,2.1948132514953613,1.9025343656539917,5.548922061920166,5,1
4071,-2.1567773818969727,-1.9375536441802979,4.439154624938965,1.9375536441802979,1.9298242330551147,6.166595458984375,5,1
4072,-1.996803641319275,-1.9826315641403198,4.342579364776611,1.9826315641403198,1.8928935527801514,6.12993860244751,5,1
4073,-1.764143943786621,-2.688955783843994,4.301549434661865,2.688955783843994,2.06512451171875,6.34852409362793,5,1
4074,-1.8809733390808105,-2.244872808456421,4.380617141723633,2.244872808456421,1.920411229133606,5.607555866241455,5,1
4075,-1.931138515472412,-2.614809989929199,4.544796943664551,2.614809989929199,1.9338579177856445,6.814209938049316,5,1
4076,-1.8519221544265747,-3.083233594894409,4.941249847412109,3.083233594894409,1.8977911472320557,6.26901912689209,5,1
4077,-1.8588899374008179,-3.188823938369751,5.044842720031738,3.188823938369751,1.9584027528762817,6.1292901039123535,5,1
4078,-1.8751521110534668,-2.597712516784668,4.619986057281494,2.597712516784668,1.9029886722564697,6.235620975494385,5,1
4079,-2.1083085536956787,-2.716385841369629,5.078397750854492,2.716385841369629,1.8357598781585693,4.700654029846191,5,1
4080,-1.9919192790985107,-2.6627073287963867,4.848520278930664,2.6627073287963867,1.8759421110153198,5.504269599914551,5,1
4081,-2.1528053283691406,-2.947532892227173,4.973121643066406,2.947532892227173,2.0056004524230957,7.948648452758789,5,1
4082,-1.8642076253890991,-2.7105517387390137,4.826398849487305,2.7105517387390137,2.0214827060699463,7.518337726593018,5,1
4083,-1.8649747371673584,-2.5744385719299316,4.52824592590332,2.5744385719299316,1.9378658533096313,5.992448329925537,5,1
4084,-1.8177857398986816,-2.7833046913146973,4.971096992492676,2.7833046913146973,2.0341906547546387,5.400591850280762,5,1
4085,-1.9221032857894897,-2.5031285285949707,4.963274955749512,2.5031285285949707,1.8606877326965332,5.067727565765381,5,1
4086,-2.1917643547058105,-2.375480890274048,4.631268501281738,2.375480890274048,2.0014655590057373,6.813663005828857,5,1
4087,-1.7670061588287354,-2.1799144744873047,4.5148844718933105,2.1799144744873047,1.9456473588943481,6.758728504180908,5,1
4088,-1.9550416469573975,-2.573336124420166,4.641585350036621,2.573336124420166,1.9326050281524658,6.371685028076172,5,1
4089,-2.080254077911377,-2.567570686340332,4.712454795837402,2.567570686340332,2.010049343109131,7.617476463317871,5,1
4090,-1.8676552772521973,-2.2794530391693115,4.592095375061035,2.2794530391693115,1.9426801204681396,7.065940856933594,5,1
4091,-1.9114447832107544,-2.5263304710388184,4.716796875,2.5263304710388184,1.9748972654342651,6.018630504608154,5,1
4092,-2.013678550720215,-2.737006902694702,4.994381904602051,2.737006902694702,1.8950875997543335,5.3681745529174805,5,1
4093,-2.0221786499023438,-2.7657666206359863,4.998394012451172,2.7657666206359863,1.9539036750793457,5.935454368591309,5,1
4094,-1.8587114810943604,-2.7209153175354004,4.656532287597656,2.7209153175354004,1.8953701257705688,5.144924640655518,5,1
4095,-2.199862003326416,-2.5249810218811035,4.785409927368164,2.5249810218811035,1.9412989616394043,7.106240272521973,5,1
4096,-2.1039113998413086,-2.4343581199645996,4.414561748504639,2.4343581199645996,2.023440361022949,6.376342296600342,5,1
4097,-1.9719812870025635,-2.9987354278564453,4.982092380523682,2.9987354278564453,1.794911503791809,4.576157093048096,5,1
4098,-1.7361478805541992,-2.667889356613159,4.832242488861084,2.667889356613159,1.9708086252212524,5.906149864196777,5,1
4099,-1.8638843297958374,-2.250460624694824,4.372189521789551,2.250460624694824,1.8995802402496338,6.26314640045166,5,1
4100,-1.734697699546814,-2.377523899078369,4.377503395080566,2.377523899078369,1.7939672470092773,6.51311731338501,5,1
4101,-1.7233989238739014,-2.181842565536499,3.9938173294067383,2.181842565536499,1.7957141399383545,5.706322193145752,5,1
4102,-1.9217491149902344,-2.6956541538238525,4.932778358459473,2.6956541538238525,1.9318647384643555,4.997742176055908,5,1
4103,-1.9183191061019897,-3.2201523780822754,4.977755069732666,3.2201523780822754,1.9438481330871582,6.016164779663086,5,1
4104,-1.8478959798812866,-2.256845474243164,4.436853885650635,2.256845474243164,1.9525988101959229,7.047711372375488,5,1
4105,-2.0095601081848145,-1.9143149852752686,4.206473350524902,1.9143149852752686,1.983376145362854,8.02047061920166,5,1
4106,-1.9845283031463623,-1.705148696899414,4.304732322692871,1.705148696899414,1.9926083087921143,7.47734260559082,5,1
4107,-1.5341625213623047,-1.9314296245574951,3.699166774749756,1.9314296245574951,1.9097416400909424,6.770564079284668,5,1
4108,-2.0691349506378174,-1.9175169467926025,4.15362548828125,1.9175169467926025,1.9841684103012085,6.289230823516846,5,1
4109,-1.9954636096954346,-1.9672808647155762,4.200837135314941,1.9672808647155762,1.886795163154602,5.5162434577941895,5,1
4110,-1.926180362701416,-2.355677366256714,4.765693664550781,2.355677366256714,1.9629356861114502,5.3393778800964355,5,1
4111,-1.9187158346176147,-2.8973374366760254,4.55661678314209,2.8973374366760254,1.9738191366195679,4.961147785186768,5,1
4112,-2.062173366546631,-2.355264186859131,4.643447399139404,2.355264186859131,2.026590585708618,7.108459949493408,5,1
4113,-1.9251909255981445,-2.822993040084839,4.900967597961426,2.822993040084839,1.917730689048767,7.609241962432861,5,1
4114,-1.8384512662887573,-2.657904624938965,4.687380790710449,2.657904624938965,1.9381202459335327,6.696622371673584,5,1
4115,-1.7165120840072632,-2.4882326126098633,4.50894832611084,2.4882326126098633,1.9744741916656494,6.623687744140625,5,1
4116,-2.0618574619293213,-2.733696460723877,4.9745049476623535,2.733696460723877,1.9093767404556274,6.29818058013916,5,1
4117,-1.9396369457244873,-2.165750026702881,4.116704940795898,2.165750026702881,1.8683277368545532,6.629594326019287,5,1
4118,-2.0020973682403564,-2.0915017127990723,3.9582533836364746,2.0915017127990723,1.9182026386260986,7.950605392456055,5,1
4119,-1.8954310417175293,-1.9872113466262817,4.143546104431152,1.9872113466262817,2.0863051414489746,8.626154899597168,5,1
4120,-1.696898341178894,-2.235644817352295,4.426300525665283,2.235644817352295,2.1484262943267822,6.365362167358398,5,1
4121,-1.83848237991333,-2.60567045211792,4.627318382263184,2.60567045211792,1.9828505516052246,6.813110828399658,5,1
4122,-1.9371752738952637,-2.4714584350585938,4.64144229888916,2.4714584350585938,1.9033466577529907,6.294610977172852,5,1
4123,-1.7592962980270386,-2.4497668743133545,4.390199661254883,2.4497668743133545,1.8820819854736328,5.657521724700928,5,1
4124,-1.5884602069854736,-2.46480131149292,4.476742267608643,2.46480131149292,2.070633888244629,6.0072174072265625,5,1
4125,-1.8137437105178833,-2.947963237762451,4.821023941040039,2.947963237762451,1.8969672918319702,5.611584186553955,5,1
4126,-1.876328468322754,-2.6133265495300293,4.689175128936768,2.6133265495300293,1.8356417417526245,4.83342981338501,5,1
4127,-2.0352909564971924,-2.6884753704071045,4.558671474456787,2.6884753704071045,2.0130650997161865,7.423553466796875,5,1
4128,-1.7109209299087524,-2.286855936050415,4.266077995300293,2.286855936050415,2.0339925289154053,5.77946138381958,5,1
4129,-1.9383747577667236,-2.374277353286743,4.447820663452148,2.374277353286743,1.9590872526168823,4.502251148223877,5,1
4130,-1.8161935806274414,-2.398177146911621,4.189562797546387,2.398177146911621,1.855516791343689,4.799795627593994,5,1
4131,-1.7665256261825562,-1.9626656770706177,3.9064579010009766,1.9626656770706177,2.0001883506774902,5.56515645980835,5,1
4132,-1.8556982278823853,-1.822085976600647,3.7525529861450195,1.822085976600647,1.8961384296417236,4.561089515686035,5,1
4133,-1.886725664138794,-2.083773612976074,4.123693466186523,2.083773612976074,1.7761353254318237,5.02394962310791,5,1
4134,-1.7613515853881836,-2.0427660942077637,3.7215566635131836,2.0427660942077637,1.908236026763916,6.840804576873779,5,1
4135,-1.9640495777130127,-2.261610984802246,3.9963338375091553,2.261610984802246,1.9736493825912476,7.6706862449646,5,1
4136,-1.82009756565094,-2.122803211212158,4.110752582550049,2.122803211212158,1.934778094291687,5.6221113204956055,5,1
4137,-2.0964951515197754,-2.2473807334899902,4.608863830566406,2.2473807334899902,1.9603427648544312,5.673075199127197,5,1
4138,-1.937021255493164,-2.465909481048584,4.398452281951904,2.465909481048584,1.9042695760726929,5.450329780578613,5,1
4139,-2.0657410621643066,-2.643840789794922,4.635601043701172,2.643840789794922,1.9790159463882446,5.943659782409668,5,1
4140,-2.0421104431152344,-2.3037195205688477,4.598775863647461,2.3037195205688477,1.8890520334243774,5.9110846519470215,5,1
4141,-1.7272911071777344,-2.274285316467285,4.386384963989258,2.274285316467285,1.941953420639038,6.334718704223633,5,1
4142,-1.7669881582260132,-2.7185487747192383,4.63237190246582,2.7185487747192383,2.0646281242370605,6.463930130004883,5,1
4143,-1.799311876296997,-2.8595614433288574,4.825127601623535,2.8595614433288574,2.0199992656707764,5.722708702087402,5,1
4144,-2.100466251373291,-2.9099109172821045,5.022347450256348,2.9099109172821045,1.8034253120422363,5.656188011169434,5,1
4145,-1.6292493343353271,-2.5792179107666016,4.655407428741455,2.5792179107666016,1.9428504705429077,5.709183692932129,5,1
4146,-2.0089242458343506,-2.570087194442749,4.755890846252441,2.570087194442749,2.0201539993286133,6.86185359954834,5,1
4147,-1.7978781461715698,-2.8278727531433105,4.761264801025391,2.8278727531433105,2.0581154823303223,7.629938125610352,5,1
4148,-1.7778723239898682,-2.4186694622039795,4.816859245300293,2.4186694622039795,1.952992558479309,6.849915027618408,5,1
4149,-1.6974763870239258,-2.7613911628723145,4.740025043487549,2.7613911628723145,2.051635980606079,6.026999473571777,5,1
4150,-1.8258333206176758,-2.985337257385254,4.757599830627441,2.985337257385254,1.796937108039856,5.889837741851807,5,1
4151,-1.9461162090301514,-2.694535255432129,4.483772277832031,2.694535255432129,1.8518946170806885,5.973047256469727,5,1
4152,-1.7160358428955078,-2.6871790885925293,4.743834972381592,2.6871790885925293,2.064540147781372,7.7237653732299805,5,1
4153,-2.060615062713623,-2.691575527191162,4.9185943603515625,2.691575527191162,1.9973891973495483,8.517582893371582,5,1
4154,-1.8308428525924683,-2.747885227203369,4.672500133514404,2.747885227203369,1.8970825672149658,6.866763114929199,5,1
4155,-1.5764408111572266,-2.755836009979248,4.812844276428223,2.755836009979248,1.8735584020614624,5.837154388427734,5,1
4156,-1.7617443799972534,-2.9708423614501953,4.97317361831665,2.9708423614501953,1.9479597806930542,6.72085428237915,5,1
4157,-1.847709059715271,-3.2069826126098633,5.338491916656494,3.2069826126098633,1.9555224180221558,6.141744613647461,5,1
4158,-2.0604991912841797,-2.9952914714813232,5.224030494689941,2.9952914714813232,1.8527271747589111,5.674441814422607,5,1
4159,-1.9039140939712524,-3.042355537414551,4.989128112792969,3.042355537414551,1.9140536785125732,6.316442966461182,5,1
4160,-1.765690803527832,-2.7523763179779053,4.7245330810546875,2.7523763179779053,1.961327075958252,5.171644687652588,5,1
4161,-1.6807327270507812,-2.144620418548584,4.007273197174072,2.144620418548584,1.8645936250686646,4.57670783996582,5,1
4162,-1.7707468271255493,-2.4201879501342773,4.428823947906494,2.4201879501342773,1.9932206869125366,4.635939121246338,5,1
4163,-2.1797890663146973,-2.7884929180145264,4.681051254272461,2.7884929180145264,1.89992094039917,4.551458835601807,5,1
4164,-2.0641930103302,-2.9893243312835693,5.294400691986084,2.9893243312835693,1.8360015153884888,5.8630194664001465,5,1
4165,-1.6831169128417969,-2.452739953994751,4.701404571533203,2.452739953994751,1.7895702123641968,6.007297515869141,5,1
4166,-1.8113504648208618,-2.211526870727539,4.239198684692383,2.211526870727539,1.991470217704773,6.901157855987549,5,1
4167,-1.728197693824768,-2.5649423599243164,4.529627799987793,2.5649423599243164,2.0393178462982178,6.685667991638184,5,1
4168,-2.2106845378875732,-2.654114246368408,4.823303699493408,2.654114246368408,1.914943814277649,7.4961934089660645,5,1
4169,-1.8820137977600098,-2.3757834434509277,4.496542930603027,2.3757834434509277,1.8654121160507202,6.487625598907471,5,1
4170,-1.8556824922561646,-2.365337610244751,4.4186577796936035,2.365337610244751,1.9468950033187866,7.193236827850342,5,1
4171,-2.0176236629486084,-2.146601438522339,4.149125576019287,2.146601438522339,1.9435009956359863,9.546201705932617,5,1
4172,-1.992854356765747,-2.5707459449768066,4.68843412399292,2.5707459449768066,1.8313864469528198,7.875319957733154,5,1
4173,-1.8351587057113647,-2.4206526279449463,4.398179054260254,2.4206526279449463,2.020320177078247,7.296178817749023,5,1
4174,-2.10174822807312,-2.163132667541504,4.595174789428711,2.163132667541504,1.8100727796554565,5.762172698974609,5,1
4175,-1.9249809980392456,-2.557546615600586,4.4355363845825195,2.557546615600586,1.821207880973816,5.440526485443115,5,1
4176,-1.9631586074829102,-2.5842223167419434,4.792087078094482,2.5842223167419434,1.9572334289550781,5.525912284851074,5,1
4177,-1.760654330253601,-2.3118715286254883,4.5516839027404785,2.3118715286254883,1.9481244087219238,4.896373748779297,5,1
4178,-1.6436917781829834,-2.6577138900756836,4.17664909362793,2.6577138900756836,1.8462210893630981,4.145595550537109,5,1
4179,-1.807542085647583,-2.276261806488037,4.324481964111328,2.276261806488037,2.043788194656372,5.767923831939697,5,1
4180,-2.1342246532440186,-2.2033560276031494,4.2756853103637695,2.2033560276031494,1.9381685256958008,8.105036735534668,5,1
4181,-1.790345549583435,-2.143772840499878,4.004358291625977,2.143772840499878,1.9573265314102173,8.850741386413574,5,1
4182,-1.9808260202407837,-2.2278966903686523,4.491853713989258,2.2278966903686523,1.9425938129425049,6.9723711013793945,5,1
4183,-1.9252212047576904,-2.4437360763549805,4.274510860443115,2.4437360763549805,1.965696930885315,4.920586585998535,5,1
4184,-1.8021786212921143,-2.3831329345703125,4.377854347229004,2.3831329345703125,1.8476710319519043,5.4106950759887695,5,1
4185,-1.8569972515106201,-2.3835999965667725,4.28820276260376,2.3835999965667725,1.9820536375045776,5.445398807525635,5,1
4186,-1.7476345300674438,-2.27298903465271,4.2326765060424805,2.27298903465271,2.101545572280884,7.056696891784668,5,1
4187,-1.8178508281707764,-2.1092641353607178,4.022878646850586,2.1092641353607178,2.0721724033355713,7.746006011962891,5,1
4188,-1.5876755714416504,-2.328434467315674,4.036532402038574,2.328434467315674,2.0568172931671143,6.900845050811768,5,1
4189,-2.1271378993988037,-2.6229186058044434,4.619205474853516,2.6229186058044434,1.8960756063461304,7.624969959259033,5,1
4190,-1.953967809677124,-2.4873623847961426,4.680676460266113,2.4873623847961426,1.9259843826293945,7.043595314025879,5,1
4191,-1.759095549583435,-2.4394240379333496,4.570991039276123,2.4394240379333496,2.0212209224700928,6.456213474273682,5,1
4192,-2.0804057121276855,-2.410789966583252,4.80732536315918,2.410789966583252,2.081517457962036,6.03557014465332,5,1
4193,-1.9630566835403442,-2.620121955871582,4.924862384796143,2.620121955871582,1.9758985042572021,6.223514556884766,5,1
4194,-1.7435189485549927,-2.2196080684661865,4.346246719360352,2.2196080684661865,1.9231265783309937,5.66174840927124,5,1
4195,-2.0213990211486816,-2.3999874591827393,4.578266143798828,2.3999874591827393,1.9341398477554321,5.597550392150879,5,1
4196,-1.9098870754241943,-2.469881296157837,4.434277534484863,2.469881296157837,1.9162927865982056,5.527886390686035,5,1
4197,-1.7322803735733032,-2.7350497245788574,4.727054595947266,2.7350497245788574,1.8572912216186523,5.363393306732178,5,1
4198,-1.8916164636611938,-2.8483195304870605,4.65761137008667,2.8483195304870605,1.9795154333114624,5.73950719833374,5,1
4199,-2.010432481765747,-2.7877299785614014,4.930684566497803,2.7877299785614014,1.9868977069854736,6.249013423919678,5,1
4200,-1.8245794773101807,-2.961760997772217,4.851986885070801,2.961760997772217,1.8809502124786377,5.923813343048096,5,1
4201,-1.9113659858703613,-3.034857749938965,4.90235710144043,3.034857749938965,1.9332669973373413,6.320920944213867,5,1
4202,-1.8026584386825562,-2.780869960784912,5.128666877746582,2.780869960784912,1.9871879816055298,7.255255699157715,5,1
4203,-1.8594412803649902,-2.802842378616333,4.474703788757324,2.802842378616333,1.9873095750808716,7.012463569641113,5,1
4204,-1.907301425933838,-2.2937092781066895,4.399017810821533,2.2937092781066895,1.9198195934295654,7.271184921264648,5,1
4205,-1.6681663990020752,-2.234731912612915,4.327142238616943,2.234731912612915,1.8523510694503784,6.495119094848633,5,1
4206,-1.9144967794418335,-2.580153226852417,4.61027717590332,2.580153226852417,1.9221476316452026,6.687853813171387,5,1
4207,-1.7367548942565918,-2.6919054985046387,4.5770158767700195,2.6919054985046387,1.9485164880752563,5.347949981689453,5,1
4208,-1.672884464263916,-3.139098644256592,4.950520992279053,3.139098644256592,1.8108768463134766,4.64332914352417,5,1
4209,-1.8478937149047852,-2.68422269821167,4.622392654418945,2.68422269821167,1.9532831907272339,4.5651116371154785,5,1
4210,-1.9279805421829224,-2.7584545612335205,4.706023216247559,2.7584545612335205,1.835930347442627,4.323291778564453,5,1
4211,-1.8542916774749756,-2.814249277114868,5.014827728271484,2.814249277114868,1.9193307161331177,5.073198318481445,5,1
4212,-1.9126508235931396,-2.8128209114074707,4.947582721710205,2.8128209114074707,2.0358407497406006,5.9638671875,5,1
4213,-1.861009120941162,-2.946499824523926,4.665561676025391,2.946499824523926,2.0283546447753906,6.468653202056885,5,1
4214,-1.9756548404693604,-2.7852964401245117,4.782021522521973,2.7852964401245117,1.9229702949523926,6.91712760925293,5,1
4215,-2.1642560958862305,-2.6903750896453857,4.926296234130859,2.6903750896453857,1.9232295751571655,5.873477935791016,5,1
4216,-1.7597436904907227,-2.6943109035491943,4.409174919128418,2.6943109035491943,2.0347259044647217,4.616122722625732,5,1
4217,-1.8895916938781738,-2.797572612762451,4.901933670043945,2.797572612762451,1.9772521257400513,4.992169380187988,5,1
4218,-2.0069522857666016,-2.668797016143799,4.8996195793151855,2.668797016143799,1.8588789701461792,5.921679496765137,5,1
4219,-2.019293785095215,-2.67600154876709,4.7195940017700195,2.67600154876709,1.8555796146392822,4.649633407592773,5,1
4220,-1.7624690532684326,-2.030674457550049,4.1374897956848145,2.030674457550049,1.9493391513824463,5.687108516693115,5,1
4221,-1.733536720275879,-2.4580225944519043,4.432894706726074,2.4580225944519043,1.80253005027771,6.76561975479126,5,1
4222,-1.8334099054336548,-2.3809945583343506,4.390379905700684,2.3809945583343506,1.9573382139205933,7.834325313568115,5,1
4223,-1.7725298404693604,-2.884730815887451,4.66389274597168,2.884730815887451,1.9988914728164673,7.262969017028809,5,1
4224,-1.6971476078033447,-2.692701816558838,4.391060829162598,2.692701816558838,1.9114841222763062,4.60487699508667,5,1
4225,-1.935229778289795,-2.9485597610473633,4.841139316558838,2.9485597610473633,1.9150985479354858,5.798769950866699,5,1
4226,-1.663120985031128,-2.9966397285461426,5.01451301574707,2.9966397285461426,1.950528621673584,7.7319231033325195,5,1
4227,-2.0745856761932373,-2.8352127075195312,4.667688369750977,2.8352127075195312,1.9511547088623047,6.703706741333008,5,1
4228,-1.8578479290008545,-2.1671547889709473,4.3643717765808105,2.1671547889709473,1.992499828338623,7.768144130706787,5,1
4229,-1.7364648580551147,-2.211404323577881,4.398200035095215,2.211404323577881,1.992177963256836,7.7130584716796875,5,1
4230,-2.0934207439422607,-1.9803557395935059,4.149294853210449,1.9803557395935059,2.0835838317871094,6.068178653717041,5,1
4231,-1.7489442825317383,-2.406217336654663,4.41851806640625,2.406217336654663,1.9909354448318481,5.021217346191406,5,1
4232,-1.9448660612106323,-2.4193780422210693,4.464232921600342,2.4193780422210693,1.9795790910720825,4.886858940124512,5,1
4233,-1.731157898902893,-2.6850805282592773,4.440356254577637,2.6850805282592773,1.900485873222351,6.284084320068359,5,1
4234,-1.9272667169570923,-2.8791415691375732,4.849987983703613,2.8791415691375732,1.936995506286621,7.6720967292785645,5,1
4235,-1.9686774015426636,-2.8101563453674316,4.689302444458008,2.8101563453674316,1.934169888496399,8.134369850158691,5,1
4236,-1.7003958225250244,-2.4148101806640625,4.725398063659668,2.4148101806640625,1.7996412515640259,4.784372329711914,5,1
4237,-1.7800542116165161,-2.8158528804779053,4.890995025634766,2.8158528804779053,1.8078938722610474,4.975749492645264,5,1
4238,-1.9892938137054443,-2.689497709274292,4.695072650909424,2.689497709274292,1.7707300186157227,5.451752185821533,5,1
4239,-1.8477977514266968,-3.0827083587646484,4.791504383087158,3.0827083587646484,1.9350337982177734,5.884869575500488,5,1
4240,-1.8407076597213745,-2.2718632221221924,4.326193809509277,2.2718632221221924,1.985914945602417,5.410677433013916,5,1
4241,-1.8105857372283936,-2.2939233779907227,4.347320556640625,2.2939233779907227,1.980523705482483,7.07917594909668,5,1
4242,-1.9602351188659668,-2.435213327407837,4.456748008728027,2.435213327407837,1.9385510683059692,8.270221710205078,5,1
4243,-1.7100971937179565,-2.281144618988037,4.222235202789307,2.281144618988037,1.871914029121399,6.795294761657715,5,1
4244,-1.7178027629852295,-2.433623790740967,4.304306507110596,2.433623790740967,1.890541911125183,5.393341541290283,5,1
4245,-1.9982489347457886,-2.431788444519043,4.475430011749268,2.431788444519043,2.079057216644287,6.692303657531738,5,1
4246,-1.8957726955413818,-2.4805800914764404,4.415543556213379,2.4805800914764404,1.8887838125228882,5.880278587341309,5,1
4247,-1.9926061630249023,-2.1897058486938477,4.153679370880127,2.1897058486938477,2.073183298110962,7.668940544128418,5,1
4248,-2.044776201248169,-2.7732090950012207,4.469278335571289,2.7732090950012207,2.0132899284362793,7.076300144195557,5,1
4249,-2.0044093132019043,-3.0345425605773926,4.988708019256592,3.0345425605773926,2.0075490474700928,6.484349250793457,5,1
4250,-1.7657307386398315,-2.6779985427856445,4.654880523681641,2.6779985427856445,2.0236263275146484,5.5299906730651855,5,1
4251,-1.8295814990997314,-2.7911148071289062,4.482067108154297,2.7911148071289062,1.8116487264633179,4.239107131958008,5,1
4252,-1.894391417503357,-2.992450714111328,4.892477035522461,2.992450714111328,2.030933380126953,5.583812236785889,5,1
4253,-1.953391671180725,-3.061187982559204,5.174773216247559,3.061187982559204,1.9534902572631836,6.2427754402160645,5,1
4254,-1.8019697666168213,-2.839038372039795,4.986241340637207,2.839038372039795,1.8085922002792358,5.463923454284668,5,1
4255,-1.917816400527954,-2.903496026992798,4.823698043823242,2.903496026992798,1.9160581827163696,5.779366970062256,5,1
4256,-2.012083053588867,-2.955578565597534,5.11947774887085,2.955578565597534,1.9571752548217773,6.479600429534912,5,1
4257,-1.7230216264724731,-2.6432735919952393,4.541801929473877,2.6432735919952393,1.9537391662597656,7.071871280670166,5,1
4258,-1.831675410270691,-2.42490553855896,4.450976371765137,2.42490553855896,2.065108060836792,7.9180426597595215,5,1
4259,-1.7612402439117432,-2.557741165161133,4.472975730895996,2.557741165161133,2.0468192100524902,5.985198020935059,5,1
4260,-1.646619200706482,-2.3281030654907227,4.18179178237915,2.3281030654907227,2.0339548587799072,5.417500019073486,5,1
4261,-1.9283307790756226,-1.9903167486190796,4.140630722045898,1.9903167486190796,1.971533179283142,6.505012035369873,5,1
4262,-1.6429269313812256,-1.9410779476165771,4.141932487487793,1.9410779476165771,1.9437223672866821,6.2049994468688965,5,1
4263,-1.9026126861572266,-1.6844295263290405,3.928659677505493,1.6844295263290405,1.974909782409668,5.750362396240234,5,1
4264,-1.9357682466506958,-1.6914103031158447,3.762049436569214,1.6914103031158447,2.0782928466796875,5.449723720550537,5,1
4265,-1.865609884262085,-1.6020697355270386,3.1131339073181152,1.6020697355270386,2.0753867626190186,4.799863815307617,5,1
4266,-1.4672794342041016,-1.9155478477478027,3.958179235458374,1.9155478477478027,1.9739552736282349,6.59580659866333,5,1
4267,-1.8467930555343628,-2.5172672271728516,4.249797344207764,2.5172672271728516,1.8928916454315186,7.32345724105835,5,1
4268,-1.925525426864624,-2.124962329864502,4.147366523742676,2.124962329864502,2.005612850189209,7.492634296417236,5,1
4269,-1.873970627784729,-2.0957624912261963,3.747529983520508,2.0957624912261963,1.9311392307281494,7.241379737854004,5,1
4270,-1.7725307941436768,-2.398615837097168,4.113068580627441,2.398615837097168,1.8939756155014038,4.561365127563477,5,1
4271,-2.073593854904175,-2.156719923019409,4.506365776062012,2.156719923019409,1.8825193643569946,3.9829487800598145,5,1
4272,-1.7856767177581787,-1.9944608211517334,4.044702529907227,1.9944608211517334,1.9762219190597534,6.31070613861084,5,1
4273,-2.007901668548584,-2.4129889011383057,4.397804260253906,2.4129889011383057,1.929911494255066,5.566267490386963,5,1
4274,-1.9752163887023926,-2.2809133529663086,4.252267837524414,2.2809133529663086,2.036282539367676,5.744708061218262,5,1
4275,-1.7373948097229004,-2.6112775802612305,4.800344467163086,2.6112775802612305,1.9900749921798706,6.277982234954834,5,1
4276,-1.812195062637329,-2.628061056137085,4.647809982299805,2.628061056137085,1.9785380363464355,6.766011714935303,5,1
4277,-1.6054954528808594,-2.2071621417999268,4.205927848815918,2.2071621417999268,1.9078021049499512,6.827948570251465,5,1
4278,-1.8699555397033691,-1.7092400789260864,3.84100341796875,1.7092400789260864,1.8960715532302856,6.770503044128418,5,1
4279,-2.0899932384490967,-2.3021206855773926,4.318512916564941,2.3021206855773926,2.006174087524414,5.886331081390381,5,1
4280,-1.9052691459655762,-2.279355049133301,4.1486616134643555,2.279355049133301,1.9416866302490234,5.999953746795654,5,1
4281,-1.9981609582901,-2.0427770614624023,4.159074306488037,2.0427770614624023,1.9127981662750244,5.783031463623047,5,1
4282,-1.6900286674499512,-1.8413784503936768,3.751293182373047,1.8413784503936768,1.874773383140564,6.016061782836914,5,1
4283,-1.878081202507019,-2.2749040126800537,4.461217880249023,2.2749040126800537,1.8864442110061646,4.574007987976074,5,1
4284,-1.956709623336792,-2.462657928466797,4.706393718719482,2.462657928466797,1.9983229637145996,6.038112163543701,5,1
4285,-1.6984813213348389,-2.4898228645324707,4.303413391113281,2.4898228645324707,1.888757348060608,5.337237358093262,5,1
4286,-1.6692124605178833,-2.7218594551086426,4.372165679931641,2.7218594551086426,1.9646503925323486,7.377655506134033,5,1
4287,-1.890305519104004,-2.6815614700317383,4.633739471435547,2.6815614700317383,1.9212194681167603,7.747925758361816,5,1
4288,-1.8827534914016724,-2.7968480587005615,4.823479652404785,2.7968480587005615,1.8229457139968872,6.881110668182373,5,1
4289,-1.6445828676223755,-2.779207229614258,4.7379655838012695,2.779207229614258,1.9457873106002808,5.99008321762085,5,1
4290,-1.8793308734893799,-2.5490777492523193,4.712925910949707,2.5490777492523193,1.941704273223877,6.205177307128906,5,1
4291,-1.7899290323257446,-2.6497294902801514,4.844273567199707,2.6497294902801514,2.155381202697754,7.824895858764648,5,1
4292,-1.6994787454605103,-2.719010353088379,4.777108192443848,2.719010353088379,1.8685466051101685,5.630245685577393,5,1
4293,-1.7698109149932861,-2.3458449840545654,4.079652786254883,2.3458449840545654,1.8504633903503418,6.482642650604248,5,1
4294,-1.7672483921051025,-2.449655771255493,4.527079105377197,2.449655771255493,1.9391236305236816,7.012445449829102,5,1
4295,-1.8824306726455688,-2.144390106201172,4.468063831329346,2.144390106201172,1.9677374362945557,6.171321868896484,5,1
4296,-1.9358340501785278,-2.6208622455596924,4.651825904846191,2.6208622455596924,1.9027600288391113,4.972902774810791,5,1
4297,-1.9226632118225098,-2.619786262512207,4.9988813400268555,2.619786262512207,1.8719466924667358,5.254505634307861,5,1
4298,-1.631394624710083,-2.7020678520202637,4.468733310699463,2.7020678520202637,1.9898911714553833,4.91601037979126,5,1
4299,-1.6906085014343262,-2.687950849533081,4.523209571838379,2.687950849533081,1.9804701805114746,5.230441570281982,5,1
4300,-1.905104637145996,-2.4313106536865234,4.552778244018555,2.4313106536865234,1.9984391927719116,5.845518589019775,5,1
4301,-1.7012622356414795,-2.68375563621521,4.707045555114746,2.68375563621521,2.109929084777832,5.559743881225586,5,1
4302,-2.0348355770111084,-2.791294813156128,4.997117042541504,2.791294813156128,2.0135562419891357,6.871250152587891,5,1
4303,-1.8097751140594482,-3.1213274002075195,5.212985992431641,3.1213274002075195,1.8967163562774658,6.090317726135254,5,1
4304,-1.9295697212219238,-2.871091842651367,4.9160966873168945,2.871091842651367,2.0138888359069824,7.52747917175293,5,1
4305,-1.9048352241516113,-2.7153327465057373,4.822582721710205,2.7153327465057373,1.9913358688354492,9.21444034576416,5,1
4306,-1.8331397771835327,-2.528588056564331,4.596478462219238,2.528588056564331,2.013155698776245,7.4887166023254395,5,1
4307,-1.7767997980117798,-2.4690709114074707,4.389610290527344,2.4690709114074707,1.9100133180618286,5.356186866760254,5,1
4308,-2.0204038619995117,-2.47096848487854,4.412896633148193,2.47096848487854,1.9436726570129395,5.136998176574707,5,1
4309,-2.039625406265259,-2.838068723678589,4.5940093994140625,2.838068723678589,1.9532034397125244,8.27186393737793,5,1
4310,-2.063687324523926,-2.440901517868042,4.587352752685547,2.440901517868042,2.0595507621765137,7.291285991668701,5,1
4311,-1.747868537902832,-2.087200880050659,3.7751388549804688,2.087200880050659,1.9775675535202026,7.728625774383545,5,1
4312,-1.5950068235397339,-2.1588897705078125,4.160341739654541,2.1588897705078125,1.878531813621521,5.87746000289917,5,1
4313,-2.0647788047790527,-1.7263679504394531,3.8043346405029297,1.7263679504394531,1.8602416515350342,6.16969108581543,5,1
4314,-1.697515606880188,-2.261183500289917,4.056457042694092,2.261183500289917,1.9669301509857178,5.488444805145264,5,1
4315,-1.9092986583709717,-1.945237398147583,4.098467826843262,1.945237398147583,2.004032611846924,5.420276165008545,5,1
4316,-1.91811203956604,-2.4943861961364746,4.475809097290039,2.4943861961364746,1.8820604085922241,5.170603275299072,5,1
4317,-1.954056978225708,-2.0252840518951416,4.104145050048828,2.0252840518951416,1.8463594913482666,6.345058441162109,5,1
4318,-1.8137675523757935,-2.6179537773132324,4.304559707641602,2.6179537773132324,1.7602845430374146,5.254386901855469,5,1
4319,-2.1104297637939453,-2.228734016418457,4.377494812011719,2.228734016418457,1.8270550966262817,5.987545967102051,5,1
4320,-1.8502053022384644,-2.2458322048187256,4.226206302642822,2.2458322048187256,1.7763561010360718,7.046392917633057,5,1
4321,-2.2466413974761963,-1.7991925477981567,4.258880615234375,1.7991925477981567,1.9684391021728516,7.311291694641113,5,1
4322,-1.8209969997406006,-2.1237142086029053,3.8298869132995605,2.1237142086029053,2.0282983779907227,5.5367937088012695,5,1
4323,-1.882902979850769,-2.482036590576172,4.5574235916137695,2.482036590576172,2.0673675537109375,5.662197113037109,5,1
4324,-1.8064990043640137,-2.672959327697754,4.443647384643555,2.672959327697754,1.8446670770645142,6.650966644287109,5,1
4325,-1.880132794380188,-2.3893814086914062,4.308955669403076,2.3893814086914062,1.939173698425293,6.273219585418701,5,1
4326,-2.0896639823913574,-2.1938815116882324,4.564055919647217,2.1938815116882324,1.8709825277328491,5.971258163452148,5,1
4327,-1.9677326679229736,-2.33381986618042,4.345872402191162,2.33381986618042,1.929013729095459,6.759097576141357,5,1
4328,-1.7594151496887207,-2.507836103439331,4.477277755737305,2.507836103439331,1.9421945810317993,5.530930042266846,5,1
4329,-1.6913529634475708,-2.0322623252868652,3.795927047729492,2.0322623252868652,1.9892483949661255,7.083016872406006,5,1
4330,-1.8523657321929932,-2.492487907409668,4.4045610427856445,2.492487907409668,1.920619010925293,7.662524700164795,5,1
4331,-1.9371390342712402,-2.7222108840942383,4.519387245178223,2.7222108840942383,1.9896408319473267,7.094172954559326,5,1
4332,-1.9084932804107666,-2.2241978645324707,4.4002838134765625,2.2241978645324707,1.8355692625045776,6.37864351272583,5,1
4333,-1.8147332668304443,-2.157944917678833,4.455374240875244,2.157944917678833,1.893528699874878,5.174678325653076,5,1
4334,-1.8527095317840576,-2.593234062194824,4.544981956481934,2.593234062194824,1.9870073795318604,4.954878807067871,5,1
4335,-1.7428884506225586,-2.7009263038635254,4.328125476837158,2.7009263038635254,1.9505505561828613,5.848065376281738,5,1
4336,-1.8681825399398804,-2.3377344608306885,4.4481964111328125,2.3377344608306885,2.0536787509918213,7.452553749084473,5,1
4337,-1.7921587228775024,-2.5150418281555176,4.491494178771973,2.5150418281555176,1.9000478982925415,8.08253002166748,5,1
4338,-1.7639169692993164,-2.585961103439331,4.483830451965332,2.585961103439331,1.9427076578140259,6.939249515533447,5,1
4339,-1.8922702074050903,-2.5005135536193848,4.4602508544921875,2.5005135536193848,2.0324981212615967,6.087360382080078,5,1
4340,-1.7388646602630615,-2.8946385383605957,4.424563407897949,2.8946385383605957,1.9952571392059326,5.53575325012207,5,1
4341,-1.5869652032852173,-2.457761287689209,4.136135101318359,2.457761287689209,2.0687921047210693,4.8314528465271,5,1
4342,-1.5845744609832764,-2.7940170764923096,4.288921356201172,2.7940170764923096,1.8592535257339478,4.489336013793945,5,1
4343,-1.9221876859664917,-2.5923242568969727,4.951139450073242,2.5923242568969727,1.8769280910491943,4.626684188842773,5,1
4344,-1.7548134326934814,-2.2603321075439453,4.425694942474365,2.2603321075439453,1.8785070180892944,6.11025857925415,5,1
4345,-1.903998851776123,-2.4077179431915283,4.611271858215332,2.4077179431915283,2.007894515991211,6.0499444007873535,5,1
4346,-1.8840380907058716,-2.7482447624206543,4.632257461547852,2.7482447624206543,1.9626343250274658,5.5928473472595215,5,1
4347,-1.695908784866333,-2.3698859214782715,4.784176826477051,2.3698859214782715,1.8500906229019165,5.485634803771973,5,1
4348,-1.674505352973938,-2.828558921813965,4.464504241943359,2.828558921813965,1.9796661138534546,5.897209167480469,5,1
4349,-1.9968760013580322,-2.758358955383301,4.836061000823975,2.758358955383301,1.8980040550231934,5.678222179412842,5,1
4350,-1.7500115633010864,-2.25288462638855,3.9797873497009277,2.25288462638855,2.0009260177612305,5.717144012451172,5,1
4351,-1.6972359418869019,-2.5318944454193115,4.325932502746582,2.5318944454193115,1.957139015197754,5.386470794677734,5,1
4352,-1.8869026899337769,-3.093529224395752,4.804295539855957,3.093529224395752,1.855958342552185,6.148406028747559,5,1
4353,-1.6590502262115479,-2.671510696411133,4.679315567016602,2.671510696411133,1.87662672996521,5.711233615875244,5,1
4354,-1.7264765501022339,-3.2218031883239746,5.017412185668945,3.2218031883239746,2.024869203567505,4.79044246673584,5,1
4355,-1.8987131118774414,-3.0784502029418945,4.926571846008301,3.0784502029418945,1.7983053922653198,4.209130764007568,5,1
4356,-1.8251420259475708,-2.8029732704162598,4.682488441467285,2.8029732704162598,1.929571270942688,4.79402494430542,5,1
4357,-1.9874591827392578,-3.5635225772857666,5.075693607330322,3.5635225772857666,1.8963061571121216,6.192060947418213,5,1
4358,-1.8928170204162598,-2.3874337673187256,4.57295036315918,2.3874337673187256,1.8830668926239014,7.889379501342773,5,1
4359,-1.7590030431747437,-2.469193458557129,4.502922058105469,2.469193458557129,1.9361615180969238,7.032652378082275,5,1
4360,-1.771816372871399,-2.40283203125,4.406392574310303,2.40283203125,1.9326001405715942,5.897100448608398,5,1
4361,-1.851232647895813,-2.1402053833007812,4.16353702545166,2.1402053833007812,1.8818963766098022,5.247491359710693,5,1
4362,-2.066521406173706,-1.6481214761734009,4.16075325012207,1.6481214761734009,2.060236692428589,5.095661163330078,5,1
4363,-1.6993610858917236,-1.7651329040527344,3.7307872772216797,1.7651329040527344,2.000279188156128,6.058904647827148,5,1
4364,-2.0278656482696533,-1.93086838722229,4.036273002624512,1.93086838722229,1.9574451446533203,6.4324541091918945,5,1
4365,-1.69927978515625,-2.3984365463256836,4.42051887512207,2.3984365463256836,1.7955355644226074,4.391188144683838,5,1
4366,-1.8057670593261719,-2.3555691242218018,3.833714008331299,2.3555691242218018,1.9342525005340576,5.462751865386963,5,1
4367,-1.7913514375686646,-2.290921688079834,4.169500350952148,2.290921688079834,1.9349806308746338,6.584839344024658,5,1
4368,-2.1213648319244385,-2.025416135787964,4.3467817306518555,2.025416135787964,1.7935669422149658,6.977622985839844,5,1
4369,-1.6800497770309448,-1.988497257232666,3.8954172134399414,1.988497257232666,1.8717025518417358,7.318044185638428,5,1
4370,-2.001314401626587,-2.0285842418670654,3.9612696170806885,2.0285842418670654,1.9260755777359009,5.827992916107178,5,1
4371,-2.084672451019287,-2.2498772144317627,4.276651859283447,2.2498772144317627,1.8965328931808472,5.010589599609375,5,1
4372,-1.7029203176498413,-1.931241512298584,4.006213188171387,1.931241512298584,1.9760189056396484,4.497288703918457,5,1
4373,-2.023397445678711,-2.0270724296569824,4.439780235290527,2.0270724296569824,2.039462089538574,8.027703285217285,5,1
4374,-2.0055670738220215,-2.4235153198242188,4.561324119567871,2.4235153198242188,1.9752564430236816,9.563431739807129,5,1
4375,-1.952148675918579,-2.739689826965332,4.75145149230957,2.739689826965332,1.9338313341140747,6.104601860046387,5,1
4376,-1.8583067655563354,-2.336758613586426,4.338801383972168,2.336758613586426,1.8501265048980713,6.407214164733887,5,1
4377,-1.9813742637634277,-3.0050978660583496,4.877851963043213,3.0050978660583496,2.039329767227173,6.5313310623168945,5,1
4378,-1.877835988998413,-2.8644354343414307,4.733757019042969,2.8644354343414307,1.8620264530181885,4.90413236618042,5,1
4379,-1.8641889095306396,-2.360349416732788,4.443836688995361,2.360349416732788,1.9289629459381104,6.062841415405273,5,1
4380,-1.797606348991394,-2.4716262817382812,4.217216491699219,2.4716262817382812,2.0692660808563232,6.9654107093811035,5,1
4381,-1.692558765411377,-2.691068649291992,4.636270999908447,2.691068649291992,1.7931369543075562,6.076478004455566,5,1
4382,-1.8388553857803345,-2.5102012157440186,4.396119117736816,2.5102012157440186,1.8733481168746948,5.923951148986816,5,1
4383,-1.8804316520690918,-1.9904239177703857,4.4100542068481445,1.9904239177703857,1.8339459896087646,4.654780387878418,5,1
4384,-1.6271114349365234,-2.34285831451416,3.66915225982666,2.34285831451416,1.8686174154281616,5.697488307952881,5,1
4385,-1.9702949523925781,-1.7272897958755493,4.053582191467285,1.7272897958755493,1.9637340307235718,9.019320487976074,5,1
4386,-2.0116846561431885,-2.2378108501434326,4.473750114440918,2.2378108501434326,1.9510743618011475,8.216167449951172,5,1
4387,-1.7154443264007568,-2.6078455448150635,4.318925857543945,2.6078455448150635,1.7791168689727783,5.510364055633545,5,1
4388,-1.8733346462249756,-2.473539352416992,4.500391960144043,2.473539352416992,1.9172793626785278,5.948554039001465,5,1
4389,-1.907913088798523,-2.2745962142944336,4.172726631164551,2.2745962142944336,1.96698796749115,7.991779327392578,5,1
4390,-1.9030345678329468,-2.3340282440185547,4.565292835235596,2.3340282440185547,1.8966106176376343,8.191398620605469,5,1
4391,-1.897166132926941,-2.458566188812256,4.592887878417969,2.458566188812256,1.8788635730743408,9.019261360168457,5,1
4392,-1.9506149291992188,-3.0049376487731934,4.808969497680664,3.0049376487731934,1.9364514350891113,6.385911464691162,5,1
4393,-1.8755558729171753,-2.0744144916534424,4.604125022888184,2.0744144916534424,2.1017701625823975,5.689687252044678,5,1
4394,-1.6971795558929443,-2.4747843742370605,4.322669982910156,2.4747843742370605,2.059948682785034,5.558806896209717,5,1
4395,-1.6538959741592407,-2.2273640632629395,4.164488792419434,2.2273640632629395,1.9856135845184326,6.24739933013916,5,1
4396,-1.961761474609375,-2.4201231002807617,4.2685441970825195,2.4201231002807617,1.9407693147659302,6.3362202644348145,5,1
4397,-1.514794111251831,-2.2900195121765137,4.288146018981934,2.2900195121765137,2.0224151611328125,4.836900234222412,5,1
4398,-1.8667840957641602,-2.2950563430786133,4.536193370819092,2.2950563430786133,1.9230475425720215,4.973144054412842,5,1
4399,-1.7770359516143799,-2.743262767791748,4.5078654289245605,2.743262767791748,2.016664743423462,7.343079090118408,5,1
4400,-1.8819931745529175,-2.5927886962890625,4.652286529541016,2.5927886962890625,1.806140422821045,7.294516563415527,5,1
4401,-1.7704877853393555,-3.2559452056884766,4.839526653289795,3.2559452056884766,1.9805577993392944,8.075826644897461,5,1
4402,-1.9485266208648682,-2.893771171569824,4.995357990264893,2.893771171569824,1.9650983810424805,7.644728183746338,5,1
4403,-1.5969231128692627,-2.109316825866699,4.123840808868408,2.109316825866699,1.8601579666137695,6.057331085205078,5,1
4404,-2.018183708190918,-2.2171106338500977,4.375263214111328,2.2171106338500977,2.002742290496826,6.958304405212402,5,1
4405,-1.754577398300171,-2.356743335723877,4.22749137878418,2.356743335723877,1.9957695007324219,5.816569805145264,5,1
4406,-1.6329647302627563,-2.4675681591033936,4.3141703605651855,2.4675681591033936,1.9553582668304443,5.452162265777588,5,1
4407,-1.8323414325714111,-2.3194117546081543,4.257463455200195,2.3194117546081543,1.8761227130889893,5.494248390197754,5,1
4408,-2.068380117416382,-2.3659276962280273,4.461636543273926,2.3659276962280273,1.9138861894607544,6.439119815826416,5,1
4409,-1.97671377658844,-2.4625277519226074,4.536500930786133,2.4625277519226074,1.8790724277496338,7.449289321899414,5,1
4410,-1.9500846862792969,-2.5524120330810547,4.39987325668335,2.5524120330810547,1.8222254514694214,6.000251293182373,5,1
4411,-1.8704832792282104,-2.9376988410949707,4.892712593078613,2.9376988410949707,1.8117554187774658,4.887159824371338,5,1
4412,-1.7904291152954102,-2.600829839706421,4.5696797370910645,2.600829839706421,1.8808863162994385,5.981790542602539,5,1
4413,-1.5827808380126953,-2.5938363075256348,4.4963274002075195,2.5938363075256348,1.9331315755844116,4.8339619636535645,5,1
4414,-1.7725205421447754,-2.6295676231384277,4.276960372924805,2.6295676231384277,1.962044596672058,4.989314079284668,5,1
4415,-1.9126534461975098,-2.838109016418457,4.426591873168945,2.838109016418457,2.0647802352905273,6.597702980041504,5,1
4416,-1.8802058696746826,-2.621713161468506,4.551825046539307,2.621713161468506,1.9105393886566162,7.654524326324463,5,1
4417,-1.7464962005615234,-2.0634348392486572,3.90781569480896,2.0634348392486572,1.9540570974349976,8.933767318725586,5,1
4418,-1.8940485715866089,-2.10330867767334,4.425461292266846,2.10330867767334,1.9482067823410034,7.654163837432861,5,1
4419,-1.7845401763916016,-2.3963003158569336,4.331908226013184,2.3963003158569336,1.8474657535552979,5.794225692749023,5,1
4420,-1.7401611804962158,-1.7980700731277466,4.0499114990234375,1.7980700731277466,1.9770923852920532,5.096784591674805,5,1
4421,-1.8731852769851685,-2.212824583053589,4.338434219360352,2.212824583053589,1.9917324781417847,5.409571170806885,5,1
4422,-1.7360999584197998,-2.404982805252075,4.271174430847168,2.404982805252075,1.861922025680542,5.4947075843811035,5,1
4423,-1.8706554174423218,-2.1341753005981445,4.13568115234375,2.1341753005981445,2.0433647632598877,5.173211097717285,5,1
4424,-1.8214606046676636,-2.4035520553588867,4.3692216873168945,2.4035520553588867,1.8791359663009644,5.0726752281188965,5,1
4425,-1.7561759948730469,-2.6244430541992188,4.562783241271973,2.6244430541992188,1.8907355070114136,5.615307807922363,5,1
4426,-1.628206729888916,-2.1206228733062744,4.061160564422607,2.1206228733062744,1.8511213064193726,5.779661655426025,5,1
4427,-1.7219513654708862,-2.673590660095215,4.19871711730957,2.673590660095215,1.9816244840621948,5.146374702453613,5,1
4428,-1.954189419746399,-2.20135498046875,4.183488845825195,2.20135498046875,1.9215975999832153,5.503023147583008,5,1
4429,-1.8581042289733887,-2.0444109439849854,3.8758323192596436,2.0444109439849854,1.9077008962631226,6.429037570953369,5,1
4430,-1.997602939605713,-1.8783937692642212,3.9403109550476074,1.8783937692642212,1.918769121170044,7.04869270324707,5,1
4431,-1.8767921924591064,-1.8544611930847168,4.153757095336914,1.8544611930847168,2.017888069152832,7.625147819519043,5,1
4432,-1.6931650638580322,-1.7603368759155273,3.7400970458984375,1.7603368759155273,1.8549652099609375,8.000409126281738,5,1
4433,-1.7903532981872559,-2.262749671936035,4.185389518737793,2.262749671936035,1.9442942142486572,5.767847061157227,5,1
4434,-1.6599429845809937,-2.6113765239715576,4.31081485748291,2.6113765239715576,1.9242082834243774,5.908156871795654,5,1
4435,-1.8331456184387207,-2.8083279132843018,4.788458824157715,2.8083279132843018,1.903765082359314,6.40661096572876,5,1
4436,-2.0069808959960938,-2.6252012252807617,4.863717079162598,2.6252012252807617,1.9400243759155273,6.961658477783203,5,1
4437,-1.7155373096466064,-2.559199810028076,4.67181921005249,2.559199810028076,1.8714637756347656,7.016016006469727,5,1
4438,-2.0068581104278564,-2.7513980865478516,4.629183769226074,2.7513980865478516,1.9289485216140747,5.826935768127441,5,1
4439,-1.8084133863449097,-2.5651919841766357,4.404084205627441,2.5651919841766357,1.9601449966430664,5.234248638153076,5,1
4440,-1.7701711654663086,-2.3132481575012207,3.941042423248291,2.3132481575012207,1.879511833190918,5.189544677734375,5,1
4441,-1.8749003410339355,-1.8341577053070068,3.953549861907959,1.8341577053070068,1.94466233253479,4.71679162979126,5,1
4442,-1.725523591041565,-2.5869975090026855,4.233712196350098,2.5869975090026855,1.9873145818710327,5.245385646820068,5,1
4443,-1.7155375480651855,-2.3401308059692383,4.208610534667969,2.3401308059692383,1.9551289081573486,6.192974090576172,5,1
4444,-1.7861003875732422,-1.6573905944824219,3.8974928855895996,1.6573905944824219,1.9922727346420288,8.21104621887207,5,1
4445,-1.8259519338607788,-1.7601113319396973,4.200697898864746,1.7601113319396973,1.882818579673767,8.132807731628418,5,1
4446,-1.7993830442428589,-2.148491859436035,4.010866165161133,2.148491859436035,2.077305316925049,6.338221073150635,5,1
4447,-1.664871335029602,-2.5445432662963867,4.180891513824463,2.5445432662963867,1.9488767385482788,4.972666263580322,5,1
4448,-1.8288018703460693,-2.5046653747558594,4.595696449279785,2.5046653747558594,1.9451528787612915,4.938857078552246,5,1
4449,-1.8443055152893066,-2.461989402770996,4.384683609008789,2.461989402770996,1.9644378423690796,5.1754536628723145,5,1
4450,-1.6639684438705444,-2.3132009506225586,4.348275184631348,2.3132009506225586,2.1002023220062256,6.131147861480713,5,1
4451,-1.953381061553955,-2.3503668308258057,4.233682155609131,2.3503668308258057,1.895898461341858,6.0714850425720215,5,1
4452,-1.8364216089248657,-2.0004053115844727,4.195912837982178,2.0004053115844727,1.9163891077041626,5.3990278244018555,5,1
4453,-1.7530955076217651,-2.674492835998535,4.262241840362549,2.674492835998535,1.919118881225586,5.112444877624512,5,1
4454,-1.8796635866165161,-2.0900425910949707,4.575851917266846,2.0900425910949707,1.9195207357406616,5.1584954261779785,5,1
4455,-1.8578301668167114,-2.349802255630493,4.056634902954102,2.349802255630493,1.9374345541000366,5.224027156829834,5,1
4456,-2.064952850341797,-2.3526406288146973,4.422496318817139,2.3526406288146973,1.9198753833770752,6.0856194496154785,5,1
4457,-1.6599018573760986,-2.454519748687744,4.437419891357422,2.454519748687744,2.016963243484497,6.349165916442871,5,1
4458,-1.9569203853607178,-2.380098342895508,4.37735652923584,2.380098342895508,1.9327538013458252,5.578875541687012,5,1
4459,-1.7492802143096924,-2.4057817459106445,4.145680904388428,2.4057817459106445,2.0127742290496826,6.4779052734375,5,1
4460,-1.7146856784820557,-2.3175201416015625,4.3658342361450195,2.3175201416015625,1.8440066576004028,6.576952934265137,5,1
4461,-1.878780722618103,-2.3650455474853516,4.410524845123291,2.3650455474853516,1.9167487621307373,5.444523811340332,5,1
4462,-1.846747636795044,-2.5340018272399902,4.306918621063232,2.5340018272399902,1.9989922046661377,6.3532023429870605,5,1
4463,-1.7724838256835938,-2.354376792907715,4.230920791625977,2.354376792907715,2.0998451709747314,7.443957805633545,5,1
4464,-2.0303268432617188,-2.320350170135498,4.386761665344238,2.320350170135498,1.8623884916305542,7.251877784729004,5,1
4465,-1.7378097772598267,-2.278881311416626,4.119680881500244,2.278881311416626,2.0297763347625732,7.867215156555176,5,1
4466,-1.6427497863769531,-2.191539764404297,4.140874862670898,2.191539764404297,1.957493543624878,7.274566173553467,5,1
4467,-1.792710542678833,-2.107820510864258,3.9934277534484863,2.107820510864258,1.8602830171585083,5.661606311798096,5,1
4468,-1.5070126056671143,-2.355853319168091,4.2237043380737305,2.355853319168091,1.9403705596923828,4.877821445465088,5,1
4469,-1.6759779453277588,-2.3740885257720947,4.551046371459961,2.3740885257720947,1.9081611633300781,4.7940802574157715,5,1
4470,-1.7701730728149414,-1.9482622146606445,4.062641620635986,1.9482622146606445,1.9184908866882324,6.515793800354004,5,1
4471,-1.7226039171218872,-2.729566812515259,4.413784027099609,2.729566812515259,2.074007034301758,6.135515213012695,5,1
4472,-1.740052342414856,-2.2953271865844727,4.30450963973999,2.2953271865844727,1.9568967819213867,5.78518533706665,5,1
4473,-1.959275484085083,-2.4553444385528564,4.539159297943115,2.4553444385528564,1.8628813028335571,5.417793273925781,5,1
4474,-1.7355178594589233,-2.7850661277770996,4.491091251373291,2.7850661277770996,1.8799028396606445,5.293978691101074,5,1
4475,-1.660060167312622,-2.60093355178833,4.397522449493408,2.60093355178833,1.984254002571106,5.757389545440674,5,1
4476,-1.779041051864624,-2.025299072265625,4.154969215393066,2.025299072265625,2.008366346359253,5.206520080566406,5,1
4477,-1.976146936416626,-1.7514269351959229,3.703392267227173,1.7514269351959229,1.8711011409759521,4.662018775939941,5,1
4478,-1.730043649673462,-1.9490330219268799,3.8417253494262695,1.9490330219268799,1.987811803817749,5.253757476806641,5,1
4479,-1.7477099895477295,-2.3375563621520996,3.9333248138427734,2.3375563621520996,2.0345542430877686,5.484971046447754,5,1
4480,-1.6586378812789917,-2.4380950927734375,4.367065906524658,2.4380950927734375,1.8989297151565552,5.62646484375,5,1
4481,-1.4900625944137573,-2.2808165550231934,4.219225883483887,2.2808165550231934,1.8964530229568481,6.560947418212891,5,1
4482,-1.6587358713150024,-2.231472969055176,4.031508922576904,2.231472969055176,2.0500009059906006,7.559445858001709,5,1
4483,-1.7431710958480835,-2.023956298828125,4.143779754638672,2.023956298828125,1.95221745967865,6.833021640777588,5,1
4484,-1.9768602848052979,-2.312509059906006,4.446022987365723,2.312509059906006,2.0818653106689453,6.087174892425537,5,1
4485,-1.8486570119857788,-2.529040575027466,4.82427978515625,2.529040575027466,2.045689582824707,5.419211387634277,5,1
4486,-1.665744423866272,-3.0680911540985107,4.678945541381836,3.0680911540985107,1.9626322984695435,6.255749702453613,5,1
4487,-1.7617191076278687,-2.9128050804138184,4.90151834487915,2.9128050804138184,2.1311144828796387,6.541842460632324,5,1
4488,-1.665210247039795,-2.812284469604492,4.749223709106445,2.812284469604492,2.0072360038757324,6.227937698364258,5,1
4489,-1.597279667854309,-2.423142910003662,4.576153755187988,2.423142910003662,1.9877252578735352,7.071683406829834,5,1
4490,-1.8321621417999268,-2.805324077606201,4.994573593139648,2.805324077606201,2.0174975395202637,9.027531623840332,5,1
4491,-1.8031413555145264,-2.343255043029785,4.5709757804870605,2.343255043029785,1.8972314596176147,6.493896961212158,5,1
4492,-1.8864214420318604,-2.598863363265991,4.507894992828369,2.598863363265991,1.9189764261245728,7.0798492431640625,5,1
4493,-2.0049660205841064,-2.818902015686035,4.646731376647949,2.818902015686035,1.9192899465560913,5.54669189453125,5,1
4494,-1.8319075107574463,-2.2340197563171387,3.991393566131592,2.2340197563171387,1.9499388933181763,6.298096179962158,5,1
4495,-2.025538206100464,-2.3829731941223145,4.717338562011719,2.3829731941223145,1.9533382654190063,6.007727146148682,5,1
4496,-1.9045279026031494,-2.309375762939453,4.444488525390625,2.309375762939453,1.9710321426391602,6.512510299682617,5,1
4497,-1.7183624505996704,-2.43818736076355,4.1881208419799805,2.43818736076355,1.845609188079834,4.844534873962402,5,1
4498,-1.7833006381988525,-2.6917033195495605,4.428556442260742,2.6917033195495605,1.9577672481536865,4.8114237785339355,5,1
4499,-1.7358425855636597,-2.5582642555236816,4.481391906738281,2.5582642555236816,2.000458002090454,5.06359338760376,5,1
4500,-1.7686744928359985,-2.671574831008911,4.699615955352783,2.671574831008911,2.0335211753845215,5.77963924407959,5,1
4501,-1.7472610473632812,-2.383882999420166,4.569483757019043,2.383882999420166,1.9231908321380615,8.986784934997559,5,1
4502,-1.7988479137420654,-2.3619871139526367,4.113942623138428,2.3619871139526367,1.9158800840377808,7.9556450843811035,5,1
4503,-1.8409394025802612,-2.5105395317077637,4.287619590759277,2.5105395317077637,1.9850633144378662,5.330392360687256,5,1
4504,-1.728254795074463,-2.499971389770508,4.529134750366211,2.499971389770508,1.8329591751098633,6.770580291748047,5,1
4505,-1.8554025888442993,-2.5037131309509277,4.708827972412109,2.5037131309509277,2.019908905029297,7.7101359367370605,5,1
4506,-1.974051594734192,-2.1245369911193848,4.215615749359131,2.1245369911193848,1.8224095106124878,6.148097038269043,5,1
4507,-2.1162900924682617,-2.123720645904541,4.450159072875977,2.123720645904541,1.8807371854782104,6.267570972442627,5,1
4508,-1.4372389316558838,-2.40059494972229,3.8381612300872803,2.40059494972229,1.893700361251831,5.485148906707764,5,1
4509,-1.6321536302566528,-2.381845474243164,4.147984027862549,2.381845474243164,1.8766275644302368,5.782679557800293,5,1
4510,-1.8687219619750977,-2.7391574382781982,4.619786739349365,2.7391574382781982,1.829617977142334,5.751626968383789,5,1
4511,-1.6758522987365723,-2.441805601119995,4.371377944946289,2.441805601119995,2.0241475105285645,6.095938682556152,5,1
4512,-1.792793869972229,-2.8607702255249023,4.879058837890625,2.8607702255249023,1.9744104146957397,6.761546611785889,5,1
4513,-1.9344185590744019,-2.5089712142944336,4.890397071838379,2.5089712142944336,1.8995561599731445,6.891911029815674,5,1
4514,-1.9507206678390503,-2.921475410461426,5.012141227722168,2.921475410461426,1.9299166202545166,5.709567546844482,5,1
4515,-1.7110645771026611,-2.8378853797912598,4.709985733032227,2.8378853797912598,1.896790862083435,6.794980049133301,5,1
4516,-1.9187692403793335,-2.0007705688476562,4.335766792297363,2.0007705688476562,2.0097572803497314,6.557336330413818,5,1
4517,-1.7553294897079468,-2.213062286376953,4.521645545959473,2.213062286376953,2.0276734828948975,4.491152763366699,5,1
4518,-1.853765606880188,-2.042576313018799,4.337747573852539,2.042576313018799,1.843064308166504,4.442938804626465,5,1
4519,-1.832258939743042,-2.239558696746826,4.0903215408325195,2.239558696746826,1.9342598915100098,4.8277459144592285,5,1
4520,-1.8621113300323486,-2.2400293350219727,3.9820187091827393,2.2400293350219727,1.7782914638519287,5.928450107574463,5,1
4521,-1.7241897583007812,-2.444338798522949,4.373710632324219,2.444338798522949,2.0365591049194336,6.80648946762085,5,1
4522,-2.1006903648376465,-2.622220754623413,4.587364196777344,2.622220754623413,2.0312917232513428,6.68989896774292,5,1
4523,-1.66586172580719,-2.9519665241241455,4.996433734893799,2.9519665241241455,1.9231361150741577,6.498566627502441,5,1
4524,-1.6169345378875732,-2.1814329624176025,4.433347225189209,2.1814329624176025,2.0296690464019775,6.35634183883667,5,1
4525,-1.9086254835128784,-1.904801845550537,3.970928430557251,1.904801845550537,1.9022103548049927,7.246177673339844,5,1
4526,-1.8229036331176758,-2.0363287925720215,3.9567599296569824,2.0363287925720215,1.8765417337417603,6.452645778656006,5,1
4527,-1.8701553344726562,-1.4733154773712158,3.362691879272461,1.4733154773712158,1.8253687620162964,5.620473384857178,5,1
4528,-1.9683208465576172,-2.404865026473999,4.210371017456055,2.404865026473999,1.9538660049438477,6.452738285064697,5,1
4529,-1.8461517095565796,-2.0822455883026123,4.3033246994018555,2.0822455883026123,2.018113374710083,7.220956325531006,5,1
4530,-1.9359617233276367,-1.473641037940979,3.922682285308838,1.473641037940979,1.9724206924438477,5.64824104309082,5,1
4531,-1.688308596611023,-1.9830172061920166,3.8679141998291016,1.9830172061920166,2.0634427070617676,5.304256916046143,5,1
4532,-1.8067024946212769,-1.6344571113586426,3.9421024322509766,1.6344571113586426,1.908015251159668,7.7650885581970215,5,1
4533,-1.5733933448791504,-1.6552245616912842,3.3123154640197754,1.6552245616912842,1.9464588165283203,7.320051193237305,5,1
4534,-1.8331860303878784,-1.2739313840866089,3.4619483947753906,1.2739313840866089,2.0474870204925537,6.410888671875,5,1
4535,-1.46747624874115,-1.9946650266647339,3.712679862976074,1.9946650266647339,1.9848777055740356,6.767989158630371,5,1
4536,-1.573431372642517,-2.0920324325561523,3.83768630027771,2.0920324325561523,2.00323748588562,4.623946189880371,5,1
4537,-1.761157751083374,-1.9937747716903687,3.8120265007019043,1.9937747716903687,1.9308865070343018,5.969170093536377,5,1
4538,-2.041693687438965,-2.1423559188842773,4.22956657409668,2.1423559188842773,1.8507649898529053,8.114484786987305,5,1
4539,-1.7753268480300903,-2.249772548675537,4.141330242156982,2.249772548675537,1.9625043869018555,6.859048843383789,5,1
4540,-1.6303249597549438,-2.5869038105010986,4.410601615905762,2.5869038105010986,1.9161102771759033,4.854987144470215,5,1
4541,-1.7632602453231812,-3.0200188159942627,4.881705284118652,3.0200188159942627,1.8737220764160156,5.200725555419922,5,1
4542,-1.7747433185577393,-2.2097556591033936,4.460616111755371,2.2097556591033936,2.0384743213653564,7.088208198547363,5,1
4543,-1.8171523809432983,-2.470668077468872,4.233881950378418,2.470668077468872,1.971902847290039,7.831987380981445,5,1
4544,-1.7796916961669922,-2.8476548194885254,4.743263244628906,2.8476548194885254,1.9163713455200195,8.79411792755127,5,1
4545,-1.7885656356811523,-2.495645523071289,4.556282043457031,2.495645523071289,1.8466721773147583,6.948774337768555,5,1
4546,-1.8426474332809448,-2.6147072315216064,4.355330467224121,2.6147072315216064,1.9180670976638794,5.715002536773682,5,1
4547,-1.7766245603561401,-2.412581443786621,4.192068576812744,2.412581443786621,1.8951053619384766,7.153125762939453,5,1
4548,-1.7339417934417725,-2.2719883918762207,3.9912686347961426,2.2719883918762207,1.8208950757980347,6.793774127960205,5,1
4549,-1.9707140922546387,-2.350864887237549,4.393871307373047,2.350864887237549,2.002892255783081,6.233767032623291,5,1
4550,-1.8431299924850464,-2.961663007736206,4.78046989440918,2.961663007736206,1.9491021633148193,5.596945285797119,5,1
4551,-1.9776546955108643,-2.9805908203125,5.157596588134766,2.9805908203125,1.9559084177017212,6.298544883728027,5,1
4552,-1.6561024188995361,-2.6788997650146484,4.469309329986572,2.6788997650146484,1.9430848360061646,5.008610725402832,5,1
4553,-1.7516366243362427,-2.591489791870117,4.365821838378906,2.591489791870117,2.0175509452819824,6.2233428955078125,5,1
4554,-1.8066571950912476,-2.449502468109131,4.3195672035217285,2.449502468109131,1.9200133085250854,4.450468063354492,5,1
4555,-1.7065379619598389,-2.4693546295166016,4.262589931488037,2.4693546295166016,1.907101035118103,4.950232982635498,5,1
4556,-1.7506518363952637,-2.262192487716675,4.221343040466309,2.262192487716675,1.9517171382904053,6.841348648071289,5,1
4557,-1.6781972646713257,-1.7405474185943604,3.926086902618408,1.7405474185943604,1.9201953411102295,7.553060531616211,5,1
4558,-1.7299057245254517,-1.6127169132232666,3.3370981216430664,1.6127169132232666,1.9354631900787354,5.284555912017822,5,1
4559,-1.7570064067840576,-1.928236484527588,3.7053170204162598,1.928236484527588,1.9302575588226318,5.6036529541015625,5,1
4560,-1.8385343551635742,-1.855679988861084,3.835097551345825,1.855679988861084,1.972495675086975,6.377669811248779,5,1
4561,-1.7863160371780396,-2.50846529006958,4.523555755615234,2.50846529006958,1.9860515594482422,7.199697971343994,5,1
4562,-1.9557009935379028,-2.966597318649292,4.8901896476745605,2.966597318649292,1.9114758968353271,7.451841831207275,5,1
4563,-1.871675968170166,-2.5667879581451416,4.851801872253418,2.5667879581451416,2.004507303237915,5.961748123168945,5,1
4564,-2.040756940841675,-3.2990026473999023,5.197718143463135,3.2990026473999023,1.8569542169570923,5.055997848510742,5,1
4565,-1.858528733253479,-3.3447611331939697,5.370626926422119,3.3447611331939697,1.9553078413009644,6.030853271484375,5,1
4566,-1.9262181520462036,-3.26145601272583,5.044164657592773,3.26145601272583,1.918291687965393,5.21832275390625,5,1
4567,-1.6193102598190308,-2.687730312347412,4.4667205810546875,2.687730312347412,2.0160515308380127,6.059455871582031,5,1
4568,-2.011361837387085,-2.611851692199707,4.644675254821777,2.611851692199707,1.987198829650879,6.636953353881836,5,1
4569,-1.6921042203903198,-2.6118476390838623,4.450474739074707,2.6118476390838623,1.902293086051941,7.055774211883545,5,1
4570,-1.433835744857788,-2.1205661296844482,3.99102783203125,2.1205661296844482,1.9290469884872437,7.181416988372803,5,1
4571,-1.6774052381515503,-2.0702004432678223,4.141043663024902,2.0702004432678223,1.871013879776001,6.368860721588135,5,1
4572,-1.876556396484375,-2.729633331298828,4.431758880615234,2.729633331298828,1.9482542276382446,6.633590221405029,5,1
4573,-2.043518543243408,-2.7539029121398926,4.7290754318237305,2.7539029121398926,1.9285269975662231,6.4037675857543945,5,1
4574,-1.9375669956207275,-2.7089920043945312,4.768274307250977,2.7089920043945312,2.0389175415039062,5.737246990203857,5,1
4575,-1.906400203704834,-2.538419485092163,4.791123390197754,2.538419485092163,1.7760919332504272,5.76274299621582,5,1
4576,-1.6590527296066284,-2.2781877517700195,4.325813293457031,2.2781877517700195,1.8847270011901855,6.016407489776611,5,1
4577,-1.947225570678711,-2.1697885990142822,4.273500919342041,2.1697885990142822,1.9063384532928467,7.205358505249023,5,1
4578,-1.9157830476760864,-2.0280966758728027,4.332716941833496,2.0280966758728027,1.9294227361679077,6.199645042419434,5,1
4579,-2.006969451904297,-2.37631893157959,4.555154323577881,2.37631893157959,2.0283448696136475,6.58467435836792,5,1
4580,-1.867811918258667,-2.357226848602295,4.382026672363281,2.357226848602295,2.034560441970825,7.4000067710876465,5,1
4581,-1.7557698488235474,-1.9552565813064575,4.257728576660156,1.9552565813064575,1.911547303199768,6.133468151092529,5,1
4582,-1.957148551940918,-2.598914861679077,4.476917266845703,2.598914861679077,1.9271037578582764,7.764801502227783,5,1
4583,-1.7492915391921997,-2.35726261138916,4.24059534072876,2.35726261138916,1.9768620729446411,7.108183860778809,5,1
4584,-1.7346104383468628,-2.4333229064941406,4.304797172546387,2.4333229064941406,1.8155875205993652,5.498985767364502,5,1
4585,-1.6182266473770142,-2.34678053855896,4.249849319458008,2.34678053855896,1.870152473449707,6.768685340881348,5,1
4586,-1.8334373235702515,-1.8913640975952148,3.916746139526367,1.8913640975952148,1.905480980873108,9.05073070526123,5,1
4587,-1.8777740001678467,-1.927411437034607,3.696857452392578,1.927411437034607,1.8304046392440796,8.199871063232422,5,1
4588,-1.8715908527374268,-1.6903166770935059,3.804074287414551,1.6903166770935059,1.8942501544952393,6.725433826446533,5,1
4589,-1.6443524360656738,-1.6687910556793213,3.7641968727111816,1.6687910556793213,1.8117828369140625,4.7600579261779785,5,1
4590,-1.7967278957366943,-1.7945072650909424,3.666379928588867,1.7945072650909424,1.9867569208145142,5.466206073760986,5,1
4591,-2.1271610260009766,-2.095052719116211,3.9016671180725098,2.095052719116211,1.9841084480285645,7.396483898162842,5,1
4592,-2.094139814376831,-1.683617353439331,3.845221996307373,1.683617353439331,1.9976320266723633,5.930149555206299,5,1
4593,-1.8616136312484741,-1.5452996492385864,3.632291316986084,1.5452996492385864,2.039125442504883,6.884982109069824,5,1
4594,-2.133242607116699,-2.075151205062866,4.248793601989746,2.075151205062866,1.9393872022628784,6.079275131225586,5,1
4595,-1.4904162883758545,-1.5725244283676147,3.3825786113739014,1.5725244283676147,1.8894762992858887,6.211840629577637,5,1
4596,-1.808653712272644,-2.368929147720337,3.9427943229675293,2.368929147720337,1.7585400342941284,6.158131122589111,5,1
4597,-1.96210515499115,-2.057539939880371,4.505698204040527,2.057539939880371,1.8888776302337646,4.719967842102051,5,1
4598,-1.9182920455932617,-2.1149654388427734,4.170102119445801,2.1149654388427734,1.8539657592773438,4.738663673400879,5,1
4599,-1.8022712469100952,-2.0953805446624756,4.094320297241211,2.0953805446624756,1.9581873416900635,5.483541011810303,5,1
4600,-1.487886905670166,-2.831770896911621,4.306107521057129,2.831770896911621,1.8647421598434448,7.283555507659912,5,1
4601,-1.8186049461364746,-3.1718335151672363,4.98607873916626,3.1718335151672363,1.9218699932098389,6.631012439727783,5,1
4602,-1.7399388551712036,-3.1551971435546875,4.628925323486328,3.1551971435546875,2.028291702270508,6.770636558532715,5,1
4603,-2.0258407592773438,-2.54378604888916,4.5539703369140625,2.54378604888916,1.9219623804092407,6.976889610290527,5,1
4604,-1.9196090698242188,-2.7624740600585938,4.636298179626465,2.7624740600585938,1.949165940284729,5.245955467224121,5,1
4605,-1.528000831604004,-2.3979737758636475,4.262284278869629,2.3979737758636475,1.9284389019012451,5.407927989959717,5,1
4606,-1.9396286010742188,-2.4367451667785645,4.594393730163574,2.4367451667785645,2.001556158065796,5.7017107009887695,5,1
4607,-1.403471827507019,-2.197026252746582,3.693601608276367,2.197026252746582,1.9174175262451172,6.393141269683838,5,1
4608,-1.840779185295105,-2.271881341934204,4.07867431640625,2.271881341934204,1.9488064050674438,5.640316486358643,5,1
4609,-1.9799959659576416,-2.5490121841430664,4.692900657653809,2.5490121841430664,1.917781949043274,7.330202579498291,5,1
4610,-1.6721888780593872,-2.2782413959503174,4.640902519226074,2.2782413959503174,1.8785309791564941,7.715424060821533,5,1
4611,-1.6448252201080322,-2.2753186225891113,4.023286819458008,2.2753186225891113,1.9375183582305908,5.627631187438965,5,1
4612,-1.7741522789001465,-2.487936019897461,4.480996131896973,2.487936019897461,1.842246174812317,5.785716533660889,5,1
4613,-1.719215750694275,-2.5430893898010254,4.5221757888793945,2.5430893898010254,1.9839990139007568,6.8880181312561035,5,1
4614,-1.903728723526001,-2.8584890365600586,4.688987731933594,2.8584890365600586,1.8585485219955444,6.40966272354126,5,1
4615,-2.1552681922912598,-2.0516140460968018,4.410459041595459,2.0516140460968018,1.8852256536483765,6.509372234344482,5,1
4616,-1.8116405010223389,-2.3986220359802246,4.336356163024902,2.3986220359802246,1.9933032989501953,7.386364936828613,5,1
4617,-1.7920114994049072,-2.724553346633911,4.390870094299316,2.724553346633911,1.8813409805297852,5.995474815368652,5,1
4618,-1.7287719249725342,-2.820406675338745,4.741686820983887,2.820406675338745,1.9613696336746216,4.28433895111084,5,1
4619,-1.7208243608474731,-2.600137710571289,4.493007183074951,2.600137710571289,1.9816220998764038,4.72716760635376,5,1
4620,-1.9150657653808594,-2.964128255844116,4.755635738372803,2.964128255844116,1.9249937534332275,5.628875732421875,5,1
4621,-1.7293906211853027,-2.8216540813446045,4.906291961669922,2.8216540813446045,1.9998719692230225,5.673544883728027,5,1
4622,-1.732050895690918,-2.666184186935425,4.754663467407227,2.666184186935425,1.868216633796692,5.303569316864014,5,1
4623,-2.1237165927886963,-2.6647560596466064,4.537143707275391,2.6647560596466064,1.9648549556732178,7.509376049041748,5,1
4624,-1.8934639692306519,-2.3233883380889893,4.181806564331055,2.3233883380889893,2.012272596359253,8.238152503967285,5,1
4625,-1.957383632659912,-2.0055155754089355,4.395671844482422,2.0055155754089355,1.8575310707092285,8.807206153869629,5,1
4626,-1.5873708724975586,-2.2201428413391113,4.034235954284668,2.2201428413391113,1.9247888326644897,5.628734588623047,5,1
4627,-1.7682499885559082,-2.192993402481079,4.415768623352051,2.192993402481079,1.9783854484558105,6.056176662445068,5,1
4628,-1.8246524333953857,-2.2809829711914062,4.320282936096191,2.2809829711914062,1.857369303703308,6.476719379425049,5,1
4629,-1.7329190969467163,-2.4323325157165527,4.485174179077148,2.4323325157165527,1.8844369649887085,6.009065628051758,5,1
4630,-2.097689390182495,-2.0439367294311523,4.348785400390625,2.0439367294311523,1.8787018060684204,6.214180946350098,5,1
4631,-1.6476635932922363,-2.221785545349121,3.8542284965515137,2.221785545349121,1.9369332790374756,6.4548258781433105,5,1
4632,-1.596665620803833,-2.4799511432647705,4.249096870422363,2.4799511432647705,1.9972164630889893,5.484831809997559,5,1
4633,-1.766097903251648,-2.4357306957244873,4.3727545738220215,2.4357306957244873,1.945475697517395,4.5186448097229,5,1
4634,-1.8828421831130981,-2.3331050872802734,4.433290481567383,2.3331050872802734,1.9319958686828613,4.986913204193115,5,1
4635,-1.7823741436004639,-2.470399856567383,4.192368507385254,2.470399856567383,1.9080250263214111,5.34175443649292,5,1
4636,-1.908398985862732,-2.5534517765045166,4.631389617919922,2.5534517765045166,1.8693181276321411,5.722629070281982,5,1
4637,-1.8169270753860474,-2.0881943702697754,4.120155334472656,2.0881943702697754,2.0495269298553467,6.850242614746094,5,1
4638,-1.7931666374206543,-2.2388720512390137,4.13464879989624,2.2388720512390137,1.9561740159988403,8.247981071472168,5,1
4639,-1.6676205396652222,-2.2873620986938477,4.194524765014648,2.2873620986938477,1.9050328731536865,8.32107925415039,5,1
4640,-1.7121119499206543,-2.3643999099731445,4.403857231140137,2.3643999099731445,1.8980300426483154,6.190704822540283,5,1
4641,-1.8974686861038208,-2.6595635414123535,4.495208740234375,2.6595635414123535,1.8776541948318481,5.037705421447754,5,1
4642,-1.710768461227417,-2.3584401607513428,4.116235733032227,2.3584401607513428,1.7771034240722656,6.891386032104492,5,1
4643,-1.9273951053619385,-2.0933492183685303,4.35055685043335,2.0933492183685303,1.8269950151443481,7.559556484222412,5,1
4644,-1.9086287021636963,-2.273827075958252,4.33997917175293,2.273827075958252,1.9224876165390015,7.045804500579834,5,1
4645,-1.719208002090454,-1.909103274345398,3.756434917449951,1.909103274345398,1.8639930486679077,6.416452407836914,5,1
4646,-1.8667930364608765,-2.2586629390716553,4.320634841918945,2.2586629390716553,2.095623254776001,6.568056106567383,5,1
4647,-1.613424301147461,-1.9610559940338135,3.9986534118652344,1.9610559940338135,1.984412670135498,6.5192461013793945,5,1
4648,-1.7046524286270142,-1.8206946849822998,3.8043861389160156,1.8206946849822998,1.8768682479858398,5.533993244171143,5,1
4649,-1.6965374946594238,-2.3661184310913086,4.147622585296631,2.3661184310913086,1.8158544301986694,5.908199787139893,5,1
4650,-1.7453129291534424,-1.7776172161102295,3.891160011291504,1.7776172161102295,2.035639524459839,6.772858619689941,5,1
4651,-1.7447680234909058,-2.371006727218628,4.26279354095459,2.371006727218628,1.8660573959350586,6.927571773529053,5,1
4652,-1.59236478805542,-2.1724677085876465,4.073764324188232,2.1724677085876465,1.920586109161377,6.864108085632324,5,1
4653,-1.6731687784194946,-2.19834303855896,3.8184618949890137,2.19834303855896,1.9064695835113525,5.816399097442627,5,1
4654,-1.6675249338150024,-2.689908266067505,4.231070518493652,2.689908266067505,1.9389950037002563,5.1002020835876465,5,1
4655,-1.6892163753509521,-1.9051342010498047,4.22547721862793,1.9051342010498047,2.084392786026001,5.375437259674072,5,1
4656,-1.7602883577346802,-2.1925907135009766,3.6773664951324463,2.1925907135009766,1.873363733291626,5.814524173736572,5,1
4657,-1.8241873979568481,-2.1269121170043945,4.242840766906738,2.1269121170043945,1.8843647241592407,6.43616247177124,5,1
4658,-1.837923288345337,-2.262012481689453,4.197358131408691,2.262012481689453,1.8983532190322876,6.364260196685791,5,1
4659,-1.694589614868164,-2.3034234046936035,4.0176615715026855,2.3034234046936035,1.8266693353652954,5.363131046295166,5,1
4660,-1.620632290840149,-2.424093723297119,4.339141368865967,2.424093723297119,1.8900361061096191,5.657155513763428,5,1
4661,-1.8754537105560303,-2.572019100189209,4.592674255371094,2.572019100189209,2.012733221054077,6.888194561004639,5,1
4662,-1.666190266609192,-2.150580883026123,4.045228004455566,2.150580883026123,1.855079174041748,7.600461006164551,5,1
4663,-1.566306710243225,-2.529839038848877,4.394547939300537,2.529839038848877,1.8898022174835205,8.005227088928223,5,1
4664,-1.7791229486465454,-2.710801601409912,4.46844482421875,2.710801601409912,1.9054638147354126,6.328275203704834,5,1
4665,-1.6763193607330322,-2.7633097171783447,4.777398586273193,2.7633097171783447,1.939306616783142,5.453885078430176,5,1
4666,-2.1451470851898193,-2.796389579772949,4.826902389526367,2.796389579772949,1.9107717275619507,6.2621355056762695,5,1
4667,-1.822068691253662,-2.1119136810302734,4.265120029449463,2.1119136810302734,1.9641224145889282,6.405458927154541,5,1
4668,-1.5512068271636963,-2.6269874572753906,4.249691486358643,2.6269874572753906,1.79641592502594,5.413413047790527,5,1
4669,-1.79021418094635,-2.6203150749206543,4.520843029022217,2.6203150749206543,1.9269694089889526,4.9653496742248535,5,1
4670,-1.8907030820846558,-2.2900390625,4.59599494934082,2.2900390625,2.0030767917633057,6.023069381713867,5,1
4671,-1.6655761003494263,-2.6595544815063477,4.413339138031006,2.6595544815063477,1.807121992111206,4.714964866638184,5,1
4672,-1.8742321729660034,-1.9641900062561035,3.880523681640625,1.9641900062561035,2.0311532020568848,5.619529724121094,5,1
4673,-1.76969575881958,-1.9311203956604004,4.036306381225586,1.9311203956604004,1.8438689708709717,6.473607540130615,5,1
4674,-1.555747151374817,-1.754486322402954,3.7925896644592285,1.754486322402954,1.9923471212387085,7.023070812225342,5,1
4675,-1.5789079666137695,-1.8515340089797974,3.777379035949707,1.8515340089797974,2.015230178833008,5.726043224334717,5,1
4676,-1.6821268796920776,-2.0179667472839355,4.035287857055664,2.0179667472839355,1.8643639087677002,5.715415000915527,5,1
4677,-1.9459208250045776,-2.23282527923584,4.355144500732422,2.23282527923584,2.00923752784729,6.056182861328125,5,1
4678,-1.5958998203277588,-2.648977756500244,4.388547897338867,2.648977756500244,1.8704172372817993,6.35638952255249,5,1
4679,-1.8337595462799072,-2.965735912322998,4.408647537231445,2.965735912322998,1.9024803638458252,6.224475860595703,5,1
4680,-1.435227870941162,-2.419368028640747,4.001747131347656,2.419368028640747,1.844840407371521,5.327871322631836,5,1
4681,-2.1745049953460693,-2.6190855503082275,4.704692363739014,2.6190855503082275,1.963060736656189,7.594033718109131,5,1
4682,-1.8554688692092896,-2.2645602226257324,4.351341247558594,2.2645602226257324,1.899993896484375,7.251097202301025,5,1
4683,-1.8037495613098145,-2.278258800506592,4.150188446044922,2.278258800506592,1.9830563068389893,5.918973922729492,5,1
4684,-1.738590955734253,-2.1813852787017822,4.016717910766602,2.1813852787017822,1.9868017435073853,5.557554244995117,5,1
4685,-1.6541255712509155,-2.186640501022339,4.139026165008545,2.186640501022339,1.9230791330337524,6.069072723388672,5,1
4686,-1.6465222835540771,-2.222761631011963,3.978133201599121,2.222761631011963,1.8471885919570923,5.523870944976807,5,1
4687,-1.8633099794387817,-2.329586982727051,3.981870651245117,2.329586982727051,1.9308135509490967,4.918420791625977,5,1
4688,-1.5070008039474487,-2.5101256370544434,4.364261627197266,2.5101256370544434,1.9611505270004272,5.956635475158691,5,1
4689,-1.9578280448913574,-2.2030701637268066,4.311471462249756,2.2030701637268066,2.082735300064087,7.275825023651123,5,1
4690,-2.0261781215667725,-2.0891199111938477,4.151410102844238,2.0891199111938477,1.9491859674453735,7.059075355529785,5,1
4691,-1.8750929832458496,-2.3995161056518555,4.154740333557129,2.3995161056518555,2.0096545219421387,6.63445520401001,5,1
4692,-1.4494723081588745,-2.16961669921875,3.7460975646972656,2.16961669921875,1.959710955619812,5.162367820739746,5,1
4693,-1.7292201519012451,-2.3147573471069336,4.004459381103516,2.3147573471069336,1.948292851448059,4.940201282501221,5,1
4694,-1.9802578687667847,-2.2935662269592285,4.5111083984375,2.2935662269592285,1.9274874925613403,4.824192047119141,5,1
4695,-1.7449657917022705,-2.1498069763183594,3.901918411254883,2.1498069763183594,1.942510962486267,5.011479377746582,5,1
4696,-1.7638509273529053,-2.302995204925537,4.21929407119751,2.302995204925537,2.0228960514068604,5.3452253341674805,5,1
4697,-1.8247551918029785,-2.3839058876037598,3.986949920654297,2.3839058876037598,1.8269435167312622,8.544756889343262,5,1
4698,-1.8775560855865479,-2.2624635696411133,3.9899935722351074,2.2624635696411133,1.8356233835220337,7.745672702789307,5,1
4699,-1.6960570812225342,-1.9897525310516357,4.005990982055664,1.9897525310516357,2.085683584213257,6.748414516448975,5,1
4700,-1.7145990133285522,-2.4746973514556885,4.344882965087891,2.4746973514556885,1.9186348915100098,5.6375017166137695,5,1
4701,-1.7605773210525513,-2.611323833465576,4.313359260559082,2.611323833465576,1.9719926118850708,6.370771884918213,5,1
4702,-1.730896234512329,-2.5538978576660156,4.813375473022461,2.5538978576660156,1.9583003520965576,6.732295036315918,5,1
4703,-1.9303548336029053,-2.637826919555664,4.721726417541504,2.637826919555664,1.8396447896957397,5.766849994659424,5,1
4704,-1.825047492980957,-2.2931067943573,4.235363483428955,2.2931067943573,1.876475214958191,4.988946914672852,5,1
4705,-1.7469491958618164,-1.8459793329238892,3.946826934814453,1.8459793329238892,2.0064213275909424,4.859681129455566,5,1
4706,-1.7201424837112427,-2.2844038009643555,3.757577419281006,2.2844038009643555,1.9472585916519165,4.704234600067139,5,1
4707,-1.9120358228683472,-2.0910797119140625,4.184200286865234,2.0910797119140625,2.039646625518799,5.668598175048828,5,1
4708,-1.6901251077651978,-2.5542569160461426,4.413168907165527,2.5542569160461426,1.8899160623550415,6.010919094085693,5,1
4709,-1.5067639350891113,-2.3594698905944824,4.230899810791016,2.3594698905944824,1.7829853296279907,7.060241222381592,5,1
4710,-1.6875696182250977,-2.9025092124938965,4.825466156005859,2.9025092124938965,1.8619792461395264,7.355535984039307,5,1
4711,-1.9974470138549805,-2.727656602859497,4.739521026611328,2.727656602859497,1.9222773313522339,6.905209064483643,5,1
4712,-1.8509666919708252,-2.6898813247680664,4.311478614807129,2.6898813247680664,2.034907102584839,6.866364002227783,5,1
4713,-1.6841862201690674,-1.8088390827178955,3.9624884128570557,1.8088390827178955,1.8679996728897095,6.923800945281982,5,1
4714,-1.7025972604751587,-1.9384186267852783,3.7418675422668457,1.9384186267852783,1.9425101280212402,6.746655464172363,5,1
4715,-1.4816539287567139,-2.1339612007141113,3.696648120880127,2.1339612007141113,1.871772289276123,5.403463840484619,5,1
4716,-1.8912670612335205,-2.0097713470458984,4.248237609863281,2.0097713470458984,2.0874083042144775,5.305314064025879,5,1
4717,-1.6674023866653442,-2.120041608810425,4.360025405883789,2.120041608810425,1.9353004693984985,5.038619041442871,5,1
4718,-1.6357214450836182,-1.9895589351654053,3.608518600463867,1.9895589351654053,1.8979904651641846,4.763494491577148,5,1
4719,-1.5192389488220215,-2.2499122619628906,4.038722991943359,2.2499122619628906,1.9660433530807495,5.647637367248535,5,1
4720,-1.7177480459213257,-2.009512424468994,3.9271230697631836,2.009512424468994,1.9279636144638062,6.601144790649414,5,1
4721,-1.9477509260177612,-1.8804378509521484,4.225812911987305,1.8804378509521484,2.040717124938965,8.225156784057617,5,1
4722,-1.5353747606277466,-2.0223639011383057,3.704561710357666,2.0223639011383057,2.0638461112976074,7.158734321594238,5,1
4723,-1.730032205581665,-2.092094898223877,3.845262289047241,2.092094898223877,1.909523844718933,7.391628742218018,5,1
4724,-1.7971076965332031,-2.3953776359558105,4.166476249694824,2.3953776359558105,1.816524624824524,7.154204845428467,5,1
4725,-1.930871844291687,-2.0384716987609863,4.179143905639648,2.0384716987609863,1.9957489967346191,6.456601619720459,5,1
4726,-1.8143351078033447,-2.6010496616363525,4.3474531173706055,2.6010496616363525,1.9062340259552002,4.870408058166504,5,1
4727,-1.756948471069336,-2.332210063934326,4.472052574157715,2.332210063934326,1.9040429592132568,5.180182456970215,5,1
4728,-1.890298843383789,-2.825803279876709,4.432425022125244,2.825803279876709,1.8919798135757446,6.288173675537109,5,1
4729,-1.8132150173187256,-3.0384747982025146,4.773846626281738,3.0384747982025146,1.8935717344284058,5.661915302276611,5,1
4730,-1.9750148057937622,-3.3515591621398926,5.200473785400391,3.3515591621398926,1.9348697662353516,5.221890926361084,5,1
4731,-1.9002172946929932,-2.890486717224121,4.982282638549805,2.890486717224121,1.8815807104110718,5.539749622344971,5,1
4732,-1.8189090490341187,-2.360912322998047,4.399406433105469,2.360912322998047,2.051011085510254,8.394697189331055,5,1
4733,-1.956274151802063,-2.8341591358184814,4.866662979125977,2.8341591358184814,1.7859076261520386,6.61076021194458,5,1
4734,-1.849403977394104,-2.4850821495056152,4.670705795288086,2.4850821495056152,1.8669235706329346,5.496581077575684,5,1
4735,-1.6784653663635254,-2.1443681716918945,3.9166152477264404,2.1443681716918945,1.818664312362671,6.2643280029296875,5,1
4736,-1.6871780157089233,-2.4210643768310547,4.424793720245361,2.4210643768310547,1.8852299451828003,6.6482157707214355,5,1
4737,-1.8238744735717773,-2.386619806289673,4.268333911895752,2.386619806289673,1.9266875982284546,5.773996353149414,5,1
4738,-1.88429594039917,-2.1088273525238037,4.364574432373047,2.1088273525238037,1.8336845636367798,5.691375255584717,5,1
4739,-1.8936742544174194,-2.133902072906494,4.2152605056762695,2.133902072906494,1.9576795101165771,5.405240058898926,5,1
4740,-1.8765814304351807,-2.375432014465332,4.296971321105957,2.375432014465332,2.020981788635254,5.315831661224365,5,1
4741,-1.6519806385040283,-2.9831442832946777,4.600113868713379,2.9831442832946777,1.8839681148529053,5.751139163970947,5,1
4742,-1.6867138147354126,-2.307436943054199,4.543258190155029,2.307436943054199,1.9388456344604492,7.2582221031188965,5,1
4743,-1.7159340381622314,-2.6570210456848145,4.379810333251953,2.6570210456848145,1.7938039302825928,6.753902912139893,5,1
4744,-1.7335031032562256,-2.7137269973754883,4.608786582946777,2.7137269973754883,2.017582893371582,5.450999736785889,5,1
4745,-1.8435554504394531,-2.3401496410369873,4.086365699768066,2.3401496410369873,1.88349449634552,5.852398872375488,5,1
4746,-1.772869348526001,-2.5519535541534424,4.288087844848633,2.5519535541534424,2.0175304412841797,5.784403324127197,5,1
4747,-1.6027494668960571,-2.221569299697876,4.422082424163818,2.221569299697876,1.9549726247787476,5.882078647613525,5,1
4748,-1.8867417573928833,-2.4097342491149902,4.501629829406738,2.4097342491149902,1.915056824684143,5.6736249923706055,5,1
4749,-1.8734079599380493,-2.168229103088379,4.0961384773254395,2.168229103088379,1.940415620803833,6.740550994873047,5,1
4750,-1.9268468618392944,-2.2106990814208984,4.321868896484375,2.2106990814208984,1.9065791368484497,6.294184684753418,5,1
4751,-1.5900944471359253,-1.9006356000900269,3.9751193523406982,1.9006356000900269,1.9305164813995361,5.0544304847717285,5,1
4752,-1.8283237218856812,-2.36247181892395,4.098901748657227,2.36247181892395,1.9613004922866821,5.385446071624756,5,1
4753,-1.7152880430221558,-2.3716604709625244,4.3405375480651855,2.3716604709625244,2.034384250640869,7.305825233459473,5,1
4754,-1.2503628730773926,-1.7281278371810913,3.764328956604004,1.7281278371810913,1.9989147186279297,5.877411365509033,5,1
4755,-1.6378765106201172,-1.735093593597412,3.439413547515869,1.735093593597412,1.9282885789871216,4.448568820953369,5,1
4756,-2.0060362815856934,-2.0839741230010986,4.018671035766602,2.0839741230010986,1.88797926902771,5.492203235626221,5,1
4757,-1.6848361492156982,-2.1959550380706787,4.047298431396484,2.1959550380706787,2.045354127883911,7.0454535484313965,5,1
4758,-1.8245880603790283,-2.1839869022369385,4.084650039672852,2.1839869022369385,1.966852068901062,6.974640369415283,5,1
4759,-1.7424405813217163,-2.7448110580444336,4.645071029663086,2.7448110580444336,1.945241093635559,7.664168357849121,5,1
4760,-1.9742803573608398,-2.5161211490631104,4.323213577270508,2.5161211490631104,1.9930390119552612,6.446183681488037,5,1
4761,-1.815834641456604,-2.904301166534424,5.061022758483887,2.904301166534424,2.0703303813934326,5.968135356903076,5,1
4762,-1.7621046304702759,-2.772702217102051,4.629778861999512,2.772702217102051,2.042808771133423,4.9284586906433105,5,1
4763,-1.8046931028366089,-2.697901725769043,4.519503593444824,2.697901725769043,1.9986357688903809,6.60086727142334,5,1
4764,-1.880650281906128,-1.9036121368408203,3.7669577598571777,1.9036121368408203,1.7999439239501953,5.747053146362305,5,1
4765,-1.5552866458892822,-2.142427444458008,3.886624336242676,2.142427444458008,1.889868140220642,5.729907035827637,5,1
4766,-1.7386611700057983,-2.3835537433624268,4.30015230178833,2.3835537433624268,1.8277528285980225,7.0273966789245605,5,1
4767,-1.568143606185913,-2.4239730834960938,4.163666248321533,2.4239730834960938,1.999828577041626,7.358846187591553,5,1
4768,-1.7493518590927124,-2.556723117828369,4.503609657287598,2.556723117828369,1.833106279373169,5.838931560516357,5,1
4769,-2.1000852584838867,-2.3263046741485596,4.477262496948242,2.3263046741485596,1.8511908054351807,6.313654899597168,5,1
4770,-1.7272166013717651,-2.4697818756103516,3.9618444442749023,2.4697818756103516,1.9901683330535889,5.692342281341553,5,1
4771,-1.6376581192016602,-2.973823308944702,4.820511341094971,2.973823308944702,1.9470702409744263,5.873579502105713,5,1
4772,-1.8901293277740479,-2.1675615310668945,4.445581436157227,2.1675615310668945,1.8676432371139526,5.933869361877441,5,1
4773,-1.7570834159851074,-2.053548812866211,3.7245802879333496,2.053548812866211,1.9130383729934692,5.811253070831299,5,1
4774,-1.564540147781372,-2.4678611755371094,4.043320178985596,2.4678611755371094,1.8745685815811157,6.900843620300293,5,1
4775,-1.8194341659545898,-2.7110819816589355,4.7503662109375,2.7110819816589355,1.9502756595611572,6.5588860511779785,5,1
4776,-1.76238214969635,-2.2608420848846436,4.118234634399414,2.2608420848846436,1.951743721961975,5.597163677215576,5,1
4777,-1.6991510391235352,-1.9817792177200317,4.153111457824707,1.9817792177200317,2.080681800842285,4.8914713859558105,5,1
4778,-1.6979438066482544,-2.008671283721924,4.070714473724365,2.008671283721924,1.8363831043243408,5.48130464553833,5,1
4779,-1.869234323501587,-2.8418667316436768,4.677953243255615,2.8418667316436768,1.8045189380645752,5.006074905395508,5,1
4780,-1.89434015750885,-2.546027898788452,4.415102958679199,2.546027898788452,1.8240307569503784,5.836880207061768,5,1
4781,-1.6993470191955566,-2.825808525085449,4.705921173095703,2.825808525085449,2.0659565925598145,8.334918975830078,5,1
4782,-1.7232487201690674,-2.5190916061401367,4.56987190246582,2.5190916061401367,1.9090063571929932,6.866933822631836,5,1
4783,-2.0127620697021484,-2.2652528285980225,4.743470191955566,2.2652528285980225,1.8637497425079346,5.814612865447998,5,1
4784,-1.5395129919052124,-1.954999327659607,3.807462453842163,1.954999327659607,1.952748417854309,5.461428165435791,5,1
4785,-1.7092223167419434,-1.8908374309539795,3.7896528244018555,1.8908374309539795,2.0119690895080566,6.994688034057617,5,1
4786,-1.949493646621704,-2.2807931900024414,3.969439744949341,2.2807931900024414,1.936130404472351,5.475053787231445,5,1
4787,-1.715847134590149,-2.0516417026519775,3.8558080196380615,2.0516417026519775,1.9020259380340576,4.4046220779418945,5,1
4788,-1.732704997062683,-2.704010009765625,4.492860794067383,2.704010009765625,1.9333773851394653,5.422786235809326,5,1
4789,-1.8967229127883911,-2.8054516315460205,4.463967323303223,2.8054516315460205,1.97186279296875,6.507394790649414,5,1
4790,-1.9463834762573242,-2.4146625995635986,4.520687103271484,2.4146625995635986,1.9631949663162231,5.8994059562683105,5,1
4791,-1.985097050666809,-2.159609317779541,4.169991493225098,2.159609317779541,2.0098397731781006,8.566228866577148,5,1
4792,-1.7257975339889526,-2.1806159019470215,4.027477264404297,2.1806159019470215,1.9788929224014282,9.053586959838867,5,1
4793,-1.7709892988204956,-2.021538257598877,4.100124359130859,2.021538257598877,1.8689887523651123,7.005670547485352,5,1
4794,-1.8089958429336548,-2.5750064849853516,4.782942771911621,2.5750064849853516,1.8136476278305054,6.295822620391846,5,1
4795,-1.7672382593154907,-1.921492576599121,3.8286960124969482,1.921492576599121,1.888846516609192,6.598101615905762,5,1
4796,-1.5762587785720825,-2.6012086868286133,4.215784072875977,2.6012086868286133,1.9775755405426025,7.063090801239014,5,1
4797,-1.7615689039230347,-2.545159339904785,4.39946174621582,2.545159339904785,1.9598397016525269,5.641859531402588,5,1
4798,-1.7270792722702026,-2.1419334411621094,4.127734661102295,2.1419334411621094,1.8783059120178223,5.762458801269531,5,1
4799,-1.6771093606948853,-1.8899762630462646,3.9253077507019043,1.8899762630462646,1.9736698865890503,6.212277889251709,5,1
4800,-1.7699692249298096,-1.8542370796203613,3.777007818222046,1.8542370796203613,1.9549943208694458,5.079360008239746,5,1
4801,-1.7763590812683105,-1.8641908168792725,3.7844345569610596,1.8641908168792725,2.018184185028076,4.509583473205566,5,1
4802,-1.7358806133270264,-1.962167739868164,3.62263560295105,1.962167739868164,1.9842028617858887,5.019166469573975,5,1
4803,-1.7671611309051514,-2.189236640930176,4.1827239990234375,2.189236640930176,1.7541964054107666,5.002048015594482,5,1
4804,-1.6963293552398682,-2.062793731689453,3.963723659515381,2.062793731689453,1.9006104469299316,7.387251853942871,5,1
4805,-1.8601771593093872,-2.263195276260376,4.214536666870117,2.263195276260376,1.8629751205444336,6.93409538269043,5,1
4806,-1.8641844987869263,-2.519897699356079,4.4581499099731445,2.519897699356079,1.83273446559906,6.403374195098877,5,1
4807,-1.9280644655227661,-2.3986337184906006,4.624434471130371,2.3986337184906006,2.06402325630188,8.035335540771484,5,1
4808,-2.0490481853485107,-1.9233627319335938,4.43476676940918,1.9233627319335938,1.9920833110809326,7.608725547790527,5,1
4809,-1.9552193880081177,-2.3107879161834717,4.442352294921875,2.3107879161834717,1.9609744548797607,5.844598293304443,5,1
4810,-1.557163953781128,-2.5950422286987305,4.563501358032227,2.5950422286987305,1.9609357118606567,7.181476593017578,5,1
4811,-1.816298246383667,-2.501861333847046,4.495113372802734,2.501861333847046,2.0196597576141357,7.164661884307861,5,1
4812,-1.6672557592391968,-2.953709602355957,4.763701915740967,2.953709602355957,1.8714599609375,5.8774333000183105,5,1
4813,-1.489822506904602,-2.4149484634399414,4.462956428527832,2.4149484634399414,1.9047034978866577,5.832360744476318,5,1
4814,-1.777604579925537,-2.20419979095459,4.213257789611816,2.20419979095459,1.7376905679702759,5.267139911651611,5,1
4815,-1.7658036947250366,-2.4337053298950195,4.405372142791748,2.4337053298950195,1.7893860340118408,5.581145286560059,5,1
4816,-1.8391510248184204,-2.38120698928833,4.488499164581299,2.38120698928833,2.009657859802246,6.260234355926514,5,1
4817,-1.9164118766784668,-2.376370906829834,4.19443416595459,2.376370906829834,1.7927486896514893,6.226347923278809,5,1
4818,-1.989599585533142,-2.506627082824707,4.148880958557129,2.506627082824707,1.9352912902832031,7.102077484130859,5,1
4819,-1.7002688646316528,-2.2139909267425537,4.077182292938232,2.2139909267425537,1.8713582754135132,5.594516277313232,5,1
4820,-1.7675282955169678,-2.275467872619629,4.012967109680176,2.275467872619629,1.9490859508514404,5.404316425323486,5,1
4821,-1.661902666091919,-2.14558744430542,4.2318034172058105,2.14558744430542,1.9720488786697388,5.8406829833984375,5,1
4822,-1.9134881496429443,-1.7889349460601807,3.8885459899902344,1.7889349460601807,1.9367942810058594,5.213588714599609,5,1
4823,-1.719908356666565,-2.559413433074951,4.251096248626709,2.559413433074951,1.793793797492981,5.778216361999512,5,1
4824,-1.7572987079620361,-2.691791296005249,4.723428249359131,2.691791296005249,1.8983582258224487,7.255434989929199,5,1
4825,-1.8966047763824463,-2.143636703491211,4.255243301391602,2.143636703491211,2.112009286880493,7.694751739501953,5,1
4826,-1.7599297761917114,-2.1569252014160156,4.098006725311279,2.1569252014160156,1.8046247959136963,7.2625298500061035,5,1
4827,-1.7048488855361938,-2.323791027069092,4.274258613586426,2.323791027069092,1.9260082244873047,8.210648536682129,5,1
4828,-1.922834873199463,-2.2821364402770996,4.324316024780273,2.2821364402770996,1.9383846521377563,8.505433082580566,5,1
4829,-1.9049218893051147,-2.1194543838500977,4.18631649017334,2.1194543838500977,1.9664145708084106,7.995294094085693,5,1
4830,-1.8479886054992676,-1.3172886371612549,3.687987804412842,1.3172886371612549,1.9582160711288452,6.733441352844238,5,1
4831,-1.97135591506958,-1.365339994430542,3.33307147026062,1.365339994430542,1.8263994455337524,4.403493881225586,5,1
4832,-1.7569202184677124,-1.9363596439361572,3.808716297149658,1.9363596439361572,1.9299029111862183,4.6265645027160645,5,1
4833,-1.7333425283432007,-2.303279399871826,4.226016998291016,2.303279399871826,2.0162057876586914,6.573080062866211,5,1
4834,-1.86289644241333,-2.52431583404541,4.700103282928467,2.52431583404541,1.8251811265945435,6.730035305023193,5,1
4835,-1.9197818040847778,-2.1406521797180176,4.231687545776367,2.1406521797180176,1.8934682607650757,7.992666244506836,5,1
4836,-1.8892252445220947,-2.276648759841919,4.574846267700195,2.276648759841919,1.9443439245224,8.336748123168945,5,1
4837,-1.794691562652588,-2.870152473449707,4.6640496253967285,2.870152473449707,1.9446913003921509,5.42686128616333,5,1
4838,-1.9760890007019043,-2.34635066986084,4.2949323654174805,2.34635066986084,1.8442089557647705,5.630677223205566,5,1
4839,-1.9006487131118774,-1.910266637802124,3.9981956481933594,1.910266637802124,1.8686494827270508,4.969021320343018,5,1
4840,-1.7094054222106934,-2.2332329750061035,3.966780662536621,2.2332329750061035,1.913094401359558,5.488025665283203,5,1
4841,-1.8468058109283447,-2.463245153427124,4.305972576141357,2.463245153427124,1.832506537437439,4.30535364151001,5,1
4842,-1.688294768333435,-2.3394992351531982,4.133810043334961,2.3394992351531982,1.8408206701278687,5.32063627243042,5,1
4843,-1.5068262815475464,-2.804434061050415,4.399776458740234,2.804434061050415,1.8463411331176758,5.692232131958008,5,1
4844,-1.8024580478668213,-2.5164144039154053,4.40686559677124,2.5164144039154053,1.8897968530654907,7.09515905380249,5,1
4845,-1.8612085580825806,-2.8610029220581055,4.835101127624512,2.8610029220581055,1.9389375448226929,7.242588520050049,5,1
4846,-1.976562738418579,-2.4775333404541016,4.604942321777344,2.4775333404541016,1.8849577903747559,6.369055271148682,5,1
4847,-1.7489588260650635,-2.3083114624023438,3.946075439453125,2.3083114624023438,2.155289649963379,6.395444393157959,5,1
4848,-1.6222331523895264,-2.6857986450195312,4.518307209014893,2.6857986450195312,1.9931538105010986,6.933396816253662,5,1
4849,-1.566970705986023,-2.8289661407470703,4.5851054191589355,2.8289661407470703,1.8061039447784424,7.035760402679443,5,1
4850,-1.9122705459594727,-2.7575201988220215,4.691391944885254,2.7575201988220215,1.833926796913147,6.141803741455078,5,1
4851,-1.7118395566940308,-2.1260247230529785,3.933877468109131,2.1260247230529785,1.9288326501846313,5.557888031005859,5,1
4852,-1.6810896396636963,-2.4458374977111816,4.404813289642334,2.4458374977111816,1.855601191520691,5.678986549377441,5,1
4853,-1.7304027080535889,-2.2467241287231445,4.0638017654418945,2.2467241287231445,1.8936147689819336,7.728526592254639,5,1
4854,-1.999382495880127,-2.0508780479431152,4.132408618927002,2.0508780479431152,1.897857427597046,8.299359321594238,5,1
4855,-1.7800452709197998,-2.148721933364868,3.854177236557007,2.148721933364868,1.9377717971801758,6.743731498718262,5,1
4856,-1.7768447399139404,-1.7702484130859375,3.7310585975646973,1.7702484130859375,1.9733375310897827,5.610403537750244,5,1
4857,-1.8282735347747803,-1.7630226612091064,3.5226118564605713,1.7630226612091064,1.914884090423584,5.35024881362915,5,1
4858,-1.7257368564605713,-1.7227048873901367,3.768354892730713,1.7227048873901367,1.8463590145111084,5.2146172523498535,5,1
4859,-1.9359610080718994,-2.0592873096466064,4.187241077423096,2.0592873096466064,1.925641417503357,6.8486714363098145,5,1
4860,-1.881209135055542,-1.942305326461792,3.8707635402679443,1.942305326461792,1.9153460264205933,6.463851451873779,5,1
4861,-1.7095353603363037,-2.6766834259033203,4.308703899383545,2.6766834259033203,1.9488803148269653,6.6357645988464355,5,1
4862,-1.639775037765503,-2.410839080810547,4.123847007751465,2.410839080810547,1.9650192260742188,7.127758026123047,5,1
4863,-1.8233497142791748,-2.3023362159729004,4.357078552246094,2.3023362159729004,1.808039903640747,7.411246299743652,5,1
4864,-1.8465301990509033,-1.934237003326416,4.061306476593018,1.934237003326416,1.8873313665390015,7.281542778015137,5,1
4865,-1.8480433225631714,-2.0603113174438477,4.190746307373047,2.0603113174438477,1.9212435483932495,6.44938325881958,5,1
4866,-1.7221128940582275,-2.5020267963409424,4.451304912567139,2.5020267963409424,1.9284504652023315,6.091949939727783,5,1
4867,-1.7493640184402466,-2.4747390747070312,4.120968818664551,2.4747390747070312,1.9950007200241089,7.09099817276001,5,1
4868,-1.9942295551300049,-1.8210599422454834,3.963644027709961,1.8210599422454834,1.9571163654327393,6.648227691650391,5,1
4869,-1.6452358961105347,-2.5183119773864746,4.168544769287109,2.5183119773864746,1.8007655143737793,6.402456283569336,5,1
4870,-1.8463597297668457,-2.4572033882141113,4.419914722442627,2.4572033882141113,1.8688634634017944,6.567617416381836,5,1
4871,-1.7243720293045044,-2.458963394165039,4.2400102615356445,2.458963394165039,2.033552646636963,5.0087504386901855,5,1
4872,-1.7896044254302979,-3.079880952835083,4.920792102813721,3.079880952835083,1.8818141222000122,5.3083977699279785,5,1
4873,-1.6897313594818115,-2.7956881523132324,4.684653282165527,2.7956881523132324,1.8987374305725098,6.039795398712158,5,1
4874,-1.8965473175048828,-2.719770908355713,4.4758806228637695,2.719770908355713,1.9312835931777954,5.608478546142578,5,1
4875,-1.750636339187622,-2.2466049194335938,4.27447509765625,2.2466049194335938,1.9166415929794312,4.383846759796143,5,1
4876,-1.7232943773269653,-2.3319644927978516,4.233376979827881,2.3319644927978516,1.8470882177352905,4.8832621574401855,5,1
4877,-1.842927098274231,-2.203640937805176,4.448001384735107,2.203640937805176,1.991225004196167,5.276930332183838,5,1
4878,-1.6827354431152344,-2.3794302940368652,4.295557975769043,2.3794302940368652,2.0015618801116943,5.481692314147949,5,1
4879,-1.564149260520935,-2.022233486175537,3.8221635818481445,2.022233486175537,1.8765825033187866,6.268468856811523,5,1
4880,-1.862166404724121,-2.195693254470825,4.335563659667969,2.195693254470825,1.924389362335205,6.775655269622803,5,1
4881,-1.8279366493225098,-2.067380428314209,4.031449794769287,2.067380428314209,1.880327820777893,6.66027307510376,5,1
4882,-1.8535023927688599,-1.8748904466629028,3.8903164863586426,1.8748904466629028,1.9740233421325684,5.5665998458862305,5,1
4883,-1.6967954635620117,-1.9037137031555176,3.938809871673584,1.9037137031555176,1.968927025794983,5.706966876983643,5,1
4884,-1.8534228801727295,-2.0915277004241943,3.9689817428588867,2.0915277004241943,1.8891626596450806,5.390478610992432,5,1
4885,-1.748600959777832,-2.5527756214141846,4.045594215393066,2.5527756214141846,2.0206096172332764,5.197160720825195,5,1
4886,-1.98587167263031,-2.311000347137451,4.312346458435059,2.311000347137451,1.904824137687683,6.842426300048828,5,1
4887,-1.8715859651565552,-2.680011749267578,4.52855920791626,2.680011749267578,1.9812486171722412,8.032684326171875,5,1
4888,-1.9314110279083252,-2.6709015369415283,4.597095966339111,2.6709015369415283,2.053760528564453,7.7537007331848145,5,1
4889,-1.8912919759750366,-2.7868947982788086,4.739628314971924,2.7868947982788086,1.932479977607727,7.5376296043396,5,1
4890,-1.9049443006515503,-2.692823886871338,4.506565093994141,2.692823886871338,1.8567372560501099,7.548075199127197,5,1
4891,-1.8112825155258179,-1.9798336029052734,4.303325653076172,1.9798336029052734,1.8915166854858398,7.138277530670166,5,1
4892,-1.8799171447753906,-2.209780216217041,4.256211280822754,2.209780216217041,1.8580493927001953,7.123170852661133,5,1
4893,-1.6415411233901978,-2.2194595336914062,4.080076217651367,2.2194595336914062,1.8697079420089722,6.928776264190674,5,1
4894,-1.6832222938537598,-2.081042528152466,4.075491905212402,2.081042528152466,1.9325395822525024,6.183940410614014,5,1
4895,-1.843542456626892,-2.333796977996826,4.192897796630859,2.333796977996826,1.9060767889022827,5.382566928863525,5,1
4896,-2.0668206214904785,-2.129924774169922,4.223175525665283,2.129924774169922,1.9928958415985107,5.593142986297607,5,1
4897,-1.783186435699463,-2.084597110748291,3.9980368614196777,2.084597110748291,1.9338209629058838,5.375306129455566,5,1
4898,-1.9480865001678467,-2.197554588317871,4.116424560546875,2.197554588317871,1.941977620124817,4.892021179199219,5,1
4899,-1.9099713563919067,-2.186687469482422,4.188873291015625,2.186687469482422,1.784716010093689,4.933095932006836,5,1
4900,-1.8533226251602173,-2.7187275886535645,4.485898971557617,2.7187275886535645,1.8403922319412231,5.135153770446777,5,1
4901,-1.69661545753479,-2.004905939102173,4.153591156005859,2.004905939102173,1.919592022895813,5.318085670471191,5,1
4902,-1.6191046237945557,-1.8673560619354248,3.619323968887329,1.8673560619354248,1.8890998363494873,5.744091987609863,5,1
4903,-1.7352384328842163,-2.730130195617676,4.332674026489258,2.730130195617676,1.8608789443969727,5.976837635040283,5,1
4904,-1.5308423042297363,-2.3292922973632812,4.174600124359131,2.3292922973632812,1.9092708826065063,6.7319183349609375,5,1
4905,-1.6676723957061768,-2.3695077896118164,4.355039596557617,2.3695077896118164,1.9771523475646973,6.609648704528809,5,1
4906,-1.8028075695037842,-2.332551956176758,4.17313289642334,2.332551956176758,1.934757947921753,7.614626407623291,5,1
4907,-1.8855888843536377,-2.1969971656799316,4.119955062866211,2.1969971656799316,1.9649280309677124,5.351563930511475,5,1
4908,-1.6759158372879028,-2.4414753913879395,3.986215829849243,2.4414753913879395,1.8304784297943115,5.048542499542236,5,1
4909,-1.588342547416687,-2.5554304122924805,3.976956605911255,2.5554304122924805,2.0588934421539307,6.457758903503418,5,1
4910,-1.6153619289398193,-2.471967935562134,4.149242401123047,2.471967935562134,2.004943609237671,7.301150321960449,5,1
4911,-1.9973589181900024,-2.325070381164551,4.46260929107666,2.325070381164551,1.9384764432907104,8.898871421813965,5,1
4912,-1.4736255407333374,-2.0618839263916016,3.936565637588501,2.0618839263916016,1.858898639678955,7.342388153076172,5,1
4913,-1.7562841176986694,-2.180811643600464,4.066531658172607,2.180811643600464,1.9360896348953247,6.127941608428955,5,1
4914,-1.9162625074386597,-2.070828437805176,3.9278361797332764,2.070828437805176,1.7956619262695312,5.4670257568359375,5,1
4915,-1.7366774082183838,-2.129474639892578,4.267223834991455,2.129474639892578,1.8747419118881226,6.334068298339844,5,1
4916,-1.8072596788406372,-2.237396478652954,4.274746894836426,2.237396478652954,1.947047472000122,6.148741245269775,5,1
4917,-1.3618813753128052,-2.2638018131256104,3.7854132652282715,2.2638018131256104,2.0475213527679443,4.704369068145752,5,1
4918,-1.6094679832458496,-2.379957914352417,4.150302410125732,2.379957914352417,2.1464598178863525,5.707069396972656,5,1
4919,-1.6756937503814697,-2.440662145614624,4.340518474578857,2.440662145614624,1.9632006883621216,5.439150810241699,5,1
4920,-1.5889568328857422,-2.1290688514709473,4.058829307556152,2.1290688514709473,1.8136701583862305,5.6555962562561035,5,1
4921,-1.5084015130996704,-2.1997880935668945,4.164576530456543,2.1997880935668945,1.8696402311325073,5.908952713012695,5,1
4922,-1.4565678834915161,-2.6290173530578613,4.131481170654297,2.6290173530578613,1.7397282123565674,5.616107940673828,5,1
4923,-1.8220323324203491,-2.200997829437256,4.045002460479736,2.200997829437256,1.849576711654663,6.359654903411865,5,1
4924,-1.794110894203186,-2.5548319816589355,4.392403602600098,2.5548319816589355,2.085268259048462,6.434485912322998,5,1
4925,-1.6413480043411255,-2.280226945877075,4.597263336181641,2.280226945877075,1.9542685747146606,4.496669769287109,5,1
4926,-1.7338241338729858,-2.7478904724121094,4.612307071685791,2.7478904724121094,1.9047386646270752,5.854189872741699,5,1
4927,-1.751943588256836,-2.6763954162597656,4.283184051513672,2.6763954162597656,1.9045982360839844,6.4711012840271,5,1
4928,-1.6791002750396729,-2.5363082885742188,4.571238040924072,2.5363082885742188,1.8375548124313354,6.076498508453369,5,1
4929,-1.629106044769287,-2.3926730155944824,4.523251056671143,2.3926730155944824,2.0802838802337646,5.834469318389893,5,1
4930,-2.0545706748962402,-2.9032726287841797,4.662778854370117,2.9032726287841797,1.8221073150634766,6.175117015838623,5,1
4931,-1.6135542392730713,-2.507781744003296,4.1521406173706055,2.507781744003296,1.9380908012390137,5.6841301918029785,5,1
4932,-1.7427302598953247,-1.7223262786865234,3.6791701316833496,1.7223262786865234,1.8360373973846436,7.443512916564941,5,1
4933,-1.6583608388900757,-2.4599180221557617,4.174094200134277,2.4599180221557617,1.8638520240783691,8.141766548156738,5,1
4934,-1.8103420734405518,-2.2345190048217773,4.291691780090332,2.2345190048217773,1.9968446493148804,8.031670570373535,5,1
4935,-1.5219687223434448,-2.494595766067505,4.468783378601074,2.494595766067505,2.0610945224761963,5.715402126312256,5,1
4936,-1.9172734022140503,-2.238309383392334,4.148667812347412,2.238309383392334,1.8996394872665405,6.186723709106445,5,1
4937,-1.8471125364303589,-1.776321291923523,3.7098772525787354,1.776321291923523,1.9764653444290161,7.325375080108643,5,1
4938,-1.6058160066604614,-1.7460339069366455,3.5066123008728027,1.7460339069366455,1.895115852355957,6.600574493408203,5,1
4939,-1.6394273042678833,-2.412842035293579,3.9900290966033936,2.412842035293579,1.947700023651123,6.091395854949951,5,1
4940,-1.8073885440826416,-2.2540762424468994,4.425334453582764,2.2540762424468994,1.882320523262024,6.397397994995117,5,1
4941,-1.6433196067810059,-2.1386501789093018,4.042644500732422,2.1386501789093018,1.8647851943969727,5.742844104766846,5,1
4942,-1.7665112018585205,-1.8487374782562256,3.8944525718688965,1.8487374782562256,1.7757594585418701,4.51326847076416,5,1
4943,-1.8306279182434082,-1.683633804321289,3.747878074645996,1.683633804321289,1.881460189819336,7.347306728363037,5,1
4944,-1.5869011878967285,-1.7034915685653687,3.670783519744873,1.7034915685653687,1.9936014413833618,8.915950775146484,5,1
4945,-1.7789095640182495,-1.522910237312317,3.3891963958740234,1.522910237312317,1.8290549516677856,6.7078423500061035,5,1
4946,-1.7585598230361938,-1.8324041366577148,4.05116081237793,1.8324041366577148,1.9028147459030151,5.961978912353516,5,1
4947,-1.652940273284912,-1.9016084671020508,3.7941794395446777,1.9016084671020508,1.938681960105896,5.727208137512207,5,1
4948,-1.606966495513916,-2.0859639644622803,3.9193599224090576,2.0859639644622803,1.9318758249282837,5.421280384063721,5,1
4949,-1.5815738439559937,-1.8384648561477661,3.871540069580078,1.8384648561477661,2.1180531978607178,6.596677303314209,5,1
4950,-1.711822748184204,-1.72685968875885,3.8500332832336426,1.72685968875885,1.8001949787139893,4.466812610626221,5,1
4951,-1.7590970993041992,-2.3509786128997803,4.22391414642334,2.3509786128997803,2.0001983642578125,6.633227825164795,5,1
4952,-1.5315061807632446,-2.3384900093078613,4.06488037109375,2.3384900093078613,1.9174147844314575,5.98587703704834,5,1
4953,-1.8888404369354248,-2.3895349502563477,4.306639671325684,2.3895349502563477,1.9286510944366455,6.62091064453125,5,1
4954,-1.9809412956237793,-2.2030556201934814,4.368831634521484,2.2030556201934814,2.056473970413208,8.276199340820312,5,1
4955,-1.700416088104248,-1.7024954557418823,3.7360448837280273,1.7024954557418823,2.0566165447235107,6.30429220199585,5,1
4956,-1.475821852684021,-1.911017656326294,3.67165470123291,1.911017656326294,1.9333162307739258,5.222976207733154,5,1
4957,-1.6285004615783691,-1.871807336807251,3.1803417205810547,1.871807336807251,1.7943142652511597,5.865689754486084,5,1
4958,-1.8268874883651733,-1.484424352645874,3.82354998588562,1.484424352645874,1.9522738456726074,6.77716064453125,5,1
4959,-1.696889877319336,-2.4710986614227295,3.966707706451416,2.4710986614227295,1.9693273305892944,5.496689796447754,5,1
4960,-2.0182511806488037,-1.9711883068084717,4.263178825378418,1.9711883068084717,1.8517682552337646,6.768365383148193,5,1
4961,-1.7791569232940674,-2.0249571800231934,4.062299728393555,2.0249571800231934,1.9415169954299927,7.867314338684082,5,1
4962,-1.535475254058838,-2.1071457862854004,3.776304244995117,2.1071457862854004,1.9528234004974365,6.650331497192383,5,1
4963,-1.6745880842208862,-1.8405482769012451,3.6720433235168457,1.8405482769012451,2.0362460613250732,5.25977087020874,5,1
4964,-1.7082207202911377,-1.951253056526184,3.8781590461730957,1.951253056526184,1.974621295928955,4.902109622955322,5,1
4965,-1.7481653690338135,-2.4576234817504883,4.374544143676758,2.4576234817504883,1.9156008958816528,6.339290618896484,5,1
4966,-1.8505797386169434,-2.294515609741211,4.554592132568359,2.294515609741211,2.004216194152832,7.057141304016113,5,1
4967,-1.660895586013794,-2.3925392627716064,4.106194496154785,2.3925392627716064,1.9281864166259766,4.962663650512695,5,1
4968,-1.8057146072387695,-2.255007028579712,4.30756950378418,2.255007028579712,1.858574390411377,5.052823543548584,5,1
4969,-1.8097091913223267,-2.0203161239624023,4.019627571105957,2.0203161239624023,1.7881996631622314,5.804279804229736,5,1
4970,-1.838180422782898,-2.5955071449279785,4.556378364562988,2.5955071449279785,1.961319923400879,7.351689338684082,5,1
4971,-1.7662129402160645,-2.1591906547546387,4.4435505867004395,2.1591906547546387,1.8493508100509644,8.757880210876465,5,1
4972,-1.9921128749847412,-2.015847682952881,4.0471296310424805,2.015847682952881,1.8861782550811768,7.190548896789551,5,1
4973,-1.7758150100708008,-2.133056640625,3.8934683799743652,2.133056640625,1.9274193048477173,5.41948127746582,5,1
4974,-1.8307766914367676,-2.366779327392578,4.236889839172363,2.366779327392578,1.9937992095947266,4.754515647888184,5,1
4975,-1.718196153640747,-2.7490787506103516,4.341775894165039,2.7490787506103516,2.1112260818481445,6.34966516494751,5,1
4976,-1.6033152341842651,-2.6008896827697754,4.32091760635376,2.6008896827697754,1.9357486963272095,5.2697978019714355,5,1
4977,-1.9660942554473877,-2.207632064819336,4.376784324645996,2.207632064819336,2.028707504272461,8.307982444763184,5,1
4978,-1.7448716163635254,-2.8080685138702393,4.799906253814697,2.8080685138702393,1.9034861326217651,5.068960189819336,5,1
4979,-1.5625224113464355,-2.502542495727539,4.399164199829102,2.502542495727539,1.8919404745101929,4.801400661468506,5,1
4980,-1.6952037811279297,-2.236021041870117,4.549046516418457,2.236021041870117,2.131223678588867,6.79099702835083,5,1
4981,-1.4127223491668701,-1.9338774681091309,3.8849000930786133,1.9338774681091309,1.9829604625701904,7.533368110656738,5,1
4982,-1.758242130279541,-2.4662508964538574,4.091119766235352,2.4662508964538574,1.929943323135376,6.76188325881958,5,1
4983,-1.3583582639694214,-2.673798084259033,3.9829940795898438,2.673798084259033,1.9149259328842163,4.876990795135498,5,1
4984,-1.8448703289031982,-2.08835506439209,4.125060081481934,2.08835506439209,1.9033819437026978,4.403890132904053,5,1
4985,-1.8880507946014404,-1.776381492614746,3.9053385257720947,1.776381492614746,1.9425002336502075,5.7086405754089355,5,1
4986,-1.6321618556976318,-2.011234760284424,3.6060783863067627,2.011234760284424,1.849654197692871,7.475531578063965,5,1
4987,-1.771432876586914,-1.284196376800537,3.607269763946533,1.284196376800537,1.902204155921936,7.689702033996582,5,1
4988,-1.6483839750289917,-1.6126985549926758,3.5698153972625732,1.6126985549926758,2.0070502758026123,6.3142900466918945,5,1
4989,-2.0499749183654785,-1.8740803003311157,4.101585865020752,1.8740803003311157,2.047992706298828,5.6645379066467285,5,1
4990,-1.6093581914901733,-2.4202985763549805,3.886410713195801,2.4202985763549805,1.7288178205490112,4.4828877449035645,5,1
4991,-1.673958659172058,-2.4952590465545654,4.472463607788086,2.4952590465545654,1.9953314065933228,4.9447550773620605,5,1
4992,-1.8438798189163208,-2.720529794692993,4.54330587387085,2.720529794692993,1.896855115890503,4.886289596557617,5,1
4993,-1.8064990043640137,-2.811846971511841,4.5434465408325195,2.811846971511841,1.8859575986862183,5.581631183624268,5,1
4994,-1.798388957977295,-2.30973482131958,4.097965717315674,2.30973482131958,1.8938814401626587,6.413397312164307,5,1
4995,-1.692338466644287,-2.337216377258301,4.194427490234375,2.337216377258301,1.9332764148712158,5.730559825897217,5,1
4996,-1.695520281791687,-1.7576360702514648,3.64505672454834,1.7576360702514648,1.9621258974075317,5.384894847869873,5,1
4997,-1.8129422664642334,-1.957207202911377,3.9371261596679688,1.957207202911377,2.01218581199646,6.7984490394592285,5,1
4998,-1.6152873039245605,-1.6827354431152344,3.4876866340637207,1.6827354431152344,1.8131529092788696,6.151737213134766,5,1
4999,-1.7642325162887573,-1.9984147548675537,3.5084280967712402,1.9984147548675537,1.87411630153656,8.905713081359863,5,1
5000,-1.6653778553009033,-1.6773302555084229,3.8887665271759033,1.6773302555084229,1.7932541370391846,9.450441360473633,5,1
